ISO-10303-21;
HEADER;
/* Generated by software containing ST-Developer
 * from STEP Tools, Inc. (www.steptools.com) 
 */
/* OPTION: using custom renumber hook */

FILE_DESCRIPTION(
/* description */ ('STEP AP214',
'CAx-IF Rec.Pracs.---User Defined Attributes---1.5---2016-08-15'),
/* implementation_level */ '2;1');

FILE_NAME(
/* name */ '6aa1df82a9afc4404b11f212',
/* time_stamp */ '2026-09-09T22:36:50Z',
/* author */ (''),
/* organization */ (''),
/* preprocessor_version */ 'ST-DEVELOPER v20',
/* originating_system */ 'ONSHAPE BY PTC INC, 1.220',
/* authorisation */ '  ');

FILE_SCHEMA (('AUTOMOTIVE_DESIGN {1 0 10303 214 3 1 1}'));
ENDSEC;

DATA;
#10=PROPERTY_DEFINITION_REPRESENTATION(#14,#12);
#11=PROPERTY_DEFINITION_REPRESENTATION(#15,#13);
#12=REPRESENTATION('',(#16),#5313);
#13=REPRESENTATION('',(#17),#5313);
#14=PROPERTY_DEFINITION('pmi validation property','',#5318);
#15=PROPERTY_DEFINITION('pmi validation property','',#5318);
#16=VALUE_REPRESENTATION_ITEM('number of annotations',COUNT_MEASURE(0.));
#17=VALUE_REPRESENTATION_ITEM('number of views',COUNT_MEASURE(0.));
#18=SHAPE_REPRESENTATION_RELATIONSHIP('','',#2942,#19);
#19=ADVANCED_BREP_SHAPE_REPRESENTATION('',(#2940),#5313);
#20=CONICAL_SURFACE('',#3053,0.0497573593128807,0.785398163397448);
#21=CONICAL_SURFACE('',#3065,0.092,0.785398163397448);
#22=CONICAL_SURFACE('',#3099,0.066,0.785398163397448);
#23=CONICAL_SURFACE('',#3111,0.0145,0.785398163397448);
#24=CONICAL_SURFACE('',#3246,0.0219749502982107,0.00892833417983734);
#25=CONICAL_SURFACE('',#3248,0.0253,0.218142630133065);
#26=CONICAL_SURFACE('',#3255,0.0219749502982107,0.00892833417983734);
#27=CONICAL_SURFACE('',#3257,0.0253,0.218142630133065);
#28=CONICAL_SURFACE('',#3264,0.0219749502982107,0.00892833417983734);
#29=CONICAL_SURFACE('',#3266,0.0253,0.218142630133065);
#30=CONICAL_SURFACE('',#3273,0.0219749502982107,0.00892833417983734);
#31=CONICAL_SURFACE('',#3275,0.0253,0.218142630133065);
#32=ELLIPSE('',#3031,0.134350288425444,0.095);
#33=ELLIPSE('',#3032,0.134350288425444,0.095);
#34=ELLIPSE('',#3035,0.134350288425444,0.095);
#35=ELLIPSE('',#3036,0.134350288425444,0.095);
#36=ELLIPSE('',#3039,0.134350288425444,0.095);
#37=ELLIPSE('',#3040,0.134350288425444,0.095);
#38=ELLIPSE('',#3043,0.134350288425444,0.095);
#39=ELLIPSE('',#3044,0.134350288425444,0.095);
#40=B_SPLINE_CURVE_WITH_KNOTS('',3,(#4226,#4227,#4228,#4229,#4230,#4231,
#4232,#4233,#4234,#4235,#4236),.UNSPECIFIED.,.F.,.F.,(4,1,1,1,1,1,1,1,4),
(0.0297557875447344,0.0344578922979562,0.039159997051178,0.0438621018043997,
0.0485642065576215,0.0532663113108433,0.057968416064065,0.0626705208172868,
0.0673726255705085),.UNSPECIFIED.);
#41=B_SPLINE_CURVE_WITH_KNOTS('',3,(#4239,#4240,#4241,#4242,#4243,#4244,
#4245,#4246,#4247,#4248,#4249,#4250,#4251,#4252,#4253,#4254,#4255,#4256,
#4257,#4258,#4259,#4260,#4261,#4262,#4263,#4264,#4265,#4266,#4267,#4268,
#4269),.UNSPECIFIED.,.F.,.F.,(4,1,1,1,1,1,1,1,1,1,1,1,1,1,1,1,1,1,1,1,1,
1,1,1,1,1,1,1,4),(0.00941415090673142,0.0178393432808634,0.0220519394679294,
0.0262645356549955,0.0304771318420615,0.0346897280291275,0.0389023242161935,
0.0431149204032595,0.0515401127773915,0.0557527089644575,0.0599653051515235,
0.0641779013385895,0.0662841994321225,0.0683904975256555,0.0704967956191885,
0.0726030937127215,0.0768156898997875,0.0810282860868536,0.0852408822739196,
0.0936660746480516,0.102091267022184,0.10630386320925,0.110516459396316,
0.118941651770448,0.123154247957514,0.12736684414458,0.131579440331646,
0.135792036518712,0.144217228892844),.UNSPECIFIED.);
#42=B_SPLINE_CURVE_WITH_KNOTS('',3,(#4270,#4271,#4272,#4273,#4274,#4275,
#4276,#4277,#4278,#4279,#4280),.UNSPECIFIED.,.F.,.F.,(4,1,1,1,1,1,1,1,4),
(0.0297557875447344,0.0344578922979562,0.039159997051178,0.0438621018043997,
0.0485642065576215,0.0532663113108433,0.057968416064065,0.0626705208172868,
0.0673726255705085),.UNSPECIFIED.);
#43=B_SPLINE_CURVE_WITH_KNOTS('',3,(#4283,#4284,#4285,#4286,#4287,#4288,
#4289,#4290,#4291,#4292,#4293,#4294,#4295,#4296,#4297,#4298,#4299,#4300,
#4301,#4302,#4303,#4304,#4305,#4306,#4307,#4308,#4309,#4310,#4311,#4312,
#4313),.UNSPECIFIED.,.F.,.F.,(4,1,1,1,1,1,1,1,1,1,1,1,1,1,1,1,1,1,1,1,1,
1,1,1,1,1,1,1,4),(0.00941415090673148,0.0178393432808635,0.0220519394679295,
0.0262645356549955,0.0304771318420615,0.0346897280291275,0.0389023242161935,
0.0431149204032595,0.0515401127773915,0.0557527089644575,0.0599653051515235,
0.0641779013385895,0.0662841994321225,0.0683904975256555,0.0704967956191885,
0.0726030937127215,0.0768156898997875,0.0810282860868535,0.0852408822739195,
0.0936660746480515,0.102091267022183,0.106303863209249,0.110516459396315,
0.118941651770447,0.123154247957513,0.127366844144579,0.131579440331645,
0.135792036518711,0.144217228892843),.UNSPECIFIED.);
#44=B_SPLINE_CURVE_WITH_KNOTS('',3,(#4314,#4315,#4316,#4317,#4318,#4319,
#4320,#4321,#4322,#4323,#4324),.UNSPECIFIED.,.F.,.F.,(4,1,1,1,1,1,1,1,4),
(0.0297557875447344,0.0344578922979562,0.0391599970511779,0.0438621018043997,
0.0485642065576215,0.0532663113108433,0.057968416064065,0.0626705208172868,
0.0673726255705086),.UNSPECIFIED.);
#45=B_SPLINE_CURVE_WITH_KNOTS('',3,(#4327,#4328,#4329,#4330,#4331,#4332,
#4333,#4334,#4335,#4336,#4337,#4338,#4339,#4340,#4341,#4342,#4343,#4344,
#4345,#4346,#4347,#4348,#4349,#4350,#4351,#4352,#4353,#4354,#4355,#4356,
#4357),.UNSPECIFIED.,.F.,.F.,(4,1,1,1,1,1,1,1,1,1,1,1,1,1,1,1,1,1,1,1,1,
1,1,1,1,1,1,1,4),(0.00941415090673151,0.0178393432808635,0.0220519394679295,
0.0262645356549955,0.0304771318420615,0.0346897280291275,0.0389023242161935,
0.0431149204032595,0.0515401127773915,0.0557527089644575,0.0599653051515235,
0.0641779013385895,0.0662841994321225,0.0683904975256555,0.0704967956191885,
0.0726030937127215,0.0768156898997875,0.0810282860868535,0.0852408822739195,
0.0936660746480514,0.102091267022183,0.106303863209249,0.110516459396315,
0.118941651770447,0.123154247957513,0.127366844144579,0.131579440331645,
0.135792036518711,0.144217228892843),.UNSPECIFIED.);
#46=B_SPLINE_CURVE_WITH_KNOTS('',3,(#4358,#4359,#4360,#4361,#4362,#4363,
#4364,#4365,#4366,#4367,#4368),.UNSPECIFIED.,.F.,.F.,(4,1,1,1,1,1,1,1,4),
(0.0297557875447344,0.0344578922979562,0.0391599970511779,0.0438621018043997,
0.0485642065576215,0.0532663113108433,0.057968416064065,0.0626705208172868,
0.0673726255705086),.UNSPECIFIED.);
#47=B_SPLINE_CURVE_WITH_KNOTS('',3,(#4371,#4372,#4373,#4374,#4375,#4376,
#4377,#4378,#4379,#4380,#4381,#4382,#4383,#4384,#4385,#4386,#4387,#4388,
#4389,#4390,#4391,#4392,#4393,#4394,#4395,#4396,#4397,#4398,#4399,#4400,
#4401),.UNSPECIFIED.,.F.,.F.,(4,1,1,1,1,1,1,1,1,1,1,1,1,1,1,1,1,1,1,1,1,
1,1,1,1,1,1,1,4),(0.00941415090673146,0.0178393432808635,0.0220519394679295,
0.0262645356549955,0.0304771318420615,0.0346897280291275,0.0389023242161935,
0.0431149204032595,0.0515401127773915,0.0557527089644575,0.0599653051515235,
0.0641779013385895,0.0662841994321225,0.0683904975256555,0.0704967956191885,
0.0726030937127215,0.0768156898997875,0.0810282860868536,0.0852408822739196,
0.0936660746480516,0.102091267022184,0.10630386320925,0.110516459396316,
0.118941651770448,0.123154247957514,0.12736684414458,0.131579440331646,
0.135792036518712,0.144217228892844),.UNSPECIFIED.);
#48=B_SPLINE_CURVE_WITH_KNOTS('',3,(#4860,#4861,#4862,#4863,#4864,#4865,
#4866,#4867,#4868,#4869,#4870,#4871,#4872,#4873,#4874,#4875,#4876),
 .UNSPECIFIED.,.F.,.F.,(4,1,1,1,1,1,1,1,1,1,1,1,1,1,4),(5.14894449287478E-17,
0.00520618301391455,0.0104123660278291,0.0156185490417436,0.0208247320556581,
0.0260309150695726,0.0312370980834871,0.0416494641113161,0.0520618301391451,
0.0572680131530596,0.0624741961669741,0.0676803791808886,0.0728865621948031,
0.0780927452087176,0.0832989282226321),.UNSPECIFIED.);
#49=B_SPLINE_CURVE_WITH_KNOTS('',3,(#4881,#4882,#4883,#4884,#4885,#4886,
#4887,#4888,#4889,#4890,#4891,#4892,#4893,#4894,#4895,#4896,#4897,#4898),
 .UNSPECIFIED.,.F.,.F.,(4,1,1,1,1,1,1,1,1,1,1,1,1,1,1,4),(4.17776736080521E-17,
0.0052079422598023,0.0104158845196046,0.0156238267794068,0.0208317690392091,
0.0312476535588136,0.0364555958186159,0.0416635380784181,0.0468714803382204,
0.0520794225980226,0.0572873648578249,0.0624953071176272,0.0677032493774294,
0.0729111916372317,0.0781191338970339,0.0833270761568362),.UNSPECIFIED.);
#50=B_SPLINE_CURVE_WITH_KNOTS('',3,(#4903,#4904,#4905,#4906,#4907,#4908,
#4909,#4910,#4911,#4912,#4913,#4914,#4915,#4916,#4917,#4918,#4919),
 .UNSPECIFIED.,.F.,.F.,(4,1,1,1,1,1,1,1,1,1,1,1,1,1,4),(1.1979644131285E-16,
0.00520618301391461,0.0104123660278291,0.0156185490417436,0.0208247320556581,
0.0260309150695726,0.0312370980834871,0.0416494641113161,0.052061830139145,
0.0572680131530595,0.062474196166974,0.0676803791808885,0.072886562194803,
0.0780927452087175,0.083298928222632),.UNSPECIFIED.);
#51=B_SPLINE_CURVE_WITH_KNOTS('',3,(#4924,#4925,#4926,#4927,#4928,#4929,
#4930,#4931,#4932,#4933,#4934,#4935,#4936,#4937,#4938,#4939,#4940,#4941),
 .UNSPECIFIED.,.F.,.F.,(4,1,1,1,1,1,1,1,1,1,1,1,1,1,1,4),(1.73472347597681E-17,
0.00520794225980227,0.0104158845196045,0.0156238267794068,0.020831769039209,
0.0312476535588136,0.0364555958186158,0.0416635380784181,0.0468714803382203,
0.0520794225980226,0.0572873648578248,0.0624953071176271,0.0677032493774294,
0.0729111916372316,0.0781191338970339,0.0833270761568361),.UNSPECIFIED.);
#52=B_SPLINE_CURVE_WITH_KNOTS('',3,(#4946,#4947,#4948,#4949,#4950,#4951,
#4952,#4953,#4954,#4955,#4956,#4957,#4958,#4959,#4960,#4961,#4962),
 .UNSPECIFIED.,.F.,.F.,(4,1,1,1,1,1,1,1,1,1,1,1,1,1,4),(1.1979644131285E-16,
0.00520618301391462,0.0104123660278291,0.0156185490417436,0.0208247320556581,
0.0260309150695726,0.0312370980834871,0.0416494641113161,0.0520618301391451,
0.0572680131530596,0.0624741961669741,0.0676803791808886,0.0728865621948031,
0.0780927452087176,0.0832989282226321),.UNSPECIFIED.);
#53=B_SPLINE_CURVE_WITH_KNOTS('',3,(#4967,#4968,#4969,#4970,#4971,#4972,
#4973,#4974,#4975,#4976,#4977,#4978,#4979,#4980,#4981,#4982,#4983,#4984),
 .UNSPECIFIED.,.F.,.F.,(4,1,1,1,1,1,1,1,1,1,1,1,1,1,1,4),(5.93113093266774E-17,
0.00520794225980232,0.0104158845196046,0.0156238267794068,0.0208317690392091,
0.0312476535588136,0.0364555958186158,0.0416635380784181,0.0468714803382204,
0.0520794225980226,0.0572873648578249,0.0624953071176271,0.0677032493774294,
0.0729111916372316,0.0781191338970339,0.0833270761568362),.UNSPECIFIED.);
#54=B_SPLINE_CURVE_WITH_KNOTS('',3,(#4989,#4990,#4991,#4992,#4993,#4994,
#4995,#4996,#4997,#4998,#4999,#5000,#5001,#5002,#5003,#5004,#5005),
 .UNSPECIFIED.,.F.,.F.,(4,1,1,1,1,1,1,1,1,1,1,1,1,1,4),(5.14894449287478E-17,
0.00520618301391454,0.010412366027829,0.0156185490417435,0.020824732055658,
0.0260309150695725,0.031237098083487,0.041649464111316,0.0520618301391449,
0.0572680131530594,0.0624741961669739,0.0676803791808884,0.0728865621948029,
0.0780927452087174,0.0832989282226319),.UNSPECIFIED.);
#55=B_SPLINE_CURVE_WITH_KNOTS('',3,(#5010,#5011,#5012,#5013,#5014,#5015,
#5016,#5017,#5018,#5019,#5020,#5021,#5022,#5023,#5024,#5025,#5026,#5027),
 .UNSPECIFIED.,.F.,.F.,(4,1,1,1,1,1,1,1,1,1,1,1,1,1,1,4),(1.82476089335377E-16,
0.00520794225980243,0.0104158845196047,0.0156238267794069,0.0208317690392092,
0.0312476535588137,0.0364555958186159,0.0416635380784182,0.0468714803382204,
0.0520794225980227,0.0572873648578249,0.0624953071176272,0.0677032493774294,
0.0729111916372317,0.078119133897034,0.0833270761568362),.UNSPECIFIED.);
#56=LINE('',#4192,#272);
#57=LINE('',#4197,#273);
#58=LINE('',#4200,#274);
#59=LINE('',#4205,#275);
#60=LINE('',#4208,#276);
#61=LINE('',#4213,#277);
#62=LINE('',#4216,#278);
#63=LINE('',#4221,#279);
#64=LINE('',#4405,#280);
#65=LINE('',#4408,#281);
#66=LINE('',#4410,#282);
#67=LINE('',#4412,#283);
#68=LINE('',#4414,#284);
#69=LINE('',#4416,#285);
#70=LINE('',#4418,#286);
#71=LINE('',#4420,#287);
#72=LINE('',#4422,#288);
#73=LINE('',#4425,#289);
#74=LINE('',#4427,#290);
#75=LINE('',#4429,#291);
#76=LINE('',#4431,#292);
#77=LINE('',#4433,#293);
#78=LINE('',#4435,#294);
#79=LINE('',#4437,#295);
#80=LINE('',#4439,#296);
#81=LINE('',#4442,#297);
#82=LINE('',#4444,#298);
#83=LINE('',#4446,#299);
#84=LINE('',#4448,#300);
#85=LINE('',#4450,#301);
#86=LINE('',#4452,#302);
#87=LINE('',#4454,#303);
#88=LINE('',#4456,#304);
#89=LINE('',#4459,#305);
#90=LINE('',#4461,#306);
#91=LINE('',#4463,#307);
#92=LINE('',#4465,#308);
#93=LINE('',#4467,#309);
#94=LINE('',#4469,#310);
#95=LINE('',#4471,#311);
#96=LINE('',#4473,#312);
#97=LINE('',#4476,#313);
#98=LINE('',#4478,#314);
#99=LINE('',#4480,#315);
#100=LINE('',#4482,#316);
#101=LINE('',#4484,#317);
#102=LINE('',#4486,#318);
#103=LINE('',#4488,#319);
#104=LINE('',#4490,#320);
#105=LINE('',#4493,#321);
#106=LINE('',#4495,#322);
#107=LINE('',#4497,#323);
#108=LINE('',#4499,#324);
#109=LINE('',#4501,#325);
#110=LINE('',#4503,#326);
#111=LINE('',#4505,#327);
#112=LINE('',#4507,#328);
#113=LINE('',#4510,#329);
#114=LINE('',#4512,#330);
#115=LINE('',#4514,#331);
#116=LINE('',#4516,#332);
#117=LINE('',#4518,#333);
#118=LINE('',#4520,#334);
#119=LINE('',#4522,#335);
#120=LINE('',#4524,#336);
#121=LINE('',#4527,#337);
#122=LINE('',#4529,#338);
#123=LINE('',#4531,#339);
#124=LINE('',#4533,#340);
#125=LINE('',#4535,#341);
#126=LINE('',#4537,#342);
#127=LINE('',#4539,#343);
#128=LINE('',#4541,#344);
#129=LINE('',#4544,#345);
#130=LINE('',#4546,#346);
#131=LINE('',#4548,#347);
#132=LINE('',#4550,#348);
#133=LINE('',#4552,#349);
#134=LINE('',#4554,#350);
#135=LINE('',#4556,#351);
#136=LINE('',#4558,#352);
#137=LINE('',#4560,#353);
#138=LINE('',#4561,#354);
#139=LINE('',#4563,#355);
#140=LINE('',#4566,#356);
#141=LINE('',#4568,#357);
#142=LINE('',#4570,#358);
#143=LINE('',#4571,#359);
#144=LINE('',#4573,#360);
#145=LINE('',#4575,#361);
#146=LINE('',#4577,#362);
#147=LINE('',#4579,#363);
#148=LINE('',#4581,#364);
#149=LINE('',#4583,#365);
#150=LINE('',#4585,#366);
#151=LINE('',#4588,#367);
#152=LINE('',#4590,#368);
#153=LINE('',#4592,#369);
#154=LINE('',#4594,#370);
#155=LINE('',#4596,#371);
#156=LINE('',#4598,#372);
#157=LINE('',#4600,#373);
#158=LINE('',#4602,#374);
#159=LINE('',#4604,#375);
#160=LINE('',#4605,#376);
#161=LINE('',#4607,#377);
#162=LINE('',#4610,#378);
#163=LINE('',#4612,#379);
#164=LINE('',#4614,#380);
#165=LINE('',#4615,#381);
#166=LINE('',#4617,#382);
#167=LINE('',#4619,#383);
#168=LINE('',#4621,#384);
#169=LINE('',#4623,#385);
#170=LINE('',#4625,#386);
#171=LINE('',#4627,#387);
#172=LINE('',#4629,#388);
#173=LINE('',#4632,#389);
#174=LINE('',#4634,#390);
#175=LINE('',#4636,#391);
#176=LINE('',#4638,#392);
#177=LINE('',#4640,#393);
#178=LINE('',#4642,#394);
#179=LINE('',#4644,#395);
#180=LINE('',#4646,#396);
#181=LINE('',#4648,#397);
#182=LINE('',#4649,#398);
#183=LINE('',#4651,#399);
#184=LINE('',#4654,#400);
#185=LINE('',#4656,#401);
#186=LINE('',#4658,#402);
#187=LINE('',#4659,#403);
#188=LINE('',#4661,#404);
#189=LINE('',#4663,#405);
#190=LINE('',#4665,#406);
#191=LINE('',#4667,#407);
#192=LINE('',#4669,#408);
#193=LINE('',#4671,#409);
#194=LINE('',#4673,#410);
#195=LINE('',#4676,#411);
#196=LINE('',#4678,#412);
#197=LINE('',#4680,#413);
#198=LINE('',#4682,#414);
#199=LINE('',#4684,#415);
#200=LINE('',#4686,#416);
#201=LINE('',#4688,#417);
#202=LINE('',#4690,#418);
#203=LINE('',#4692,#419);
#204=LINE('',#4693,#420);
#205=LINE('',#4695,#421);
#206=LINE('',#4698,#422);
#207=LINE('',#4700,#423);
#208=LINE('',#4702,#424);
#209=LINE('',#4703,#425);
#210=LINE('',#4705,#426);
#211=LINE('',#4707,#427);
#212=LINE('',#4709,#428);
#213=LINE('',#4711,#429);
#214=LINE('',#4713,#430);
#215=LINE('',#4715,#431);
#216=LINE('',#4717,#432);
#217=LINE('',#4720,#433);
#218=LINE('',#4722,#434);
#219=LINE('',#4724,#435);
#220=LINE('',#4726,#436);
#221=LINE('',#4728,#437);
#222=LINE('',#4730,#438);
#223=LINE('',#4731,#439);
#224=LINE('',#4733,#440);
#225=LINE('',#4734,#441);
#226=LINE('',#4736,#442);
#227=LINE('',#4739,#443);
#228=LINE('',#4741,#444);
#229=LINE('',#4743,#445);
#230=LINE('',#4745,#446);
#231=LINE('',#4747,#447);
#232=LINE('',#4749,#448);
#233=LINE('',#4750,#449);
#234=LINE('',#4752,#450);
#235=LINE('',#4753,#451);
#236=LINE('',#4755,#452);
#237=LINE('',#4758,#453);
#238=LINE('',#4760,#454);
#239=LINE('',#4762,#455);
#240=LINE('',#4764,#456);
#241=LINE('',#4766,#457);
#242=LINE('',#4768,#458);
#243=LINE('',#4769,#459);
#244=LINE('',#4771,#460);
#245=LINE('',#4772,#461);
#246=LINE('',#4774,#462);
#247=LINE('',#4777,#463);
#248=LINE('',#4779,#464);
#249=LINE('',#4781,#465);
#250=LINE('',#4783,#466);
#251=LINE('',#4785,#467);
#252=LINE('',#4787,#468);
#253=LINE('',#4788,#469);
#254=LINE('',#4790,#470);
#255=LINE('',#4791,#471);
#256=LINE('',#4795,#472);
#257=LINE('',#4800,#473);
#258=LINE('',#4804,#474);
#259=LINE('',#4808,#475);
#260=LINE('',#4812,#476);
#261=LINE('',#4816,#477);
#262=LINE('',#4820,#478);
#263=LINE('',#4824,#479);
#264=LINE('',#5177,#480);
#265=LINE('',#5178,#481);
#266=LINE('',#5182,#482);
#267=LINE('',#5183,#483);
#268=LINE('',#5187,#484);
#269=LINE('',#5189,#485);
#270=LINE('',#5192,#486);
#271=LINE('',#5193,#487);
#272=VECTOR('',#3308,1.);
#273=VECTOR('',#3311,1.);
#274=VECTOR('',#3314,1.);
#275=VECTOR('',#3317,1.);
#276=VECTOR('',#3320,1.);
#277=VECTOR('',#3323,1.);
#278=VECTOR('',#3326,1.);
#279=VECTOR('',#3329,1.);
#280=VECTOR('',#3338,1.);
#281=VECTOR('',#3339,1.);
#282=VECTOR('',#3340,1.);
#283=VECTOR('',#3341,1.);
#284=VECTOR('',#3342,1.);
#285=VECTOR('',#3343,1.);
#286=VECTOR('',#3344,1.);
#287=VECTOR('',#3345,1.);
#288=VECTOR('',#3348,1.);
#289=VECTOR('',#3349,1.);
#290=VECTOR('',#3350,1.);
#291=VECTOR('',#3351,1.);
#292=VECTOR('',#3352,1.);
#293=VECTOR('',#3353,1.);
#294=VECTOR('',#3354,1.);
#295=VECTOR('',#3355,1.);
#296=VECTOR('',#3358,1.);
#297=VECTOR('',#3359,1.);
#298=VECTOR('',#3360,1.);
#299=VECTOR('',#3361,1.);
#300=VECTOR('',#3362,1.);
#301=VECTOR('',#3363,1.);
#302=VECTOR('',#3364,1.);
#303=VECTOR('',#3365,1.);
#304=VECTOR('',#3368,1.);
#305=VECTOR('',#3369,1.);
#306=VECTOR('',#3370,1.);
#307=VECTOR('',#3371,1.);
#308=VECTOR('',#3372,1.);
#309=VECTOR('',#3373,1.);
#310=VECTOR('',#3374,1.);
#311=VECTOR('',#3375,1.);
#312=VECTOR('',#3378,1.);
#313=VECTOR('',#3379,1.);
#314=VECTOR('',#3380,1.);
#315=VECTOR('',#3381,1.);
#316=VECTOR('',#3382,1.);
#317=VECTOR('',#3383,1.);
#318=VECTOR('',#3384,1.);
#319=VECTOR('',#3385,1.);
#320=VECTOR('',#3388,1.);
#321=VECTOR('',#3389,1.);
#322=VECTOR('',#3390,1.);
#323=VECTOR('',#3391,1.);
#324=VECTOR('',#3392,1.);
#325=VECTOR('',#3393,1.);
#326=VECTOR('',#3394,1.);
#327=VECTOR('',#3395,1.);
#328=VECTOR('',#3398,1.);
#329=VECTOR('',#3399,1.);
#330=VECTOR('',#3400,1.);
#331=VECTOR('',#3401,1.);
#332=VECTOR('',#3402,1.);
#333=VECTOR('',#3403,1.);
#334=VECTOR('',#3404,1.);
#335=VECTOR('',#3405,1.);
#336=VECTOR('',#3408,1.);
#337=VECTOR('',#3409,1.);
#338=VECTOR('',#3410,1.);
#339=VECTOR('',#3411,1.);
#340=VECTOR('',#3412,1.);
#341=VECTOR('',#3413,1.);
#342=VECTOR('',#3414,1.);
#343=VECTOR('',#3415,1.);
#344=VECTOR('',#3418,1.);
#345=VECTOR('',#3419,1.);
#346=VECTOR('',#3420,1.);
#347=VECTOR('',#3421,1.);
#348=VECTOR('',#3422,1.);
#349=VECTOR('',#3423,1.);
#350=VECTOR('',#3424,1.);
#351=VECTOR('',#3425,1.);
#352=VECTOR('',#3426,1.);
#353=VECTOR('',#3427,1.);
#354=VECTOR('',#3428,1.);
#355=VECTOR('',#3431,1.);
#356=VECTOR('',#3432,1.);
#357=VECTOR('',#3433,1.);
#358=VECTOR('',#3434,1.);
#359=VECTOR('',#3435,1.);
#360=VECTOR('',#3436,1.);
#361=VECTOR('',#3437,1.);
#362=VECTOR('',#3438,1.);
#363=VECTOR('',#3439,1.);
#364=VECTOR('',#3440,1.);
#365=VECTOR('',#3441,1.);
#366=VECTOR('',#3444,1.);
#367=VECTOR('',#3445,1.);
#368=VECTOR('',#3446,1.);
#369=VECTOR('',#3447,1.);
#370=VECTOR('',#3448,1.);
#371=VECTOR('',#3449,1.);
#372=VECTOR('',#3450,1.);
#373=VECTOR('',#3451,1.);
#374=VECTOR('',#3452,1.);
#375=VECTOR('',#3453,1.);
#376=VECTOR('',#3454,1.);
#377=VECTOR('',#3457,1.);
#378=VECTOR('',#3458,1.);
#379=VECTOR('',#3459,1.);
#380=VECTOR('',#3460,1.);
#381=VECTOR('',#3461,1.);
#382=VECTOR('',#3462,1.);
#383=VECTOR('',#3463,1.);
#384=VECTOR('',#3464,1.);
#385=VECTOR('',#3465,1.);
#386=VECTOR('',#3466,1.);
#387=VECTOR('',#3467,1.);
#388=VECTOR('',#3470,1.);
#389=VECTOR('',#3471,1.);
#390=VECTOR('',#3472,1.);
#391=VECTOR('',#3473,1.);
#392=VECTOR('',#3474,1.);
#393=VECTOR('',#3475,1.);
#394=VECTOR('',#3476,1.);
#395=VECTOR('',#3477,1.);
#396=VECTOR('',#3478,1.);
#397=VECTOR('',#3479,1.);
#398=VECTOR('',#3480,1.);
#399=VECTOR('',#3483,1.);
#400=VECTOR('',#3484,1.);
#401=VECTOR('',#3485,1.);
#402=VECTOR('',#3486,1.);
#403=VECTOR('',#3487,1.);
#404=VECTOR('',#3488,1.);
#405=VECTOR('',#3489,1.);
#406=VECTOR('',#3490,1.);
#407=VECTOR('',#3491,1.);
#408=VECTOR('',#3492,1.);
#409=VECTOR('',#3493,1.);
#410=VECTOR('',#3496,1.);
#411=VECTOR('',#3497,1.);
#412=VECTOR('',#3498,1.);
#413=VECTOR('',#3499,1.);
#414=VECTOR('',#3500,1.);
#415=VECTOR('',#3501,1.);
#416=VECTOR('',#3502,1.);
#417=VECTOR('',#3503,1.);
#418=VECTOR('',#3504,1.);
#419=VECTOR('',#3505,1.);
#420=VECTOR('',#3506,1.);
#421=VECTOR('',#3509,1.);
#422=VECTOR('',#3510,1.);
#423=VECTOR('',#3511,1.);
#424=VECTOR('',#3512,1.);
#425=VECTOR('',#3513,1.);
#426=VECTOR('',#3514,1.);
#427=VECTOR('',#3515,1.);
#428=VECTOR('',#3516,1.);
#429=VECTOR('',#3517,1.);
#430=VECTOR('',#3518,1.);
#431=VECTOR('',#3519,1.);
#432=VECTOR('',#3522,1.);
#433=VECTOR('',#3523,1.);
#434=VECTOR('',#3524,1.);
#435=VECTOR('',#3525,1.);
#436=VECTOR('',#3526,1.);
#437=VECTOR('',#3527,1.);
#438=VECTOR('',#3530,1.);
#439=VECTOR('',#3531,1.);
#440=VECTOR('',#3534,1.);
#441=VECTOR('',#3535,1.);
#442=VECTOR('',#3538,1.);
#443=VECTOR('',#3539,1.);
#444=VECTOR('',#3540,1.);
#445=VECTOR('',#3541,1.);
#446=VECTOR('',#3542,1.);
#447=VECTOR('',#3543,1.);
#448=VECTOR('',#3546,1.);
#449=VECTOR('',#3547,1.);
#450=VECTOR('',#3550,1.);
#451=VECTOR('',#3551,1.);
#452=VECTOR('',#3554,1.);
#453=VECTOR('',#3555,1.);
#454=VECTOR('',#3556,1.);
#455=VECTOR('',#3557,1.);
#456=VECTOR('',#3558,1.);
#457=VECTOR('',#3559,1.);
#458=VECTOR('',#3562,1.);
#459=VECTOR('',#3563,1.);
#460=VECTOR('',#3566,1.);
#461=VECTOR('',#3567,1.);
#462=VECTOR('',#3570,1.);
#463=VECTOR('',#3571,1.);
#464=VECTOR('',#3572,1.);
#465=VECTOR('',#3573,1.);
#466=VECTOR('',#3574,1.);
#467=VECTOR('',#3575,1.);
#468=VECTOR('',#3578,1.);
#469=VECTOR('',#3579,1.);
#470=VECTOR('',#3582,1.);
#471=VECTOR('',#3583,1.);
#472=VECTOR('',#3588,1.);
#473=VECTOR('',#3591,1.);
#474=VECTOR('',#3594,1.);
#475=VECTOR('',#3597,1.);
#476=VECTOR('',#3600,1.);
#477=VECTOR('',#3603,1.);
#478=VECTOR('',#3606,1.);
#479=VECTOR('',#3609,1.);
#480=VECTOR('',#3916,1.);
#481=VECTOR('',#3917,1.);
#482=VECTOR('',#3924,1.);
#483=VECTOR('',#3925,1.);
#484=VECTOR('',#3932,1.);
#485=VECTOR('',#3935,1.);
#486=VECTOR('',#3940,1.);
#487=VECTOR('',#3941,1.);
#488=CYLINDRICAL_SURFACE('',#2956,0.092);
#489=CYLINDRICAL_SURFACE('',#2995,0.092);
#490=CYLINDRICAL_SURFACE('',#3005,0.0938);
#491=CYLINDRICAL_SURFACE('',#3030,0.095);
#492=CYLINDRICAL_SURFACE('',#3034,0.095);
#493=CYLINDRICAL_SURFACE('',#3038,0.095);
#494=CYLINDRICAL_SURFACE('',#3042,0.095);
#495=CYLINDRICAL_SURFACE('',#3046,0.0115);
#496=CYLINDRICAL_SURFACE('',#3051,0.0145);
#497=CYLINDRICAL_SURFACE('',#3055,0.0497573593128807);
#498=CYLINDRICAL_SURFACE('',#3063,0.0702426406871193);
#499=CYLINDRICAL_SURFACE('',#3096,0.0935);
#500=CYLINDRICAL_SURFACE('',#3101,0.066);
#501=CYLINDRICAL_SURFACE('',#3109,0.054);
#502=CYLINDRICAL_SURFACE('',#3113,0.0145);
#503=CYLINDRICAL_SURFACE('',#3119,0.008);
#504=CYLINDRICAL_SURFACE('',#3123,0.008);
#505=CYLINDRICAL_SURFACE('',#3127,0.008);
#506=CYLINDRICAL_SURFACE('',#3131,0.008);
#507=CYLINDRICAL_SURFACE('',#3134,0.008);
#508=CYLINDRICAL_SURFACE('',#3137,0.008);
#509=CYLINDRICAL_SURFACE('',#3140,0.008);
#510=CYLINDRICAL_SURFACE('',#3143,0.008);
#511=CYLINDRICAL_SURFACE('',#3146,0.008);
#512=CYLINDRICAL_SURFACE('',#3149,0.008);
#513=CYLINDRICAL_SURFACE('',#3152,0.008);
#514=CYLINDRICAL_SURFACE('',#3155,0.008);
#515=CYLINDRICAL_SURFACE('',#3156,0.008);
#516=CYLINDRICAL_SURFACE('',#3159,0.008);
#517=CYLINDRICAL_SURFACE('',#3162,0.008);
#518=CYLINDRICAL_SURFACE('',#3165,0.008);
#519=CYLINDRICAL_SURFACE('',#3171,0.008);
#520=CYLINDRICAL_SURFACE('',#3175,0.008);
#521=CYLINDRICAL_SURFACE('',#3179,0.008);
#522=CYLINDRICAL_SURFACE('',#3183,0.008);
#523=CYLINDRICAL_SURFACE('',#3188,0.008);
#524=CYLINDRICAL_SURFACE('',#3193,0.008);
#525=CYLINDRICAL_SURFACE('',#3198,0.008);
#526=CYLINDRICAL_SURFACE('',#3203,0.008);
#527=CYLINDRICAL_SURFACE('',#3206,0.008);
#528=CYLINDRICAL_SURFACE('',#3207,0.008);
#529=CYLINDRICAL_SURFACE('',#3212,0.008);
#530=CYLINDRICAL_SURFACE('',#3213,0.008);
#531=CYLINDRICAL_SURFACE('',#3218,0.008);
#532=CYLINDRICAL_SURFACE('',#3219,0.008);
#533=CYLINDRICAL_SURFACE('',#3224,0.008);
#534=CYLINDRICAL_SURFACE('',#3225,0.008);
#535=CYLINDRICAL_SURFACE('',#3228,0.00325);
#536=CYLINDRICAL_SURFACE('',#3229,0.00325);
#537=CYLINDRICAL_SURFACE('',#3230,0.00325);
#538=CYLINDRICAL_SURFACE('',#3231,0.00325);
#539=CYLINDRICAL_SURFACE('',#3232,0.00325);
#540=CYLINDRICAL_SURFACE('',#3233,0.00325);
#541=CYLINDRICAL_SURFACE('',#3234,0.00325);
#542=CYLINDRICAL_SURFACE('',#3235,0.00325);
#543=CYLINDRICAL_SURFACE('',#3236,0.005);
#544=CYLINDRICAL_SURFACE('',#3237,0.005);
#545=CYLINDRICAL_SURFACE('',#3238,0.005);
#546=CYLINDRICAL_SURFACE('',#3239,0.005);
#547=CYLINDRICAL_SURFACE('',#3242,0.0283);
#548=CYLINDRICAL_SURFACE('',#3254,0.0283);
#549=CYLINDRICAL_SURFACE('',#3261,0.0283);
#550=CYLINDRICAL_SURFACE('',#3272,0.0283);
#551=CYLINDRICAL_SURFACE('',#3276,0.0917);
#552=CYLINDRICAL_SURFACE('',#3277,0.0917);
#553=CYLINDRICAL_SURFACE('',#3278,0.0917);
#554=CYLINDRICAL_SURFACE('',#3279,0.0917);
#555=ORIENTED_EDGE('',*,*,#1365,.F.);
#556=ORIENTED_EDGE('',*,*,#1366,.T.);
#557=ORIENTED_EDGE('',*,*,#1367,.F.);
#558=ORIENTED_EDGE('',*,*,#1368,.T.);
#559=ORIENTED_EDGE('',*,*,#1369,.F.);
#560=ORIENTED_EDGE('',*,*,#1370,.T.);
#561=ORIENTED_EDGE('',*,*,#1371,.F.);
#562=ORIENTED_EDGE('',*,*,#1372,.T.);
#563=ORIENTED_EDGE('',*,*,#1373,.F.);
#564=ORIENTED_EDGE('',*,*,#1374,.T.);
#565=ORIENTED_EDGE('',*,*,#1375,.F.);
#566=ORIENTED_EDGE('',*,*,#1376,.F.);
#567=ORIENTED_EDGE('',*,*,#1377,.F.);
#568=ORIENTED_EDGE('',*,*,#1378,.T.);
#569=ORIENTED_EDGE('',*,*,#1379,.F.);
#570=ORIENTED_EDGE('',*,*,#1380,.F.);
#571=ORIENTED_EDGE('',*,*,#1381,.F.);
#572=ORIENTED_EDGE('',*,*,#1382,.T.);
#573=ORIENTED_EDGE('',*,*,#1383,.F.);
#574=ORIENTED_EDGE('',*,*,#1384,.F.);
#575=ORIENTED_EDGE('',*,*,#1385,.F.);
#576=ORIENTED_EDGE('',*,*,#1386,.T.);
#577=ORIENTED_EDGE('',*,*,#1387,.F.);
#578=ORIENTED_EDGE('',*,*,#1388,.F.);
#579=ORIENTED_EDGE('',*,*,#1389,.F.);
#580=ORIENTED_EDGE('',*,*,#1390,.T.);
#581=ORIENTED_EDGE('',*,*,#1391,.F.);
#582=ORIENTED_EDGE('',*,*,#1392,.T.);
#583=ORIENTED_EDGE('',*,*,#1393,.F.);
#584=ORIENTED_EDGE('',*,*,#1394,.T.);
#585=ORIENTED_EDGE('',*,*,#1395,.F.);
#586=ORIENTED_EDGE('',*,*,#1396,.T.);
#587=ORIENTED_EDGE('',*,*,#1397,.F.);
#588=ORIENTED_EDGE('',*,*,#1398,.T.);
#589=ORIENTED_EDGE('',*,*,#1399,.F.);
#590=ORIENTED_EDGE('',*,*,#1400,.F.);
#591=ORIENTED_EDGE('',*,*,#1401,.T.);
#592=ORIENTED_EDGE('',*,*,#1402,.T.);
#593=ORIENTED_EDGE('',*,*,#1403,.F.);
#594=ORIENTED_EDGE('',*,*,#1404,.T.);
#595=ORIENTED_EDGE('',*,*,#1405,.F.);
#596=ORIENTED_EDGE('',*,*,#1406,.F.);
#597=ORIENTED_EDGE('',*,*,#1407,.F.);
#598=ORIENTED_EDGE('',*,*,#1408,.F.);
#599=ORIENTED_EDGE('',*,*,#1409,.F.);
#600=ORIENTED_EDGE('',*,*,#1410,.T.);
#601=ORIENTED_EDGE('',*,*,#1411,.F.);
#602=ORIENTED_EDGE('',*,*,#1412,.T.);
#603=ORIENTED_EDGE('',*,*,#1413,.F.);
#604=ORIENTED_EDGE('',*,*,#1414,.F.);
#605=ORIENTED_EDGE('',*,*,#1415,.F.);
#606=ORIENTED_EDGE('',*,*,#1416,.F.);
#607=ORIENTED_EDGE('',*,*,#1417,.T.);
#608=ORIENTED_EDGE('',*,*,#1418,.T.);
#609=ORIENTED_EDGE('',*,*,#1419,.F.);
#610=ORIENTED_EDGE('',*,*,#1420,.T.);
#611=ORIENTED_EDGE('',*,*,#1421,.F.);
#612=ORIENTED_EDGE('',*,*,#1422,.F.);
#613=ORIENTED_EDGE('',*,*,#1423,.F.);
#614=ORIENTED_EDGE('',*,*,#1424,.F.);
#615=ORIENTED_EDGE('',*,*,#1425,.F.);
#616=ORIENTED_EDGE('',*,*,#1426,.T.);
#617=ORIENTED_EDGE('',*,*,#1427,.F.);
#618=ORIENTED_EDGE('',*,*,#1428,.T.);
#619=ORIENTED_EDGE('',*,*,#1429,.F.);
#620=ORIENTED_EDGE('',*,*,#1430,.F.);
#621=ORIENTED_EDGE('',*,*,#1431,.F.);
#622=ORIENTED_EDGE('',*,*,#1432,.F.);
#623=ORIENTED_EDGE('',*,*,#1433,.T.);
#624=ORIENTED_EDGE('',*,*,#1434,.T.);
#625=ORIENTED_EDGE('',*,*,#1435,.F.);
#626=ORIENTED_EDGE('',*,*,#1436,.T.);
#627=ORIENTED_EDGE('',*,*,#1437,.F.);
#628=ORIENTED_EDGE('',*,*,#1438,.F.);
#629=ORIENTED_EDGE('',*,*,#1439,.F.);
#630=ORIENTED_EDGE('',*,*,#1440,.F.);
#631=ORIENTED_EDGE('',*,*,#1441,.F.);
#632=ORIENTED_EDGE('',*,*,#1442,.T.);
#633=ORIENTED_EDGE('',*,*,#1443,.F.);
#634=ORIENTED_EDGE('',*,*,#1444,.T.);
#635=ORIENTED_EDGE('',*,*,#1445,.F.);
#636=ORIENTED_EDGE('',*,*,#1446,.F.);
#637=ORIENTED_EDGE('',*,*,#1447,.F.);
#638=ORIENTED_EDGE('',*,*,#1448,.F.);
#639=ORIENTED_EDGE('',*,*,#1449,.T.);
#640=ORIENTED_EDGE('',*,*,#1450,.T.);
#641=ORIENTED_EDGE('',*,*,#1451,.F.);
#642=ORIENTED_EDGE('',*,*,#1452,.T.);
#643=ORIENTED_EDGE('',*,*,#1453,.F.);
#644=ORIENTED_EDGE('',*,*,#1454,.F.);
#645=ORIENTED_EDGE('',*,*,#1455,.F.);
#646=ORIENTED_EDGE('',*,*,#1456,.F.);
#647=ORIENTED_EDGE('',*,*,#1457,.F.);
#648=ORIENTED_EDGE('',*,*,#1458,.T.);
#649=ORIENTED_EDGE('',*,*,#1459,.F.);
#650=ORIENTED_EDGE('',*,*,#1460,.T.);
#651=ORIENTED_EDGE('',*,*,#1461,.F.);
#652=ORIENTED_EDGE('',*,*,#1462,.F.);
#653=ORIENTED_EDGE('',*,*,#1463,.F.);
#654=ORIENTED_EDGE('',*,*,#1464,.F.);
#655=ORIENTED_EDGE('',*,*,#1465,.F.);
#656=ORIENTED_EDGE('',*,*,#1466,.F.);
#657=ORIENTED_EDGE('',*,*,#1467,.T.);
#658=ORIENTED_EDGE('',*,*,#1468,.T.);
#659=ORIENTED_EDGE('',*,*,#1469,.F.);
#660=ORIENTED_EDGE('',*,*,#1470,.T.);
#661=ORIENTED_EDGE('',*,*,#1471,.F.);
#662=ORIENTED_EDGE('',*,*,#1472,.T.);
#663=ORIENTED_EDGE('',*,*,#1401,.F.);
#664=ORIENTED_EDGE('',*,*,#1473,.F.);
#665=ORIENTED_EDGE('',*,*,#1474,.F.);
#666=ORIENTED_EDGE('',*,*,#1475,.F.);
#667=ORIENTED_EDGE('',*,*,#1476,.F.);
#668=ORIENTED_EDGE('',*,*,#1477,.F.);
#669=ORIENTED_EDGE('',*,*,#1413,.T.);
#670=ORIENTED_EDGE('',*,*,#1478,.T.);
#671=ORIENTED_EDGE('',*,*,#1479,.F.);
#672=ORIENTED_EDGE('',*,*,#1480,.T.);
#673=ORIENTED_EDGE('',*,*,#1481,.F.);
#674=ORIENTED_EDGE('',*,*,#1482,.T.);
#675=ORIENTED_EDGE('',*,*,#1483,.T.);
#676=ORIENTED_EDGE('',*,*,#1484,.F.);
#677=ORIENTED_EDGE('',*,*,#1485,.F.);
#678=ORIENTED_EDGE('',*,*,#1486,.F.);
#679=ORIENTED_EDGE('',*,*,#1487,.F.);
#680=ORIENTED_EDGE('',*,*,#1488,.F.);
#681=ORIENTED_EDGE('',*,*,#1489,.T.);
#682=ORIENTED_EDGE('',*,*,#1490,.T.);
#683=ORIENTED_EDGE('',*,*,#1491,.F.);
#684=ORIENTED_EDGE('',*,*,#1492,.T.);
#685=ORIENTED_EDGE('',*,*,#1493,.F.);
#686=ORIENTED_EDGE('',*,*,#1494,.T.);
#687=ORIENTED_EDGE('',*,*,#1417,.F.);
#688=ORIENTED_EDGE('',*,*,#1495,.F.);
#689=ORIENTED_EDGE('',*,*,#1496,.F.);
#690=ORIENTED_EDGE('',*,*,#1497,.F.);
#691=ORIENTED_EDGE('',*,*,#1498,.F.);
#692=ORIENTED_EDGE('',*,*,#1499,.F.);
#693=ORIENTED_EDGE('',*,*,#1429,.T.);
#694=ORIENTED_EDGE('',*,*,#1500,.T.);
#695=ORIENTED_EDGE('',*,*,#1501,.F.);
#696=ORIENTED_EDGE('',*,*,#1502,.T.);
#697=ORIENTED_EDGE('',*,*,#1503,.F.);
#698=ORIENTED_EDGE('',*,*,#1504,.T.);
#699=ORIENTED_EDGE('',*,*,#1505,.T.);
#700=ORIENTED_EDGE('',*,*,#1506,.F.);
#701=ORIENTED_EDGE('',*,*,#1507,.F.);
#702=ORIENTED_EDGE('',*,*,#1508,.F.);
#703=ORIENTED_EDGE('',*,*,#1509,.F.);
#704=ORIENTED_EDGE('',*,*,#1510,.F.);
#705=ORIENTED_EDGE('',*,*,#1511,.T.);
#706=ORIENTED_EDGE('',*,*,#1512,.T.);
#707=ORIENTED_EDGE('',*,*,#1513,.F.);
#708=ORIENTED_EDGE('',*,*,#1514,.T.);
#709=ORIENTED_EDGE('',*,*,#1515,.F.);
#710=ORIENTED_EDGE('',*,*,#1516,.T.);
#711=ORIENTED_EDGE('',*,*,#1433,.F.);
#712=ORIENTED_EDGE('',*,*,#1517,.F.);
#713=ORIENTED_EDGE('',*,*,#1518,.F.);
#714=ORIENTED_EDGE('',*,*,#1519,.F.);
#715=ORIENTED_EDGE('',*,*,#1520,.F.);
#716=ORIENTED_EDGE('',*,*,#1521,.F.);
#717=ORIENTED_EDGE('',*,*,#1445,.T.);
#718=ORIENTED_EDGE('',*,*,#1522,.T.);
#719=ORIENTED_EDGE('',*,*,#1523,.F.);
#720=ORIENTED_EDGE('',*,*,#1524,.T.);
#721=ORIENTED_EDGE('',*,*,#1525,.F.);
#722=ORIENTED_EDGE('',*,*,#1526,.T.);
#723=ORIENTED_EDGE('',*,*,#1527,.T.);
#724=ORIENTED_EDGE('',*,*,#1528,.F.);
#725=ORIENTED_EDGE('',*,*,#1529,.F.);
#726=ORIENTED_EDGE('',*,*,#1530,.F.);
#727=ORIENTED_EDGE('',*,*,#1531,.F.);
#728=ORIENTED_EDGE('',*,*,#1532,.F.);
#729=ORIENTED_EDGE('',*,*,#1533,.T.);
#730=ORIENTED_EDGE('',*,*,#1534,.T.);
#731=ORIENTED_EDGE('',*,*,#1535,.F.);
#732=ORIENTED_EDGE('',*,*,#1536,.T.);
#733=ORIENTED_EDGE('',*,*,#1537,.F.);
#734=ORIENTED_EDGE('',*,*,#1538,.T.);
#735=ORIENTED_EDGE('',*,*,#1449,.F.);
#736=ORIENTED_EDGE('',*,*,#1539,.F.);
#737=ORIENTED_EDGE('',*,*,#1540,.F.);
#738=ORIENTED_EDGE('',*,*,#1541,.F.);
#739=ORIENTED_EDGE('',*,*,#1542,.F.);
#740=ORIENTED_EDGE('',*,*,#1543,.F.);
#741=ORIENTED_EDGE('',*,*,#1461,.T.);
#742=ORIENTED_EDGE('',*,*,#1544,.T.);
#743=ORIENTED_EDGE('',*,*,#1545,.F.);
#744=ORIENTED_EDGE('',*,*,#1546,.T.);
#745=ORIENTED_EDGE('',*,*,#1547,.F.);
#746=ORIENTED_EDGE('',*,*,#1548,.T.);
#747=ORIENTED_EDGE('',*,*,#1549,.T.);
#748=ORIENTED_EDGE('',*,*,#1550,.F.);
#749=ORIENTED_EDGE('',*,*,#1551,.T.);
#750=ORIENTED_EDGE('',*,*,#1552,.T.);
#751=ORIENTED_EDGE('',*,*,#1553,.T.);
#752=ORIENTED_EDGE('',*,*,#1554,.F.);
#753=ORIENTED_EDGE('',*,*,#1555,.F.);
#754=ORIENTED_EDGE('',*,*,#1556,.F.);
#755=ORIENTED_EDGE('',*,*,#1553,.F.);
#756=ORIENTED_EDGE('',*,*,#1557,.T.);
#757=ORIENTED_EDGE('',*,*,#1453,.T.);
#758=ORIENTED_EDGE('',*,*,#1558,.F.);
#759=ORIENTED_EDGE('',*,*,#1457,.T.);
#760=ORIENTED_EDGE('',*,*,#1559,.T.);
#761=ORIENTED_EDGE('',*,*,#1556,.T.);
#762=ORIENTED_EDGE('',*,*,#1560,.F.);
#763=ORIENTED_EDGE('',*,*,#1561,.T.);
#764=ORIENTED_EDGE('',*,*,#1562,.T.);
#765=ORIENTED_EDGE('',*,*,#1563,.T.);
#766=ORIENTED_EDGE('',*,*,#1564,.F.);
#767=ORIENTED_EDGE('',*,*,#1565,.F.);
#768=ORIENTED_EDGE('',*,*,#1566,.F.);
#769=ORIENTED_EDGE('',*,*,#1563,.F.);
#770=ORIENTED_EDGE('',*,*,#1567,.T.);
#771=ORIENTED_EDGE('',*,*,#1437,.T.);
#772=ORIENTED_EDGE('',*,*,#1568,.F.);
#773=ORIENTED_EDGE('',*,*,#1441,.T.);
#774=ORIENTED_EDGE('',*,*,#1569,.T.);
#775=ORIENTED_EDGE('',*,*,#1566,.T.);
#776=ORIENTED_EDGE('',*,*,#1570,.F.);
#777=ORIENTED_EDGE('',*,*,#1571,.T.);
#778=ORIENTED_EDGE('',*,*,#1572,.T.);
#779=ORIENTED_EDGE('',*,*,#1573,.T.);
#780=ORIENTED_EDGE('',*,*,#1574,.F.);
#781=ORIENTED_EDGE('',*,*,#1575,.F.);
#782=ORIENTED_EDGE('',*,*,#1576,.F.);
#783=ORIENTED_EDGE('',*,*,#1573,.F.);
#784=ORIENTED_EDGE('',*,*,#1577,.T.);
#785=ORIENTED_EDGE('',*,*,#1421,.T.);
#786=ORIENTED_EDGE('',*,*,#1578,.F.);
#787=ORIENTED_EDGE('',*,*,#1425,.T.);
#788=ORIENTED_EDGE('',*,*,#1579,.T.);
#789=ORIENTED_EDGE('',*,*,#1576,.T.);
#790=ORIENTED_EDGE('',*,*,#1580,.F.);
#791=ORIENTED_EDGE('',*,*,#1581,.T.);
#792=ORIENTED_EDGE('',*,*,#1582,.T.);
#793=ORIENTED_EDGE('',*,*,#1583,.T.);
#794=ORIENTED_EDGE('',*,*,#1584,.F.);
#795=ORIENTED_EDGE('',*,*,#1585,.F.);
#796=ORIENTED_EDGE('',*,*,#1586,.F.);
#797=ORIENTED_EDGE('',*,*,#1583,.F.);
#798=ORIENTED_EDGE('',*,*,#1587,.T.);
#799=ORIENTED_EDGE('',*,*,#1405,.T.);
#800=ORIENTED_EDGE('',*,*,#1588,.F.);
#801=ORIENTED_EDGE('',*,*,#1409,.T.);
#802=ORIENTED_EDGE('',*,*,#1589,.T.);
#803=ORIENTED_EDGE('',*,*,#1586,.T.);
#804=ORIENTED_EDGE('',*,*,#1590,.F.);
#805=ORIENTED_EDGE('',*,*,#1591,.F.);
#806=ORIENTED_EDGE('',*,*,#1592,.F.);
#807=ORIENTED_EDGE('',*,*,#1593,.T.);
#808=ORIENTED_EDGE('',*,*,#1594,.F.);
#809=ORIENTED_EDGE('',*,*,#1595,.T.);
#810=ORIENTED_EDGE('',*,*,#1596,.F.);
#811=ORIENTED_EDGE('',*,*,#1597,.T.);
#812=ORIENTED_EDGE('',*,*,#1598,.F.);
#813=ORIENTED_EDGE('',*,*,#1599,.T.);
#814=ORIENTED_EDGE('',*,*,#1600,.F.);
#815=ORIENTED_EDGE('',*,*,#1601,.T.);
#816=ORIENTED_EDGE('',*,*,#1602,.F.);
#817=ORIENTED_EDGE('',*,*,#1603,.T.);
#818=ORIENTED_EDGE('',*,*,#1604,.F.);
#819=ORIENTED_EDGE('',*,*,#1605,.T.);
#820=ORIENTED_EDGE('',*,*,#1606,.F.);
#821=ORIENTED_EDGE('',*,*,#1607,.T.);
#822=ORIENTED_EDGE('',*,*,#1608,.F.);
#823=ORIENTED_EDGE('',*,*,#1609,.T.);
#824=ORIENTED_EDGE('',*,*,#1610,.F.);
#825=ORIENTED_EDGE('',*,*,#1611,.F.);
#826=ORIENTED_EDGE('',*,*,#1612,.F.);
#827=ORIENTED_EDGE('',*,*,#1613,.F.);
#828=ORIENTED_EDGE('',*,*,#1614,.T.);
#829=ORIENTED_EDGE('',*,*,#1462,.T.);
#830=ORIENTED_EDGE('',*,*,#1543,.T.);
#831=ORIENTED_EDGE('',*,*,#1615,.T.);
#832=ORIENTED_EDGE('',*,*,#1550,.T.);
#833=ORIENTED_EDGE('',*,*,#1616,.F.);
#834=ORIENTED_EDGE('',*,*,#1466,.T.);
#835=ORIENTED_EDGE('',*,*,#1617,.T.);
#836=ORIENTED_EDGE('',*,*,#1473,.T.);
#837=ORIENTED_EDGE('',*,*,#1400,.T.);
#838=ORIENTED_EDGE('',*,*,#1618,.T.);
#839=ORIENTED_EDGE('',*,*,#1414,.T.);
#840=ORIENTED_EDGE('',*,*,#1477,.T.);
#841=ORIENTED_EDGE('',*,*,#1619,.T.);
#842=ORIENTED_EDGE('',*,*,#1484,.T.);
#843=ORIENTED_EDGE('',*,*,#1620,.F.);
#844=ORIENTED_EDGE('',*,*,#1488,.T.);
#845=ORIENTED_EDGE('',*,*,#1621,.T.);
#846=ORIENTED_EDGE('',*,*,#1495,.T.);
#847=ORIENTED_EDGE('',*,*,#1416,.T.);
#848=ORIENTED_EDGE('',*,*,#1622,.T.);
#849=ORIENTED_EDGE('',*,*,#1430,.T.);
#850=ORIENTED_EDGE('',*,*,#1499,.T.);
#851=ORIENTED_EDGE('',*,*,#1623,.T.);
#852=ORIENTED_EDGE('',*,*,#1506,.T.);
#853=ORIENTED_EDGE('',*,*,#1624,.F.);
#854=ORIENTED_EDGE('',*,*,#1510,.T.);
#855=ORIENTED_EDGE('',*,*,#1625,.T.);
#856=ORIENTED_EDGE('',*,*,#1517,.T.);
#857=ORIENTED_EDGE('',*,*,#1432,.T.);
#858=ORIENTED_EDGE('',*,*,#1626,.T.);
#859=ORIENTED_EDGE('',*,*,#1446,.T.);
#860=ORIENTED_EDGE('',*,*,#1521,.T.);
#861=ORIENTED_EDGE('',*,*,#1627,.T.);
#862=ORIENTED_EDGE('',*,*,#1528,.T.);
#863=ORIENTED_EDGE('',*,*,#1628,.F.);
#864=ORIENTED_EDGE('',*,*,#1532,.T.);
#865=ORIENTED_EDGE('',*,*,#1629,.T.);
#866=ORIENTED_EDGE('',*,*,#1539,.T.);
#867=ORIENTED_EDGE('',*,*,#1448,.T.);
#868=ORIENTED_EDGE('',*,*,#1630,.T.);
#869=ORIENTED_EDGE('',*,*,#1631,.T.);
#870=ORIENTED_EDGE('',*,*,#1632,.T.);
#871=ORIENTED_EDGE('',*,*,#1633,.T.);
#872=ORIENTED_EDGE('',*,*,#1634,.T.);
#873=ORIENTED_EDGE('',*,*,#1533,.F.);
#874=ORIENTED_EDGE('',*,*,#1628,.T.);
#875=ORIENTED_EDGE('',*,*,#1527,.F.);
#876=ORIENTED_EDGE('',*,*,#1635,.F.);
#877=ORIENTED_EDGE('',*,*,#1636,.T.);
#878=ORIENTED_EDGE('',*,*,#1637,.T.);
#879=ORIENTED_EDGE('',*,*,#1638,.T.);
#880=ORIENTED_EDGE('',*,*,#1639,.T.);
#881=ORIENTED_EDGE('',*,*,#1549,.F.);
#882=ORIENTED_EDGE('',*,*,#1640,.F.);
#883=ORIENTED_EDGE('',*,*,#1467,.F.);
#884=ORIENTED_EDGE('',*,*,#1616,.T.);
#885=ORIENTED_EDGE('',*,*,#1641,.T.);
#886=ORIENTED_EDGE('',*,*,#1642,.T.);
#887=ORIENTED_EDGE('',*,*,#1643,.T.);
#888=ORIENTED_EDGE('',*,*,#1644,.T.);
#889=ORIENTED_EDGE('',*,*,#1511,.F.);
#890=ORIENTED_EDGE('',*,*,#1624,.T.);
#891=ORIENTED_EDGE('',*,*,#1505,.F.);
#892=ORIENTED_EDGE('',*,*,#1645,.F.);
#893=ORIENTED_EDGE('',*,*,#1646,.T.);
#894=ORIENTED_EDGE('',*,*,#1647,.T.);
#895=ORIENTED_EDGE('',*,*,#1648,.T.);
#896=ORIENTED_EDGE('',*,*,#1649,.T.);
#897=ORIENTED_EDGE('',*,*,#1489,.F.);
#898=ORIENTED_EDGE('',*,*,#1620,.T.);
#899=ORIENTED_EDGE('',*,*,#1483,.F.);
#900=ORIENTED_EDGE('',*,*,#1650,.F.);
#901=ORIENTED_EDGE('',*,*,#1651,.F.);
#902=ORIENTED_EDGE('',*,*,#1652,.T.);
#903=ORIENTED_EDGE('',*,*,#1652,.F.);
#904=ORIENTED_EDGE('',*,*,#1653,.T.);
#905=ORIENTED_EDGE('',*,*,#1653,.F.);
#906=ORIENTED_EDGE('',*,*,#1654,.T.);
#907=ORIENTED_EDGE('',*,*,#1654,.F.);
#908=ORIENTED_EDGE('',*,*,#1655,.T.);
#909=ORIENTED_EDGE('',*,*,#1655,.F.);
#910=ORIENTED_EDGE('',*,*,#1656,.T.);
#911=ORIENTED_EDGE('',*,*,#1657,.T.);
#912=ORIENTED_EDGE('',*,*,#1658,.T.);
#913=ORIENTED_EDGE('',*,*,#1659,.T.);
#914=ORIENTED_EDGE('',*,*,#1660,.T.);
#915=ORIENTED_EDGE('',*,*,#1656,.F.);
#916=ORIENTED_EDGE('',*,*,#1661,.T.);
#917=ORIENTED_EDGE('',*,*,#1661,.F.);
#918=ORIENTED_EDGE('',*,*,#1662,.T.);
#919=ORIENTED_EDGE('',*,*,#1662,.F.);
#920=ORIENTED_EDGE('',*,*,#1591,.T.);
#921=ORIENTED_EDGE('',*,*,#1608,.T.);
#922=ORIENTED_EDGE('',*,*,#1601,.F.);
#923=ORIENTED_EDGE('',*,*,#1663,.F.);
#924=ORIENTED_EDGE('',*,*,#1664,.F.);
#925=ORIENTED_EDGE('',*,*,#1665,.F.);
#926=ORIENTED_EDGE('',*,*,#1597,.F.);
#927=ORIENTED_EDGE('',*,*,#1666,.F.);
#928=ORIENTED_EDGE('',*,*,#1667,.F.);
#929=ORIENTED_EDGE('',*,*,#1668,.F.);
#930=ORIENTED_EDGE('',*,*,#1593,.F.);
#931=ORIENTED_EDGE('',*,*,#1669,.F.);
#932=ORIENTED_EDGE('',*,*,#1670,.F.);
#933=ORIENTED_EDGE('',*,*,#1671,.F.);
#934=ORIENTED_EDGE('',*,*,#1605,.F.);
#935=ORIENTED_EDGE('',*,*,#1672,.F.);
#936=ORIENTED_EDGE('',*,*,#1673,.F.);
#937=ORIENTED_EDGE('',*,*,#1674,.F.);
#938=ORIENTED_EDGE('',*,*,#1609,.F.);
#939=ORIENTED_EDGE('',*,*,#1675,.T.);
#940=ORIENTED_EDGE('',*,*,#1676,.T.);
#941=ORIENTED_EDGE('',*,*,#1677,.T.);
#942=ORIENTED_EDGE('',*,*,#1678,.T.);
#943=ORIENTED_EDGE('',*,*,#1460,.F.);
#944=ORIENTED_EDGE('',*,*,#1679,.F.);
#945=ORIENTED_EDGE('',*,*,#1450,.F.);
#946=ORIENTED_EDGE('',*,*,#1538,.F.);
#947=ORIENTED_EDGE('',*,*,#1680,.F.);
#948=ORIENTED_EDGE('',*,*,#1534,.F.);
#949=ORIENTED_EDGE('',*,*,#1635,.T.);
#950=ORIENTED_EDGE('',*,*,#1526,.F.);
#951=ORIENTED_EDGE('',*,*,#1681,.F.);
#952=ORIENTED_EDGE('',*,*,#1522,.F.);
#953=ORIENTED_EDGE('',*,*,#1444,.F.);
#954=ORIENTED_EDGE('',*,*,#1682,.F.);
#955=ORIENTED_EDGE('',*,*,#1434,.F.);
#956=ORIENTED_EDGE('',*,*,#1516,.F.);
#957=ORIENTED_EDGE('',*,*,#1683,.F.);
#958=ORIENTED_EDGE('',*,*,#1512,.F.);
#959=ORIENTED_EDGE('',*,*,#1645,.T.);
#960=ORIENTED_EDGE('',*,*,#1504,.F.);
#961=ORIENTED_EDGE('',*,*,#1684,.F.);
#962=ORIENTED_EDGE('',*,*,#1500,.F.);
#963=ORIENTED_EDGE('',*,*,#1428,.F.);
#964=ORIENTED_EDGE('',*,*,#1685,.F.);
#965=ORIENTED_EDGE('',*,*,#1418,.F.);
#966=ORIENTED_EDGE('',*,*,#1494,.F.);
#967=ORIENTED_EDGE('',*,*,#1686,.F.);
#968=ORIENTED_EDGE('',*,*,#1490,.F.);
#969=ORIENTED_EDGE('',*,*,#1650,.T.);
#970=ORIENTED_EDGE('',*,*,#1482,.F.);
#971=ORIENTED_EDGE('',*,*,#1687,.F.);
#972=ORIENTED_EDGE('',*,*,#1478,.F.);
#973=ORIENTED_EDGE('',*,*,#1412,.F.);
#974=ORIENTED_EDGE('',*,*,#1688,.F.);
#975=ORIENTED_EDGE('',*,*,#1402,.F.);
#976=ORIENTED_EDGE('',*,*,#1472,.F.);
#977=ORIENTED_EDGE('',*,*,#1689,.F.);
#978=ORIENTED_EDGE('',*,*,#1468,.F.);
#979=ORIENTED_EDGE('',*,*,#1640,.T.);
#980=ORIENTED_EDGE('',*,*,#1548,.F.);
#981=ORIENTED_EDGE('',*,*,#1690,.F.);
#982=ORIENTED_EDGE('',*,*,#1544,.F.);
#983=ORIENTED_EDGE('',*,*,#1630,.F.);
#984=ORIENTED_EDGE('',*,*,#1691,.T.);
#985=ORIENTED_EDGE('',*,*,#1691,.F.);
#986=ORIENTED_EDGE('',*,*,#1389,.T.);
#987=ORIENTED_EDGE('',*,*,#1398,.F.);
#988=ORIENTED_EDGE('',*,*,#1692,.T.);
#989=ORIENTED_EDGE('',*,*,#1692,.F.);
#990=ORIENTED_EDGE('',*,*,#1693,.T.);
#991=ORIENTED_EDGE('',*,*,#1694,.F.);
#992=ORIENTED_EDGE('',*,*,#1695,.F.);
#993=ORIENTED_EDGE('',*,*,#1696,.F.);
#994=ORIENTED_EDGE('',*,*,#1697,.F.);
#995=ORIENTED_EDGE('',*,*,#1693,.F.);
#996=ORIENTED_EDGE('',*,*,#1698,.T.);
#997=ORIENTED_EDGE('',*,*,#1698,.F.);
#998=ORIENTED_EDGE('',*,*,#1699,.T.);
#999=ORIENTED_EDGE('',*,*,#1699,.F.);
#1000=ORIENTED_EDGE('',*,*,#1700,.T.);
#1001=ORIENTED_EDGE('',*,*,#1700,.F.);
#1002=ORIENTED_EDGE('',*,*,#1701,.T.);
#1003=ORIENTED_EDGE('',*,*,#1701,.F.);
#1004=ORIENTED_EDGE('',*,*,#1651,.T.);
#1005=ORIENTED_EDGE('',*,*,#1585,.T.);
#1006=ORIENTED_EDGE('',*,*,#1702,.T.);
#1007=ORIENTED_EDGE('',*,*,#1584,.T.);
#1008=ORIENTED_EDGE('',*,*,#1588,.T.);
#1009=ORIENTED_EDGE('',*,*,#1404,.F.);
#1010=ORIENTED_EDGE('',*,*,#1703,.T.);
#1011=ORIENTED_EDGE('',*,*,#1410,.F.);
#1012=ORIENTED_EDGE('',*,*,#1590,.T.);
#1013=ORIENTED_EDGE('',*,*,#1703,.F.);
#1014=ORIENTED_EDGE('',*,*,#1403,.T.);
#1015=ORIENTED_EDGE('',*,*,#1688,.T.);
#1016=ORIENTED_EDGE('',*,*,#1411,.T.);
#1017=ORIENTED_EDGE('',*,*,#1575,.T.);
#1018=ORIENTED_EDGE('',*,*,#1704,.T.);
#1019=ORIENTED_EDGE('',*,*,#1574,.T.);
#1020=ORIENTED_EDGE('',*,*,#1578,.T.);
#1021=ORIENTED_EDGE('',*,*,#1420,.F.);
#1022=ORIENTED_EDGE('',*,*,#1705,.T.);
#1023=ORIENTED_EDGE('',*,*,#1426,.F.);
#1024=ORIENTED_EDGE('',*,*,#1580,.T.);
#1025=ORIENTED_EDGE('',*,*,#1705,.F.);
#1026=ORIENTED_EDGE('',*,*,#1419,.T.);
#1027=ORIENTED_EDGE('',*,*,#1685,.T.);
#1028=ORIENTED_EDGE('',*,*,#1427,.T.);
#1029=ORIENTED_EDGE('',*,*,#1565,.T.);
#1030=ORIENTED_EDGE('',*,*,#1706,.T.);
#1031=ORIENTED_EDGE('',*,*,#1564,.T.);
#1032=ORIENTED_EDGE('',*,*,#1568,.T.);
#1033=ORIENTED_EDGE('',*,*,#1436,.F.);
#1034=ORIENTED_EDGE('',*,*,#1707,.T.);
#1035=ORIENTED_EDGE('',*,*,#1442,.F.);
#1036=ORIENTED_EDGE('',*,*,#1570,.T.);
#1037=ORIENTED_EDGE('',*,*,#1707,.F.);
#1038=ORIENTED_EDGE('',*,*,#1435,.T.);
#1039=ORIENTED_EDGE('',*,*,#1682,.T.);
#1040=ORIENTED_EDGE('',*,*,#1443,.T.);
#1041=ORIENTED_EDGE('',*,*,#1555,.T.);
#1042=ORIENTED_EDGE('',*,*,#1708,.T.);
#1043=ORIENTED_EDGE('',*,*,#1554,.T.);
#1044=ORIENTED_EDGE('',*,*,#1558,.T.);
#1045=ORIENTED_EDGE('',*,*,#1452,.F.);
#1046=ORIENTED_EDGE('',*,*,#1709,.T.);
#1047=ORIENTED_EDGE('',*,*,#1458,.F.);
#1048=ORIENTED_EDGE('',*,*,#1560,.T.);
#1049=ORIENTED_EDGE('',*,*,#1709,.F.);
#1050=ORIENTED_EDGE('',*,*,#1451,.T.);
#1051=ORIENTED_EDGE('',*,*,#1679,.T.);
#1052=ORIENTED_EDGE('',*,*,#1459,.T.);
#1053=ORIENTED_EDGE('',*,*,#1546,.F.);
#1054=ORIENTED_EDGE('',*,*,#1710,.T.);
#1055=ORIENTED_EDGE('',*,*,#1690,.T.);
#1056=ORIENTED_EDGE('',*,*,#1547,.T.);
#1057=ORIENTED_EDGE('',*,*,#1710,.F.);
#1058=ORIENTED_EDGE('',*,*,#1545,.T.);
#1059=ORIENTED_EDGE('',*,*,#1536,.F.);
#1060=ORIENTED_EDGE('',*,*,#1711,.T.);
#1061=ORIENTED_EDGE('',*,*,#1680,.T.);
#1062=ORIENTED_EDGE('',*,*,#1537,.T.);
#1063=ORIENTED_EDGE('',*,*,#1711,.F.);
#1064=ORIENTED_EDGE('',*,*,#1535,.T.);
#1065=ORIENTED_EDGE('',*,*,#1524,.F.);
#1066=ORIENTED_EDGE('',*,*,#1712,.T.);
#1067=ORIENTED_EDGE('',*,*,#1681,.T.);
#1068=ORIENTED_EDGE('',*,*,#1525,.T.);
#1069=ORIENTED_EDGE('',*,*,#1712,.F.);
#1070=ORIENTED_EDGE('',*,*,#1523,.T.);
#1071=ORIENTED_EDGE('',*,*,#1514,.F.);
#1072=ORIENTED_EDGE('',*,*,#1713,.T.);
#1073=ORIENTED_EDGE('',*,*,#1683,.T.);
#1074=ORIENTED_EDGE('',*,*,#1515,.T.);
#1075=ORIENTED_EDGE('',*,*,#1713,.F.);
#1076=ORIENTED_EDGE('',*,*,#1513,.T.);
#1077=ORIENTED_EDGE('',*,*,#1502,.F.);
#1078=ORIENTED_EDGE('',*,*,#1714,.T.);
#1079=ORIENTED_EDGE('',*,*,#1684,.T.);
#1080=ORIENTED_EDGE('',*,*,#1503,.T.);
#1081=ORIENTED_EDGE('',*,*,#1714,.F.);
#1082=ORIENTED_EDGE('',*,*,#1501,.T.);
#1083=ORIENTED_EDGE('',*,*,#1492,.F.);
#1084=ORIENTED_EDGE('',*,*,#1715,.T.);
#1085=ORIENTED_EDGE('',*,*,#1686,.T.);
#1086=ORIENTED_EDGE('',*,*,#1493,.T.);
#1087=ORIENTED_EDGE('',*,*,#1715,.F.);
#1088=ORIENTED_EDGE('',*,*,#1491,.T.);
#1089=ORIENTED_EDGE('',*,*,#1480,.F.);
#1090=ORIENTED_EDGE('',*,*,#1716,.T.);
#1091=ORIENTED_EDGE('',*,*,#1687,.T.);
#1092=ORIENTED_EDGE('',*,*,#1481,.T.);
#1093=ORIENTED_EDGE('',*,*,#1716,.F.);
#1094=ORIENTED_EDGE('',*,*,#1479,.T.);
#1095=ORIENTED_EDGE('',*,*,#1470,.F.);
#1096=ORIENTED_EDGE('',*,*,#1717,.T.);
#1097=ORIENTED_EDGE('',*,*,#1689,.T.);
#1098=ORIENTED_EDGE('',*,*,#1471,.T.);
#1099=ORIENTED_EDGE('',*,*,#1717,.F.);
#1100=ORIENTED_EDGE('',*,*,#1469,.T.);
#1101=ORIENTED_EDGE('',*,*,#1674,.T.);
#1102=ORIENTED_EDGE('',*,*,#1718,.T.);
#1103=ORIENTED_EDGE('',*,*,#1367,.T.);
#1104=ORIENTED_EDGE('',*,*,#1719,.T.);
#1105=ORIENTED_EDGE('',*,*,#1672,.T.);
#1106=ORIENTED_EDGE('',*,*,#1604,.T.);
#1107=ORIENTED_EDGE('',*,*,#1720,.F.);
#1108=ORIENTED_EDGE('',*,*,#1602,.T.);
#1109=ORIENTED_EDGE('',*,*,#1603,.F.);
#1110=ORIENTED_EDGE('',*,*,#1720,.T.);
#1111=ORIENTED_EDGE('',*,*,#1665,.T.);
#1112=ORIENTED_EDGE('',*,*,#1721,.T.);
#1113=ORIENTED_EDGE('',*,*,#1365,.T.);
#1114=ORIENTED_EDGE('',*,*,#1722,.T.);
#1115=ORIENTED_EDGE('',*,*,#1663,.T.);
#1116=ORIENTED_EDGE('',*,*,#1600,.T.);
#1117=ORIENTED_EDGE('',*,*,#1723,.F.);
#1118=ORIENTED_EDGE('',*,*,#1598,.T.);
#1119=ORIENTED_EDGE('',*,*,#1599,.F.);
#1120=ORIENTED_EDGE('',*,*,#1723,.T.);
#1121=ORIENTED_EDGE('',*,*,#1371,.T.);
#1122=ORIENTED_EDGE('',*,*,#1724,.T.);
#1123=ORIENTED_EDGE('',*,*,#1666,.T.);
#1124=ORIENTED_EDGE('',*,*,#1596,.T.);
#1125=ORIENTED_EDGE('',*,*,#1725,.F.);
#1126=ORIENTED_EDGE('',*,*,#1594,.T.);
#1127=ORIENTED_EDGE('',*,*,#1668,.T.);
#1128=ORIENTED_EDGE('',*,*,#1726,.T.);
#1129=ORIENTED_EDGE('',*,*,#1595,.F.);
#1130=ORIENTED_EDGE('',*,*,#1725,.T.);
#1131=ORIENTED_EDGE('',*,*,#1671,.T.);
#1132=ORIENTED_EDGE('',*,*,#1727,.T.);
#1133=ORIENTED_EDGE('',*,*,#1369,.T.);
#1134=ORIENTED_EDGE('',*,*,#1728,.T.);
#1135=ORIENTED_EDGE('',*,*,#1669,.T.);
#1136=ORIENTED_EDGE('',*,*,#1592,.T.);
#1137=ORIENTED_EDGE('',*,*,#1729,.F.);
#1138=ORIENTED_EDGE('',*,*,#1606,.T.);
#1139=ORIENTED_EDGE('',*,*,#1607,.F.);
#1140=ORIENTED_EDGE('',*,*,#1729,.T.);
#1141=ORIENTED_EDGE('',*,*,#1582,.F.);
#1142=ORIENTED_EDGE('',*,*,#1730,.F.);
#1143=ORIENTED_EDGE('',*,*,#1581,.F.);
#1144=ORIENTED_EDGE('',*,*,#1589,.F.);
#1145=ORIENTED_EDGE('',*,*,#1408,.T.);
#1146=ORIENTED_EDGE('',*,*,#1731,.F.);
#1147=ORIENTED_EDGE('',*,*,#1406,.T.);
#1148=ORIENTED_EDGE('',*,*,#1587,.F.);
#1149=ORIENTED_EDGE('',*,*,#1618,.F.);
#1150=ORIENTED_EDGE('',*,*,#1399,.T.);
#1151=ORIENTED_EDGE('',*,*,#1731,.T.);
#1152=ORIENTED_EDGE('',*,*,#1407,.T.);
#1153=ORIENTED_EDGE('',*,*,#1572,.F.);
#1154=ORIENTED_EDGE('',*,*,#1732,.F.);
#1155=ORIENTED_EDGE('',*,*,#1571,.F.);
#1156=ORIENTED_EDGE('',*,*,#1579,.F.);
#1157=ORIENTED_EDGE('',*,*,#1424,.T.);
#1158=ORIENTED_EDGE('',*,*,#1733,.F.);
#1159=ORIENTED_EDGE('',*,*,#1422,.T.);
#1160=ORIENTED_EDGE('',*,*,#1577,.F.);
#1161=ORIENTED_EDGE('',*,*,#1622,.F.);
#1162=ORIENTED_EDGE('',*,*,#1415,.T.);
#1163=ORIENTED_EDGE('',*,*,#1733,.T.);
#1164=ORIENTED_EDGE('',*,*,#1423,.T.);
#1165=ORIENTED_EDGE('',*,*,#1562,.F.);
#1166=ORIENTED_EDGE('',*,*,#1734,.F.);
#1167=ORIENTED_EDGE('',*,*,#1561,.F.);
#1168=ORIENTED_EDGE('',*,*,#1569,.F.);
#1169=ORIENTED_EDGE('',*,*,#1440,.T.);
#1170=ORIENTED_EDGE('',*,*,#1735,.F.);
#1171=ORIENTED_EDGE('',*,*,#1438,.T.);
#1172=ORIENTED_EDGE('',*,*,#1567,.F.);
#1173=ORIENTED_EDGE('',*,*,#1626,.F.);
#1174=ORIENTED_EDGE('',*,*,#1431,.T.);
#1175=ORIENTED_EDGE('',*,*,#1735,.T.);
#1176=ORIENTED_EDGE('',*,*,#1439,.T.);
#1177=ORIENTED_EDGE('',*,*,#1552,.F.);
#1178=ORIENTED_EDGE('',*,*,#1736,.F.);
#1179=ORIENTED_EDGE('',*,*,#1551,.F.);
#1180=ORIENTED_EDGE('',*,*,#1559,.F.);
#1181=ORIENTED_EDGE('',*,*,#1456,.T.);
#1182=ORIENTED_EDGE('',*,*,#1737,.F.);
#1183=ORIENTED_EDGE('',*,*,#1454,.T.);
#1184=ORIENTED_EDGE('',*,*,#1557,.F.);
#1185=ORIENTED_EDGE('',*,*,#1614,.F.);
#1186=ORIENTED_EDGE('',*,*,#1447,.T.);
#1187=ORIENTED_EDGE('',*,*,#1737,.T.);
#1188=ORIENTED_EDGE('',*,*,#1455,.T.);
#1189=ORIENTED_EDGE('',*,*,#1386,.F.);
#1190=ORIENTED_EDGE('',*,*,#1738,.T.);
#1191=ORIENTED_EDGE('',*,*,#1739,.F.);
#1192=ORIENTED_EDGE('',*,*,#1388,.T.);
#1193=ORIENTED_EDGE('',*,*,#1739,.T.);
#1194=ORIENTED_EDGE('',*,*,#1387,.T.);
#1195=ORIENTED_EDGE('',*,*,#1738,.F.);
#1196=ORIENTED_EDGE('',*,*,#1385,.T.);
#1197=ORIENTED_EDGE('',*,*,#1382,.F.);
#1198=ORIENTED_EDGE('',*,*,#1740,.T.);
#1199=ORIENTED_EDGE('',*,*,#1741,.F.);
#1200=ORIENTED_EDGE('',*,*,#1384,.T.);
#1201=ORIENTED_EDGE('',*,*,#1741,.T.);
#1202=ORIENTED_EDGE('',*,*,#1383,.T.);
#1203=ORIENTED_EDGE('',*,*,#1740,.F.);
#1204=ORIENTED_EDGE('',*,*,#1381,.T.);
#1205=ORIENTED_EDGE('',*,*,#1378,.F.);
#1206=ORIENTED_EDGE('',*,*,#1742,.T.);
#1207=ORIENTED_EDGE('',*,*,#1743,.F.);
#1208=ORIENTED_EDGE('',*,*,#1380,.T.);
#1209=ORIENTED_EDGE('',*,*,#1743,.T.);
#1210=ORIENTED_EDGE('',*,*,#1379,.T.);
#1211=ORIENTED_EDGE('',*,*,#1742,.F.);
#1212=ORIENTED_EDGE('',*,*,#1377,.T.);
#1213=ORIENTED_EDGE('',*,*,#1374,.F.);
#1214=ORIENTED_EDGE('',*,*,#1744,.T.);
#1215=ORIENTED_EDGE('',*,*,#1745,.F.);
#1216=ORIENTED_EDGE('',*,*,#1376,.T.);
#1217=ORIENTED_EDGE('',*,*,#1745,.T.);
#1218=ORIENTED_EDGE('',*,*,#1375,.T.);
#1219=ORIENTED_EDGE('',*,*,#1744,.F.);
#1220=ORIENTED_EDGE('',*,*,#1373,.T.);
#1221=ORIENTED_EDGE('',*,*,#1746,.F.);
#1222=ORIENTED_EDGE('',*,*,#1541,.T.);
#1223=ORIENTED_EDGE('',*,*,#1746,.T.);
#1224=ORIENTED_EDGE('',*,*,#1540,.T.);
#1225=ORIENTED_EDGE('',*,*,#1615,.F.);
#1226=ORIENTED_EDGE('',*,*,#1542,.T.);
#1227=ORIENTED_EDGE('',*,*,#1747,.T.);
#1228=ORIENTED_EDGE('',*,*,#1529,.T.);
#1229=ORIENTED_EDGE('',*,*,#1629,.F.);
#1230=ORIENTED_EDGE('',*,*,#1531,.T.);
#1231=ORIENTED_EDGE('',*,*,#1747,.F.);
#1232=ORIENTED_EDGE('',*,*,#1530,.T.);
#1233=ORIENTED_EDGE('',*,*,#1748,.F.);
#1234=ORIENTED_EDGE('',*,*,#1519,.T.);
#1235=ORIENTED_EDGE('',*,*,#1748,.T.);
#1236=ORIENTED_EDGE('',*,*,#1518,.T.);
#1237=ORIENTED_EDGE('',*,*,#1627,.F.);
#1238=ORIENTED_EDGE('',*,*,#1520,.T.);
#1239=ORIENTED_EDGE('',*,*,#1749,.T.);
#1240=ORIENTED_EDGE('',*,*,#1507,.T.);
#1241=ORIENTED_EDGE('',*,*,#1625,.F.);
#1242=ORIENTED_EDGE('',*,*,#1509,.T.);
#1243=ORIENTED_EDGE('',*,*,#1749,.F.);
#1244=ORIENTED_EDGE('',*,*,#1508,.T.);
#1245=ORIENTED_EDGE('',*,*,#1750,.F.);
#1246=ORIENTED_EDGE('',*,*,#1497,.T.);
#1247=ORIENTED_EDGE('',*,*,#1750,.T.);
#1248=ORIENTED_EDGE('',*,*,#1496,.T.);
#1249=ORIENTED_EDGE('',*,*,#1623,.F.);
#1250=ORIENTED_EDGE('',*,*,#1498,.T.);
#1251=ORIENTED_EDGE('',*,*,#1751,.T.);
#1252=ORIENTED_EDGE('',*,*,#1485,.T.);
#1253=ORIENTED_EDGE('',*,*,#1621,.F.);
#1254=ORIENTED_EDGE('',*,*,#1487,.T.);
#1255=ORIENTED_EDGE('',*,*,#1751,.F.);
#1256=ORIENTED_EDGE('',*,*,#1486,.T.);
#1257=ORIENTED_EDGE('',*,*,#1752,.F.);
#1258=ORIENTED_EDGE('',*,*,#1475,.T.);
#1259=ORIENTED_EDGE('',*,*,#1752,.T.);
#1260=ORIENTED_EDGE('',*,*,#1474,.T.);
#1261=ORIENTED_EDGE('',*,*,#1619,.F.);
#1262=ORIENTED_EDGE('',*,*,#1476,.T.);
#1263=ORIENTED_EDGE('',*,*,#1753,.T.);
#1264=ORIENTED_EDGE('',*,*,#1463,.T.);
#1265=ORIENTED_EDGE('',*,*,#1617,.F.);
#1266=ORIENTED_EDGE('',*,*,#1465,.T.);
#1267=ORIENTED_EDGE('',*,*,#1753,.F.);
#1268=ORIENTED_EDGE('',*,*,#1464,.T.);
#1269=ORIENTED_EDGE('',*,*,#1736,.T.);
#1270=ORIENTED_EDGE('',*,*,#1610,.T.);
#1271=ORIENTED_EDGE('',*,*,#1734,.T.);
#1272=ORIENTED_EDGE('',*,*,#1611,.T.);
#1273=ORIENTED_EDGE('',*,*,#1732,.T.);
#1274=ORIENTED_EDGE('',*,*,#1612,.T.);
#1275=ORIENTED_EDGE('',*,*,#1730,.T.);
#1276=ORIENTED_EDGE('',*,*,#1613,.T.);
#1277=ORIENTED_EDGE('',*,*,#1708,.F.);
#1278=ORIENTED_EDGE('',*,*,#1675,.F.);
#1279=ORIENTED_EDGE('',*,*,#1706,.F.);
#1280=ORIENTED_EDGE('',*,*,#1676,.F.);
#1281=ORIENTED_EDGE('',*,*,#1704,.F.);
#1282=ORIENTED_EDGE('',*,*,#1677,.F.);
#1283=ORIENTED_EDGE('',*,*,#1702,.F.);
#1284=ORIENTED_EDGE('',*,*,#1678,.F.);
#1285=ORIENTED_EDGE('',*,*,#1660,.F.);
#1286=ORIENTED_EDGE('',*,*,#1697,.T.);
#1287=ORIENTED_EDGE('',*,*,#1659,.F.);
#1288=ORIENTED_EDGE('',*,*,#1696,.T.);
#1289=ORIENTED_EDGE('',*,*,#1658,.F.);
#1290=ORIENTED_EDGE('',*,*,#1695,.T.);
#1291=ORIENTED_EDGE('',*,*,#1657,.F.);
#1292=ORIENTED_EDGE('',*,*,#1694,.T.);
#1293=ORIENTED_EDGE('',*,*,#1637,.F.);
#1294=ORIENTED_EDGE('',*,*,#1754,.T.);
#1295=ORIENTED_EDGE('',*,*,#1636,.F.);
#1296=ORIENTED_EDGE('',*,*,#1755,.T.);
#1297=ORIENTED_EDGE('',*,*,#1638,.F.);
#1298=ORIENTED_EDGE('',*,*,#1754,.F.);
#1299=ORIENTED_EDGE('',*,*,#1756,.T.);
#1300=ORIENTED_EDGE('',*,*,#1639,.F.);
#1301=ORIENTED_EDGE('',*,*,#1755,.F.);
#1302=ORIENTED_EDGE('',*,*,#1391,.T.);
#1303=ORIENTED_EDGE('',*,*,#1757,.F.);
#1304=ORIENTED_EDGE('',*,*,#1390,.F.);
#1305=ORIENTED_EDGE('',*,*,#1757,.T.);
#1306=ORIENTED_EDGE('',*,*,#1756,.F.);
#1307=ORIENTED_EDGE('',*,*,#1642,.F.);
#1308=ORIENTED_EDGE('',*,*,#1758,.T.);
#1309=ORIENTED_EDGE('',*,*,#1759,.T.);
#1310=ORIENTED_EDGE('',*,*,#1644,.F.);
#1311=ORIENTED_EDGE('',*,*,#1760,.F.);
#1312=ORIENTED_EDGE('',*,*,#1641,.F.);
#1313=ORIENTED_EDGE('',*,*,#1760,.T.);
#1314=ORIENTED_EDGE('',*,*,#1643,.F.);
#1315=ORIENTED_EDGE('',*,*,#1758,.F.);
#1316=ORIENTED_EDGE('',*,*,#1393,.T.);
#1317=ORIENTED_EDGE('',*,*,#1761,.F.);
#1318=ORIENTED_EDGE('',*,*,#1392,.F.);
#1319=ORIENTED_EDGE('',*,*,#1761,.T.);
#1320=ORIENTED_EDGE('',*,*,#1759,.F.);
#1321=ORIENTED_EDGE('',*,*,#1762,.T.);
#1322=ORIENTED_EDGE('',*,*,#1649,.F.);
#1323=ORIENTED_EDGE('',*,*,#1763,.F.);
#1324=ORIENTED_EDGE('',*,*,#1646,.F.);
#1325=ORIENTED_EDGE('',*,*,#1763,.T.);
#1326=ORIENTED_EDGE('',*,*,#1648,.F.);
#1327=ORIENTED_EDGE('',*,*,#1764,.F.);
#1328=ORIENTED_EDGE('',*,*,#1647,.F.);
#1329=ORIENTED_EDGE('',*,*,#1764,.T.);
#1330=ORIENTED_EDGE('',*,*,#1395,.T.);
#1331=ORIENTED_EDGE('',*,*,#1765,.F.);
#1332=ORIENTED_EDGE('',*,*,#1394,.F.);
#1333=ORIENTED_EDGE('',*,*,#1765,.T.);
#1334=ORIENTED_EDGE('',*,*,#1762,.F.);
#1335=ORIENTED_EDGE('',*,*,#1632,.F.);
#1336=ORIENTED_EDGE('',*,*,#1766,.T.);
#1337=ORIENTED_EDGE('',*,*,#1767,.T.);
#1338=ORIENTED_EDGE('',*,*,#1634,.F.);
#1339=ORIENTED_EDGE('',*,*,#1768,.F.);
#1340=ORIENTED_EDGE('',*,*,#1631,.F.);
#1341=ORIENTED_EDGE('',*,*,#1768,.T.);
#1342=ORIENTED_EDGE('',*,*,#1633,.F.);
#1343=ORIENTED_EDGE('',*,*,#1766,.F.);
#1344=ORIENTED_EDGE('',*,*,#1397,.T.);
#1345=ORIENTED_EDGE('',*,*,#1769,.F.);
#1346=ORIENTED_EDGE('',*,*,#1396,.F.);
#1347=ORIENTED_EDGE('',*,*,#1769,.T.);
#1348=ORIENTED_EDGE('',*,*,#1767,.F.);
#1349=ORIENTED_EDGE('',*,*,#1670,.T.);
#1350=ORIENTED_EDGE('',*,*,#1728,.F.);
#1351=ORIENTED_EDGE('',*,*,#1370,.F.);
#1352=ORIENTED_EDGE('',*,*,#1727,.F.);
#1353=ORIENTED_EDGE('',*,*,#1667,.T.);
#1354=ORIENTED_EDGE('',*,*,#1724,.F.);
#1355=ORIENTED_EDGE('',*,*,#1372,.F.);
#1356=ORIENTED_EDGE('',*,*,#1726,.F.);
#1357=ORIENTED_EDGE('',*,*,#1664,.T.);
#1358=ORIENTED_EDGE('',*,*,#1722,.F.);
#1359=ORIENTED_EDGE('',*,*,#1366,.F.);
#1360=ORIENTED_EDGE('',*,*,#1721,.F.);
#1361=ORIENTED_EDGE('',*,*,#1673,.T.);
#1362=ORIENTED_EDGE('',*,*,#1719,.F.);
#1363=ORIENTED_EDGE('',*,*,#1368,.F.);
#1364=ORIENTED_EDGE('',*,*,#1718,.F.);
#1365=EDGE_CURVE('',#1770,#1771,#2051,.T.);
#1366=EDGE_CURVE('',#1770,#1771,#2052,.T.);
#1367=EDGE_CURVE('',#1772,#1773,#2053,.T.);
#1368=EDGE_CURVE('',#1772,#1773,#2054,.T.);
#1369=EDGE_CURVE('',#1774,#1775,#2055,.T.);
#1370=EDGE_CURVE('',#1774,#1775,#2056,.T.);
#1371=EDGE_CURVE('',#1776,#1777,#2057,.T.);
#1372=EDGE_CURVE('',#1776,#1777,#2058,.T.);
#1373=EDGE_CURVE('',#1778,#1779,#56,.T.);
#1374=EDGE_CURVE('',#1778,#1780,#2059,.F.);
#1375=EDGE_CURVE('',#1781,#1780,#57,.F.);
#1376=EDGE_CURVE('',#1779,#1781,#2060,.F.);
#1377=EDGE_CURVE('',#1782,#1783,#58,.T.);
#1378=EDGE_CURVE('',#1782,#1784,#2061,.F.);
#1379=EDGE_CURVE('',#1785,#1784,#59,.F.);
#1380=EDGE_CURVE('',#1783,#1785,#2062,.F.);
#1381=EDGE_CURVE('',#1786,#1787,#60,.T.);
#1382=EDGE_CURVE('',#1786,#1788,#2063,.F.);
#1383=EDGE_CURVE('',#1789,#1788,#61,.F.);
#1384=EDGE_CURVE('',#1787,#1789,#2064,.F.);
#1385=EDGE_CURVE('',#1790,#1791,#62,.T.);
#1386=EDGE_CURVE('',#1790,#1792,#2065,.F.);
#1387=EDGE_CURVE('',#1793,#1792,#63,.F.);
#1388=EDGE_CURVE('',#1791,#1793,#2066,.F.);
#1389=EDGE_CURVE('',#1794,#1794,#2067,.T.);
#1390=EDGE_CURVE('',#1795,#1796,#40,.T.);
#1391=EDGE_CURVE('',#1795,#1796,#41,.T.);
#1392=EDGE_CURVE('',#1797,#1798,#42,.T.);
#1393=EDGE_CURVE('',#1797,#1798,#43,.T.);
#1394=EDGE_CURVE('',#1799,#1800,#44,.T.);
#1395=EDGE_CURVE('',#1799,#1800,#45,.T.);
#1396=EDGE_CURVE('',#1801,#1802,#46,.T.);
#1397=EDGE_CURVE('',#1801,#1802,#47,.T.);
#1398=EDGE_CURVE('',#1803,#1803,#2068,.T.);
#1399=EDGE_CURVE('',#1804,#1805,#64,.T.);
#1400=EDGE_CURVE('',#1806,#1804,#65,.T.);
#1401=EDGE_CURVE('',#1806,#1807,#66,.T.);
#1402=EDGE_CURVE('',#1807,#1808,#67,.T.);
#1403=EDGE_CURVE('',#1809,#1808,#68,.T.);
#1404=EDGE_CURVE('',#1809,#1810,#69,.T.);
#1405=EDGE_CURVE('',#1811,#1810,#70,.T.);
#1406=EDGE_CURVE('',#1805,#1811,#71,.T.);
#1407=EDGE_CURVE('',#1812,#1813,#72,.F.);
#1408=EDGE_CURVE('',#1814,#1812,#73,.T.);
#1409=EDGE_CURVE('',#1815,#1814,#74,.T.);
#1410=EDGE_CURVE('',#1815,#1816,#75,.T.);
#1411=EDGE_CURVE('',#1817,#1816,#76,.F.);
#1412=EDGE_CURVE('',#1817,#1818,#77,.T.);
#1413=EDGE_CURVE('',#1819,#1818,#78,.T.);
#1414=EDGE_CURVE('',#1813,#1819,#79,.T.);
#1415=EDGE_CURVE('',#1820,#1821,#80,.T.);
#1416=EDGE_CURVE('',#1822,#1820,#81,.T.);
#1417=EDGE_CURVE('',#1822,#1823,#82,.T.);
#1418=EDGE_CURVE('',#1823,#1824,#83,.T.);
#1419=EDGE_CURVE('',#1825,#1824,#84,.T.);
#1420=EDGE_CURVE('',#1825,#1826,#85,.T.);
#1421=EDGE_CURVE('',#1827,#1826,#86,.T.);
#1422=EDGE_CURVE('',#1821,#1827,#87,.T.);
#1423=EDGE_CURVE('',#1828,#1829,#88,.F.);
#1424=EDGE_CURVE('',#1830,#1828,#89,.T.);
#1425=EDGE_CURVE('',#1831,#1830,#90,.T.);
#1426=EDGE_CURVE('',#1831,#1832,#91,.T.);
#1427=EDGE_CURVE('',#1833,#1832,#92,.F.);
#1428=EDGE_CURVE('',#1833,#1834,#93,.T.);
#1429=EDGE_CURVE('',#1835,#1834,#94,.T.);
#1430=EDGE_CURVE('',#1829,#1835,#95,.T.);
#1431=EDGE_CURVE('',#1836,#1837,#96,.T.);
#1432=EDGE_CURVE('',#1838,#1836,#97,.T.);
#1433=EDGE_CURVE('',#1838,#1839,#98,.T.);
#1434=EDGE_CURVE('',#1839,#1840,#99,.T.);
#1435=EDGE_CURVE('',#1841,#1840,#100,.T.);
#1436=EDGE_CURVE('',#1841,#1842,#101,.T.);
#1437=EDGE_CURVE('',#1843,#1842,#102,.T.);
#1438=EDGE_CURVE('',#1837,#1843,#103,.T.);
#1439=EDGE_CURVE('',#1844,#1845,#104,.F.);
#1440=EDGE_CURVE('',#1846,#1844,#105,.T.);
#1441=EDGE_CURVE('',#1847,#1846,#106,.T.);
#1442=EDGE_CURVE('',#1847,#1848,#107,.T.);
#1443=EDGE_CURVE('',#1849,#1848,#108,.F.);
#1444=EDGE_CURVE('',#1849,#1850,#109,.T.);
#1445=EDGE_CURVE('',#1851,#1850,#110,.T.);
#1446=EDGE_CURVE('',#1845,#1851,#111,.T.);
#1447=EDGE_CURVE('',#1852,#1853,#112,.T.);
#1448=EDGE_CURVE('',#1854,#1852,#113,.T.);
#1449=EDGE_CURVE('',#1854,#1855,#114,.T.);
#1450=EDGE_CURVE('',#1855,#1856,#115,.T.);
#1451=EDGE_CURVE('',#1857,#1856,#116,.T.);
#1452=EDGE_CURVE('',#1857,#1858,#117,.T.);
#1453=EDGE_CURVE('',#1859,#1858,#118,.T.);
#1454=EDGE_CURVE('',#1853,#1859,#119,.T.);
#1455=EDGE_CURVE('',#1860,#1861,#120,.F.);
#1456=EDGE_CURVE('',#1862,#1860,#121,.T.);
#1457=EDGE_CURVE('',#1863,#1862,#122,.T.);
#1458=EDGE_CURVE('',#1863,#1864,#123,.T.);
#1459=EDGE_CURVE('',#1865,#1864,#124,.F.);
#1460=EDGE_CURVE('',#1865,#1866,#125,.T.);
#1461=EDGE_CURVE('',#1867,#1866,#126,.T.);
#1462=EDGE_CURVE('',#1861,#1867,#127,.T.);
#1463=EDGE_CURVE('',#1868,#1869,#128,.F.);
#1464=EDGE_CURVE('',#1870,#1868,#129,.T.);
#1465=EDGE_CURVE('',#1871,#1870,#130,.T.);
#1466=EDGE_CURVE('',#1872,#1871,#131,.T.);
#1467=EDGE_CURVE('',#1872,#1873,#132,.T.);
#1468=EDGE_CURVE('',#1873,#1874,#133,.T.);
#1469=EDGE_CURVE('',#1875,#1874,#134,.T.);
#1470=EDGE_CURVE('',#1875,#1876,#135,.T.);
#1471=EDGE_CURVE('',#1877,#1876,#136,.F.);
#1472=EDGE_CURVE('',#1877,#1807,#137,.T.);
#1473=EDGE_CURVE('',#1869,#1806,#138,.T.);
#1474=EDGE_CURVE('',#1878,#1879,#139,.F.);
#1475=EDGE_CURVE('',#1880,#1878,#140,.T.);
#1476=EDGE_CURVE('',#1881,#1880,#141,.T.);
#1477=EDGE_CURVE('',#1819,#1881,#142,.T.);
#1478=EDGE_CURVE('',#1818,#1882,#143,.T.);
#1479=EDGE_CURVE('',#1883,#1882,#144,.T.);
#1480=EDGE_CURVE('',#1883,#1884,#145,.T.);
#1481=EDGE_CURVE('',#1885,#1884,#146,.F.);
#1482=EDGE_CURVE('',#1885,#1886,#147,.T.);
#1483=EDGE_CURVE('',#1886,#1887,#148,.F.);
#1484=EDGE_CURVE('',#1879,#1887,#149,.T.);
#1485=EDGE_CURVE('',#1888,#1889,#150,.F.);
#1486=EDGE_CURVE('',#1890,#1888,#151,.T.);
#1487=EDGE_CURVE('',#1891,#1890,#152,.T.);
#1488=EDGE_CURVE('',#1892,#1891,#153,.T.);
#1489=EDGE_CURVE('',#1892,#1893,#154,.T.);
#1490=EDGE_CURVE('',#1893,#1894,#155,.T.);
#1491=EDGE_CURVE('',#1895,#1894,#156,.T.);
#1492=EDGE_CURVE('',#1895,#1896,#157,.T.);
#1493=EDGE_CURVE('',#1897,#1896,#158,.F.);
#1494=EDGE_CURVE('',#1897,#1823,#159,.T.);
#1495=EDGE_CURVE('',#1889,#1822,#160,.T.);
#1496=EDGE_CURVE('',#1898,#1899,#161,.F.);
#1497=EDGE_CURVE('',#1900,#1898,#162,.T.);
#1498=EDGE_CURVE('',#1901,#1900,#163,.T.);
#1499=EDGE_CURVE('',#1835,#1901,#164,.T.);
#1500=EDGE_CURVE('',#1834,#1902,#165,.T.);
#1501=EDGE_CURVE('',#1903,#1902,#166,.T.);
#1502=EDGE_CURVE('',#1903,#1904,#167,.T.);
#1503=EDGE_CURVE('',#1905,#1904,#168,.F.);
#1504=EDGE_CURVE('',#1905,#1906,#169,.T.);
#1505=EDGE_CURVE('',#1906,#1907,#170,.F.);
#1506=EDGE_CURVE('',#1899,#1907,#171,.T.);
#1507=EDGE_CURVE('',#1908,#1909,#172,.F.);
#1508=EDGE_CURVE('',#1910,#1908,#173,.T.);
#1509=EDGE_CURVE('',#1911,#1910,#174,.T.);
#1510=EDGE_CURVE('',#1912,#1911,#175,.T.);
#1511=EDGE_CURVE('',#1912,#1913,#176,.T.);
#1512=EDGE_CURVE('',#1913,#1914,#177,.T.);
#1513=EDGE_CURVE('',#1915,#1914,#178,.T.);
#1514=EDGE_CURVE('',#1915,#1916,#179,.T.);
#1515=EDGE_CURVE('',#1917,#1916,#180,.F.);
#1516=EDGE_CURVE('',#1917,#1839,#181,.T.);
#1517=EDGE_CURVE('',#1909,#1838,#182,.T.);
#1518=EDGE_CURVE('',#1918,#1919,#183,.F.);
#1519=EDGE_CURVE('',#1920,#1918,#184,.T.);
#1520=EDGE_CURVE('',#1921,#1920,#185,.T.);
#1521=EDGE_CURVE('',#1851,#1921,#186,.T.);
#1522=EDGE_CURVE('',#1850,#1922,#187,.T.);
#1523=EDGE_CURVE('',#1923,#1922,#188,.T.);
#1524=EDGE_CURVE('',#1923,#1924,#189,.T.);
#1525=EDGE_CURVE('',#1925,#1924,#190,.F.);
#1526=EDGE_CURVE('',#1925,#1926,#191,.T.);
#1527=EDGE_CURVE('',#1926,#1927,#192,.F.);
#1528=EDGE_CURVE('',#1919,#1927,#193,.T.);
#1529=EDGE_CURVE('',#1928,#1929,#194,.F.);
#1530=EDGE_CURVE('',#1930,#1928,#195,.T.);
#1531=EDGE_CURVE('',#1931,#1930,#196,.T.);
#1532=EDGE_CURVE('',#1932,#1931,#197,.T.);
#1533=EDGE_CURVE('',#1932,#1933,#198,.T.);
#1534=EDGE_CURVE('',#1933,#1934,#199,.T.);
#1535=EDGE_CURVE('',#1935,#1934,#200,.T.);
#1536=EDGE_CURVE('',#1935,#1936,#201,.T.);
#1537=EDGE_CURVE('',#1937,#1936,#202,.F.);
#1538=EDGE_CURVE('',#1937,#1855,#203,.T.);
#1539=EDGE_CURVE('',#1929,#1854,#204,.T.);
#1540=EDGE_CURVE('',#1938,#1939,#205,.F.);
#1541=EDGE_CURVE('',#1940,#1938,#206,.T.);
#1542=EDGE_CURVE('',#1941,#1940,#207,.T.);
#1543=EDGE_CURVE('',#1867,#1941,#208,.T.);
#1544=EDGE_CURVE('',#1866,#1942,#209,.T.);
#1545=EDGE_CURVE('',#1943,#1942,#210,.T.);
#1546=EDGE_CURVE('',#1943,#1944,#211,.T.);
#1547=EDGE_CURVE('',#1945,#1944,#212,.F.);
#1548=EDGE_CURVE('',#1945,#1946,#213,.T.);
#1549=EDGE_CURVE('',#1946,#1947,#214,.F.);
#1550=EDGE_CURVE('',#1939,#1947,#215,.T.);
#1551=EDGE_CURVE('',#1948,#1949,#216,.T.);
#1552=EDGE_CURVE('',#1949,#1950,#217,.T.);
#1553=EDGE_CURVE('',#1950,#1951,#218,.T.);
#1554=EDGE_CURVE('',#1952,#1951,#219,.T.);
#1555=EDGE_CURVE('',#1953,#1952,#220,.T.);
#1556=EDGE_CURVE('',#1948,#1953,#221,.T.);
#1557=EDGE_CURVE('',#1950,#1859,#222,.T.);
#1558=EDGE_CURVE('',#1951,#1858,#223,.T.);
#1559=EDGE_CURVE('',#1862,#1948,#224,.T.);
#1560=EDGE_CURVE('',#1863,#1953,#225,.T.);
#1561=EDGE_CURVE('',#1954,#1955,#226,.T.);
#1562=EDGE_CURVE('',#1955,#1956,#227,.T.);
#1563=EDGE_CURVE('',#1956,#1957,#228,.T.);
#1564=EDGE_CURVE('',#1958,#1957,#229,.T.);
#1565=EDGE_CURVE('',#1959,#1958,#230,.T.);
#1566=EDGE_CURVE('',#1954,#1959,#231,.T.);
#1567=EDGE_CURVE('',#1956,#1843,#232,.T.);
#1568=EDGE_CURVE('',#1957,#1842,#233,.T.);
#1569=EDGE_CURVE('',#1846,#1954,#234,.T.);
#1570=EDGE_CURVE('',#1847,#1959,#235,.T.);
#1571=EDGE_CURVE('',#1960,#1961,#236,.T.);
#1572=EDGE_CURVE('',#1961,#1962,#237,.T.);
#1573=EDGE_CURVE('',#1962,#1963,#238,.T.);
#1574=EDGE_CURVE('',#1964,#1963,#239,.T.);
#1575=EDGE_CURVE('',#1965,#1964,#240,.T.);
#1576=EDGE_CURVE('',#1960,#1965,#241,.T.);
#1577=EDGE_CURVE('',#1962,#1827,#242,.T.);
#1578=EDGE_CURVE('',#1963,#1826,#243,.T.);
#1579=EDGE_CURVE('',#1830,#1960,#244,.T.);
#1580=EDGE_CURVE('',#1831,#1965,#245,.T.);
#1581=EDGE_CURVE('',#1966,#1967,#246,.T.);
#1582=EDGE_CURVE('',#1967,#1968,#247,.T.);
#1583=EDGE_CURVE('',#1968,#1969,#248,.T.);
#1584=EDGE_CURVE('',#1970,#1969,#249,.T.);
#1585=EDGE_CURVE('',#1971,#1970,#250,.T.);
#1586=EDGE_CURVE('',#1966,#1971,#251,.T.);
#1587=EDGE_CURVE('',#1968,#1811,#252,.T.);
#1588=EDGE_CURVE('',#1969,#1810,#253,.T.);
#1589=EDGE_CURVE('',#1814,#1966,#254,.T.);
#1590=EDGE_CURVE('',#1815,#1971,#255,.T.);
#1591=EDGE_CURVE('',#1972,#1972,#2069,.T.);
#1592=EDGE_CURVE('',#1973,#1974,#256,.F.);
#1593=EDGE_CURVE('',#1973,#1975,#2070,.T.);
#1594=EDGE_CURVE('',#1976,#1975,#257,.T.);
#1595=EDGE_CURVE('',#1976,#1977,#2071,.F.);
#1596=EDGE_CURVE('',#1978,#1977,#258,.F.);
#1597=EDGE_CURVE('',#1978,#1979,#2072,.T.);
#1598=EDGE_CURVE('',#1980,#1979,#259,.T.);
#1599=EDGE_CURVE('',#1980,#1981,#2073,.F.);
#1600=EDGE_CURVE('',#1982,#1981,#260,.F.);
#1601=EDGE_CURVE('',#1982,#1983,#2074,.T.);
#1602=EDGE_CURVE('',#1984,#1983,#261,.T.);
#1603=EDGE_CURVE('',#1984,#1985,#2075,.F.);
#1604=EDGE_CURVE('',#1986,#1985,#262,.F.);
#1605=EDGE_CURVE('',#1986,#1987,#2076,.T.);
#1606=EDGE_CURVE('',#1988,#1987,#263,.T.);
#1607=EDGE_CURVE('',#1988,#1974,#2077,.F.);
#1608=EDGE_CURVE('',#1989,#1989,#2078,.T.);
#1609=EDGE_CURVE('',#1990,#1990,#2079,.T.);
#1610=EDGE_CURVE('',#1991,#1991,#2080,.F.);
#1611=EDGE_CURVE('',#1992,#1992,#2081,.F.);
#1612=EDGE_CURVE('',#1993,#1993,#2082,.F.);
#1613=EDGE_CURVE('',#1994,#1994,#2083,.F.);
#1614=EDGE_CURVE('',#1852,#1861,#2084,.T.);
#1615=EDGE_CURVE('',#1941,#1939,#2085,.T.);
#1616=EDGE_CURVE('',#1872,#1947,#2086,.T.);
#1617=EDGE_CURVE('',#1871,#1869,#2087,.T.);
#1618=EDGE_CURVE('',#1804,#1813,#2088,.T.);
#1619=EDGE_CURVE('',#1881,#1879,#2089,.T.);
#1620=EDGE_CURVE('',#1892,#1887,#2090,.T.);
#1621=EDGE_CURVE('',#1891,#1889,#2091,.T.);
#1622=EDGE_CURVE('',#1820,#1829,#2092,.T.);
#1623=EDGE_CURVE('',#1901,#1899,#2093,.T.);
#1624=EDGE_CURVE('',#1912,#1907,#2094,.T.);
#1625=EDGE_CURVE('',#1911,#1909,#2095,.T.);
#1626=EDGE_CURVE('',#1836,#1845,#2096,.T.);
#1627=EDGE_CURVE('',#1921,#1919,#2097,.T.);
#1628=EDGE_CURVE('',#1932,#1927,#2098,.T.);
#1629=EDGE_CURVE('',#1931,#1929,#2099,.T.);
#1630=EDGE_CURVE('',#1995,#1995,#2100,.T.);
#1631=EDGE_CURVE('',#1996,#1997,#48,.T.);
#1632=EDGE_CURVE('',#1997,#1998,#32,.T.);
#1633=EDGE_CURVE('',#1998,#1999,#49,.T.);
#1634=EDGE_CURVE('',#1999,#1996,#33,.T.);
#1635=EDGE_CURVE('',#1933,#1926,#2101,.T.);
#1636=EDGE_CURVE('',#2000,#2001,#50,.T.);
#1637=EDGE_CURVE('',#2001,#2002,#34,.T.);
#1638=EDGE_CURVE('',#2002,#2003,#51,.T.);
#1639=EDGE_CURVE('',#2003,#2000,#35,.T.);
#1640=EDGE_CURVE('',#1873,#1946,#2102,.T.);
#1641=EDGE_CURVE('',#2004,#2005,#52,.T.);
#1642=EDGE_CURVE('',#2005,#2006,#36,.T.);
#1643=EDGE_CURVE('',#2006,#2007,#53,.T.);
#1644=EDGE_CURVE('',#2007,#2004,#37,.T.);
#1645=EDGE_CURVE('',#1913,#1906,#2103,.T.);
#1646=EDGE_CURVE('',#2008,#2009,#54,.T.);
#1647=EDGE_CURVE('',#2009,#2010,#38,.T.);
#1648=EDGE_CURVE('',#2010,#2011,#55,.T.);
#1649=EDGE_CURVE('',#2011,#2008,#39,.T.);
#1650=EDGE_CURVE('',#1893,#1886,#2104,.T.);
#1651=EDGE_CURVE('',#2012,#2012,#2105,.T.);
#1652=EDGE_CURVE('',#2013,#2013,#2106,.T.);
#1653=EDGE_CURVE('',#2014,#2014,#2107,.T.);
#1654=EDGE_CURVE('',#2015,#2015,#2108,.T.);
#1655=EDGE_CURVE('',#2016,#2016,#2109,.T.);
#1656=EDGE_CURVE('',#2017,#2017,#2110,.T.);
#1657=EDGE_CURVE('',#2018,#2018,#2111,.T.);
#1658=EDGE_CURVE('',#2019,#2019,#2112,.T.);
#1659=EDGE_CURVE('',#2020,#2020,#2113,.T.);
#1660=EDGE_CURVE('',#2021,#2021,#2114,.T.);
#1661=EDGE_CURVE('',#2022,#2022,#2115,.T.);
#1662=EDGE_CURVE('',#2023,#2023,#2116,.T.);
#1663=EDGE_CURVE('',#2024,#1982,#2117,.T.);
#1664=EDGE_CURVE('',#2025,#2024,#2118,.T.);
#1665=EDGE_CURVE('',#1979,#2025,#2119,.T.);
#1666=EDGE_CURVE('',#2026,#1978,#2120,.T.);
#1667=EDGE_CURVE('',#2027,#2026,#2121,.T.);
#1668=EDGE_CURVE('',#1975,#2027,#2122,.T.);
#1669=EDGE_CURVE('',#2028,#1973,#2123,.T.);
#1670=EDGE_CURVE('',#2029,#2028,#2124,.T.);
#1671=EDGE_CURVE('',#1987,#2029,#2125,.T.);
#1672=EDGE_CURVE('',#2030,#1986,#2126,.T.);
#1673=EDGE_CURVE('',#2031,#2030,#2127,.T.);
#1674=EDGE_CURVE('',#1983,#2031,#2128,.T.);
#1675=EDGE_CURVE('',#2032,#2032,#2129,.T.);
#1676=EDGE_CURVE('',#2033,#2033,#2130,.T.);
#1677=EDGE_CURVE('',#2034,#2034,#2131,.T.);
#1678=EDGE_CURVE('',#2035,#2035,#2132,.T.);
#1679=EDGE_CURVE('',#1856,#1865,#2133,.T.);
#1680=EDGE_CURVE('',#1934,#1937,#2134,.T.);
#1681=EDGE_CURVE('',#1922,#1925,#2135,.T.);
#1682=EDGE_CURVE('',#1840,#1849,#2136,.T.);
#1683=EDGE_CURVE('',#1914,#1917,#2137,.T.);
#1684=EDGE_CURVE('',#1902,#1905,#2138,.T.);
#1685=EDGE_CURVE('',#1824,#1833,#2139,.T.);
#1686=EDGE_CURVE('',#1894,#1897,#2140,.T.);
#1687=EDGE_CURVE('',#1882,#1885,#2141,.T.);
#1688=EDGE_CURVE('',#1808,#1817,#2142,.T.);
#1689=EDGE_CURVE('',#1874,#1877,#2143,.T.);
#1690=EDGE_CURVE('',#1942,#1945,#2144,.T.);
#1691=EDGE_CURVE('',#2036,#2036,#2145,.T.);
#1692=EDGE_CURVE('',#2037,#2037,#2146,.T.);
#1693=EDGE_CURVE('',#2038,#2038,#2147,.T.);
#1694=EDGE_CURVE('',#2039,#2039,#2148,.F.);
#1695=EDGE_CURVE('',#2040,#2040,#2149,.F.);
#1696=EDGE_CURVE('',#2041,#2041,#2150,.F.);
#1697=EDGE_CURVE('',#2042,#2042,#2151,.F.);
#1698=EDGE_CURVE('',#2043,#2043,#2152,.T.);
#1699=EDGE_CURVE('',#2044,#2044,#2153,.T.);
#1700=EDGE_CURVE('',#2045,#2045,#2154,.T.);
#1701=EDGE_CURVE('',#2046,#2046,#2155,.T.);
#1702=EDGE_CURVE('',#1970,#1970,#2156,.F.);
#1703=EDGE_CURVE('',#1809,#1816,#2157,.T.);
#1704=EDGE_CURVE('',#1964,#1964,#2158,.F.);
#1705=EDGE_CURVE('',#1825,#1832,#2159,.T.);
#1706=EDGE_CURVE('',#1958,#1958,#2160,.F.);
#1707=EDGE_CURVE('',#1841,#1848,#2161,.T.);
#1708=EDGE_CURVE('',#1952,#1952,#2162,.F.);
#1709=EDGE_CURVE('',#1857,#1864,#2163,.T.);
#1710=EDGE_CURVE('',#1943,#1944,#2164,.T.);
#1711=EDGE_CURVE('',#1935,#1936,#2165,.T.);
#1712=EDGE_CURVE('',#1923,#1924,#2166,.T.);
#1713=EDGE_CURVE('',#1915,#1916,#2167,.T.);
#1714=EDGE_CURVE('',#1903,#1904,#2168,.T.);
#1715=EDGE_CURVE('',#1895,#1896,#2169,.T.);
#1716=EDGE_CURVE('',#1883,#1884,#2170,.T.);
#1717=EDGE_CURVE('',#1875,#1876,#2171,.T.);
#1718=EDGE_CURVE('',#2031,#1772,#264,.T.);
#1719=EDGE_CURVE('',#1773,#2030,#265,.F.);
#1720=EDGE_CURVE('',#1984,#1985,#2172,.T.);
#1721=EDGE_CURVE('',#2025,#1770,#266,.T.);
#1722=EDGE_CURVE('',#1771,#2024,#267,.F.);
#1723=EDGE_CURVE('',#1980,#1981,#2173,.T.);
#1724=EDGE_CURVE('',#1777,#2026,#268,.F.);
#1725=EDGE_CURVE('',#1976,#1977,#2174,.T.);
#1726=EDGE_CURVE('',#2027,#1776,#269,.T.);
#1727=EDGE_CURVE('',#2029,#1774,#270,.T.);
#1728=EDGE_CURVE('',#1775,#2028,#271,.F.);
#1729=EDGE_CURVE('',#1988,#1974,#2175,.T.);
#1730=EDGE_CURVE('',#1967,#1967,#2176,.F.);
#1731=EDGE_CURVE('',#1805,#1812,#2177,.T.);
#1732=EDGE_CURVE('',#1961,#1961,#2178,.F.);
#1733=EDGE_CURVE('',#1821,#1828,#2179,.T.);
#1734=EDGE_CURVE('',#1955,#1955,#2180,.F.);
#1735=EDGE_CURVE('',#1837,#1844,#2181,.T.);
#1736=EDGE_CURVE('',#1949,#1949,#2182,.F.);
#1737=EDGE_CURVE('',#1853,#1860,#2183,.T.);
#1738=EDGE_CURVE('',#1790,#1792,#2184,.T.);
#1739=EDGE_CURVE('',#1791,#1793,#2185,.T.);
#1740=EDGE_CURVE('',#1786,#1788,#2186,.T.);
#1741=EDGE_CURVE('',#1787,#1789,#2187,.T.);
#1742=EDGE_CURVE('',#1782,#1784,#2188,.T.);
#1743=EDGE_CURVE('',#1783,#1785,#2189,.T.);
#1744=EDGE_CURVE('',#1778,#1780,#2190,.T.);
#1745=EDGE_CURVE('',#1779,#1781,#2191,.T.);
#1746=EDGE_CURVE('',#1940,#1938,#2192,.T.);
#1747=EDGE_CURVE('',#1930,#1928,#2193,.T.);
#1748=EDGE_CURVE('',#1920,#1918,#2194,.T.);
#1749=EDGE_CURVE('',#1910,#1908,#2195,.T.);
#1750=EDGE_CURVE('',#1900,#1898,#2196,.T.);
#1751=EDGE_CURVE('',#1890,#1888,#2197,.T.);
#1752=EDGE_CURVE('',#1880,#1878,#2198,.T.);
#1753=EDGE_CURVE('',#1870,#1868,#2199,.T.);
#1754=EDGE_CURVE('',#2001,#2002,#2200,.T.);
#1755=EDGE_CURVE('',#2000,#2003,#2201,.T.);
#1756=EDGE_CURVE('',#2047,#2047,#2202,.T.);
#1757=EDGE_CURVE('',#1795,#1796,#2203,.T.);
#1758=EDGE_CURVE('',#2005,#2006,#2204,.T.);
#1759=EDGE_CURVE('',#2048,#2048,#2205,.T.);
#1760=EDGE_CURVE('',#2004,#2007,#2206,.T.);
#1761=EDGE_CURVE('',#1797,#1798,#2207,.T.);
#1762=EDGE_CURVE('',#2049,#2049,#2208,.T.);
#1763=EDGE_CURVE('',#2008,#2011,#2209,.T.);
#1764=EDGE_CURVE('',#2009,#2010,#2210,.T.);
#1765=EDGE_CURVE('',#1799,#1800,#2211,.T.);
#1766=EDGE_CURVE('',#1997,#1998,#2212,.T.);
#1767=EDGE_CURVE('',#2050,#2050,#2213,.T.);
#1768=EDGE_CURVE('',#1996,#1999,#2214,.T.);
#1769=EDGE_CURVE('',#1801,#1802,#2215,.T.);
#1770=VERTEX_POINT('',#4173);
#1771=VERTEX_POINT('',#4174);
#1772=VERTEX_POINT('',#4178);
#1773=VERTEX_POINT('',#4179);
#1774=VERTEX_POINT('',#4183);
#1775=VERTEX_POINT('',#4184);
#1776=VERTEX_POINT('',#4188);
#1777=VERTEX_POINT('',#4189);
#1778=VERTEX_POINT('',#4193);
#1779=VERTEX_POINT('',#4194);
#1780=VERTEX_POINT('',#4196);
#1781=VERTEX_POINT('',#4198);
#1782=VERTEX_POINT('',#4201);
#1783=VERTEX_POINT('',#4202);
#1784=VERTEX_POINT('',#4204);
#1785=VERTEX_POINT('',#4206);
#1786=VERTEX_POINT('',#4209);
#1787=VERTEX_POINT('',#4210);
#1788=VERTEX_POINT('',#4212);
#1789=VERTEX_POINT('',#4214);
#1790=VERTEX_POINT('',#4217);
#1791=VERTEX_POINT('',#4218);
#1792=VERTEX_POINT('',#4220);
#1793=VERTEX_POINT('',#4222);
#1794=VERTEX_POINT('',#4225);
#1795=VERTEX_POINT('',#4237);
#1796=VERTEX_POINT('',#4238);
#1797=VERTEX_POINT('',#4281);
#1798=VERTEX_POINT('',#4282);
#1799=VERTEX_POINT('',#4325);
#1800=VERTEX_POINT('',#4326);
#1801=VERTEX_POINT('',#4369);
#1802=VERTEX_POINT('',#4370);
#1803=VERTEX_POINT('',#4403);
#1804=VERTEX_POINT('',#4406);
#1805=VERTEX_POINT('',#4407);
#1806=VERTEX_POINT('',#4409);
#1807=VERTEX_POINT('',#4411);
#1808=VERTEX_POINT('',#4413);
#1809=VERTEX_POINT('',#4415);
#1810=VERTEX_POINT('',#4417);
#1811=VERTEX_POINT('',#4419);
#1812=VERTEX_POINT('',#4423);
#1813=VERTEX_POINT('',#4424);
#1814=VERTEX_POINT('',#4426);
#1815=VERTEX_POINT('',#4428);
#1816=VERTEX_POINT('',#4430);
#1817=VERTEX_POINT('',#4432);
#1818=VERTEX_POINT('',#4434);
#1819=VERTEX_POINT('',#4436);
#1820=VERTEX_POINT('',#4440);
#1821=VERTEX_POINT('',#4441);
#1822=VERTEX_POINT('',#4443);
#1823=VERTEX_POINT('',#4445);
#1824=VERTEX_POINT('',#4447);
#1825=VERTEX_POINT('',#4449);
#1826=VERTEX_POINT('',#4451);
#1827=VERTEX_POINT('',#4453);
#1828=VERTEX_POINT('',#4457);
#1829=VERTEX_POINT('',#4458);
#1830=VERTEX_POINT('',#4460);
#1831=VERTEX_POINT('',#4462);
#1832=VERTEX_POINT('',#4464);
#1833=VERTEX_POINT('',#4466);
#1834=VERTEX_POINT('',#4468);
#1835=VERTEX_POINT('',#4470);
#1836=VERTEX_POINT('',#4474);
#1837=VERTEX_POINT('',#4475);
#1838=VERTEX_POINT('',#4477);
#1839=VERTEX_POINT('',#4479);
#1840=VERTEX_POINT('',#4481);
#1841=VERTEX_POINT('',#4483);
#1842=VERTEX_POINT('',#4485);
#1843=VERTEX_POINT('',#4487);
#1844=VERTEX_POINT('',#4491);
#1845=VERTEX_POINT('',#4492);
#1846=VERTEX_POINT('',#4494);
#1847=VERTEX_POINT('',#4496);
#1848=VERTEX_POINT('',#4498);
#1849=VERTEX_POINT('',#4500);
#1850=VERTEX_POINT('',#4502);
#1851=VERTEX_POINT('',#4504);
#1852=VERTEX_POINT('',#4508);
#1853=VERTEX_POINT('',#4509);
#1854=VERTEX_POINT('',#4511);
#1855=VERTEX_POINT('',#4513);
#1856=VERTEX_POINT('',#4515);
#1857=VERTEX_POINT('',#4517);
#1858=VERTEX_POINT('',#4519);
#1859=VERTEX_POINT('',#4521);
#1860=VERTEX_POINT('',#4525);
#1861=VERTEX_POINT('',#4526);
#1862=VERTEX_POINT('',#4528);
#1863=VERTEX_POINT('',#4530);
#1864=VERTEX_POINT('',#4532);
#1865=VERTEX_POINT('',#4534);
#1866=VERTEX_POINT('',#4536);
#1867=VERTEX_POINT('',#4538);
#1868=VERTEX_POINT('',#4542);
#1869=VERTEX_POINT('',#4543);
#1870=VERTEX_POINT('',#4545);
#1871=VERTEX_POINT('',#4547);
#1872=VERTEX_POINT('',#4549);
#1873=VERTEX_POINT('',#4551);
#1874=VERTEX_POINT('',#4553);
#1875=VERTEX_POINT('',#4555);
#1876=VERTEX_POINT('',#4557);
#1877=VERTEX_POINT('',#4559);
#1878=VERTEX_POINT('',#4564);
#1879=VERTEX_POINT('',#4565);
#1880=VERTEX_POINT('',#4567);
#1881=VERTEX_POINT('',#4569);
#1882=VERTEX_POINT('',#4572);
#1883=VERTEX_POINT('',#4574);
#1884=VERTEX_POINT('',#4576);
#1885=VERTEX_POINT('',#4578);
#1886=VERTEX_POINT('',#4580);
#1887=VERTEX_POINT('',#4582);
#1888=VERTEX_POINT('',#4586);
#1889=VERTEX_POINT('',#4587);
#1890=VERTEX_POINT('',#4589);
#1891=VERTEX_POINT('',#4591);
#1892=VERTEX_POINT('',#4593);
#1893=VERTEX_POINT('',#4595);
#1894=VERTEX_POINT('',#4597);
#1895=VERTEX_POINT('',#4599);
#1896=VERTEX_POINT('',#4601);
#1897=VERTEX_POINT('',#4603);
#1898=VERTEX_POINT('',#4608);
#1899=VERTEX_POINT('',#4609);
#1900=VERTEX_POINT('',#4611);
#1901=VERTEX_POINT('',#4613);
#1902=VERTEX_POINT('',#4616);
#1903=VERTEX_POINT('',#4618);
#1904=VERTEX_POINT('',#4620);
#1905=VERTEX_POINT('',#4622);
#1906=VERTEX_POINT('',#4624);
#1907=VERTEX_POINT('',#4626);
#1908=VERTEX_POINT('',#4630);
#1909=VERTEX_POINT('',#4631);
#1910=VERTEX_POINT('',#4633);
#1911=VERTEX_POINT('',#4635);
#1912=VERTEX_POINT('',#4637);
#1913=VERTEX_POINT('',#4639);
#1914=VERTEX_POINT('',#4641);
#1915=VERTEX_POINT('',#4643);
#1916=VERTEX_POINT('',#4645);
#1917=VERTEX_POINT('',#4647);
#1918=VERTEX_POINT('',#4652);
#1919=VERTEX_POINT('',#4653);
#1920=VERTEX_POINT('',#4655);
#1921=VERTEX_POINT('',#4657);
#1922=VERTEX_POINT('',#4660);
#1923=VERTEX_POINT('',#4662);
#1924=VERTEX_POINT('',#4664);
#1925=VERTEX_POINT('',#4666);
#1926=VERTEX_POINT('',#4668);
#1927=VERTEX_POINT('',#4670);
#1928=VERTEX_POINT('',#4674);
#1929=VERTEX_POINT('',#4675);
#1930=VERTEX_POINT('',#4677);
#1931=VERTEX_POINT('',#4679);
#1932=VERTEX_POINT('',#4681);
#1933=VERTEX_POINT('',#4683);
#1934=VERTEX_POINT('',#4685);
#1935=VERTEX_POINT('',#4687);
#1936=VERTEX_POINT('',#4689);
#1937=VERTEX_POINT('',#4691);
#1938=VERTEX_POINT('',#4696);
#1939=VERTEX_POINT('',#4697);
#1940=VERTEX_POINT('',#4699);
#1941=VERTEX_POINT('',#4701);
#1942=VERTEX_POINT('',#4704);
#1943=VERTEX_POINT('',#4706);
#1944=VERTEX_POINT('',#4708);
#1945=VERTEX_POINT('',#4710);
#1946=VERTEX_POINT('',#4712);
#1947=VERTEX_POINT('',#4714);
#1948=VERTEX_POINT('',#4718);
#1949=VERTEX_POINT('',#4719);
#1950=VERTEX_POINT('',#4721);
#1951=VERTEX_POINT('',#4723);
#1952=VERTEX_POINT('',#4725);
#1953=VERTEX_POINT('',#4727);
#1954=VERTEX_POINT('',#4737);
#1955=VERTEX_POINT('',#4738);
#1956=VERTEX_POINT('',#4740);
#1957=VERTEX_POINT('',#4742);
#1958=VERTEX_POINT('',#4744);
#1959=VERTEX_POINT('',#4746);
#1960=VERTEX_POINT('',#4756);
#1961=VERTEX_POINT('',#4757);
#1962=VERTEX_POINT('',#4759);
#1963=VERTEX_POINT('',#4761);
#1964=VERTEX_POINT('',#4763);
#1965=VERTEX_POINT('',#4765);
#1966=VERTEX_POINT('',#4775);
#1967=VERTEX_POINT('',#4776);
#1968=VERTEX_POINT('',#4778);
#1969=VERTEX_POINT('',#4780);
#1970=VERTEX_POINT('',#4782);
#1971=VERTEX_POINT('',#4784);
#1972=VERTEX_POINT('',#4794);
#1973=VERTEX_POINT('',#4796);
#1974=VERTEX_POINT('',#4797);
#1975=VERTEX_POINT('',#4799);
#1976=VERTEX_POINT('',#4801);
#1977=VERTEX_POINT('',#4803);
#1978=VERTEX_POINT('',#4805);
#1979=VERTEX_POINT('',#4807);
#1980=VERTEX_POINT('',#4809);
#1981=VERTEX_POINT('',#4811);
#1982=VERTEX_POINT('',#4813);
#1983=VERTEX_POINT('',#4815);
#1984=VERTEX_POINT('',#4817);
#1985=VERTEX_POINT('',#4819);
#1986=VERTEX_POINT('',#4821);
#1987=VERTEX_POINT('',#4823);
#1988=VERTEX_POINT('',#4825);
#1989=VERTEX_POINT('',#4829);
#1990=VERTEX_POINT('',#4831);
#1991=VERTEX_POINT('',#4834);
#1992=VERTEX_POINT('',#4836);
#1993=VERTEX_POINT('',#4838);
#1994=VERTEX_POINT('',#4840);
#1995=VERTEX_POINT('',#4858);
#1996=VERTEX_POINT('',#4877);
#1997=VERTEX_POINT('',#4878);
#1998=VERTEX_POINT('',#4880);
#1999=VERTEX_POINT('',#4899);
#2000=VERTEX_POINT('',#4920);
#2001=VERTEX_POINT('',#4921);
#2002=VERTEX_POINT('',#4923);
#2003=VERTEX_POINT('',#4942);
#2004=VERTEX_POINT('',#4963);
#2005=VERTEX_POINT('',#4964);
#2006=VERTEX_POINT('',#4966);
#2007=VERTEX_POINT('',#4985);
#2008=VERTEX_POINT('',#5006);
#2009=VERTEX_POINT('',#5007);
#2010=VERTEX_POINT('',#5009);
#2011=VERTEX_POINT('',#5028);
#2012=VERTEX_POINT('',#5033);
#2013=VERTEX_POINT('',#5035);
#2014=VERTEX_POINT('',#5038);
#2015=VERTEX_POINT('',#5041);
#2016=VERTEX_POINT('',#5044);
#2017=VERTEX_POINT('',#5047);
#2018=VERTEX_POINT('',#5050);
#2019=VERTEX_POINT('',#5052);
#2020=VERTEX_POINT('',#5054);
#2021=VERTEX_POINT('',#5056);
#2022=VERTEX_POINT('',#5058);
#2023=VERTEX_POINT('',#5061);
#2024=VERTEX_POINT('',#5065);
#2025=VERTEX_POINT('',#5067);
#2026=VERTEX_POINT('',#5070);
#2027=VERTEX_POINT('',#5072);
#2028=VERTEX_POINT('',#5075);
#2029=VERTEX_POINT('',#5077);
#2030=VERTEX_POINT('',#5080);
#2031=VERTEX_POINT('',#5082);
#2032=VERTEX_POINT('',#5086);
#2033=VERTEX_POINT('',#5088);
#2034=VERTEX_POINT('',#5090);
#2035=VERTEX_POINT('',#5092);
#2036=VERTEX_POINT('',#5107);
#2037=VERTEX_POINT('',#5111);
#2038=VERTEX_POINT('',#5114);
#2039=VERTEX_POINT('',#5117);
#2040=VERTEX_POINT('',#5119);
#2041=VERTEX_POINT('',#5121);
#2042=VERTEX_POINT('',#5123);
#2043=VERTEX_POINT('',#5125);
#2044=VERTEX_POINT('',#5128);
#2045=VERTEX_POINT('',#5131);
#2046=VERTEX_POINT('',#5134);
#2047=VERTEX_POINT('',#5274);
#2048=VERTEX_POINT('',#5282);
#2049=VERTEX_POINT('',#5290);
#2050=VERTEX_POINT('',#5302);
#2051=CIRCLE('',#2945,0.008);
#2052=CIRCLE('',#2946,0.0917);
#2053=CIRCLE('',#2948,0.008);
#2054=CIRCLE('',#2949,0.0917);
#2055=CIRCLE('',#2951,0.008);
#2056=CIRCLE('',#2952,0.0917);
#2057=CIRCLE('',#2954,0.008);
#2058=CIRCLE('',#2955,0.0917);
#2059=CIRCLE('',#2957,0.092);
#2060=CIRCLE('',#2958,0.092);
#2061=CIRCLE('',#2959,0.092);
#2062=CIRCLE('',#2960,0.092);
#2063=CIRCLE('',#2961,0.092);
#2064=CIRCLE('',#2962,0.092);
#2065=CIRCLE('',#2963,0.092);
#2066=CIRCLE('',#2964,0.092);
#2067=CIRCLE('',#2965,0.092);
#2068=CIRCLE('',#2966,0.092);
#2069=CIRCLE('',#2996,0.092);
#2070=CIRCLE('',#2997,0.092);
#2071=CIRCLE('',#2998,0.092);
#2072=CIRCLE('',#2999,0.092);
#2073=CIRCLE('',#3000,0.092);
#2074=CIRCLE('',#3001,0.092);
#2075=CIRCLE('',#3002,0.092);
#2076=CIRCLE('',#3003,0.092);
#2077=CIRCLE('',#3004,0.092);
#2078=CIRCLE('',#3006,0.0938);
#2079=CIRCLE('',#3007,0.0938);
#2080=CIRCLE('',#3009,0.00325);
#2081=CIRCLE('',#3010,0.00325);
#2082=CIRCLE('',#3011,0.00325);
#2083=CIRCLE('',#3012,0.00325);
#2084=CIRCLE('',#3013,0.008);
#2085=CIRCLE('',#3014,0.008);
#2086=CIRCLE('',#3015,0.095);
#2087=CIRCLE('',#3016,0.008);
#2088=CIRCLE('',#3017,0.008);
#2089=CIRCLE('',#3018,0.008);
#2090=CIRCLE('',#3019,0.095);
#2091=CIRCLE('',#3020,0.008);
#2092=CIRCLE('',#3021,0.008);
#2093=CIRCLE('',#3022,0.008);
#2094=CIRCLE('',#3023,0.095);
#2095=CIRCLE('',#3024,0.008);
#2096=CIRCLE('',#3025,0.008);
#2097=CIRCLE('',#3026,0.008);
#2098=CIRCLE('',#3027,0.095);
#2099=CIRCLE('',#3028,0.008);
#2100=CIRCLE('',#3029,0.0935);
#2101=CIRCLE('',#3033,0.095);
#2102=CIRCLE('',#3037,0.095);
#2103=CIRCLE('',#3041,0.095);
#2104=CIRCLE('',#3045,0.095);
#2105=CIRCLE('',#3047,0.0115);
#2106=CIRCLE('',#3048,0.0115);
#2107=CIRCLE('',#3050,0.0145);
#2108=CIRCLE('',#3052,0.0145);
#2109=CIRCLE('',#3054,0.0497573593128807);
#2110=CIRCLE('',#3056,0.0497573593128807);
#2111=CIRCLE('',#3058,0.005);
#2112=CIRCLE('',#3059,0.005);
#2113=CIRCLE('',#3060,0.005);
#2114=CIRCLE('',#3061,0.005);
#2115=CIRCLE('',#3062,0.0702426406871193);
#2116=CIRCLE('',#3064,0.0702426406871193);
#2117=CIRCLE('',#3067,0.008);
#2118=CIRCLE('',#3068,0.0917);
#2119=CIRCLE('',#3069,0.008);
#2120=CIRCLE('',#3070,0.008);
#2121=CIRCLE('',#3071,0.0917);
#2122=CIRCLE('',#3072,0.008);
#2123=CIRCLE('',#3073,0.008);
#2124=CIRCLE('',#3074,0.0917);
#2125=CIRCLE('',#3075,0.008);
#2126=CIRCLE('',#3076,0.008);
#2127=CIRCLE('',#3077,0.0917);
#2128=CIRCLE('',#3078,0.008);
#2129=CIRCLE('',#3080,0.00325);
#2130=CIRCLE('',#3081,0.00325);
#2131=CIRCLE('',#3082,0.00325);
#2132=CIRCLE('',#3083,0.00325);
#2133=CIRCLE('',#3084,0.008);
#2134=CIRCLE('',#3085,0.008);
#2135=CIRCLE('',#3086,0.008);
#2136=CIRCLE('',#3087,0.008);
#2137=CIRCLE('',#3088,0.008);
#2138=CIRCLE('',#3089,0.008);
#2139=CIRCLE('',#3090,0.008);
#2140=CIRCLE('',#3091,0.008);
#2141=CIRCLE('',#3092,0.008);
#2142=CIRCLE('',#3093,0.008);
#2143=CIRCLE('',#3094,0.008);
#2144=CIRCLE('',#3095,0.008);
#2145=CIRCLE('',#3097,0.0935);
#2146=CIRCLE('',#3100,0.066);
#2147=CIRCLE('',#3102,0.066);
#2148=CIRCLE('',#3104,0.005);
#2149=CIRCLE('',#3105,0.005);
#2150=CIRCLE('',#3106,0.005);
#2151=CIRCLE('',#3107,0.005);
#2152=CIRCLE('',#3108,0.054);
#2153=CIRCLE('',#3110,0.054);
#2154=CIRCLE('',#3112,0.0145);
#2155=CIRCLE('',#3114,0.0145);
#2156=CIRCLE('',#3117,0.00325);
#2157=CIRCLE('',#3118,0.008);
#2158=CIRCLE('',#3121,0.00325);
#2159=CIRCLE('',#3122,0.008);
#2160=CIRCLE('',#3125,0.00325);
#2161=CIRCLE('',#3126,0.008);
#2162=CIRCLE('',#3129,0.00325);
#2163=CIRCLE('',#3130,0.008);
#2164=CIRCLE('',#3133,0.008);
#2165=CIRCLE('',#3136,0.008);
#2166=CIRCLE('',#3139,0.008);
#2167=CIRCLE('',#3142,0.008);
#2168=CIRCLE('',#3145,0.008);
#2169=CIRCLE('',#3148,0.008);
#2170=CIRCLE('',#3151,0.008);
#2171=CIRCLE('',#3154,0.008);
#2172=CIRCLE('',#3157,0.008);
#2173=CIRCLE('',#3160,0.008);
#2174=CIRCLE('',#3163,0.008);
#2175=CIRCLE('',#3166,0.008);
#2176=CIRCLE('',#3169,0.00325);
#2177=CIRCLE('',#3170,0.008);
#2178=CIRCLE('',#3173,0.00325);
#2179=CIRCLE('',#3174,0.008);
#2180=CIRCLE('',#3177,0.00325);
#2181=CIRCLE('',#3178,0.008);
#2182=CIRCLE('',#3181,0.00325);
#2183=CIRCLE('',#3182,0.008);
#2184=CIRCLE('',#3185,0.008);
#2185=CIRCLE('',#3187,0.008);
#2186=CIRCLE('',#3190,0.008);
#2187=CIRCLE('',#3192,0.008);
#2188=CIRCLE('',#3195,0.008);
#2189=CIRCLE('',#3197,0.008);
#2190=CIRCLE('',#3200,0.008);
#2191=CIRCLE('',#3202,0.008);
#2192=CIRCLE('',#3205,0.008);
#2193=CIRCLE('',#3208,0.008);
#2194=CIRCLE('',#3211,0.008);
#2195=CIRCLE('',#3214,0.008);
#2196=CIRCLE('',#3217,0.008);
#2197=CIRCLE('',#3220,0.008);
#2198=CIRCLE('',#3223,0.008);
#2199=CIRCLE('',#3226,0.008);
#2200=CIRCLE('',#3241,0.0283);
#2201=CIRCLE('',#3243,0.0283);
#2202=CIRCLE('',#3245,0.0253);
#2203=CIRCLE('',#3247,0.0219749502982107);
#2204=CIRCLE('',#3250,0.0283);
#2205=CIRCLE('',#3252,0.0253);
#2206=CIRCLE('',#3253,0.0283);
#2207=CIRCLE('',#3256,0.0219749502982107);
#2208=CIRCLE('',#3259,0.0253);
#2209=CIRCLE('',#3260,0.0283);
#2210=CIRCLE('',#3262,0.0283);
#2211=CIRCLE('',#3265,0.0219749502982107);
#2212=CIRCLE('',#3268,0.0283);
#2213=CIRCLE('',#3270,0.0253);
#2214=CIRCLE('',#3271,0.0283);
#2215=CIRCLE('',#3274,0.0219749502982107);
#2216=EDGE_LOOP('',(#555,#556));
#2217=EDGE_LOOP('',(#557,#558));
#2218=EDGE_LOOP('',(#559,#560));
#2219=EDGE_LOOP('',(#561,#562));
#2220=EDGE_LOOP('',(#563,#564,#565,#566));
#2221=EDGE_LOOP('',(#567,#568,#569,#570));
#2222=EDGE_LOOP('',(#571,#572,#573,#574));
#2223=EDGE_LOOP('',(#575,#576,#577,#578));
#2224=EDGE_LOOP('',(#579));
#2225=EDGE_LOOP('',(#580,#581));
#2226=EDGE_LOOP('',(#582,#583));
#2227=EDGE_LOOP('',(#584,#585));
#2228=EDGE_LOOP('',(#586,#587));
#2229=EDGE_LOOP('',(#588));
#2230=EDGE_LOOP('',(#589,#590,#591,#592,#593,#594,#595,#596));
#2231=EDGE_LOOP('',(#597,#598,#599,#600,#601,#602,#603,#604));
#2232=EDGE_LOOP('',(#605,#606,#607,#608,#609,#610,#611,#612));
#2233=EDGE_LOOP('',(#613,#614,#615,#616,#617,#618,#619,#620));
#2234=EDGE_LOOP('',(#621,#622,#623,#624,#625,#626,#627,#628));
#2235=EDGE_LOOP('',(#629,#630,#631,#632,#633,#634,#635,#636));
#2236=EDGE_LOOP('',(#637,#638,#639,#640,#641,#642,#643,#644));
#2237=EDGE_LOOP('',(#645,#646,#647,#648,#649,#650,#651,#652));
#2238=EDGE_LOOP('',(#653,#654,#655,#656,#657,#658,#659,#660,#661,#662,#663,
#664));
#2239=EDGE_LOOP('',(#665,#666,#667,#668,#669,#670,#671,#672,#673,#674,#675,
#676));
#2240=EDGE_LOOP('',(#677,#678,#679,#680,#681,#682,#683,#684,#685,#686,#687,
#688));
#2241=EDGE_LOOP('',(#689,#690,#691,#692,#693,#694,#695,#696,#697,#698,#699,
#700));
#2242=EDGE_LOOP('',(#701,#702,#703,#704,#705,#706,#707,#708,#709,#710,#711,
#712));
#2243=EDGE_LOOP('',(#713,#714,#715,#716,#717,#718,#719,#720,#721,#722,#723,
#724));
#2244=EDGE_LOOP('',(#725,#726,#727,#728,#729,#730,#731,#732,#733,#734,#735,
#736));
#2245=EDGE_LOOP('',(#737,#738,#739,#740,#741,#742,#743,#744,#745,#746,#747,
#748));
#2246=EDGE_LOOP('',(#749,#750,#751,#752,#753,#754));
#2247=EDGE_LOOP('',(#755,#756,#757,#758));
#2248=EDGE_LOOP('',(#759,#760,#761,#762));
#2249=EDGE_LOOP('',(#763,#764,#765,#766,#767,#768));
#2250=EDGE_LOOP('',(#769,#770,#771,#772));
#2251=EDGE_LOOP('',(#773,#774,#775,#776));
#2252=EDGE_LOOP('',(#777,#778,#779,#780,#781,#782));
#2253=EDGE_LOOP('',(#783,#784,#785,#786));
#2254=EDGE_LOOP('',(#787,#788,#789,#790));
#2255=EDGE_LOOP('',(#791,#792,#793,#794,#795,#796));
#2256=EDGE_LOOP('',(#797,#798,#799,#800));
#2257=EDGE_LOOP('',(#801,#802,#803,#804));
#2258=EDGE_LOOP('',(#805));
#2259=EDGE_LOOP('',(#806,#807,#808,#809,#810,#811,#812,#813,#814,#815,#816,
#817,#818,#819,#820,#821));
#2260=EDGE_LOOP('',(#822));
#2261=EDGE_LOOP('',(#823));
#2262=EDGE_LOOP('',(#824));
#2263=EDGE_LOOP('',(#825));
#2264=EDGE_LOOP('',(#826));
#2265=EDGE_LOOP('',(#827));
#2266=EDGE_LOOP('',(#828,#829,#830,#831,#832,#833,#834,#835,#836,#837,#838,
#839,#840,#841,#842,#843,#844,#845,#846,#847,#848,#849,#850,#851,#852,#853,
#854,#855,#856,#857,#858,#859,#860,#861,#862,#863,#864,#865,#866,#867));
#2267=EDGE_LOOP('',(#868));
#2268=EDGE_LOOP('',(#869,#870,#871,#872));
#2269=EDGE_LOOP('',(#873,#874,#875,#876));
#2270=EDGE_LOOP('',(#877,#878,#879,#880));
#2271=EDGE_LOOP('',(#881,#882,#883,#884));
#2272=EDGE_LOOP('',(#885,#886,#887,#888));
#2273=EDGE_LOOP('',(#889,#890,#891,#892));
#2274=EDGE_LOOP('',(#893,#894,#895,#896));
#2275=EDGE_LOOP('',(#897,#898,#899,#900));
#2276=EDGE_LOOP('',(#901));
#2277=EDGE_LOOP('',(#902));
#2278=EDGE_LOOP('',(#903));
#2279=EDGE_LOOP('',(#904));
#2280=EDGE_LOOP('',(#905));
#2281=EDGE_LOOP('',(#906));
#2282=EDGE_LOOP('',(#907));
#2283=EDGE_LOOP('',(#908));
#2284=EDGE_LOOP('',(#909));
#2285=EDGE_LOOP('',(#910));
#2286=EDGE_LOOP('',(#911));
#2287=EDGE_LOOP('',(#912));
#2288=EDGE_LOOP('',(#913));
#2289=EDGE_LOOP('',(#914));
#2290=EDGE_LOOP('',(#915));
#2291=EDGE_LOOP('',(#916));
#2292=EDGE_LOOP('',(#917));
#2293=EDGE_LOOP('',(#918));
#2294=EDGE_LOOP('',(#919));
#2295=EDGE_LOOP('',(#920));
#2296=EDGE_LOOP('',(#921));
#2297=EDGE_LOOP('',(#922,#923,#924,#925,#926,#927,#928,#929,#930,#931,#932,
#933,#934,#935,#936,#937));
#2298=EDGE_LOOP('',(#938));
#2299=EDGE_LOOP('',(#939));
#2300=EDGE_LOOP('',(#940));
#2301=EDGE_LOOP('',(#941));
#2302=EDGE_LOOP('',(#942));
#2303=EDGE_LOOP('',(#943,#944,#945,#946,#947,#948,#949,#950,#951,#952,#953,
#954,#955,#956,#957,#958,#959,#960,#961,#962,#963,#964,#965,#966,#967,#968,
#969,#970,#971,#972,#973,#974,#975,#976,#977,#978,#979,#980,#981,#982));
#2304=EDGE_LOOP('',(#983));
#2305=EDGE_LOOP('',(#984));
#2306=EDGE_LOOP('',(#985));
#2307=EDGE_LOOP('',(#986));
#2308=EDGE_LOOP('',(#987));
#2309=EDGE_LOOP('',(#988));
#2310=EDGE_LOOP('',(#989));
#2311=EDGE_LOOP('',(#990));
#2312=EDGE_LOOP('',(#991));
#2313=EDGE_LOOP('',(#992));
#2314=EDGE_LOOP('',(#993));
#2315=EDGE_LOOP('',(#994));
#2316=EDGE_LOOP('',(#995));
#2317=EDGE_LOOP('',(#996));
#2318=EDGE_LOOP('',(#997));
#2319=EDGE_LOOP('',(#998));
#2320=EDGE_LOOP('',(#999));
#2321=EDGE_LOOP('',(#1000));
#2322=EDGE_LOOP('',(#1001));
#2323=EDGE_LOOP('',(#1002));
#2324=EDGE_LOOP('',(#1003));
#2325=EDGE_LOOP('',(#1004));
#2326=EDGE_LOOP('',(#1005,#1006,#1007,#1008,#1009,#1010,#1011,#1012));
#2327=EDGE_LOOP('',(#1013,#1014,#1015,#1016));
#2328=EDGE_LOOP('',(#1017,#1018,#1019,#1020,#1021,#1022,#1023,#1024));
#2329=EDGE_LOOP('',(#1025,#1026,#1027,#1028));
#2330=EDGE_LOOP('',(#1029,#1030,#1031,#1032,#1033,#1034,#1035,#1036));
#2331=EDGE_LOOP('',(#1037,#1038,#1039,#1040));
#2332=EDGE_LOOP('',(#1041,#1042,#1043,#1044,#1045,#1046,#1047,#1048));
#2333=EDGE_LOOP('',(#1049,#1050,#1051,#1052));
#2334=EDGE_LOOP('',(#1053,#1054));
#2335=EDGE_LOOP('',(#1055,#1056,#1057,#1058));
#2336=EDGE_LOOP('',(#1059,#1060));
#2337=EDGE_LOOP('',(#1061,#1062,#1063,#1064));
#2338=EDGE_LOOP('',(#1065,#1066));
#2339=EDGE_LOOP('',(#1067,#1068,#1069,#1070));
#2340=EDGE_LOOP('',(#1071,#1072));
#2341=EDGE_LOOP('',(#1073,#1074,#1075,#1076));
#2342=EDGE_LOOP('',(#1077,#1078));
#2343=EDGE_LOOP('',(#1079,#1080,#1081,#1082));
#2344=EDGE_LOOP('',(#1083,#1084));
#2345=EDGE_LOOP('',(#1085,#1086,#1087,#1088));
#2346=EDGE_LOOP('',(#1089,#1090));
#2347=EDGE_LOOP('',(#1091,#1092,#1093,#1094));
#2348=EDGE_LOOP('',(#1095,#1096));
#2349=EDGE_LOOP('',(#1097,#1098,#1099,#1100));
#2350=EDGE_LOOP('',(#1101,#1102,#1103,#1104,#1105,#1106,#1107,#1108));
#2351=EDGE_LOOP('',(#1109,#1110));
#2352=EDGE_LOOP('',(#1111,#1112,#1113,#1114,#1115,#1116,#1117,#1118));
#2353=EDGE_LOOP('',(#1119,#1120));
#2354=EDGE_LOOP('',(#1121,#1122,#1123,#1124,#1125,#1126,#1127,#1128));
#2355=EDGE_LOOP('',(#1129,#1130));
#2356=EDGE_LOOP('',(#1131,#1132,#1133,#1134,#1135,#1136,#1137,#1138));
#2357=EDGE_LOOP('',(#1139,#1140));
#2358=EDGE_LOOP('',(#1141,#1142,#1143,#1144,#1145,#1146,#1147,#1148));
#2359=EDGE_LOOP('',(#1149,#1150,#1151,#1152));
#2360=EDGE_LOOP('',(#1153,#1154,#1155,#1156,#1157,#1158,#1159,#1160));
#2361=EDGE_LOOP('',(#1161,#1162,#1163,#1164));
#2362=EDGE_LOOP('',(#1165,#1166,#1167,#1168,#1169,#1170,#1171,#1172));
#2363=EDGE_LOOP('',(#1173,#1174,#1175,#1176));
#2364=EDGE_LOOP('',(#1177,#1178,#1179,#1180,#1181,#1182,#1183,#1184));
#2365=EDGE_LOOP('',(#1185,#1186,#1187,#1188));
#2366=EDGE_LOOP('',(#1189,#1190));
#2367=EDGE_LOOP('',(#1191,#1192));
#2368=EDGE_LOOP('',(#1193,#1194,#1195,#1196));
#2369=EDGE_LOOP('',(#1197,#1198));
#2370=EDGE_LOOP('',(#1199,#1200));
#2371=EDGE_LOOP('',(#1201,#1202,#1203,#1204));
#2372=EDGE_LOOP('',(#1205,#1206));
#2373=EDGE_LOOP('',(#1207,#1208));
#2374=EDGE_LOOP('',(#1209,#1210,#1211,#1212));
#2375=EDGE_LOOP('',(#1213,#1214));
#2376=EDGE_LOOP('',(#1215,#1216));
#2377=EDGE_LOOP('',(#1217,#1218,#1219,#1220));
#2378=EDGE_LOOP('',(#1221,#1222));
#2379=EDGE_LOOP('',(#1223,#1224,#1225,#1226));
#2380=EDGE_LOOP('',(#1227,#1228,#1229,#1230));
#2381=EDGE_LOOP('',(#1231,#1232));
#2382=EDGE_LOOP('',(#1233,#1234));
#2383=EDGE_LOOP('',(#1235,#1236,#1237,#1238));
#2384=EDGE_LOOP('',(#1239,#1240,#1241,#1242));
#2385=EDGE_LOOP('',(#1243,#1244));
#2386=EDGE_LOOP('',(#1245,#1246));
#2387=EDGE_LOOP('',(#1247,#1248,#1249,#1250));
#2388=EDGE_LOOP('',(#1251,#1252,#1253,#1254));
#2389=EDGE_LOOP('',(#1255,#1256));
#2390=EDGE_LOOP('',(#1257,#1258));
#2391=EDGE_LOOP('',(#1259,#1260,#1261,#1262));
#2392=EDGE_LOOP('',(#1263,#1264,#1265,#1266));
#2393=EDGE_LOOP('',(#1267,#1268));
#2394=EDGE_LOOP('',(#1269));
#2395=EDGE_LOOP('',(#1270));
#2396=EDGE_LOOP('',(#1271));
#2397=EDGE_LOOP('',(#1272));
#2398=EDGE_LOOP('',(#1273));
#2399=EDGE_LOOP('',(#1274));
#2400=EDGE_LOOP('',(#1275));
#2401=EDGE_LOOP('',(#1276));
#2402=EDGE_LOOP('',(#1277));
#2403=EDGE_LOOP('',(#1278));
#2404=EDGE_LOOP('',(#1279));
#2405=EDGE_LOOP('',(#1280));
#2406=EDGE_LOOP('',(#1281));
#2407=EDGE_LOOP('',(#1282));
#2408=EDGE_LOOP('',(#1283));
#2409=EDGE_LOOP('',(#1284));
#2410=EDGE_LOOP('',(#1285));
#2411=EDGE_LOOP('',(#1286));
#2412=EDGE_LOOP('',(#1287));
#2413=EDGE_LOOP('',(#1288));
#2414=EDGE_LOOP('',(#1289));
#2415=EDGE_LOOP('',(#1290));
#2416=EDGE_LOOP('',(#1291));
#2417=EDGE_LOOP('',(#1292));
#2418=EDGE_LOOP('',(#1293,#1294));
#2419=EDGE_LOOP('',(#1295,#1296,#1297,#1298));
#2420=EDGE_LOOP('',(#1299));
#2421=EDGE_LOOP('',(#1300,#1301));
#2422=EDGE_LOOP('',(#1302,#1303));
#2423=EDGE_LOOP('',(#1304,#1305));
#2424=EDGE_LOOP('',(#1306));
#2425=EDGE_LOOP('',(#1307,#1308));
#2426=EDGE_LOOP('',(#1309));
#2427=EDGE_LOOP('',(#1310,#1311));
#2428=EDGE_LOOP('',(#1312,#1313,#1314,#1315));
#2429=EDGE_LOOP('',(#1316,#1317));
#2430=EDGE_LOOP('',(#1318,#1319));
#2431=EDGE_LOOP('',(#1320));
#2432=EDGE_LOOP('',(#1321));
#2433=EDGE_LOOP('',(#1322,#1323));
#2434=EDGE_LOOP('',(#1324,#1325,#1326,#1327));
#2435=EDGE_LOOP('',(#1328,#1329));
#2436=EDGE_LOOP('',(#1330,#1331));
#2437=EDGE_LOOP('',(#1332,#1333));
#2438=EDGE_LOOP('',(#1334));
#2439=EDGE_LOOP('',(#1335,#1336));
#2440=EDGE_LOOP('',(#1337));
#2441=EDGE_LOOP('',(#1338,#1339));
#2442=EDGE_LOOP('',(#1340,#1341,#1342,#1343));
#2443=EDGE_LOOP('',(#1344,#1345));
#2444=EDGE_LOOP('',(#1346,#1347));
#2445=EDGE_LOOP('',(#1348));
#2446=EDGE_LOOP('',(#1349,#1350,#1351,#1352));
#2447=EDGE_LOOP('',(#1353,#1354,#1355,#1356));
#2448=EDGE_LOOP('',(#1357,#1358,#1359,#1360));
#2449=EDGE_LOOP('',(#1361,#1362,#1363,#1364));
#2450=FACE_BOUND('',#2216,.T.);
#2451=FACE_BOUND('',#2217,.T.);
#2452=FACE_BOUND('',#2218,.T.);
#2453=FACE_BOUND('',#2219,.T.);
#2454=FACE_BOUND('',#2220,.T.);
#2455=FACE_BOUND('',#2221,.T.);
#2456=FACE_BOUND('',#2222,.T.);
#2457=FACE_BOUND('',#2223,.T.);
#2458=FACE_BOUND('',#2224,.T.);
#2459=FACE_BOUND('',#2225,.T.);
#2460=FACE_BOUND('',#2226,.T.);
#2461=FACE_BOUND('',#2227,.T.);
#2462=FACE_BOUND('',#2228,.T.);
#2463=FACE_BOUND('',#2229,.T.);
#2464=FACE_BOUND('',#2230,.T.);
#2465=FACE_BOUND('',#2231,.T.);
#2466=FACE_BOUND('',#2232,.T.);
#2467=FACE_BOUND('',#2233,.T.);
#2468=FACE_BOUND('',#2234,.T.);
#2469=FACE_BOUND('',#2235,.T.);
#2470=FACE_BOUND('',#2236,.T.);
#2471=FACE_BOUND('',#2237,.T.);
#2472=FACE_BOUND('',#2238,.T.);
#2473=FACE_BOUND('',#2239,.T.);
#2474=FACE_BOUND('',#2240,.T.);
#2475=FACE_BOUND('',#2241,.T.);
#2476=FACE_BOUND('',#2242,.T.);
#2477=FACE_BOUND('',#2243,.T.);
#2478=FACE_BOUND('',#2244,.T.);
#2479=FACE_BOUND('',#2245,.T.);
#2480=FACE_BOUND('',#2246,.T.);
#2481=FACE_BOUND('',#2247,.T.);
#2482=FACE_BOUND('',#2248,.T.);
#2483=FACE_BOUND('',#2249,.T.);
#2484=FACE_BOUND('',#2250,.T.);
#2485=FACE_BOUND('',#2251,.T.);
#2486=FACE_BOUND('',#2252,.T.);
#2487=FACE_BOUND('',#2253,.T.);
#2488=FACE_BOUND('',#2254,.T.);
#2489=FACE_BOUND('',#2255,.T.);
#2490=FACE_BOUND('',#2256,.T.);
#2491=FACE_BOUND('',#2257,.T.);
#2492=FACE_BOUND('',#2258,.T.);
#2493=FACE_BOUND('',#2259,.T.);
#2494=FACE_BOUND('',#2260,.T.);
#2495=FACE_BOUND('',#2261,.T.);
#2496=FACE_BOUND('',#2262,.T.);
#2497=FACE_BOUND('',#2263,.T.);
#2498=FACE_BOUND('',#2264,.T.);
#2499=FACE_BOUND('',#2265,.T.);
#2500=FACE_BOUND('',#2266,.T.);
#2501=FACE_BOUND('',#2267,.T.);
#2502=FACE_BOUND('',#2268,.T.);
#2503=FACE_BOUND('',#2269,.T.);
#2504=FACE_BOUND('',#2270,.T.);
#2505=FACE_BOUND('',#2271,.T.);
#2506=FACE_BOUND('',#2272,.T.);
#2507=FACE_BOUND('',#2273,.T.);
#2508=FACE_BOUND('',#2274,.T.);
#2509=FACE_BOUND('',#2275,.T.);
#2510=FACE_BOUND('',#2276,.T.);
#2511=FACE_BOUND('',#2277,.T.);
#2512=FACE_BOUND('',#2278,.T.);
#2513=FACE_BOUND('',#2279,.T.);
#2514=FACE_BOUND('',#2280,.T.);
#2515=FACE_BOUND('',#2281,.T.);
#2516=FACE_BOUND('',#2282,.T.);
#2517=FACE_BOUND('',#2283,.T.);
#2518=FACE_BOUND('',#2284,.T.);
#2519=FACE_BOUND('',#2285,.T.);
#2520=FACE_BOUND('',#2286,.T.);
#2521=FACE_BOUND('',#2287,.T.);
#2522=FACE_BOUND('',#2288,.T.);
#2523=FACE_BOUND('',#2289,.T.);
#2524=FACE_BOUND('',#2290,.T.);
#2525=FACE_BOUND('',#2291,.T.);
#2526=FACE_BOUND('',#2292,.T.);
#2527=FACE_BOUND('',#2293,.T.);
#2528=FACE_BOUND('',#2294,.T.);
#2529=FACE_BOUND('',#2295,.T.);
#2530=FACE_BOUND('',#2296,.T.);
#2531=FACE_BOUND('',#2297,.T.);
#2532=FACE_BOUND('',#2298,.T.);
#2533=FACE_BOUND('',#2299,.T.);
#2534=FACE_BOUND('',#2300,.T.);
#2535=FACE_BOUND('',#2301,.T.);
#2536=FACE_BOUND('',#2302,.T.);
#2537=FACE_BOUND('',#2303,.T.);
#2538=FACE_BOUND('',#2304,.T.);
#2539=FACE_BOUND('',#2305,.T.);
#2540=FACE_BOUND('',#2306,.T.);
#2541=FACE_BOUND('',#2307,.T.);
#2542=FACE_BOUND('',#2308,.T.);
#2543=FACE_BOUND('',#2309,.T.);
#2544=FACE_BOUND('',#2310,.T.);
#2545=FACE_BOUND('',#2311,.T.);
#2546=FACE_BOUND('',#2312,.T.);
#2547=FACE_BOUND('',#2313,.T.);
#2548=FACE_BOUND('',#2314,.T.);
#2549=FACE_BOUND('',#2315,.T.);
#2550=FACE_BOUND('',#2316,.T.);
#2551=FACE_BOUND('',#2317,.T.);
#2552=FACE_BOUND('',#2318,.T.);
#2553=FACE_BOUND('',#2319,.T.);
#2554=FACE_BOUND('',#2320,.T.);
#2555=FACE_BOUND('',#2321,.T.);
#2556=FACE_BOUND('',#2322,.T.);
#2557=FACE_BOUND('',#2323,.T.);
#2558=FACE_BOUND('',#2324,.T.);
#2559=FACE_BOUND('',#2325,.T.);
#2560=FACE_BOUND('',#2326,.T.);
#2561=FACE_BOUND('',#2327,.T.);
#2562=FACE_BOUND('',#2328,.T.);
#2563=FACE_BOUND('',#2329,.T.);
#2564=FACE_BOUND('',#2330,.T.);
#2565=FACE_BOUND('',#2331,.T.);
#2566=FACE_BOUND('',#2332,.T.);
#2567=FACE_BOUND('',#2333,.T.);
#2568=FACE_BOUND('',#2334,.T.);
#2569=FACE_BOUND('',#2335,.T.);
#2570=FACE_BOUND('',#2336,.T.);
#2571=FACE_BOUND('',#2337,.T.);
#2572=FACE_BOUND('',#2338,.T.);
#2573=FACE_BOUND('',#2339,.T.);
#2574=FACE_BOUND('',#2340,.T.);
#2575=FACE_BOUND('',#2341,.T.);
#2576=FACE_BOUND('',#2342,.T.);
#2577=FACE_BOUND('',#2343,.T.);
#2578=FACE_BOUND('',#2344,.T.);
#2579=FACE_BOUND('',#2345,.T.);
#2580=FACE_BOUND('',#2346,.T.);
#2581=FACE_BOUND('',#2347,.T.);
#2582=FACE_BOUND('',#2348,.T.);
#2583=FACE_BOUND('',#2349,.T.);
#2584=FACE_BOUND('',#2350,.T.);
#2585=FACE_BOUND('',#2351,.T.);
#2586=FACE_BOUND('',#2352,.T.);
#2587=FACE_BOUND('',#2353,.T.);
#2588=FACE_BOUND('',#2354,.T.);
#2589=FACE_BOUND('',#2355,.T.);
#2590=FACE_BOUND('',#2356,.T.);
#2591=FACE_BOUND('',#2357,.T.);
#2592=FACE_BOUND('',#2358,.T.);
#2593=FACE_BOUND('',#2359,.T.);
#2594=FACE_BOUND('',#2360,.T.);
#2595=FACE_BOUND('',#2361,.T.);
#2596=FACE_BOUND('',#2362,.T.);
#2597=FACE_BOUND('',#2363,.T.);
#2598=FACE_BOUND('',#2364,.T.);
#2599=FACE_BOUND('',#2365,.T.);
#2600=FACE_BOUND('',#2366,.T.);
#2601=FACE_BOUND('',#2367,.T.);
#2602=FACE_BOUND('',#2368,.T.);
#2603=FACE_BOUND('',#2369,.T.);
#2604=FACE_BOUND('',#2370,.T.);
#2605=FACE_BOUND('',#2371,.T.);
#2606=FACE_BOUND('',#2372,.T.);
#2607=FACE_BOUND('',#2373,.T.);
#2608=FACE_BOUND('',#2374,.T.);
#2609=FACE_BOUND('',#2375,.T.);
#2610=FACE_BOUND('',#2376,.T.);
#2611=FACE_BOUND('',#2377,.T.);
#2612=FACE_BOUND('',#2378,.T.);
#2613=FACE_BOUND('',#2379,.T.);
#2614=FACE_BOUND('',#2380,.T.);
#2615=FACE_BOUND('',#2381,.T.);
#2616=FACE_BOUND('',#2382,.T.);
#2617=FACE_BOUND('',#2383,.T.);
#2618=FACE_BOUND('',#2384,.T.);
#2619=FACE_BOUND('',#2385,.T.);
#2620=FACE_BOUND('',#2386,.T.);
#2621=FACE_BOUND('',#2387,.T.);
#2622=FACE_BOUND('',#2388,.T.);
#2623=FACE_BOUND('',#2389,.T.);
#2624=FACE_BOUND('',#2390,.T.);
#2625=FACE_BOUND('',#2391,.T.);
#2626=FACE_BOUND('',#2392,.T.);
#2627=FACE_BOUND('',#2393,.T.);
#2628=FACE_BOUND('',#2394,.T.);
#2629=FACE_BOUND('',#2395,.T.);
#2630=FACE_BOUND('',#2396,.T.);
#2631=FACE_BOUND('',#2397,.T.);
#2632=FACE_BOUND('',#2398,.T.);
#2633=FACE_BOUND('',#2399,.T.);
#2634=FACE_BOUND('',#2400,.T.);
#2635=FACE_BOUND('',#2401,.T.);
#2636=FACE_BOUND('',#2402,.T.);
#2637=FACE_BOUND('',#2403,.T.);
#2638=FACE_BOUND('',#2404,.T.);
#2639=FACE_BOUND('',#2405,.T.);
#2640=FACE_BOUND('',#2406,.T.);
#2641=FACE_BOUND('',#2407,.T.);
#2642=FACE_BOUND('',#2408,.T.);
#2643=FACE_BOUND('',#2409,.T.);
#2644=FACE_BOUND('',#2410,.T.);
#2645=FACE_BOUND('',#2411,.T.);
#2646=FACE_BOUND('',#2412,.T.);
#2647=FACE_BOUND('',#2413,.T.);
#2648=FACE_BOUND('',#2414,.T.);
#2649=FACE_BOUND('',#2415,.T.);
#2650=FACE_BOUND('',#2416,.T.);
#2651=FACE_BOUND('',#2417,.T.);
#2652=FACE_BOUND('',#2418,.T.);
#2653=FACE_BOUND('',#2419,.T.);
#2654=FACE_BOUND('',#2420,.T.);
#2655=FACE_BOUND('',#2421,.T.);
#2656=FACE_BOUND('',#2422,.T.);
#2657=FACE_BOUND('',#2423,.T.);
#2658=FACE_BOUND('',#2424,.T.);
#2659=FACE_BOUND('',#2425,.T.);
#2660=FACE_BOUND('',#2426,.T.);
#2661=FACE_BOUND('',#2427,.T.);
#2662=FACE_BOUND('',#2428,.T.);
#2663=FACE_BOUND('',#2429,.T.);
#2664=FACE_BOUND('',#2430,.T.);
#2665=FACE_BOUND('',#2431,.T.);
#2666=FACE_BOUND('',#2432,.T.);
#2667=FACE_BOUND('',#2433,.T.);
#2668=FACE_BOUND('',#2434,.T.);
#2669=FACE_BOUND('',#2435,.T.);
#2670=FACE_BOUND('',#2436,.T.);
#2671=FACE_BOUND('',#2437,.T.);
#2672=FACE_BOUND('',#2438,.T.);
#2673=FACE_BOUND('',#2439,.T.);
#2674=FACE_BOUND('',#2440,.T.);
#2675=FACE_BOUND('',#2441,.T.);
#2676=FACE_BOUND('',#2442,.T.);
#2677=FACE_BOUND('',#2443,.T.);
#2678=FACE_BOUND('',#2444,.T.);
#2679=FACE_BOUND('',#2445,.T.);
#2680=FACE_BOUND('',#2446,.T.);
#2681=FACE_BOUND('',#2447,.T.);
#2682=FACE_BOUND('',#2448,.T.);
#2683=FACE_BOUND('',#2449,.T.);
#2684=PLANE('',#2944);
#2685=PLANE('',#2947);
#2686=PLANE('',#2950);
#2687=PLANE('',#2953);
#2688=PLANE('',#2967);
#2689=PLANE('',#2968);
#2690=PLANE('',#2969);
#2691=PLANE('',#2970);
#2692=PLANE('',#2971);
#2693=PLANE('',#2972);
#2694=PLANE('',#2973);
#2695=PLANE('',#2974);
#2696=PLANE('',#2975);
#2697=PLANE('',#2976);
#2698=PLANE('',#2977);
#2699=PLANE('',#2978);
#2700=PLANE('',#2979);
#2701=PLANE('',#2980);
#2702=PLANE('',#2981);
#2703=PLANE('',#2982);
#2704=PLANE('',#2983);
#2705=PLANE('',#2984);
#2706=PLANE('',#2985);
#2707=PLANE('',#2986);
#2708=PLANE('',#2987);
#2709=PLANE('',#2988);
#2710=PLANE('',#2989);
#2711=PLANE('',#2990);
#2712=PLANE('',#2991);
#2713=PLANE('',#2992);
#2714=PLANE('',#2993);
#2715=PLANE('',#2994);
#2716=PLANE('',#3008);
#2717=PLANE('',#3049);
#2718=PLANE('',#3057);
#2719=PLANE('',#3066);
#2720=PLANE('',#3079);
#2721=PLANE('',#3098);
#2722=PLANE('',#3103);
#2723=PLANE('',#3115);
#2724=PLANE('',#3116);
#2725=PLANE('',#3120);
#2726=PLANE('',#3124);
#2727=PLANE('',#3128);
#2728=PLANE('',#3132);
#2729=PLANE('',#3135);
#2730=PLANE('',#3138);
#2731=PLANE('',#3141);
#2732=PLANE('',#3144);
#2733=PLANE('',#3147);
#2734=PLANE('',#3150);
#2735=PLANE('',#3153);
#2736=PLANE('',#3158);
#2737=PLANE('',#3161);
#2738=PLANE('',#3164);
#2739=PLANE('',#3167);
#2740=PLANE('',#3168);
#2741=PLANE('',#3172);
#2742=PLANE('',#3176);
#2743=PLANE('',#3180);
#2744=PLANE('',#3184);
#2745=PLANE('',#3186);
#2746=PLANE('',#3189);
#2747=PLANE('',#3191);
#2748=PLANE('',#3194);
#2749=PLANE('',#3196);
#2750=PLANE('',#3199);
#2751=PLANE('',#3201);
#2752=PLANE('',#3204);
#2753=PLANE('',#3209);
#2754=PLANE('',#3210);
#2755=PLANE('',#3215);
#2756=PLANE('',#3216);
#2757=PLANE('',#3221);
#2758=PLANE('',#3222);
#2759=PLANE('',#3227);
#2760=PLANE('',#3240);
#2761=PLANE('',#3244);
#2762=PLANE('',#3249);
#2763=PLANE('',#3251);
#2764=PLANE('',#3258);
#2765=PLANE('',#3263);
#2766=PLANE('',#3267);
#2767=PLANE('',#3269);
#2768=ADVANCED_FACE('',(#2450),#2684,.F.);
#2769=ADVANCED_FACE('',(#2451),#2685,.F.);
#2770=ADVANCED_FACE('',(#2452),#2686,.F.);
#2771=ADVANCED_FACE('',(#2453),#2687,.F.);
#2772=ADVANCED_FACE('',(#2454,#2455,#2456,#2457,#2458,#2459,#2460,#2461,
#2462,#2463),#488,.F.);
#2773=ADVANCED_FACE('',(#2464),#2688,.F.);
#2774=ADVANCED_FACE('',(#2465),#2689,.F.);
#2775=ADVANCED_FACE('',(#2466),#2690,.F.);
#2776=ADVANCED_FACE('',(#2467),#2691,.F.);
#2777=ADVANCED_FACE('',(#2468),#2692,.F.);
#2778=ADVANCED_FACE('',(#2469),#2693,.F.);
#2779=ADVANCED_FACE('',(#2470),#2694,.F.);
#2780=ADVANCED_FACE('',(#2471),#2695,.F.);
#2781=ADVANCED_FACE('',(#2472),#2696,.F.);
#2782=ADVANCED_FACE('',(#2473),#2697,.F.);
#2783=ADVANCED_FACE('',(#2474),#2698,.F.);
#2784=ADVANCED_FACE('',(#2475),#2699,.F.);
#2785=ADVANCED_FACE('',(#2476),#2700,.F.);
#2786=ADVANCED_FACE('',(#2477),#2701,.F.);
#2787=ADVANCED_FACE('',(#2478),#2702,.F.);
#2788=ADVANCED_FACE('',(#2479),#2703,.F.);
#2789=ADVANCED_FACE('',(#2480),#2704,.T.);
#2790=ADVANCED_FACE('',(#2481),#2705,.T.);
#2791=ADVANCED_FACE('',(#2482),#2706,.T.);
#2792=ADVANCED_FACE('',(#2483),#2707,.T.);
#2793=ADVANCED_FACE('',(#2484),#2708,.T.);
#2794=ADVANCED_FACE('',(#2485),#2709,.T.);
#2795=ADVANCED_FACE('',(#2486),#2710,.T.);
#2796=ADVANCED_FACE('',(#2487),#2711,.T.);
#2797=ADVANCED_FACE('',(#2488),#2712,.T.);
#2798=ADVANCED_FACE('',(#2489),#2713,.T.);
#2799=ADVANCED_FACE('',(#2490),#2714,.T.);
#2800=ADVANCED_FACE('',(#2491),#2715,.T.);
#2801=ADVANCED_FACE('',(#2492,#2493),#489,.F.);
#2802=ADVANCED_FACE('',(#2494,#2495),#490,.F.);
#2803=ADVANCED_FACE('',(#2496,#2497,#2498,#2499,#2500,#2501),#2716,.F.);
#2804=ADVANCED_FACE('',(#2502,#2503),#491,.T.);
#2805=ADVANCED_FACE('',(#2504,#2505),#492,.T.);
#2806=ADVANCED_FACE('',(#2506,#2507),#493,.T.);
#2807=ADVANCED_FACE('',(#2508,#2509),#494,.T.);
#2808=ADVANCED_FACE('',(#2510,#2511),#495,.F.);
#2809=ADVANCED_FACE('',(#2512,#2513),#2717,.F.);
#2810=ADVANCED_FACE('',(#2514,#2515),#496,.T.);
#2811=ADVANCED_FACE('',(#2516,#2517),#20,.F.);
#2812=ADVANCED_FACE('',(#2518,#2519),#497,.F.);
#2813=ADVANCED_FACE('',(#2520,#2521,#2522,#2523,#2524,#2525),#2718,.F.);
#2814=ADVANCED_FACE('',(#2526,#2527),#498,.T.);
#2815=ADVANCED_FACE('',(#2528,#2529),#21,.T.);
#2816=ADVANCED_FACE('',(#2530,#2531),#2719,.F.);
#2817=ADVANCED_FACE('',(#2532,#2533,#2534,#2535,#2536,#2537),#2720,.F.);
#2818=ADVANCED_FACE('',(#2538,#2539),#499,.T.);
#2819=ADVANCED_FACE('',(#2540,#2541),#2721,.F.);
#2820=ADVANCED_FACE('',(#2542,#2543),#22,.F.);
#2821=ADVANCED_FACE('',(#2544,#2545),#500,.F.);
#2822=ADVANCED_FACE('',(#2546,#2547,#2548,#2549,#2550,#2551),#2722,.F.);
#2823=ADVANCED_FACE('',(#2552,#2553),#501,.T.);
#2824=ADVANCED_FACE('',(#2554,#2555),#23,.T.);
#2825=ADVANCED_FACE('',(#2556,#2557),#502,.T.);
#2826=ADVANCED_FACE('',(#2558,#2559),#2723,.F.);
#2827=ADVANCED_FACE('',(#2560),#2724,.T.);
#2828=ADVANCED_FACE('',(#2561),#503,.T.);
#2829=ADVANCED_FACE('',(#2562),#2725,.T.);
#2830=ADVANCED_FACE('',(#2563),#504,.T.);
#2831=ADVANCED_FACE('',(#2564),#2726,.T.);
#2832=ADVANCED_FACE('',(#2565),#505,.T.);
#2833=ADVANCED_FACE('',(#2566),#2727,.T.);
#2834=ADVANCED_FACE('',(#2567),#506,.T.);
#2835=ADVANCED_FACE('',(#2568),#2728,.T.);
#2836=ADVANCED_FACE('',(#2569),#507,.T.);
#2837=ADVANCED_FACE('',(#2570),#2729,.T.);
#2838=ADVANCED_FACE('',(#2571),#508,.T.);
#2839=ADVANCED_FACE('',(#2572),#2730,.T.);
#2840=ADVANCED_FACE('',(#2573),#509,.T.);
#2841=ADVANCED_FACE('',(#2574),#2731,.T.);
#2842=ADVANCED_FACE('',(#2575),#510,.T.);
#2843=ADVANCED_FACE('',(#2576),#2732,.T.);
#2844=ADVANCED_FACE('',(#2577),#511,.T.);
#2845=ADVANCED_FACE('',(#2578),#2733,.T.);
#2846=ADVANCED_FACE('',(#2579),#512,.T.);
#2847=ADVANCED_FACE('',(#2580),#2734,.T.);
#2848=ADVANCED_FACE('',(#2581),#513,.T.);
#2849=ADVANCED_FACE('',(#2582),#2735,.T.);
#2850=ADVANCED_FACE('',(#2583),#514,.T.);
#2851=ADVANCED_FACE('',(#2584),#515,.T.);
#2852=ADVANCED_FACE('',(#2585),#2736,.T.);
#2853=ADVANCED_FACE('',(#2586),#516,.T.);
#2854=ADVANCED_FACE('',(#2587),#2737,.T.);
#2855=ADVANCED_FACE('',(#2588),#517,.T.);
#2856=ADVANCED_FACE('',(#2589),#2738,.T.);
#2857=ADVANCED_FACE('',(#2590),#518,.T.);
#2858=ADVANCED_FACE('',(#2591),#2739,.T.);
#2859=ADVANCED_FACE('',(#2592),#2740,.F.);
#2860=ADVANCED_FACE('',(#2593),#519,.T.);
#2861=ADVANCED_FACE('',(#2594),#2741,.F.);
#2862=ADVANCED_FACE('',(#2595),#520,.T.);
#2863=ADVANCED_FACE('',(#2596),#2742,.F.);
#2864=ADVANCED_FACE('',(#2597),#521,.T.);
#2865=ADVANCED_FACE('',(#2598),#2743,.F.);
#2866=ADVANCED_FACE('',(#2599),#522,.T.);
#2867=ADVANCED_FACE('',(#2600),#2744,.T.);
#2868=ADVANCED_FACE('',(#2601),#2745,.F.);
#2869=ADVANCED_FACE('',(#2602),#523,.T.);
#2870=ADVANCED_FACE('',(#2603),#2746,.T.);
#2871=ADVANCED_FACE('',(#2604),#2747,.F.);
#2872=ADVANCED_FACE('',(#2605),#524,.T.);
#2873=ADVANCED_FACE('',(#2606),#2748,.T.);
#2874=ADVANCED_FACE('',(#2607),#2749,.F.);
#2875=ADVANCED_FACE('',(#2608),#525,.T.);
#2876=ADVANCED_FACE('',(#2609),#2750,.T.);
#2877=ADVANCED_FACE('',(#2610),#2751,.F.);
#2878=ADVANCED_FACE('',(#2611),#526,.T.);
#2879=ADVANCED_FACE('',(#2612),#2752,.F.);
#2880=ADVANCED_FACE('',(#2613),#527,.T.);
#2881=ADVANCED_FACE('',(#2614),#528,.T.);
#2882=ADVANCED_FACE('',(#2615),#2753,.F.);
#2883=ADVANCED_FACE('',(#2616),#2754,.F.);
#2884=ADVANCED_FACE('',(#2617),#529,.T.);
#2885=ADVANCED_FACE('',(#2618),#530,.T.);
#2886=ADVANCED_FACE('',(#2619),#2755,.F.);
#2887=ADVANCED_FACE('',(#2620),#2756,.F.);
#2888=ADVANCED_FACE('',(#2621),#531,.T.);
#2889=ADVANCED_FACE('',(#2622),#532,.T.);
#2890=ADVANCED_FACE('',(#2623),#2757,.F.);
#2891=ADVANCED_FACE('',(#2624),#2758,.F.);
#2892=ADVANCED_FACE('',(#2625),#533,.T.);
#2893=ADVANCED_FACE('',(#2626),#534,.T.);
#2894=ADVANCED_FACE('',(#2627),#2759,.F.);
#2895=ADVANCED_FACE('',(#2628,#2629),#535,.F.);
#2896=ADVANCED_FACE('',(#2630,#2631),#536,.F.);
#2897=ADVANCED_FACE('',(#2632,#2633),#537,.F.);
#2898=ADVANCED_FACE('',(#2634,#2635),#538,.F.);
#2899=ADVANCED_FACE('',(#2636,#2637),#539,.F.);
#2900=ADVANCED_FACE('',(#2638,#2639),#540,.F.);
#2901=ADVANCED_FACE('',(#2640,#2641),#541,.F.);
#2902=ADVANCED_FACE('',(#2642,#2643),#542,.F.);
#2903=ADVANCED_FACE('',(#2644,#2645),#543,.F.);
#2904=ADVANCED_FACE('',(#2646,#2647),#544,.F.);
#2905=ADVANCED_FACE('',(#2648,#2649),#545,.F.);
#2906=ADVANCED_FACE('',(#2650,#2651),#546,.F.);
#2907=ADVANCED_FACE('',(#2652),#2760,.T.);
#2908=ADVANCED_FACE('',(#2653),#547,.T.);
#2909=ADVANCED_FACE('',(#2654,#2655),#2761,.T.);
#2910=ADVANCED_FACE('',(#2656),#24,.F.);
#2911=ADVANCED_FACE('',(#2657,#2658),#25,.F.);
#2912=ADVANCED_FACE('',(#2659),#2762,.T.);
#2913=ADVANCED_FACE('',(#2660,#2661),#2763,.T.);
#2914=ADVANCED_FACE('',(#2662),#548,.T.);
#2915=ADVANCED_FACE('',(#2663),#26,.F.);
#2916=ADVANCED_FACE('',(#2664,#2665),#27,.F.);
#2917=ADVANCED_FACE('',(#2666,#2667),#2764,.T.);
#2918=ADVANCED_FACE('',(#2668),#549,.T.);
#2919=ADVANCED_FACE('',(#2669),#2765,.T.);
#2920=ADVANCED_FACE('',(#2670),#28,.F.);
#2921=ADVANCED_FACE('',(#2671,#2672),#29,.F.);
#2922=ADVANCED_FACE('',(#2673),#2766,.T.);
#2923=ADVANCED_FACE('',(#2674,#2675),#2767,.T.);
#2924=ADVANCED_FACE('',(#2676),#550,.T.);
#2925=ADVANCED_FACE('',(#2677),#30,.F.);
#2926=ADVANCED_FACE('',(#2678,#2679),#31,.F.);
#2927=ADVANCED_FACE('',(#2680),#551,.T.);
#2928=ADVANCED_FACE('',(#2681),#552,.T.);
#2929=ADVANCED_FACE('',(#2682),#553,.T.);
#2930=ADVANCED_FACE('',(#2683),#554,.T.);
#2931=CLOSED_SHELL('',(#2768,#2769,#2770,#2771,#2772,#2773,#2774,#2775,
#2776,#2777,#2778,#2779,#2780,#2781,#2782,#2783,#2784,#2785,#2786,#2787,
#2788,#2789,#2790,#2791,#2792,#2793,#2794,#2795,#2796,#2797,#2798,#2799,
#2800,#2801,#2802,#2803,#2804,#2805,#2806,#2807,#2808,#2809,#2810,#2811,
#2812,#2813,#2814,#2815,#2816,#2817,#2818,#2819,#2820,#2821,#2822,#2823,
#2824,#2825,#2826,#2827,#2828,#2829,#2830,#2831,#2832,#2833,#2834,#2835,
#2836,#2837,#2838,#2839,#2840,#2841,#2842,#2843,#2844,#2845,#2846,#2847,
#2848,#2849,#2850,#2851,#2852,#2853,#2854,#2855,#2856,#2857,#2858,#2859,
#2860,#2861,#2862,#2863,#2864,#2865,#2866,#2867,#2868,#2869,#2870,#2871,
#2872,#2873,#2874,#2875,#2876,#2877,#2878,#2879,#2880,#2881,#2882,#2883,
#2884,#2885,#2886,#2887,#2888,#2889,#2890,#2891,#2892,#2893,#2894,#2895,
#2896,#2897,#2898,#2899,#2900,#2901,#2902,#2903,#2904,#2905,#2906,#2907,
#2908,#2909,#2910,#2911,#2912,#2913,#2914,#2915,#2916,#2917,#2918,#2919,
#2920,#2921,#2922,#2923,#2924,#2925,#2926,#2927,#2928,#2929,#2930));
#2932=STYLED_ITEM('',(#2933),#2940);
#2933=PRESENTATION_STYLE_ASSIGNMENT((#2934));
#2934=SURFACE_STYLE_USAGE(.BOTH.,#2935);
#2935=SURFACE_SIDE_STYLE('',(#2936));
#2936=SURFACE_STYLE_FILL_AREA(#2937);
#2937=FILL_AREA_STYLE('',(#2938));
#2938=FILL_AREA_STYLE_COLOUR('',#2939);
#2939=COLOUR_RGB('',0.615686274509804,0.811764705882353,0.929411764705882);
#2940=MANIFOLD_SOLID_BREP('Part 1',#2931);
#2941=SHAPE_DEFINITION_REPRESENTATION(#5318,#2942);
#2942=SHAPE_REPRESENTATION('Part 1',(#2943),#5313);
#2943=AXIS2_PLACEMENT_3D('',#4170,#3280,#3281);
#2944=AXIS2_PLACEMENT_3D('',#4171,#3282,#3283);
#2945=AXIS2_PLACEMENT_3D('',#4172,#3284,#3285);
#2946=AXIS2_PLACEMENT_3D('',#4175,#3286,#3287);
#2947=AXIS2_PLACEMENT_3D('',#4176,#3288,#3289);
#2948=AXIS2_PLACEMENT_3D('',#4177,#3290,#3291);
#2949=AXIS2_PLACEMENT_3D('',#4180,#3292,#3293);
#2950=AXIS2_PLACEMENT_3D('',#4181,#3294,#3295);
#2951=AXIS2_PLACEMENT_3D('',#4182,#3296,#3297);
#2952=AXIS2_PLACEMENT_3D('',#4185,#3298,#3299);
#2953=AXIS2_PLACEMENT_3D('',#4186,#3300,#3301);
#2954=AXIS2_PLACEMENT_3D('',#4187,#3302,#3303);
#2955=AXIS2_PLACEMENT_3D('',#4190,#3304,#3305);
#2956=AXIS2_PLACEMENT_3D('',#4191,#3306,#3307);
#2957=AXIS2_PLACEMENT_3D('',#4195,#3309,#3310);
#2958=AXIS2_PLACEMENT_3D('',#4199,#3312,#3313);
#2959=AXIS2_PLACEMENT_3D('',#4203,#3315,#3316);
#2960=AXIS2_PLACEMENT_3D('',#4207,#3318,#3319);
#2961=AXIS2_PLACEMENT_3D('',#4211,#3321,#3322);
#2962=AXIS2_PLACEMENT_3D('',#4215,#3324,#3325);
#2963=AXIS2_PLACEMENT_3D('',#4219,#3327,#3328);
#2964=AXIS2_PLACEMENT_3D('',#4223,#3330,#3331);
#2965=AXIS2_PLACEMENT_3D('',#4224,#3332,#3333);
#2966=AXIS2_PLACEMENT_3D('',#4402,#3334,#3335);
#2967=AXIS2_PLACEMENT_3D('',#4404,#3336,#3337);
#2968=AXIS2_PLACEMENT_3D('',#4421,#3346,#3347);
#2969=AXIS2_PLACEMENT_3D('',#4438,#3356,#3357);
#2970=AXIS2_PLACEMENT_3D('',#4455,#3366,#3367);
#2971=AXIS2_PLACEMENT_3D('',#4472,#3376,#3377);
#2972=AXIS2_PLACEMENT_3D('',#4489,#3386,#3387);
#2973=AXIS2_PLACEMENT_3D('',#4506,#3396,#3397);
#2974=AXIS2_PLACEMENT_3D('',#4523,#3406,#3407);
#2975=AXIS2_PLACEMENT_3D('',#4540,#3416,#3417);
#2976=AXIS2_PLACEMENT_3D('',#4562,#3429,#3430);
#2977=AXIS2_PLACEMENT_3D('',#4584,#3442,#3443);
#2978=AXIS2_PLACEMENT_3D('',#4606,#3455,#3456);
#2979=AXIS2_PLACEMENT_3D('',#4628,#3468,#3469);
#2980=AXIS2_PLACEMENT_3D('',#4650,#3481,#3482);
#2981=AXIS2_PLACEMENT_3D('',#4672,#3494,#3495);
#2982=AXIS2_PLACEMENT_3D('',#4694,#3507,#3508);
#2983=AXIS2_PLACEMENT_3D('',#4716,#3520,#3521);
#2984=AXIS2_PLACEMENT_3D('',#4729,#3528,#3529);
#2985=AXIS2_PLACEMENT_3D('',#4732,#3532,#3533);
#2986=AXIS2_PLACEMENT_3D('',#4735,#3536,#3537);
#2987=AXIS2_PLACEMENT_3D('',#4748,#3544,#3545);
#2988=AXIS2_PLACEMENT_3D('',#4751,#3548,#3549);
#2989=AXIS2_PLACEMENT_3D('',#4754,#3552,#3553);
#2990=AXIS2_PLACEMENT_3D('',#4767,#3560,#3561);
#2991=AXIS2_PLACEMENT_3D('',#4770,#3564,#3565);
#2992=AXIS2_PLACEMENT_3D('',#4773,#3568,#3569);
#2993=AXIS2_PLACEMENT_3D('',#4786,#3576,#3577);
#2994=AXIS2_PLACEMENT_3D('',#4789,#3580,#3581);
#2995=AXIS2_PLACEMENT_3D('',#4792,#3584,#3585);
#2996=AXIS2_PLACEMENT_3D('',#4793,#3586,#3587);
#2997=AXIS2_PLACEMENT_3D('',#4798,#3589,#3590);
#2998=AXIS2_PLACEMENT_3D('',#4802,#3592,#3593);
#2999=AXIS2_PLACEMENT_3D('',#4806,#3595,#3596);
#3000=AXIS2_PLACEMENT_3D('',#4810,#3598,#3599);
#3001=AXIS2_PLACEMENT_3D('',#4814,#3601,#3602);
#3002=AXIS2_PLACEMENT_3D('',#4818,#3604,#3605);
#3003=AXIS2_PLACEMENT_3D('',#4822,#3607,#3608);
#3004=AXIS2_PLACEMENT_3D('',#4826,#3610,#3611);
#3005=AXIS2_PLACEMENT_3D('',#4827,#3612,#3613);
#3006=AXIS2_PLACEMENT_3D('',#4828,#3614,#3615);
#3007=AXIS2_PLACEMENT_3D('',#4830,#3616,#3617);
#3008=AXIS2_PLACEMENT_3D('',#4832,#3618,#3619);
#3009=AXIS2_PLACEMENT_3D('',#4833,#3620,#3621);
#3010=AXIS2_PLACEMENT_3D('',#4835,#3622,#3623);
#3011=AXIS2_PLACEMENT_3D('',#4837,#3624,#3625);
#3012=AXIS2_PLACEMENT_3D('',#4839,#3626,#3627);
#3013=AXIS2_PLACEMENT_3D('',#4841,#3628,#3629);
#3014=AXIS2_PLACEMENT_3D('',#4842,#3630,#3631);
#3015=AXIS2_PLACEMENT_3D('',#4843,#3632,#3633);
#3016=AXIS2_PLACEMENT_3D('',#4844,#3634,#3635);
#3017=AXIS2_PLACEMENT_3D('',#4845,#3636,#3637);
#3018=AXIS2_PLACEMENT_3D('',#4846,#3638,#3639);
#3019=AXIS2_PLACEMENT_3D('',#4847,#3640,#3641);
#3020=AXIS2_PLACEMENT_3D('',#4848,#3642,#3643);
#3021=AXIS2_PLACEMENT_3D('',#4849,#3644,#3645);
#3022=AXIS2_PLACEMENT_3D('',#4850,#3646,#3647);
#3023=AXIS2_PLACEMENT_3D('',#4851,#3648,#3649);
#3024=AXIS2_PLACEMENT_3D('',#4852,#3650,#3651);
#3025=AXIS2_PLACEMENT_3D('',#4853,#3652,#3653);
#3026=AXIS2_PLACEMENT_3D('',#4854,#3654,#3655);
#3027=AXIS2_PLACEMENT_3D('',#4855,#3656,#3657);
#3028=AXIS2_PLACEMENT_3D('',#4856,#3658,#3659);
#3029=AXIS2_PLACEMENT_3D('',#4857,#3660,#3661);
#3030=AXIS2_PLACEMENT_3D('',#4859,#3662,#3663);
#3031=AXIS2_PLACEMENT_3D('',#4879,#3664,#3665);
#3032=AXIS2_PLACEMENT_3D('',#4900,#3666,#3667);
#3033=AXIS2_PLACEMENT_3D('',#4901,#3668,#3669);
#3034=AXIS2_PLACEMENT_3D('',#4902,#3670,#3671);
#3035=AXIS2_PLACEMENT_3D('',#4922,#3672,#3673);
#3036=AXIS2_PLACEMENT_3D('',#4943,#3674,#3675);
#3037=AXIS2_PLACEMENT_3D('',#4944,#3676,#3677);
#3038=AXIS2_PLACEMENT_3D('',#4945,#3678,#3679);
#3039=AXIS2_PLACEMENT_3D('',#4965,#3680,#3681);
#3040=AXIS2_PLACEMENT_3D('',#4986,#3682,#3683);
#3041=AXIS2_PLACEMENT_3D('',#4987,#3684,#3685);
#3042=AXIS2_PLACEMENT_3D('',#4988,#3686,#3687);
#3043=AXIS2_PLACEMENT_3D('',#5008,#3688,#3689);
#3044=AXIS2_PLACEMENT_3D('',#5029,#3690,#3691);
#3045=AXIS2_PLACEMENT_3D('',#5030,#3692,#3693);
#3046=AXIS2_PLACEMENT_3D('',#5031,#3694,#3695);
#3047=AXIS2_PLACEMENT_3D('',#5032,#3696,#3697);
#3048=AXIS2_PLACEMENT_3D('',#5034,#3698,#3699);
#3049=AXIS2_PLACEMENT_3D('',#5036,#3700,#3701);
#3050=AXIS2_PLACEMENT_3D('',#5037,#3702,#3703);
#3051=AXIS2_PLACEMENT_3D('',#5039,#3704,#3705);
#3052=AXIS2_PLACEMENT_3D('',#5040,#3706,#3707);
#3053=AXIS2_PLACEMENT_3D('',#5042,#3708,#3709);
#3054=AXIS2_PLACEMENT_3D('',#5043,#3710,#3711);
#3055=AXIS2_PLACEMENT_3D('',#5045,#3712,#3713);
#3056=AXIS2_PLACEMENT_3D('',#5046,#3714,#3715);
#3057=AXIS2_PLACEMENT_3D('',#5048,#3716,#3717);
#3058=AXIS2_PLACEMENT_3D('',#5049,#3718,#3719);
#3059=AXIS2_PLACEMENT_3D('',#5051,#3720,#3721);
#3060=AXIS2_PLACEMENT_3D('',#5053,#3722,#3723);
#3061=AXIS2_PLACEMENT_3D('',#5055,#3724,#3725);
#3062=AXIS2_PLACEMENT_3D('',#5057,#3726,#3727);
#3063=AXIS2_PLACEMENT_3D('',#5059,#3728,#3729);
#3064=AXIS2_PLACEMENT_3D('',#5060,#3730,#3731);
#3065=AXIS2_PLACEMENT_3D('',#5062,#3732,#3733);
#3066=AXIS2_PLACEMENT_3D('',#5063,#3734,#3735);
#3067=AXIS2_PLACEMENT_3D('',#5064,#3736,#3737);
#3068=AXIS2_PLACEMENT_3D('',#5066,#3738,#3739);
#3069=AXIS2_PLACEMENT_3D('',#5068,#3740,#3741);
#3070=AXIS2_PLACEMENT_3D('',#5069,#3742,#3743);
#3071=AXIS2_PLACEMENT_3D('',#5071,#3744,#3745);
#3072=AXIS2_PLACEMENT_3D('',#5073,#3746,#3747);
#3073=AXIS2_PLACEMENT_3D('',#5074,#3748,#3749);
#3074=AXIS2_PLACEMENT_3D('',#5076,#3750,#3751);
#3075=AXIS2_PLACEMENT_3D('',#5078,#3752,#3753);
#3076=AXIS2_PLACEMENT_3D('',#5079,#3754,#3755);
#3077=AXIS2_PLACEMENT_3D('',#5081,#3756,#3757);
#3078=AXIS2_PLACEMENT_3D('',#5083,#3758,#3759);
#3079=AXIS2_PLACEMENT_3D('',#5084,#3760,#3761);
#3080=AXIS2_PLACEMENT_3D('',#5085,#3762,#3763);
#3081=AXIS2_PLACEMENT_3D('',#5087,#3764,#3765);
#3082=AXIS2_PLACEMENT_3D('',#5089,#3766,#3767);
#3083=AXIS2_PLACEMENT_3D('',#5091,#3768,#3769);
#3084=AXIS2_PLACEMENT_3D('',#5093,#3770,#3771);
#3085=AXIS2_PLACEMENT_3D('',#5094,#3772,#3773);
#3086=AXIS2_PLACEMENT_3D('',#5095,#3774,#3775);
#3087=AXIS2_PLACEMENT_3D('',#5096,#3776,#3777);
#3088=AXIS2_PLACEMENT_3D('',#5097,#3778,#3779);
#3089=AXIS2_PLACEMENT_3D('',#5098,#3780,#3781);
#3090=AXIS2_PLACEMENT_3D('',#5099,#3782,#3783);
#3091=AXIS2_PLACEMENT_3D('',#5100,#3784,#3785);
#3092=AXIS2_PLACEMENT_3D('',#5101,#3786,#3787);
#3093=AXIS2_PLACEMENT_3D('',#5102,#3788,#3789);
#3094=AXIS2_PLACEMENT_3D('',#5103,#3790,#3791);
#3095=AXIS2_PLACEMENT_3D('',#5104,#3792,#3793);
#3096=AXIS2_PLACEMENT_3D('',#5105,#3794,#3795);
#3097=AXIS2_PLACEMENT_3D('',#5106,#3796,#3797);
#3098=AXIS2_PLACEMENT_3D('',#5108,#3798,#3799);
#3099=AXIS2_PLACEMENT_3D('',#5109,#3800,#3801);
#3100=AXIS2_PLACEMENT_3D('',#5110,#3802,#3803);
#3101=AXIS2_PLACEMENT_3D('',#5112,#3804,#3805);
#3102=AXIS2_PLACEMENT_3D('',#5113,#3806,#3807);
#3103=AXIS2_PLACEMENT_3D('',#5115,#3808,#3809);
#3104=AXIS2_PLACEMENT_3D('',#5116,#3810,#3811);
#3105=AXIS2_PLACEMENT_3D('',#5118,#3812,#3813);
#3106=AXIS2_PLACEMENT_3D('',#5120,#3814,#3815);
#3107=AXIS2_PLACEMENT_3D('',#5122,#3816,#3817);
#3108=AXIS2_PLACEMENT_3D('',#5124,#3818,#3819);
#3109=AXIS2_PLACEMENT_3D('',#5126,#3820,#3821);
#3110=AXIS2_PLACEMENT_3D('',#5127,#3822,#3823);
#3111=AXIS2_PLACEMENT_3D('',#5129,#3824,#3825);
#3112=AXIS2_PLACEMENT_3D('',#5130,#3826,#3827);
#3113=AXIS2_PLACEMENT_3D('',#5132,#3828,#3829);
#3114=AXIS2_PLACEMENT_3D('',#5133,#3830,#3831);
#3115=AXIS2_PLACEMENT_3D('',#5135,#3832,#3833);
#3116=AXIS2_PLACEMENT_3D('',#5136,#3834,#3835);
#3117=AXIS2_PLACEMENT_3D('',#5137,#3836,#3837);
#3118=AXIS2_PLACEMENT_3D('',#5138,#3838,#3839);
#3119=AXIS2_PLACEMENT_3D('',#5139,#3840,#3841);
#3120=AXIS2_PLACEMENT_3D('',#5140,#3842,#3843);
#3121=AXIS2_PLACEMENT_3D('',#5141,#3844,#3845);
#3122=AXIS2_PLACEMENT_3D('',#5142,#3846,#3847);
#3123=AXIS2_PLACEMENT_3D('',#5143,#3848,#3849);
#3124=AXIS2_PLACEMENT_3D('',#5144,#3850,#3851);
#3125=AXIS2_PLACEMENT_3D('',#5145,#3852,#3853);
#3126=AXIS2_PLACEMENT_3D('',#5146,#3854,#3855);
#3127=AXIS2_PLACEMENT_3D('',#5147,#3856,#3857);
#3128=AXIS2_PLACEMENT_3D('',#5148,#3858,#3859);
#3129=AXIS2_PLACEMENT_3D('',#5149,#3860,#3861);
#3130=AXIS2_PLACEMENT_3D('',#5150,#3862,#3863);
#3131=AXIS2_PLACEMENT_3D('',#5151,#3864,#3865);
#3132=AXIS2_PLACEMENT_3D('',#5152,#3866,#3867);
#3133=AXIS2_PLACEMENT_3D('',#5153,#3868,#3869);
#3134=AXIS2_PLACEMENT_3D('',#5154,#3870,#3871);
#3135=AXIS2_PLACEMENT_3D('',#5155,#3872,#3873);
#3136=AXIS2_PLACEMENT_3D('',#5156,#3874,#3875);
#3137=AXIS2_PLACEMENT_3D('',#5157,#3876,#3877);
#3138=AXIS2_PLACEMENT_3D('',#5158,#3878,#3879);
#3139=AXIS2_PLACEMENT_3D('',#5159,#3880,#3881);
#3140=AXIS2_PLACEMENT_3D('',#5160,#3882,#3883);
#3141=AXIS2_PLACEMENT_3D('',#5161,#3884,#3885);
#3142=AXIS2_PLACEMENT_3D('',#5162,#3886,#3887);
#3143=AXIS2_PLACEMENT_3D('',#5163,#3888,#3889);
#3144=AXIS2_PLACEMENT_3D('',#5164,#3890,#3891);
#3145=AXIS2_PLACEMENT_3D('',#5165,#3892,#3893);
#3146=AXIS2_PLACEMENT_3D('',#5166,#3894,#3895);
#3147=AXIS2_PLACEMENT_3D('',#5167,#3896,#3897);
#3148=AXIS2_PLACEMENT_3D('',#5168,#3898,#3899);
#3149=AXIS2_PLACEMENT_3D('',#5169,#3900,#3901);
#3150=AXIS2_PLACEMENT_3D('',#5170,#3902,#3903);
#3151=AXIS2_PLACEMENT_3D('',#5171,#3904,#3905);
#3152=AXIS2_PLACEMENT_3D('',#5172,#3906,#3907);
#3153=AXIS2_PLACEMENT_3D('',#5173,#3908,#3909);
#3154=AXIS2_PLACEMENT_3D('',#5174,#3910,#3911);
#3155=AXIS2_PLACEMENT_3D('',#5175,#3912,#3913);
#3156=AXIS2_PLACEMENT_3D('',#5176,#3914,#3915);
#3157=AXIS2_PLACEMENT_3D('',#5179,#3918,#3919);
#3158=AXIS2_PLACEMENT_3D('',#5180,#3920,#3921);
#3159=AXIS2_PLACEMENT_3D('',#5181,#3922,#3923);
#3160=AXIS2_PLACEMENT_3D('',#5184,#3926,#3927);
#3161=AXIS2_PLACEMENT_3D('',#5185,#3928,#3929);
#3162=AXIS2_PLACEMENT_3D('',#5186,#3930,#3931);
#3163=AXIS2_PLACEMENT_3D('',#5188,#3933,#3934);
#3164=AXIS2_PLACEMENT_3D('',#5190,#3936,#3937);
#3165=AXIS2_PLACEMENT_3D('',#5191,#3938,#3939);
#3166=AXIS2_PLACEMENT_3D('',#5194,#3942,#3943);
#3167=AXIS2_PLACEMENT_3D('',#5195,#3944,#3945);
#3168=AXIS2_PLACEMENT_3D('',#5196,#3946,#3947);
#3169=AXIS2_PLACEMENT_3D('',#5197,#3948,#3949);
#3170=AXIS2_PLACEMENT_3D('',#5198,#3950,#3951);
#3171=AXIS2_PLACEMENT_3D('',#5199,#3952,#3953);
#3172=AXIS2_PLACEMENT_3D('',#5200,#3954,#3955);
#3173=AXIS2_PLACEMENT_3D('',#5201,#3956,#3957);
#3174=AXIS2_PLACEMENT_3D('',#5202,#3958,#3959);
#3175=AXIS2_PLACEMENT_3D('',#5203,#3960,#3961);
#3176=AXIS2_PLACEMENT_3D('',#5204,#3962,#3963);
#3177=AXIS2_PLACEMENT_3D('',#5205,#3964,#3965);
#3178=AXIS2_PLACEMENT_3D('',#5206,#3966,#3967);
#3179=AXIS2_PLACEMENT_3D('',#5207,#3968,#3969);
#3180=AXIS2_PLACEMENT_3D('',#5208,#3970,#3971);
#3181=AXIS2_PLACEMENT_3D('',#5209,#3972,#3973);
#3182=AXIS2_PLACEMENT_3D('',#5210,#3974,#3975);
#3183=AXIS2_PLACEMENT_3D('',#5211,#3976,#3977);
#3184=AXIS2_PLACEMENT_3D('',#5212,#3978,#3979);
#3185=AXIS2_PLACEMENT_3D('',#5213,#3980,#3981);
#3186=AXIS2_PLACEMENT_3D('',#5214,#3982,#3983);
#3187=AXIS2_PLACEMENT_3D('',#5215,#3984,#3985);
#3188=AXIS2_PLACEMENT_3D('',#5216,#3986,#3987);
#3189=AXIS2_PLACEMENT_3D('',#5217,#3988,#3989);
#3190=AXIS2_PLACEMENT_3D('',#5218,#3990,#3991);
#3191=AXIS2_PLACEMENT_3D('',#5219,#3992,#3993);
#3192=AXIS2_PLACEMENT_3D('',#5220,#3994,#3995);
#3193=AXIS2_PLACEMENT_3D('',#5221,#3996,#3997);
#3194=AXIS2_PLACEMENT_3D('',#5222,#3998,#3999);
#3195=AXIS2_PLACEMENT_3D('',#5223,#4000,#4001);
#3196=AXIS2_PLACEMENT_3D('',#5224,#4002,#4003);
#3197=AXIS2_PLACEMENT_3D('',#5225,#4004,#4005);
#3198=AXIS2_PLACEMENT_3D('',#5226,#4006,#4007);
#3199=AXIS2_PLACEMENT_3D('',#5227,#4008,#4009);
#3200=AXIS2_PLACEMENT_3D('',#5228,#4010,#4011);
#3201=AXIS2_PLACEMENT_3D('',#5229,#4012,#4013);
#3202=AXIS2_PLACEMENT_3D('',#5230,#4014,#4015);
#3203=AXIS2_PLACEMENT_3D('',#5231,#4016,#4017);
#3204=AXIS2_PLACEMENT_3D('',#5232,#4018,#4019);
#3205=AXIS2_PLACEMENT_3D('',#5233,#4020,#4021);
#3206=AXIS2_PLACEMENT_3D('',#5234,#4022,#4023);
#3207=AXIS2_PLACEMENT_3D('',#5235,#4024,#4025);
#3208=AXIS2_PLACEMENT_3D('',#5236,#4026,#4027);
#3209=AXIS2_PLACEMENT_3D('',#5237,#4028,#4029);
#3210=AXIS2_PLACEMENT_3D('',#5238,#4030,#4031);
#3211=AXIS2_PLACEMENT_3D('',#5239,#4032,#4033);
#3212=AXIS2_PLACEMENT_3D('',#5240,#4034,#4035);
#3213=AXIS2_PLACEMENT_3D('',#5241,#4036,#4037);
#3214=AXIS2_PLACEMENT_3D('',#5242,#4038,#4039);
#3215=AXIS2_PLACEMENT_3D('',#5243,#4040,#4041);
#3216=AXIS2_PLACEMENT_3D('',#5244,#4042,#4043);
#3217=AXIS2_PLACEMENT_3D('',#5245,#4044,#4045);
#3218=AXIS2_PLACEMENT_3D('',#5246,#4046,#4047);
#3219=AXIS2_PLACEMENT_3D('',#5247,#4048,#4049);
#3220=AXIS2_PLACEMENT_3D('',#5248,#4050,#4051);
#3221=AXIS2_PLACEMENT_3D('',#5249,#4052,#4053);
#3222=AXIS2_PLACEMENT_3D('',#5250,#4054,#4055);
#3223=AXIS2_PLACEMENT_3D('',#5251,#4056,#4057);
#3224=AXIS2_PLACEMENT_3D('',#5252,#4058,#4059);
#3225=AXIS2_PLACEMENT_3D('',#5253,#4060,#4061);
#3226=AXIS2_PLACEMENT_3D('',#5254,#4062,#4063);
#3227=AXIS2_PLACEMENT_3D('',#5255,#4064,#4065);
#3228=AXIS2_PLACEMENT_3D('',#5256,#4066,#4067);
#3229=AXIS2_PLACEMENT_3D('',#5257,#4068,#4069);
#3230=AXIS2_PLACEMENT_3D('',#5258,#4070,#4071);
#3231=AXIS2_PLACEMENT_3D('',#5259,#4072,#4073);
#3232=AXIS2_PLACEMENT_3D('',#5260,#4074,#4075);
#3233=AXIS2_PLACEMENT_3D('',#5261,#4076,#4077);
#3234=AXIS2_PLACEMENT_3D('',#5262,#4078,#4079);
#3235=AXIS2_PLACEMENT_3D('',#5263,#4080,#4081);
#3236=AXIS2_PLACEMENT_3D('',#5264,#4082,#4083);
#3237=AXIS2_PLACEMENT_3D('',#5265,#4084,#4085);
#3238=AXIS2_PLACEMENT_3D('',#5266,#4086,#4087);
#3239=AXIS2_PLACEMENT_3D('',#5267,#4088,#4089);
#3240=AXIS2_PLACEMENT_3D('',#5268,#4090,#4091);
#3241=AXIS2_PLACEMENT_3D('',#5269,#4092,#4093);
#3242=AXIS2_PLACEMENT_3D('',#5270,#4094,#4095);
#3243=AXIS2_PLACEMENT_3D('',#5271,#4096,#4097);
#3244=AXIS2_PLACEMENT_3D('',#5272,#4098,#4099);
#3245=AXIS2_PLACEMENT_3D('',#5273,#4100,#4101);
#3246=AXIS2_PLACEMENT_3D('',#5275,#4102,#4103);
#3247=AXIS2_PLACEMENT_3D('',#5276,#4104,#4105);
#3248=AXIS2_PLACEMENT_3D('',#5277,#4106,#4107);
#3249=AXIS2_PLACEMENT_3D('',#5278,#4108,#4109);
#3250=AXIS2_PLACEMENT_3D('',#5279,#4110,#4111);
#3251=AXIS2_PLACEMENT_3D('',#5280,#4112,#4113);
#3252=AXIS2_PLACEMENT_3D('',#5281,#4114,#4115);
#3253=AXIS2_PLACEMENT_3D('',#5283,#4116,#4117);
#3254=AXIS2_PLACEMENT_3D('',#5284,#4118,#4119);
#3255=AXIS2_PLACEMENT_3D('',#5285,#4120,#4121);
#3256=AXIS2_PLACEMENT_3D('',#5286,#4122,#4123);
#3257=AXIS2_PLACEMENT_3D('',#5287,#4124,#4125);
#3258=AXIS2_PLACEMENT_3D('',#5288,#4126,#4127);
#3259=AXIS2_PLACEMENT_3D('',#5289,#4128,#4129);
#3260=AXIS2_PLACEMENT_3D('',#5291,#4130,#4131);
#3261=AXIS2_PLACEMENT_3D('',#5292,#4132,#4133);
#3262=AXIS2_PLACEMENT_3D('',#5293,#4134,#4135);
#3263=AXIS2_PLACEMENT_3D('',#5294,#4136,#4137);
#3264=AXIS2_PLACEMENT_3D('',#5295,#4138,#4139);
#3265=AXIS2_PLACEMENT_3D('',#5296,#4140,#4141);
#3266=AXIS2_PLACEMENT_3D('',#5297,#4142,#4143);
#3267=AXIS2_PLACEMENT_3D('',#5298,#4144,#4145);
#3268=AXIS2_PLACEMENT_3D('',#5299,#4146,#4147);
#3269=AXIS2_PLACEMENT_3D('',#5300,#4148,#4149);
#3270=AXIS2_PLACEMENT_3D('',#5301,#4150,#4151);
#3271=AXIS2_PLACEMENT_3D('',#5303,#4152,#4153);
#3272=AXIS2_PLACEMENT_3D('',#5304,#4154,#4155);
#3273=AXIS2_PLACEMENT_3D('',#5305,#4156,#4157);
#3274=AXIS2_PLACEMENT_3D('',#5306,#4158,#4159);
#3275=AXIS2_PLACEMENT_3D('',#5307,#4160,#4161);
#3276=AXIS2_PLACEMENT_3D('',#5308,#4162,#4163);
#3277=AXIS2_PLACEMENT_3D('',#5309,#4164,#4165);
#3278=AXIS2_PLACEMENT_3D('',#5310,#4166,#4167);
#3279=AXIS2_PLACEMENT_3D('',#5311,#4168,#4169);
#3280=DIRECTION('',(0.,0.,1.));
#3281=DIRECTION('',(1.,0.,0.));
#3282=DIRECTION('',(0.,0.,1.));
#3283=DIRECTION('',(1.,0.,0.));
#3284=DIRECTION('',(0.,0.,1.));
#3285=DIRECTION('',(1.,0.,0.));
#3286=DIRECTION('',(0.,0.,-1.));
#3287=DIRECTION('',(-1.,0.,0.));
#3288=DIRECTION('',(0.,0.,1.));
#3289=DIRECTION('',(1.,0.,0.));
#3290=DIRECTION('',(0.,0.,1.));
#3291=DIRECTION('',(1.,0.,0.));
#3292=DIRECTION('',(0.,0.,-1.));
#3293=DIRECTION('',(-1.,0.,0.));
#3294=DIRECTION('',(0.,0.,1.));
#3295=DIRECTION('',(1.,0.,0.));
#3296=DIRECTION('',(0.,0.,1.));
#3297=DIRECTION('',(1.,0.,0.));
#3298=DIRECTION('',(0.,0.,-1.));
#3299=DIRECTION('',(-1.,0.,0.));
#3300=DIRECTION('',(0.,0.,1.));
#3301=DIRECTION('',(1.,0.,0.));
#3302=DIRECTION('',(0.,0.,1.));
#3303=DIRECTION('',(1.,0.,0.));
#3304=DIRECTION('',(0.,0.,-1.));
#3305=DIRECTION('',(-1.,0.,0.));
#3306=DIRECTION('',(0.,0.,-1.));
#3307=DIRECTION('',(-1.,0.,0.));
#3308=DIRECTION('',(0.,0.,-1.));
#3309=DIRECTION('',(0.,0.,1.));
#3310=DIRECTION('',(1.,0.,0.));
#3311=DIRECTION('',(0.,0.,-1.));
#3312=DIRECTION('',(0.,0.,1.));
#3313=DIRECTION('',(1.,0.,0.));
#3314=DIRECTION('',(0.,0.,-1.));
#3315=DIRECTION('',(0.,0.,1.));
#3316=DIRECTION('',(1.,0.,0.));
#3317=DIRECTION('',(0.,0.,-1.));
#3318=DIRECTION('',(0.,0.,1.));
#3319=DIRECTION('',(1.,0.,0.));
#3320=DIRECTION('',(0.,0.,-1.));
#3321=DIRECTION('',(0.,0.,1.));
#3322=DIRECTION('',(1.,0.,0.));
#3323=DIRECTION('',(0.,0.,-1.));
#3324=DIRECTION('',(0.,0.,1.));
#3325=DIRECTION('',(1.,0.,0.));
#3326=DIRECTION('',(0.,0.,-1.));
#3327=DIRECTION('',(0.,0.,1.));
#3328=DIRECTION('',(1.,0.,0.));
#3329=DIRECTION('',(0.,0.,-1.));
#3330=DIRECTION('',(0.,0.,1.));
#3331=DIRECTION('',(1.,0.,0.));
#3332=DIRECTION('',(0.,0.,-1.));
#3333=DIRECTION('',(-1.,0.,0.));
#3334=DIRECTION('',(0.,0.,-1.));
#3335=DIRECTION('',(-1.,0.,0.));
#3336=DIRECTION('',(-0.707106781186548,-0.707106781186548,0.));
#3337=DIRECTION('',(0.707106781186548,-0.707106781186548,0.));
#3338=DIRECTION('',(0.,0.,-1.));
#3339=DIRECTION('',(-0.707106781186548,0.707106781186548,0.));
#3340=DIRECTION('',(0.,0.,-1.));
#3341=DIRECTION('',(-0.707106781186548,0.707106781186548,0.));
#3342=DIRECTION('',(0.,0.,-1.));
#3343=DIRECTION('',(-0.707106781186548,0.707106781186548,0.));
#3344=DIRECTION('',(0.,0.,-1.));
#3345=DIRECTION('',(-0.707106781186548,0.707106781186548,0.));
#3346=DIRECTION('',(-0.707106781186548,-0.707106781186548,0.));
#3347=DIRECTION('',(0.707106781186548,-0.707106781186548,0.));
#3348=DIRECTION('',(0.,0.,-1.));
#3349=DIRECTION('',(-0.707106781186548,0.707106781186548,0.));
#3350=DIRECTION('',(0.,0.,1.));
#3351=DIRECTION('',(-0.707106781186548,0.707106781186548,0.));
#3352=DIRECTION('',(0.,0.,-1.));
#3353=DIRECTION('',(-0.707106781186548,0.707106781186548,0.));
#3354=DIRECTION('',(0.,0.,-1.));
#3355=DIRECTION('',(-0.707106781186548,0.707106781186548,0.));
#3356=DIRECTION('',(0.707106781186548,-0.707106781186548,0.));
#3357=DIRECTION('',(0.707106781186548,0.707106781186548,0.));
#3358=DIRECTION('',(0.,0.,-1.));
#3359=DIRECTION('',(-0.707106781186548,-0.707106781186548,0.));
#3360=DIRECTION('',(0.,0.,-1.));
#3361=DIRECTION('',(-0.707106781186548,-0.707106781186548,0.));
#3362=DIRECTION('',(0.,0.,-1.));
#3363=DIRECTION('',(-0.707106781186548,-0.707106781186548,0.));
#3364=DIRECTION('',(0.,0.,-1.));
#3365=DIRECTION('',(-0.707106781186548,-0.707106781186548,0.));
#3366=DIRECTION('',(0.707106781186548,-0.707106781186548,0.));
#3367=DIRECTION('',(0.707106781186548,0.707106781186548,0.));
#3368=DIRECTION('',(0.,0.,-1.));
#3369=DIRECTION('',(-0.707106781186548,-0.707106781186548,0.));
#3370=DIRECTION('',(0.,0.,1.));
#3371=DIRECTION('',(-0.707106781186548,-0.707106781186548,0.));
#3372=DIRECTION('',(0.,0.,-1.));
#3373=DIRECTION('',(-0.707106781186548,-0.707106781186548,0.));
#3374=DIRECTION('',(0.,0.,-1.));
#3375=DIRECTION('',(-0.707106781186548,-0.707106781186548,0.));
#3376=DIRECTION('',(0.707106781186548,0.707106781186548,0.));
#3377=DIRECTION('',(-0.707106781186548,0.707106781186548,0.));
#3378=DIRECTION('',(0.,0.,-1.));
#3379=DIRECTION('',(0.707106781186548,-0.707106781186548,0.));
#3380=DIRECTION('',(0.,0.,-1.));
#3381=DIRECTION('',(0.707106781186548,-0.707106781186548,0.));
#3382=DIRECTION('',(0.,0.,-1.));
#3383=DIRECTION('',(0.707106781186548,-0.707106781186548,0.));
#3384=DIRECTION('',(0.,0.,-1.));
#3385=DIRECTION('',(0.707106781186548,-0.707106781186548,0.));
#3386=DIRECTION('',(0.707106781186548,0.707106781186548,0.));
#3387=DIRECTION('',(-0.707106781186548,0.707106781186548,0.));
#3388=DIRECTION('',(0.,0.,-1.));
#3389=DIRECTION('',(0.707106781186548,-0.707106781186548,0.));
#3390=DIRECTION('',(0.,0.,1.));
#3391=DIRECTION('',(0.707106781186548,-0.707106781186548,0.));
#3392=DIRECTION('',(0.,0.,-1.));
#3393=DIRECTION('',(0.707106781186548,-0.707106781186548,0.));
#3394=DIRECTION('',(0.,0.,-1.));
#3395=DIRECTION('',(0.707106781186548,-0.707106781186548,0.));
#3396=DIRECTION('',(-0.707106781186548,0.707106781186548,0.));
#3397=DIRECTION('',(-0.707106781186548,-0.707106781186548,0.));
#3398=DIRECTION('',(0.,0.,-1.));
#3399=DIRECTION('',(0.707106781186548,0.707106781186548,0.));
#3400=DIRECTION('',(0.,0.,-1.));
#3401=DIRECTION('',(0.707106781186548,0.707106781186548,0.));
#3402=DIRECTION('',(0.,0.,-1.));
#3403=DIRECTION('',(0.707106781186548,0.707106781186548,0.));
#3404=DIRECTION('',(0.,0.,-1.));
#3405=DIRECTION('',(0.707106781186548,0.707106781186548,0.));
#3406=DIRECTION('',(-0.707106781186548,0.707106781186548,0.));
#3407=DIRECTION('',(-0.707106781186548,-0.707106781186548,0.));
#3408=DIRECTION('',(0.,0.,-1.));
#3409=DIRECTION('',(0.707106781186548,0.707106781186548,0.));
#3410=DIRECTION('',(0.,0.,1.));
#3411=DIRECTION('',(0.707106781186548,0.707106781186548,0.));
#3412=DIRECTION('',(0.,0.,-1.));
#3413=DIRECTION('',(0.707106781186548,0.707106781186548,0.));
#3414=DIRECTION('',(0.,0.,-1.));
#3415=DIRECTION('',(0.707106781186548,0.707106781186548,0.));
#3416=DIRECTION('',(-0.707106781186548,0.707106781186548,0.));
#3417=DIRECTION('',(-0.707106781186548,-0.707106781186548,0.));
#3418=DIRECTION('',(0.,0.,-1.));
#3419=DIRECTION('',(0.707106781186548,0.707106781186548,0.));
#3420=DIRECTION('',(0.,0.,-1.));
#3421=DIRECTION('',(0.707106781186548,0.707106781186548,0.));
#3422=DIRECTION('',(0.,0.,-1.));
#3423=DIRECTION('',(0.707106781186548,0.707106781186548,0.));
#3424=DIRECTION('',(0.,0.,-1.));
#3425=DIRECTION('',(0.707106781186548,0.707106781186548,0.));
#3426=DIRECTION('',(0.,0.,-1.));
#3427=DIRECTION('',(0.707106781186548,0.707106781186548,0.));
#3428=DIRECTION('',(0.707106781186548,0.707106781186548,0.));
#3429=DIRECTION('',(0.707106781186548,-0.707106781186548,0.));
#3430=DIRECTION('',(0.707106781186548,0.707106781186548,0.));
#3431=DIRECTION('',(0.,0.,-1.));
#3432=DIRECTION('',(-0.707106781186548,-0.707106781186548,0.));
#3433=DIRECTION('',(0.,0.,-1.));
#3434=DIRECTION('',(-0.707106781186548,-0.707106781186548,0.));
#3435=DIRECTION('',(-0.707106781186548,-0.707106781186548,0.));
#3436=DIRECTION('',(0.,0.,-1.));
#3437=DIRECTION('',(-0.707106781186548,-0.707106781186548,0.));
#3438=DIRECTION('',(0.,0.,-1.));
#3439=DIRECTION('',(-0.707106781186548,-0.707106781186548,0.));
#3440=DIRECTION('',(0.,0.,-1.));
#3441=DIRECTION('',(-0.707106781186548,-0.707106781186548,0.));
#3442=DIRECTION('',(-0.707106781186548,-0.707106781186548,0.));
#3443=DIRECTION('',(0.707106781186548,-0.707106781186548,0.));
#3444=DIRECTION('',(0.,0.,-1.));
#3445=DIRECTION('',(-0.707106781186548,0.707106781186548,0.));
#3446=DIRECTION('',(0.,0.,-1.));
#3447=DIRECTION('',(-0.707106781186548,0.707106781186548,0.));
#3448=DIRECTION('',(0.,0.,-1.));
#3449=DIRECTION('',(-0.707106781186548,0.707106781186548,0.));
#3450=DIRECTION('',(0.,0.,-1.));
#3451=DIRECTION('',(-0.707106781186548,0.707106781186548,0.));
#3452=DIRECTION('',(0.,0.,-1.));
#3453=DIRECTION('',(-0.707106781186548,0.707106781186548,0.));
#3454=DIRECTION('',(-0.707106781186548,0.707106781186548,0.));
#3455=DIRECTION('',(0.707106781186548,0.707106781186548,0.));
#3456=DIRECTION('',(-0.707106781186548,0.707106781186548,0.));
#3457=DIRECTION('',(0.,0.,-1.));
#3458=DIRECTION('',(0.707106781186548,-0.707106781186548,0.));
#3459=DIRECTION('',(0.,0.,-1.));
#3460=DIRECTION('',(0.707106781186548,-0.707106781186548,0.));
#3461=DIRECTION('',(0.707106781186548,-0.707106781186548,0.));
#3462=DIRECTION('',(0.,0.,-1.));
#3463=DIRECTION('',(0.707106781186548,-0.707106781186548,0.));
#3464=DIRECTION('',(0.,0.,-1.));
#3465=DIRECTION('',(0.707106781186548,-0.707106781186548,0.));
#3466=DIRECTION('',(0.,0.,-1.));
#3467=DIRECTION('',(0.707106781186548,-0.707106781186548,0.));
#3468=DIRECTION('',(0.707106781186548,-0.707106781186548,0.));
#3469=DIRECTION('',(0.707106781186548,0.707106781186548,0.));
#3470=DIRECTION('',(0.,0.,-1.));
#3471=DIRECTION('',(-0.707106781186548,-0.707106781186548,0.));
#3472=DIRECTION('',(0.,0.,-1.));
#3473=DIRECTION('',(-0.707106781186548,-0.707106781186548,0.));
#3474=DIRECTION('',(0.,0.,-1.));
#3475=DIRECTION('',(-0.707106781186548,-0.707106781186548,0.));
#3476=DIRECTION('',(0.,0.,-1.));
#3477=DIRECTION('',(-0.707106781186548,-0.707106781186548,0.));
#3478=DIRECTION('',(0.,0.,-1.));
#3479=DIRECTION('',(-0.707106781186548,-0.707106781186548,0.));
#3480=DIRECTION('',(-0.707106781186548,-0.707106781186548,0.));
#3481=DIRECTION('',(-0.707106781186548,0.707106781186548,0.));
#3482=DIRECTION('',(-0.707106781186548,-0.707106781186548,0.));
#3483=DIRECTION('',(0.,0.,-1.));
#3484=DIRECTION('',(0.707106781186548,0.707106781186548,0.));
#3485=DIRECTION('',(0.,0.,-1.));
#3486=DIRECTION('',(0.707106781186548,0.707106781186548,0.));
#3487=DIRECTION('',(0.707106781186548,0.707106781186548,0.));
#3488=DIRECTION('',(0.,0.,-1.));
#3489=DIRECTION('',(0.707106781186548,0.707106781186548,0.));
#3490=DIRECTION('',(0.,0.,-1.));
#3491=DIRECTION('',(0.707106781186548,0.707106781186548,0.));
#3492=DIRECTION('',(0.,0.,-1.));
#3493=DIRECTION('',(0.707106781186548,0.707106781186548,0.));
#3494=DIRECTION('',(0.707106781186548,0.707106781186548,0.));
#3495=DIRECTION('',(-0.707106781186548,0.707106781186548,0.));
#3496=DIRECTION('',(0.,0.,-1.));
#3497=DIRECTION('',(0.707106781186548,-0.707106781186548,0.));
#3498=DIRECTION('',(0.,0.,-1.));
#3499=DIRECTION('',(0.707106781186548,-0.707106781186548,0.));
#3500=DIRECTION('',(0.,0.,-1.));
#3501=DIRECTION('',(0.707106781186548,-0.707106781186548,0.));
#3502=DIRECTION('',(0.,0.,-1.));
#3503=DIRECTION('',(0.707106781186548,-0.707106781186548,0.));
#3504=DIRECTION('',(0.,0.,-1.));
#3505=DIRECTION('',(0.707106781186548,-0.707106781186548,0.));
#3506=DIRECTION('',(0.707106781186548,-0.707106781186548,0.));
#3507=DIRECTION('',(-0.707106781186548,-0.707106781186548,0.));
#3508=DIRECTION('',(0.707106781186548,-0.707106781186548,0.));
#3509=DIRECTION('',(0.,0.,-1.));
#3510=DIRECTION('',(-0.707106781186548,0.707106781186548,0.));
#3511=DIRECTION('',(0.,0.,-1.));
#3512=DIRECTION('',(-0.707106781186548,0.707106781186548,0.));
#3513=DIRECTION('',(-0.707106781186548,0.707106781186548,0.));
#3514=DIRECTION('',(0.,0.,-1.));
#3515=DIRECTION('',(-0.707106781186548,0.707106781186548,0.));
#3516=DIRECTION('',(0.,0.,-1.));
#3517=DIRECTION('',(-0.707106781186548,0.707106781186548,0.));
#3518=DIRECTION('',(0.,0.,-1.));
#3519=DIRECTION('',(-0.707106781186548,0.707106781186548,0.));
#3520=DIRECTION('',(0.707106781186548,-0.707106781186548,0.));
#3521=DIRECTION('',(0.707106781186548,0.707106781186548,0.));
#3522=DIRECTION('',(-0.707106781186548,-0.707106781186548,0.));
#3523=DIRECTION('',(-0.707106781186548,-0.707106781186548,0.));
#3524=DIRECTION('',(0.,0.,-1.));
#3525=DIRECTION('',(-0.707106781186548,-0.707106781186548,0.));
#3526=DIRECTION('',(-0.707106781186548,-0.707106781186548,0.));
#3527=DIRECTION('',(0.,0.,-1.));
#3528=DIRECTION('',(0.707106781186548,0.707106781186548,0.));
#3529=DIRECTION('',(-0.707106781186548,0.707106781186548,0.));
#3530=DIRECTION('',(0.707106781186548,-0.707106781186548,0.));
#3531=DIRECTION('',(0.707106781186548,-0.707106781186548,0.));
#3532=DIRECTION('',(-0.707106781186548,-0.707106781186548,0.));
#3533=DIRECTION('',(0.707106781186548,-0.707106781186548,0.));
#3534=DIRECTION('',(-0.707106781186548,0.707106781186548,0.));
#3535=DIRECTION('',(-0.707106781186548,0.707106781186548,0.));
#3536=DIRECTION('',(-0.707106781186548,-0.707106781186548,0.));
#3537=DIRECTION('',(0.707106781186548,-0.707106781186548,0.));
#3538=DIRECTION('',(-0.707106781186548,0.707106781186548,0.));
#3539=DIRECTION('',(-0.707106781186548,0.707106781186548,0.));
#3540=DIRECTION('',(0.,0.,-1.));
#3541=DIRECTION('',(-0.707106781186548,0.707106781186548,0.));
#3542=DIRECTION('',(-0.707106781186548,0.707106781186548,0.));
#3543=DIRECTION('',(0.,0.,-1.));
#3544=DIRECTION('',(0.707106781186548,-0.707106781186548,0.));
#3545=DIRECTION('',(0.707106781186548,0.707106781186548,0.));
#3546=DIRECTION('',(-0.707106781186548,-0.707106781186548,0.));
#3547=DIRECTION('',(-0.707106781186548,-0.707106781186548,0.));
#3548=DIRECTION('',(-0.707106781186548,0.707106781186548,0.));
#3549=DIRECTION('',(-0.707106781186548,-0.707106781186548,0.));
#3550=DIRECTION('',(0.707106781186548,0.707106781186548,0.));
#3551=DIRECTION('',(0.707106781186548,0.707106781186548,0.));
#3552=DIRECTION('',(-0.707106781186548,0.707106781186548,0.));
#3553=DIRECTION('',(-0.707106781186548,-0.707106781186548,0.));
#3554=DIRECTION('',(0.707106781186548,0.707106781186548,0.));
#3555=DIRECTION('',(0.707106781186548,0.707106781186548,0.));
#3556=DIRECTION('',(0.,0.,-1.));
#3557=DIRECTION('',(0.707106781186548,0.707106781186548,0.));
#3558=DIRECTION('',(0.707106781186548,0.707106781186548,0.));
#3559=DIRECTION('',(0.,0.,-1.));
#3560=DIRECTION('',(-0.707106781186548,-0.707106781186548,0.));
#3561=DIRECTION('',(0.707106781186548,-0.707106781186548,0.));
#3562=DIRECTION('',(-0.707106781186548,0.707106781186548,0.));
#3563=DIRECTION('',(-0.707106781186548,0.707106781186548,0.));
#3564=DIRECTION('',(0.707106781186548,0.707106781186548,0.));
#3565=DIRECTION('',(-0.707106781186548,0.707106781186548,0.));
#3566=DIRECTION('',(0.707106781186548,-0.707106781186548,0.));
#3567=DIRECTION('',(0.707106781186548,-0.707106781186548,0.));
#3568=DIRECTION('',(0.707106781186548,0.707106781186548,0.));
#3569=DIRECTION('',(-0.707106781186548,0.707106781186548,0.));
#3570=DIRECTION('',(0.707106781186548,-0.707106781186548,0.));
#3571=DIRECTION('',(0.707106781186548,-0.707106781186548,0.));
#3572=DIRECTION('',(0.,0.,-1.));
#3573=DIRECTION('',(0.707106781186548,-0.707106781186548,0.));
#3574=DIRECTION('',(0.707106781186548,-0.707106781186548,0.));
#3575=DIRECTION('',(0.,0.,-1.));
#3576=DIRECTION('',(-0.707106781186548,0.707106781186548,0.));
#3577=DIRECTION('',(-0.707106781186548,-0.707106781186548,0.));
#3578=DIRECTION('',(0.707106781186548,0.707106781186548,0.));
#3579=DIRECTION('',(0.707106781186548,0.707106781186548,0.));
#3580=DIRECTION('',(0.707106781186548,-0.707106781186548,0.));
#3581=DIRECTION('',(0.707106781186548,0.707106781186548,0.));
#3582=DIRECTION('',(-0.707106781186548,-0.707106781186548,0.));
#3583=DIRECTION('',(-0.707106781186548,-0.707106781186548,0.));
#3584=DIRECTION('',(0.,0.,-1.));
#3585=DIRECTION('',(-1.,0.,0.));
#3586=DIRECTION('',(0.,0.,-1.));
#3587=DIRECTION('',(-1.,0.,0.));
#3588=DIRECTION('',(0.,0.,-1.));
#3589=DIRECTION('',(0.,0.,-1.));
#3590=DIRECTION('',(-1.,0.,0.));
#3591=DIRECTION('',(0.,0.,-1.));
#3592=DIRECTION('',(0.,0.,1.));
#3593=DIRECTION('',(1.,0.,0.));
#3594=DIRECTION('',(0.,0.,-1.));
#3595=DIRECTION('',(0.,0.,-1.));
#3596=DIRECTION('',(-1.,0.,0.));
#3597=DIRECTION('',(0.,0.,-1.));
#3598=DIRECTION('',(0.,0.,1.));
#3599=DIRECTION('',(1.,0.,0.));
#3600=DIRECTION('',(0.,0.,-1.));
#3601=DIRECTION('',(0.,0.,-1.));
#3602=DIRECTION('',(-1.,0.,0.));
#3603=DIRECTION('',(0.,0.,-1.));
#3604=DIRECTION('',(0.,0.,1.));
#3605=DIRECTION('',(1.,0.,0.));
#3606=DIRECTION('',(0.,0.,-1.));
#3607=DIRECTION('',(0.,0.,-1.));
#3608=DIRECTION('',(-1.,0.,0.));
#3609=DIRECTION('',(0.,0.,-1.));
#3610=DIRECTION('',(0.,0.,1.));
#3611=DIRECTION('',(1.,0.,0.));
#3612=DIRECTION('',(0.,0.,-1.));
#3613=DIRECTION('',(-1.,0.,0.));
#3614=DIRECTION('',(0.,0.,-1.));
#3615=DIRECTION('',(-1.,0.,0.));
#3616=DIRECTION('',(0.,0.,-1.));
#3617=DIRECTION('',(-1.,0.,0.));
#3618=DIRECTION('',(0.,0.,-1.));
#3619=DIRECTION('',(-1.,0.,0.));
#3620=DIRECTION('',(0.,0.,-1.));
#3621=DIRECTION('',(-1.,0.,0.));
#3622=DIRECTION('',(0.,0.,-1.));
#3623=DIRECTION('',(-1.,0.,0.));
#3624=DIRECTION('',(0.,0.,-1.));
#3625=DIRECTION('',(-1.,0.,0.));
#3626=DIRECTION('',(0.,0.,-1.));
#3627=DIRECTION('',(-1.,0.,0.));
#3628=DIRECTION('',(0.,0.,1.));
#3629=DIRECTION('',(1.,0.,0.));
#3630=DIRECTION('',(0.,0.,1.));
#3631=DIRECTION('',(1.,0.,0.));
#3632=DIRECTION('',(0.,0.,-1.));
#3633=DIRECTION('',(-1.,0.,0.));
#3634=DIRECTION('',(0.,0.,1.));
#3635=DIRECTION('',(1.,0.,0.));
#3636=DIRECTION('',(0.,0.,1.));
#3637=DIRECTION('',(1.,0.,0.));
#3638=DIRECTION('',(0.,0.,1.));
#3639=DIRECTION('',(1.,0.,0.));
#3640=DIRECTION('',(0.,0.,-1.));
#3641=DIRECTION('',(-1.,0.,0.));
#3642=DIRECTION('',(0.,0.,1.));
#3643=DIRECTION('',(1.,0.,0.));
#3644=DIRECTION('',(0.,0.,1.));
#3645=DIRECTION('',(1.,0.,0.));
#3646=DIRECTION('',(0.,0.,1.));
#3647=DIRECTION('',(1.,0.,0.));
#3648=DIRECTION('',(0.,0.,-1.));
#3649=DIRECTION('',(-1.,0.,0.));
#3650=DIRECTION('',(0.,0.,1.));
#3651=DIRECTION('',(1.,0.,0.));
#3652=DIRECTION('',(0.,0.,1.));
#3653=DIRECTION('',(1.,0.,0.));
#3654=DIRECTION('',(0.,0.,1.));
#3655=DIRECTION('',(1.,0.,0.));
#3656=DIRECTION('',(0.,0.,-1.));
#3657=DIRECTION('',(-1.,0.,0.));
#3658=DIRECTION('',(0.,0.,1.));
#3659=DIRECTION('',(1.,0.,0.));
#3660=DIRECTION('',(0.,0.,-1.));
#3661=DIRECTION('',(-1.,0.,0.));
#3662=DIRECTION('',(0.,0.,-1.));
#3663=DIRECTION('',(-1.,0.,0.));
#3664=DIRECTION('',(0.,0.707106781186548,-0.707106781186547));
#3665=DIRECTION('',(0.,-0.707106781186547,-0.707106781186548));
#3666=DIRECTION('',(0.,-0.707106781186548,0.707106781186547));
#3667=DIRECTION('',(0.,-0.707106781186547,-0.707106781186548));
#3668=DIRECTION('',(0.,0.,-1.));
#3669=DIRECTION('',(-1.,0.,0.));
#3670=DIRECTION('',(0.,0.,-1.));
#3671=DIRECTION('',(-1.,0.,0.));
#3672=DIRECTION('',(-0.707106781186548,0.,-0.707106781186547));
#3673=DIRECTION('',(0.707106781186547,0.,-0.707106781186548));
#3674=DIRECTION('',(0.707106781186548,0.,0.707106781186547));
#3675=DIRECTION('',(0.707106781186547,0.,-0.707106781186548));
#3676=DIRECTION('',(0.,0.,-1.));
#3677=DIRECTION('',(-1.,0.,0.));
#3678=DIRECTION('',(0.,0.,-1.));
#3679=DIRECTION('',(-1.,0.,0.));
#3680=DIRECTION('',(0.707106781186548,0.,-0.707106781186547));
#3681=DIRECTION('',(-0.707106781186547,0.,-0.707106781186548));
#3682=DIRECTION('',(-0.707106781186548,0.,0.707106781186547));
#3683=DIRECTION('',(-0.707106781186547,0.,-0.707106781186548));
#3684=DIRECTION('',(0.,0.,-1.));
#3685=DIRECTION('',(-1.,0.,0.));
#3686=DIRECTION('',(0.,0.,-1.));
#3687=DIRECTION('',(-1.,0.,0.));
#3688=DIRECTION('',(0.,-0.707106781186548,-0.707106781186547));
#3689=DIRECTION('',(0.,0.707106781186547,-0.707106781186548));
#3690=DIRECTION('',(0.,0.707106781186548,0.707106781186547));
#3691=DIRECTION('',(0.,0.707106781186547,-0.707106781186548));
#3692=DIRECTION('',(0.,0.,-1.));
#3693=DIRECTION('',(-1.,0.,0.));
#3694=DIRECTION('',(0.,0.,-1.));
#3695=DIRECTION('',(-1.,0.,0.));
#3696=DIRECTION('',(0.,0.,-1.));
#3697=DIRECTION('',(-1.,0.,0.));
#3698=DIRECTION('',(0.,0.,-1.));
#3699=DIRECTION('',(-1.,0.,0.));
#3700=DIRECTION('',(0.,0.,1.));
#3701=DIRECTION('',(1.,0.,0.));
#3702=DIRECTION('',(0.,0.,-1.));
#3703=DIRECTION('',(-1.,0.,0.));
#3704=DIRECTION('',(0.,0.,-1.));
#3705=DIRECTION('',(-1.,0.,0.));
#3706=DIRECTION('',(0.,0.,-1.));
#3707=DIRECTION('',(-1.,0.,0.));
#3708=DIRECTION('',(0.,0.,-1.));
#3709=DIRECTION('',(-1.,0.,0.));
#3710=DIRECTION('',(0.,0.,-1.));
#3711=DIRECTION('',(-1.,0.,0.));
#3712=DIRECTION('',(0.,0.,-1.));
#3713=DIRECTION('',(-1.,0.,0.));
#3714=DIRECTION('',(0.,0.,-1.));
#3715=DIRECTION('',(-1.,0.,0.));
#3716=DIRECTION('',(0.,0.,1.));
#3717=DIRECTION('',(1.,0.,0.));
#3718=DIRECTION('',(0.,0.,1.));
#3719=DIRECTION('',(1.,0.,0.));
#3720=DIRECTION('',(0.,0.,1.));
#3721=DIRECTION('',(1.,0.,0.));
#3722=DIRECTION('',(0.,0.,1.));
#3723=DIRECTION('',(1.,0.,0.));
#3724=DIRECTION('',(0.,0.,1.));
#3725=DIRECTION('',(1.,0.,0.));
#3726=DIRECTION('',(0.,0.,-1.));
#3727=DIRECTION('',(-1.,0.,0.));
#3728=DIRECTION('',(0.,0.,-1.));
#3729=DIRECTION('',(-1.,0.,0.));
#3730=DIRECTION('',(0.,0.,-1.));
#3731=DIRECTION('',(-1.,0.,0.));
#3732=DIRECTION('',(0.,0.,1.));
#3733=DIRECTION('',(1.,0.,0.));
#3734=DIRECTION('',(0.,0.,1.));
#3735=DIRECTION('',(1.,0.,0.));
#3736=DIRECTION('',(0.,0.,1.));
#3737=DIRECTION('',(1.,0.,0.));
#3738=DIRECTION('',(0.,0.,-1.));
#3739=DIRECTION('',(-1.,0.,0.));
#3740=DIRECTION('',(0.,0.,1.));
#3741=DIRECTION('',(1.,0.,0.));
#3742=DIRECTION('',(0.,0.,1.));
#3743=DIRECTION('',(1.,0.,0.));
#3744=DIRECTION('',(0.,0.,-1.));
#3745=DIRECTION('',(-1.,0.,0.));
#3746=DIRECTION('',(0.,0.,1.));
#3747=DIRECTION('',(1.,0.,0.));
#3748=DIRECTION('',(0.,0.,1.));
#3749=DIRECTION('',(1.,0.,0.));
#3750=DIRECTION('',(0.,0.,-1.));
#3751=DIRECTION('',(-1.,0.,0.));
#3752=DIRECTION('',(0.,0.,1.));
#3753=DIRECTION('',(1.,0.,0.));
#3754=DIRECTION('',(0.,0.,1.));
#3755=DIRECTION('',(1.,0.,0.));
#3756=DIRECTION('',(0.,0.,-1.));
#3757=DIRECTION('',(-1.,0.,0.));
#3758=DIRECTION('',(0.,0.,1.));
#3759=DIRECTION('',(1.,0.,0.));
#3760=DIRECTION('',(0.,0.,1.));
#3761=DIRECTION('',(1.,0.,0.));
#3762=DIRECTION('',(0.,0.,1.));
#3763=DIRECTION('',(1.,0.,0.));
#3764=DIRECTION('',(0.,0.,1.));
#3765=DIRECTION('',(1.,0.,0.));
#3766=DIRECTION('',(0.,0.,1.));
#3767=DIRECTION('',(1.,0.,0.));
#3768=DIRECTION('',(0.,0.,1.));
#3769=DIRECTION('',(1.,0.,0.));
#3770=DIRECTION('',(0.,0.,1.));
#3771=DIRECTION('',(1.,0.,0.));
#3772=DIRECTION('',(0.,0.,1.));
#3773=DIRECTION('',(1.,0.,0.));
#3774=DIRECTION('',(0.,0.,1.));
#3775=DIRECTION('',(1.,0.,0.));
#3776=DIRECTION('',(0.,0.,1.));
#3777=DIRECTION('',(1.,0.,0.));
#3778=DIRECTION('',(0.,0.,1.));
#3779=DIRECTION('',(1.,0.,0.));
#3780=DIRECTION('',(0.,0.,1.));
#3781=DIRECTION('',(1.,0.,0.));
#3782=DIRECTION('',(0.,0.,1.));
#3783=DIRECTION('',(1.,0.,0.));
#3784=DIRECTION('',(0.,0.,1.));
#3785=DIRECTION('',(1.,0.,0.));
#3786=DIRECTION('',(0.,0.,1.));
#3787=DIRECTION('',(1.,0.,0.));
#3788=DIRECTION('',(0.,0.,1.));
#3789=DIRECTION('',(1.,0.,0.));
#3790=DIRECTION('',(0.,0.,1.));
#3791=DIRECTION('',(1.,0.,0.));
#3792=DIRECTION('',(0.,0.,1.));
#3793=DIRECTION('',(1.,0.,0.));
#3794=DIRECTION('',(0.,0.,-1.));
#3795=DIRECTION('',(-1.,0.,0.));
#3796=DIRECTION('',(0.,0.,-1.));
#3797=DIRECTION('',(-1.,0.,0.));
#3798=DIRECTION('',(0.,0.,-1.));
#3799=DIRECTION('',(-1.,0.,0.));
#3800=DIRECTION('',(0.,0.,1.));
#3801=DIRECTION('',(1.,0.,0.));
#3802=DIRECTION('',(0.,0.,-1.));
#3803=DIRECTION('',(-1.,0.,0.));
#3804=DIRECTION('',(0.,0.,-1.));
#3805=DIRECTION('',(-1.,0.,0.));
#3806=DIRECTION('',(0.,0.,-1.));
#3807=DIRECTION('',(-1.,0.,0.));
#3808=DIRECTION('',(0.,0.,-1.));
#3809=DIRECTION('',(-1.,0.,0.));
#3810=DIRECTION('',(0.,0.,-1.));
#3811=DIRECTION('',(-1.,0.,0.));
#3812=DIRECTION('',(0.,0.,-1.));
#3813=DIRECTION('',(-1.,0.,0.));
#3814=DIRECTION('',(0.,0.,-1.));
#3815=DIRECTION('',(-1.,0.,0.));
#3816=DIRECTION('',(0.,0.,-1.));
#3817=DIRECTION('',(-1.,0.,0.));
#3818=DIRECTION('',(0.,0.,-1.));
#3819=DIRECTION('',(-1.,0.,0.));
#3820=DIRECTION('',(0.,0.,-1.));
#3821=DIRECTION('',(-1.,0.,0.));
#3822=DIRECTION('',(0.,0.,-1.));
#3823=DIRECTION('',(-1.,0.,0.));
#3824=DIRECTION('',(0.,0.,-1.));
#3825=DIRECTION('',(-1.,0.,0.));
#3826=DIRECTION('',(0.,0.,-1.));
#3827=DIRECTION('',(-1.,0.,0.));
#3828=DIRECTION('',(0.,0.,-1.));
#3829=DIRECTION('',(-1.,0.,0.));
#3830=DIRECTION('',(0.,0.,-1.));
#3831=DIRECTION('',(-1.,0.,0.));
#3832=DIRECTION('',(0.,0.,-1.));
#3833=DIRECTION('',(-1.,0.,0.));
#3834=DIRECTION('',(0.,0.,1.));
#3835=DIRECTION('',(1.,0.,0.));
#3836=DIRECTION('',(0.,0.,1.));
#3837=DIRECTION('',(1.,0.,0.));
#3838=DIRECTION('',(0.,0.,1.));
#3839=DIRECTION('',(1.,0.,0.));
#3840=DIRECTION('',(0.,0.,-1.));
#3841=DIRECTION('',(-1.,0.,0.));
#3842=DIRECTION('',(0.,0.,1.));
#3843=DIRECTION('',(1.,0.,0.));
#3844=DIRECTION('',(0.,0.,1.));
#3845=DIRECTION('',(1.,0.,0.));
#3846=DIRECTION('',(0.,0.,1.));
#3847=DIRECTION('',(1.,0.,0.));
#3848=DIRECTION('',(0.,0.,-1.));
#3849=DIRECTION('',(-1.,0.,0.));
#3850=DIRECTION('',(0.,0.,1.));
#3851=DIRECTION('',(1.,0.,0.));
#3852=DIRECTION('',(0.,0.,1.));
#3853=DIRECTION('',(1.,0.,0.));
#3854=DIRECTION('',(0.,0.,1.));
#3855=DIRECTION('',(1.,0.,0.));
#3856=DIRECTION('',(0.,0.,-1.));
#3857=DIRECTION('',(-1.,0.,0.));
#3858=DIRECTION('',(0.,0.,1.));
#3859=DIRECTION('',(1.,0.,0.));
#3860=DIRECTION('',(0.,0.,1.));
#3861=DIRECTION('',(1.,0.,0.));
#3862=DIRECTION('',(0.,0.,1.));
#3863=DIRECTION('',(1.,0.,0.));
#3864=DIRECTION('',(0.,0.,-1.));
#3865=DIRECTION('',(-1.,0.,0.));
#3866=DIRECTION('',(0.,0.,1.));
#3867=DIRECTION('',(1.,0.,0.));
#3868=DIRECTION('',(0.,0.,1.));
#3869=DIRECTION('',(1.,0.,0.));
#3870=DIRECTION('',(0.,0.,-1.));
#3871=DIRECTION('',(-1.,0.,0.));
#3872=DIRECTION('',(0.,0.,1.));
#3873=DIRECTION('',(1.,0.,0.));
#3874=DIRECTION('',(0.,0.,1.));
#3875=DIRECTION('',(1.,0.,0.));
#3876=DIRECTION('',(0.,0.,-1.));
#3877=DIRECTION('',(-1.,0.,0.));
#3878=DIRECTION('',(0.,0.,1.));
#3879=DIRECTION('',(1.,0.,0.));
#3880=DIRECTION('',(0.,0.,1.));
#3881=DIRECTION('',(1.,0.,0.));
#3882=DIRECTION('',(0.,0.,-1.));
#3883=DIRECTION('',(-1.,0.,0.));
#3884=DIRECTION('',(0.,0.,1.));
#3885=DIRECTION('',(1.,0.,0.));
#3886=DIRECTION('',(0.,0.,1.));
#3887=DIRECTION('',(1.,0.,0.));
#3888=DIRECTION('',(0.,0.,-1.));
#3889=DIRECTION('',(-1.,0.,0.));
#3890=DIRECTION('',(0.,0.,1.));
#3891=DIRECTION('',(1.,0.,0.));
#3892=DIRECTION('',(0.,0.,1.));
#3893=DIRECTION('',(1.,0.,0.));
#3894=DIRECTION('',(0.,0.,-1.));
#3895=DIRECTION('',(-1.,0.,0.));
#3896=DIRECTION('',(0.,0.,1.));
#3897=DIRECTION('',(1.,0.,0.));
#3898=DIRECTION('',(0.,0.,1.));
#3899=DIRECTION('',(1.,0.,0.));
#3900=DIRECTION('',(0.,0.,-1.));
#3901=DIRECTION('',(-1.,0.,0.));
#3902=DIRECTION('',(0.,0.,1.));
#3903=DIRECTION('',(1.,0.,0.));
#3904=DIRECTION('',(0.,0.,1.));
#3905=DIRECTION('',(1.,0.,0.));
#3906=DIRECTION('',(0.,0.,-1.));
#3907=DIRECTION('',(-1.,0.,0.));
#3908=DIRECTION('',(0.,0.,1.));
#3909=DIRECTION('',(1.,0.,0.));
#3910=DIRECTION('',(0.,0.,1.));
#3911=DIRECTION('',(1.,0.,0.));
#3912=DIRECTION('',(0.,0.,-1.));
#3913=DIRECTION('',(-1.,0.,0.));
#3914=DIRECTION('',(0.,0.,-1.));
#3915=DIRECTION('',(-1.,0.,0.));
#3916=DIRECTION('',(0.,0.,-1.));
#3917=DIRECTION('',(0.,0.,-1.));
#3918=DIRECTION('',(0.,0.,1.));
#3919=DIRECTION('',(1.,0.,0.));
#3920=DIRECTION('',(0.,0.,1.));
#3921=DIRECTION('',(1.,0.,0.));
#3922=DIRECTION('',(0.,0.,-1.));
#3923=DIRECTION('',(-1.,0.,0.));
#3924=DIRECTION('',(0.,0.,-1.));
#3925=DIRECTION('',(0.,0.,-1.));
#3926=DIRECTION('',(0.,0.,1.));
#3927=DIRECTION('',(1.,0.,0.));
#3928=DIRECTION('',(0.,0.,1.));
#3929=DIRECTION('',(1.,0.,0.));
#3930=DIRECTION('',(0.,0.,-1.));
#3931=DIRECTION('',(-1.,0.,0.));
#3932=DIRECTION('',(0.,0.,-1.));
#3933=DIRECTION('',(0.,0.,1.));
#3934=DIRECTION('',(1.,0.,0.));
#3935=DIRECTION('',(0.,0.,-1.));
#3936=DIRECTION('',(0.,0.,1.));
#3937=DIRECTION('',(1.,0.,0.));
#3938=DIRECTION('',(0.,0.,-1.));
#3939=DIRECTION('',(-1.,0.,0.));
#3940=DIRECTION('',(0.,0.,-1.));
#3941=DIRECTION('',(0.,0.,-1.));
#3942=DIRECTION('',(0.,0.,1.));
#3943=DIRECTION('',(1.,0.,0.));
#3944=DIRECTION('',(0.,0.,1.));
#3945=DIRECTION('',(1.,0.,0.));
#3946=DIRECTION('',(0.,0.,1.));
#3947=DIRECTION('',(1.,0.,0.));
#3948=DIRECTION('',(0.,0.,1.));
#3949=DIRECTION('',(1.,0.,0.));
#3950=DIRECTION('',(0.,0.,1.));
#3951=DIRECTION('',(1.,0.,0.));
#3952=DIRECTION('',(0.,0.,-1.));
#3953=DIRECTION('',(-1.,0.,0.));
#3954=DIRECTION('',(0.,0.,1.));
#3955=DIRECTION('',(1.,0.,0.));
#3956=DIRECTION('',(0.,0.,1.));
#3957=DIRECTION('',(1.,0.,0.));
#3958=DIRECTION('',(0.,0.,1.));
#3959=DIRECTION('',(1.,0.,0.));
#3960=DIRECTION('',(0.,0.,-1.));
#3961=DIRECTION('',(-1.,0.,0.));
#3962=DIRECTION('',(0.,0.,1.));
#3963=DIRECTION('',(1.,0.,0.));
#3964=DIRECTION('',(0.,0.,1.));
#3965=DIRECTION('',(1.,0.,0.));
#3966=DIRECTION('',(0.,0.,1.));
#3967=DIRECTION('',(1.,0.,0.));
#3968=DIRECTION('',(0.,0.,-1.));
#3969=DIRECTION('',(-1.,0.,0.));
#3970=DIRECTION('',(0.,0.,1.));
#3971=DIRECTION('',(1.,0.,0.));
#3972=DIRECTION('',(0.,0.,1.));
#3973=DIRECTION('',(1.,0.,0.));
#3974=DIRECTION('',(0.,0.,1.));
#3975=DIRECTION('',(1.,0.,0.));
#3976=DIRECTION('',(0.,0.,-1.));
#3977=DIRECTION('',(-1.,0.,0.));
#3978=DIRECTION('',(0.,0.,1.));
#3979=DIRECTION('',(1.,0.,0.));
#3980=DIRECTION('',(0.,0.,1.));
#3981=DIRECTION('',(1.,0.,0.));
#3982=DIRECTION('',(0.,0.,1.));
#3983=DIRECTION('',(1.,0.,0.));
#3984=DIRECTION('',(0.,0.,1.));
#3985=DIRECTION('',(1.,0.,0.));
#3986=DIRECTION('',(0.,0.,-1.));
#3987=DIRECTION('',(-1.,0.,0.));
#3988=DIRECTION('',(0.,0.,1.));
#3989=DIRECTION('',(1.,0.,0.));
#3990=DIRECTION('',(0.,0.,1.));
#3991=DIRECTION('',(1.,0.,0.));
#3992=DIRECTION('',(0.,0.,1.));
#3993=DIRECTION('',(1.,0.,0.));
#3994=DIRECTION('',(0.,0.,1.));
#3995=DIRECTION('',(1.,0.,0.));
#3996=DIRECTION('',(0.,0.,-1.));
#3997=DIRECTION('',(-1.,0.,0.));
#3998=DIRECTION('',(0.,0.,1.));
#3999=DIRECTION('',(1.,0.,0.));
#4000=DIRECTION('',(0.,0.,1.));
#4001=DIRECTION('',(1.,0.,0.));
#4002=DIRECTION('',(0.,0.,1.));
#4003=DIRECTION('',(1.,0.,0.));
#4004=DIRECTION('',(0.,0.,1.));
#4005=DIRECTION('',(1.,0.,0.));
#4006=DIRECTION('',(0.,0.,-1.));
#4007=DIRECTION('',(-1.,0.,0.));
#4008=DIRECTION('',(0.,0.,1.));
#4009=DIRECTION('',(1.,0.,0.));
#4010=DIRECTION('',(0.,0.,1.));
#4011=DIRECTION('',(1.,0.,0.));
#4012=DIRECTION('',(0.,0.,1.));
#4013=DIRECTION('',(1.,0.,0.));
#4014=DIRECTION('',(0.,0.,1.));
#4015=DIRECTION('',(1.,0.,0.));
#4016=DIRECTION('',(0.,0.,-1.));
#4017=DIRECTION('',(-1.,0.,0.));
#4018=DIRECTION('',(0.,0.,1.));
#4019=DIRECTION('',(1.,0.,0.));
#4020=DIRECTION('',(0.,0.,1.));
#4021=DIRECTION('',(1.,0.,0.));
#4022=DIRECTION('',(0.,0.,-1.));
#4023=DIRECTION('',(-1.,0.,0.));
#4024=DIRECTION('',(0.,0.,-1.));
#4025=DIRECTION('',(-1.,0.,0.));
#4026=DIRECTION('',(0.,0.,1.));
#4027=DIRECTION('',(1.,0.,0.));
#4028=DIRECTION('',(0.,0.,1.));
#4029=DIRECTION('',(1.,0.,0.));
#4030=DIRECTION('',(0.,0.,1.));
#4031=DIRECTION('',(1.,0.,0.));
#4032=DIRECTION('',(0.,0.,1.));
#4033=DIRECTION('',(1.,0.,0.));
#4034=DIRECTION('',(0.,0.,-1.));
#4035=DIRECTION('',(-1.,0.,0.));
#4036=DIRECTION('',(0.,0.,-1.));
#4037=DIRECTION('',(-1.,0.,0.));
#4038=DIRECTION('',(0.,0.,1.));
#4039=DIRECTION('',(1.,0.,0.));
#4040=DIRECTION('',(0.,0.,1.));
#4041=DIRECTION('',(1.,0.,0.));
#4042=DIRECTION('',(0.,0.,1.));
#4043=DIRECTION('',(1.,0.,0.));
#4044=DIRECTION('',(0.,0.,1.));
#4045=DIRECTION('',(1.,0.,0.));
#4046=DIRECTION('',(0.,0.,-1.));
#4047=DIRECTION('',(-1.,0.,0.));
#4048=DIRECTION('',(0.,0.,-1.));
#4049=DIRECTION('',(-1.,0.,0.));
#4050=DIRECTION('',(0.,0.,1.));
#4051=DIRECTION('',(1.,0.,0.));
#4052=DIRECTION('',(0.,0.,1.));
#4053=DIRECTION('',(1.,0.,0.));
#4054=DIRECTION('',(0.,0.,1.));
#4055=DIRECTION('',(1.,0.,0.));
#4056=DIRECTION('',(0.,0.,1.));
#4057=DIRECTION('',(1.,0.,0.));
#4058=DIRECTION('',(0.,0.,-1.));
#4059=DIRECTION('',(-1.,0.,0.));
#4060=DIRECTION('',(0.,0.,-1.));
#4061=DIRECTION('',(-1.,0.,0.));
#4062=DIRECTION('',(0.,0.,1.));
#4063=DIRECTION('',(1.,0.,0.));
#4064=DIRECTION('',(0.,0.,1.));
#4065=DIRECTION('',(1.,0.,0.));
#4066=DIRECTION('',(0.,0.,-1.));
#4067=DIRECTION('',(-1.,0.,0.));
#4068=DIRECTION('',(0.,0.,-1.));
#4069=DIRECTION('',(-1.,0.,0.));
#4070=DIRECTION('',(0.,0.,-1.));
#4071=DIRECTION('',(-1.,0.,0.));
#4072=DIRECTION('',(0.,0.,-1.));
#4073=DIRECTION('',(-1.,0.,0.));
#4074=DIRECTION('',(0.,0.,-1.));
#4075=DIRECTION('',(-1.,0.,0.));
#4076=DIRECTION('',(0.,0.,-1.));
#4077=DIRECTION('',(-1.,0.,0.));
#4078=DIRECTION('',(0.,0.,-1.));
#4079=DIRECTION('',(-1.,0.,0.));
#4080=DIRECTION('',(0.,0.,-1.));
#4081=DIRECTION('',(-1.,0.,0.));
#4082=DIRECTION('',(0.,0.,-1.));
#4083=DIRECTION('',(-1.,0.,0.));
#4084=DIRECTION('',(0.,0.,-1.));
#4085=DIRECTION('',(-1.,0.,0.));
#4086=DIRECTION('',(0.,0.,-1.));
#4087=DIRECTION('',(-1.,0.,0.));
#4088=DIRECTION('',(0.,0.,-1.));
#4089=DIRECTION('',(-1.,0.,0.));
#4090=DIRECTION('',(-0.707106781186548,0.,-0.707106781186547));
#4091=DIRECTION('',(-0.707106781186547,0.,0.707106781186548));
#4092=DIRECTION('',(-0.707106781186548,0.,-0.707106781186547));
#4093=DIRECTION('',(-0.707106781186547,0.,0.707106781186548));
#4094=DIRECTION('',(-0.707106781186548,0.,-0.707106781186547));
#4095=DIRECTION('',(-0.707106781186547,0.,0.707106781186548));
#4096=DIRECTION('',(-0.707106781186548,0.,-0.707106781186547));
#4097=DIRECTION('',(-0.707106781186547,0.,0.707106781186548));
#4098=DIRECTION('',(0.707106781186548,0.,0.707106781186547));
#4099=DIRECTION('',(0.707106781186547,0.,-0.707106781186548));
#4100=DIRECTION('',(-0.707106781186548,0.,-0.707106781186547));
#4101=DIRECTION('',(-0.707106781186547,0.,0.707106781186548));
#4102=DIRECTION('',(-0.707106781186548,0.,-0.707106781186547));
#4103=DIRECTION('',(-0.707106781186547,0.,0.707106781186548));
#4104=DIRECTION('',(-0.707106781186548,0.,-0.707106781186547));
#4105=DIRECTION('',(-0.707106781186547,0.,0.707106781186548));
#4106=DIRECTION('',(0.707106781186548,0.,0.707106781186547));
#4107=DIRECTION('',(0.707106781186547,0.,-0.707106781186548));
#4108=DIRECTION('',(0.707106781186548,0.,-0.707106781186547));
#4109=DIRECTION('',(-0.707106781186547,0.,-0.707106781186548));
#4110=DIRECTION('',(0.707106781186548,0.,-0.707106781186547));
#4111=DIRECTION('',(-0.707106781186547,0.,-0.707106781186548));
#4112=DIRECTION('',(-0.707106781186548,0.,0.707106781186547));
#4113=DIRECTION('',(0.707106781186547,0.,0.707106781186548));
#4114=DIRECTION('',(0.707106781186548,0.,-0.707106781186547));
#4115=DIRECTION('',(-0.707106781186547,0.,-0.707106781186548));
#4116=DIRECTION('',(0.707106781186548,0.,-0.707106781186547));
#4117=DIRECTION('',(-0.707106781186547,0.,-0.707106781186548));
#4118=DIRECTION('',(0.707106781186548,0.,-0.707106781186547));
#4119=DIRECTION('',(-0.707106781186547,0.,-0.707106781186548));
#4120=DIRECTION('',(0.707106781186548,0.,-0.707106781186547));
#4121=DIRECTION('',(-0.707106781186547,0.,-0.707106781186548));
#4122=DIRECTION('',(0.707106781186548,0.,-0.707106781186547));
#4123=DIRECTION('',(-0.707106781186547,0.,-0.707106781186548));
#4124=DIRECTION('',(-0.707106781186548,0.,0.707106781186547));
#4125=DIRECTION('',(0.707106781186547,0.,0.707106781186548));
#4126=DIRECTION('',(0.,0.707106781186548,0.707106781186547));
#4127=DIRECTION('',(0.,-0.707106781186547,0.707106781186548));
#4128=DIRECTION('',(0.,-0.707106781186548,-0.707106781186547));
#4129=DIRECTION('',(0.,0.707106781186547,-0.707106781186548));
#4130=DIRECTION('',(0.,-0.707106781186548,-0.707106781186547));
#4131=DIRECTION('',(0.,0.707106781186547,-0.707106781186548));
#4132=DIRECTION('',(0.,-0.707106781186548,-0.707106781186547));
#4133=DIRECTION('',(0.,0.707106781186547,-0.707106781186548));
#4134=DIRECTION('',(0.,-0.707106781186548,-0.707106781186547));
#4135=DIRECTION('',(0.,0.707106781186547,-0.707106781186548));
#4136=DIRECTION('',(0.,-0.707106781186548,-0.707106781186547));
#4137=DIRECTION('',(0.,0.707106781186547,-0.707106781186548));
#4138=DIRECTION('',(0.,-0.707106781186548,-0.707106781186547));
#4139=DIRECTION('',(0.,0.707106781186547,-0.707106781186548));
#4140=DIRECTION('',(0.,-0.707106781186548,-0.707106781186547));
#4141=DIRECTION('',(0.,0.707106781186547,-0.707106781186548));
#4142=DIRECTION('',(0.,0.707106781186548,0.707106781186547));
#4143=DIRECTION('',(0.,-0.707106781186547,0.707106781186548));
#4144=DIRECTION('',(0.,0.707106781186548,-0.707106781186547));
#4145=DIRECTION('',(0.,0.707106781186547,0.707106781186548));
#4146=DIRECTION('',(0.,0.707106781186548,-0.707106781186547));
#4147=DIRECTION('',(0.,0.707106781186547,0.707106781186548));
#4148=DIRECTION('',(0.,-0.707106781186548,0.707106781186547));
#4149=DIRECTION('',(0.,-0.707106781186547,-0.707106781186548));
#4150=DIRECTION('',(0.,0.707106781186548,-0.707106781186547));
#4151=DIRECTION('',(0.,0.707106781186547,0.707106781186548));
#4152=DIRECTION('',(0.,0.707106781186548,-0.707106781186547));
#4153=DIRECTION('',(0.,0.707106781186547,0.707106781186548));
#4154=DIRECTION('',(0.,0.707106781186548,-0.707106781186547));
#4155=DIRECTION('',(0.,0.707106781186547,0.707106781186548));
#4156=DIRECTION('',(0.,0.707106781186548,-0.707106781186547));
#4157=DIRECTION('',(0.,0.707106781186547,0.707106781186548));
#4158=DIRECTION('',(0.,0.707106781186548,-0.707106781186547));
#4159=DIRECTION('',(0.,0.707106781186547,0.707106781186548));
#4160=DIRECTION('',(0.,-0.707106781186548,0.707106781186547));
#4161=DIRECTION('',(0.,-0.707106781186547,-0.707106781186548));
#4162=DIRECTION('',(0.,0.,-1.));
#4163=DIRECTION('',(-1.,0.,0.));
#4164=DIRECTION('',(0.,0.,-1.));
#4165=DIRECTION('',(-1.,0.,0.));
#4166=DIRECTION('',(0.,0.,-1.));
#4167=DIRECTION('',(-1.,0.,0.));
#4168=DIRECTION('',(0.,0.,-1.));
#4169=DIRECTION('',(-1.,0.,0.));
#4170=CARTESIAN_POINT('',(0.,0.,0.));
#4171=CARTESIAN_POINT('',(0.0944,0.,0.));
#4172=CARTESIAN_POINT('',(-0.0700035713374682,0.0700035713374682,0.));
#4173=CARTESIAN_POINT('',(-0.0670302516922301,0.0625766358801453,0.));
#4174=CARTESIAN_POINT('',(-0.0625766358801453,0.0670302516922301,0.));
#4175=CARTESIAN_POINT('',(0.,0.,0.));
#4176=CARTESIAN_POINT('',(0.0944,0.,0.));
#4177=CARTESIAN_POINT('',(0.0700035713374682,0.0700035713374682,0.));
#4178=CARTESIAN_POINT('',(0.0625766358801453,0.0670302516922301,0.));
#4179=CARTESIAN_POINT('',(0.0670302516922301,0.0625766358801453,0.));
#4180=CARTESIAN_POINT('',(0.,0.,0.));
#4181=CARTESIAN_POINT('',(0.0944,0.,0.));
#4182=CARTESIAN_POINT('',(0.0700035713374682,-0.0700035713374682,0.));
#4183=CARTESIAN_POINT('',(0.0670302516922301,-0.0625766358801453,0.));
#4184=CARTESIAN_POINT('',(0.0625766358801453,-0.0670302516922301,0.));
#4185=CARTESIAN_POINT('',(0.,0.,0.));
#4186=CARTESIAN_POINT('',(0.0944,0.,0.));
#4187=CARTESIAN_POINT('',(-0.0700035713374682,-0.0700035713374682,0.));
#4188=CARTESIAN_POINT('',(-0.0625766358801453,-0.0670302516922301,0.));
#4189=CARTESIAN_POINT('',(-0.0670302516922301,-0.0625766358801453,0.));
#4190=CARTESIAN_POINT('',(0.,0.,0.));
#4191=CARTESIAN_POINT('',(0.,0.,0.1));
#4192=CARTESIAN_POINT('',(0.0676397300010323,-0.0623607803462035,0.19));
#4193=CARTESIAN_POINT('',(0.0676397300010323,-0.0623607803462035,0.2));
#4194=CARTESIAN_POINT('',(0.0676397300010324,-0.0623607803462035,0.18));
#4195=CARTESIAN_POINT('',(0.,0.,0.2));
#4196=CARTESIAN_POINT('',(0.0623607803462035,-0.0676397300010323,0.2));
#4197=CARTESIAN_POINT('',(0.0623607803462035,-0.0676397300010323,0.19));
#4198=CARTESIAN_POINT('',(0.0623607803462035,-0.0676397300010324,0.18));
#4199=CARTESIAN_POINT('',(0.,0.,0.18));
#4200=CARTESIAN_POINT('',(-0.0623607803462035,-0.0676397300010323,0.19));
#4201=CARTESIAN_POINT('',(-0.0623607803462035,-0.0676397300010323,0.2));
#4202=CARTESIAN_POINT('',(-0.0623607803462035,-0.0676397300010324,0.18));
#4203=CARTESIAN_POINT('',(0.,0.,0.2));
#4204=CARTESIAN_POINT('',(-0.0676397300010323,-0.0623607803462035,0.2));
#4205=CARTESIAN_POINT('',(-0.0676397300010323,-0.0623607803462035,0.19));
#4206=CARTESIAN_POINT('',(-0.0676397300010324,-0.0623607803462035,0.18));
#4207=CARTESIAN_POINT('',(0.,0.,0.18));
#4208=CARTESIAN_POINT('',(-0.0676397300010323,0.0623607803462035,0.19));
#4209=CARTESIAN_POINT('',(-0.0676397300010323,0.0623607803462035,0.2));
#4210=CARTESIAN_POINT('',(-0.0676397300010324,0.0623607803462035,0.18));
#4211=CARTESIAN_POINT('',(0.,0.,0.2));
#4212=CARTESIAN_POINT('',(-0.0623607803462035,0.0676397300010323,0.2));
#4213=CARTESIAN_POINT('',(-0.0623607803462035,0.0676397300010323,0.19));
#4214=CARTESIAN_POINT('',(-0.0623607803462035,0.0676397300010324,0.18));
#4215=CARTESIAN_POINT('',(0.,0.,0.18));
#4216=CARTESIAN_POINT('',(0.0623607803462035,0.0676397300010323,0.19));
#4217=CARTESIAN_POINT('',(0.0623607803462035,0.0676397300010323,0.2));
#4218=CARTESIAN_POINT('',(0.0623607803462035,0.0676397300010324,0.18));
#4219=CARTESIAN_POINT('',(0.,0.,0.2));
#4220=CARTESIAN_POINT('',(0.0676397300010323,0.0623607803462035,0.2));
#4221=CARTESIAN_POINT('',(0.0676397300010323,0.0623607803462035,0.19));
#4222=CARTESIAN_POINT('',(0.0676397300010324,0.0623607803462035,0.18));
#4223=CARTESIAN_POINT('',(0.,0.,0.18));
#4224=CARTESIAN_POINT('',(0.,0.,0.2022));
#4225=CARTESIAN_POINT('',(-0.092,0.,0.2022));
#4226=CARTESIAN_POINT('',(0.0909020654197807,0.0141709033733885,0.144654283766323));
#4227=CARTESIAN_POINT('',(0.0910129069261688,0.013459888584886,0.146050672578809));
#4228=CARTESIAN_POINT('',(0.0912506877222049,0.0118276793460761,0.148771035466171));
#4229=CARTESIAN_POINT('',(0.0916101863153347,0.00869938771520484,0.152337726660544));
#4230=CARTESIAN_POINT('',(0.0919131760659373,0.00474376541854962,0.155054265587674));
#4231=CARTESIAN_POINT('',(0.0920435809461465,-1.26624912218921E-5,0.156157627570281));
#4232=CARTESIAN_POINT('',(0.0919124968669753,-0.00475331413919301,0.1550483033859));
#4233=CARTESIAN_POINT('',(0.0916089866231623,-0.00871381435815299,0.152327107045317));
#4234=CARTESIAN_POINT('',(0.0912481792850437,-0.0118458002305413,0.148743684159912));
#4235=CARTESIAN_POINT('',(0.0910128296643219,-0.0134603841963,0.146049699228824));
#4236=CARTESIAN_POINT('',(0.0909020654197807,-0.0141709033733884,0.144654283766323));
#4237=CARTESIAN_POINT('',(0.0909020654197806,0.0141709033733883,0.144654283766323));
#4238=CARTESIAN_POINT('',(0.0909020654197807,-0.0141709033733884,0.144654283766323));
#4239=CARTESIAN_POINT('',(0.0909020654197807,0.0141709033733884,0.144654283766323));
#4240=CARTESIAN_POINT('',(0.0906383115061393,0.0158628050737118,0.142401108744948));
#4241=CARTESIAN_POINT('',(0.0902516327048108,0.0179084307603805,0.138742909885459));
#4242=CARTESIAN_POINT('',(0.0898225062275309,0.0199129420236107,0.133438357647963));
#4243=CARTESIAN_POINT('',(0.0895672232558238,0.0210238361515785,0.129392507322356));
#4244=CARTESIAN_POINT('',(0.0893862016420149,0.0217765635646667,0.125268909192909));
#4245=CARTESIAN_POINT('',(0.0892899219859859,0.022165520009148,0.12105690081076));
#4246=CARTESIAN_POINT('',(0.089291529345767,0.0221594727978303,0.116802571605746));
#4247=CARTESIAN_POINT('',(0.0894293766705938,0.0216001708111242,0.111237046488688));
#4248=CARTESIAN_POINT('',(0.0897885918986579,0.0201072459830243,0.105718850396973));
#4249=CARTESIAN_POINT('',(0.0903211110024053,0.0175446962522299,0.100731937718574));
#4250=CARTESIAN_POINT('',(0.0907813417311082,0.0150137761571432,0.0973053972512151));
#4251=CARTESIAN_POINT('',(0.0911657133464723,0.0124543708566094,0.0949081424111302));
#4252=CARTESIAN_POINT('',(0.0914485490969713,0.0101126327407833,0.0932986397742322));
#4253=CARTESIAN_POINT('',(0.0916339495797235,0.00827089122580855,0.0922983509211727));
#4254=CARTESIAN_POINT('',(0.0917891960493589,0.00633208625206488,0.0914946118972455));
#4255=CARTESIAN_POINT('',(0.0919483479996286,0.0035863130099925,0.0906971036918335));
#4256=CARTESIAN_POINT('',(0.0920330095812325,8.4747322474811E-5,0.0902896748733263));
#4257=CARTESIAN_POINT('',(0.0919363759543898,-0.00419234735591642,0.0907548413904602));
#4258=CARTESIAN_POINT('',(0.0915669434058129,-0.00956509526483134,0.0926094449928854));
#4259=CARTESIAN_POINT('',(0.0907838406440685,-0.0152726131634443,0.0969966357839304));
#4260=CARTESIAN_POINT('',(0.0900302223375267,-0.0189849948761653,0.103105142492711));
#4261=CARTESIAN_POINT('',(0.0896126286147376,-0.0208338213913698,0.108394976930369));
#4262=CARTESIAN_POINT('',(0.0893254311844931,-0.0220299531042746,0.113968020188384));
#4263=CARTESIAN_POINT('',(0.0892576071672374,-0.0222948848086233,0.119554053703641));
#4264=CARTESIAN_POINT('',(0.0893841130516155,-0.0217853246644135,0.125218104206572));
#4265=CARTESIAN_POINT('',(0.089565844002821,-0.0210297147234864,0.129367993699365));
#4266=CARTESIAN_POINT('',(0.0898211739500775,-0.0199188520076408,0.133419687912819));
#4267=CARTESIAN_POINT('',(0.0902494839121946,-0.0179193140292189,0.138720786964305));
#4268=CARTESIAN_POINT('',(0.0906381387369942,-0.0158639133355999,0.142399632827049));
#4269=CARTESIAN_POINT('',(0.0909020654197807,-0.0141709033733884,0.144654283766323));
#4270=CARTESIAN_POINT('',(-0.0909020654197807,-0.0141709033733885,0.144654283766323));
#4271=CARTESIAN_POINT('',(-0.0910129069261688,-0.013459888584886,0.146050672578809));
#4272=CARTESIAN_POINT('',(-0.0912506877222049,-0.0118276793460761,0.148771035466171));
#4273=CARTESIAN_POINT('',(-0.0916101863153347,-0.00869938771520484,0.152337726660544));
#4274=CARTESIAN_POINT('',(-0.0919131760659373,-0.00474376541854962,0.155054265587674));
#4275=CARTESIAN_POINT('',(-0.0920435809461465,1.26624912218921E-5,0.156157627570281));
#4276=CARTESIAN_POINT('',(-0.0919124968669753,0.00475331413919301,0.1550483033859));
#4277=CARTESIAN_POINT('',(-0.0916089866231623,0.00871381435815299,0.152327107045317));
#4278=CARTESIAN_POINT('',(-0.0912481792850437,0.0118458002305413,0.148743684159912));
#4279=CARTESIAN_POINT('',(-0.0910128296643219,0.0134603841963,0.146049699228824));
#4280=CARTESIAN_POINT('',(-0.0909020654197807,0.0141709033733884,0.144654283766323));
#4281=CARTESIAN_POINT('',(-0.0909020654197806,-0.0141709033733883,0.144654283766323));
#4282=CARTESIAN_POINT('',(-0.0909020654197807,0.0141709033733884,0.144654283766323));
#4283=CARTESIAN_POINT('',(-0.0909020654197807,-0.0141709033733884,0.144654283766323));
#4284=CARTESIAN_POINT('',(-0.0906383115061393,-0.0158628050737118,0.142401108744948));
#4285=CARTESIAN_POINT('',(-0.0902516327048108,-0.0179084307603805,0.138742909885459));
#4286=CARTESIAN_POINT('',(-0.0898225062275309,-0.0199129420236107,0.133438357647964));
#4287=CARTESIAN_POINT('',(-0.0895672232558238,-0.0210238361515785,0.129392507322356));
#4288=CARTESIAN_POINT('',(-0.089386201642015,-0.0217765635646667,0.125268909192909));
#4289=CARTESIAN_POINT('',(-0.0892899219859859,-0.0221655200091479,0.12105690081076));
#4290=CARTESIAN_POINT('',(-0.089291529345767,-0.0221594727978303,0.116802571605746));
#4291=CARTESIAN_POINT('',(-0.0894293766705938,-0.0216001708111241,0.111237046488688));
#4292=CARTESIAN_POINT('',(-0.0897885918986579,-0.0201072459830243,0.105718850396973));
#4293=CARTESIAN_POINT('',(-0.0903211110024053,-0.0175446962522299,0.100731937718574));
#4294=CARTESIAN_POINT('',(-0.0907813417311081,-0.0150137761571433,0.0973053972512152));
#4295=CARTESIAN_POINT('',(-0.0911657133464724,-0.0124543708566094,0.0949081424111302));
#4296=CARTESIAN_POINT('',(-0.0914485490969712,-0.0101126327407833,0.0932986397742323));
#4297=CARTESIAN_POINT('',(-0.0916339495797236,-0.00827089122580854,0.0922983509211728));
#4298=CARTESIAN_POINT('',(-0.0917891960493589,-0.00633208625206486,0.0914946118972455));
#4299=CARTESIAN_POINT('',(-0.0919483479996286,-0.00358631300999253,0.0906971036918335));
#4300=CARTESIAN_POINT('',(-0.0920330095812325,-8.47473224747825E-5,0.0902896748733263));
#4301=CARTESIAN_POINT('',(-0.0919363759543898,0.00419234735591642,0.0907548413904602));
#4302=CARTESIAN_POINT('',(-0.091566943405813,0.00956509526483139,0.0926094449928855));
#4303=CARTESIAN_POINT('',(-0.0907838406440685,0.0152726131634442,0.0969966357839302));
#4304=CARTESIAN_POINT('',(-0.0900302223375267,0.0189849948761653,0.103105142492711));
#4305=CARTESIAN_POINT('',(-0.0896126286147376,0.0208338213913698,0.108394976930369));
#4306=CARTESIAN_POINT('',(-0.0893254311844931,0.0220299531042745,0.113968020188383));
#4307=CARTESIAN_POINT('',(-0.0892576071672374,0.0222948848086233,0.119554053703641));
#4308=CARTESIAN_POINT('',(-0.0893841130516155,0.0217853246644135,0.125218104206572));
#4309=CARTESIAN_POINT('',(-0.089565844002821,0.0210297147234864,0.129367993699365));
#4310=CARTESIAN_POINT('',(-0.0898211739500774,0.0199188520076408,0.133419687912819));
#4311=CARTESIAN_POINT('',(-0.0902494839121946,0.017919314029219,0.138720786964305));
#4312=CARTESIAN_POINT('',(-0.0906381387369942,0.0158639133355999,0.142399632827049));
#4313=CARTESIAN_POINT('',(-0.0909020654197807,0.0141709033733884,0.144654283766323));
#4314=CARTESIAN_POINT('',(-0.0141709033733885,0.0909020654197807,0.144654283766323));
#4315=CARTESIAN_POINT('',(-0.013459888584886,0.0910129069261688,0.146050672578809));
#4316=CARTESIAN_POINT('',(-0.0118276793460761,0.091250687722205,0.148771035466171));
#4317=CARTESIAN_POINT('',(-0.00869938771520487,0.0916101863153347,0.152337726660544));
#4318=CARTESIAN_POINT('',(-0.00474376541854963,0.0919131760659373,0.155054265587674));
#4319=CARTESIAN_POINT('',(1.26624912219299E-5,0.0920435809461465,0.156157627570281));
#4320=CARTESIAN_POINT('',(0.00475331413919299,0.0919124968669753,0.1550483033859));
#4321=CARTESIAN_POINT('',(0.00871381435815299,0.0916089866231623,0.152327107045317));
#4322=CARTESIAN_POINT('',(0.0118458002305413,0.0912481792850437,0.148743684159912));
#4323=CARTESIAN_POINT('',(0.0134603841963001,0.0910128296643219,0.146049699228824));
#4324=CARTESIAN_POINT('',(0.0141709033733885,0.0909020654197807,0.144654283766323));
#4325=CARTESIAN_POINT('',(-0.0141709033733884,0.0909020654197807,0.144654283766323));
#4326=CARTESIAN_POINT('',(0.0141709033733884,0.0909020654197807,0.144654283766323));
#4327=CARTESIAN_POINT('',(-0.0141709033733884,0.0909020654197807,0.144654283766323));
#4328=CARTESIAN_POINT('',(-0.0158628050737118,0.0906383115061393,0.142401108744948));
#4329=CARTESIAN_POINT('',(-0.0179084307603805,0.0902516327048109,0.138742909885459));
#4330=CARTESIAN_POINT('',(-0.0199129420236107,0.0898225062275309,0.133438357647963));
#4331=CARTESIAN_POINT('',(-0.0210238361515785,0.0895672232558238,0.129392507322356));
#4332=CARTESIAN_POINT('',(-0.0217765635646667,0.0893862016420149,0.125268909192909));
#4333=CARTESIAN_POINT('',(-0.022165520009148,0.089289921985986,0.12105690081076));
#4334=CARTESIAN_POINT('',(-0.0221594727978303,0.089291529345767,0.116802571605746));
#4335=CARTESIAN_POINT('',(-0.0216001708111242,0.0894293766705938,0.111237046488688));
#4336=CARTESIAN_POINT('',(-0.0201072459830243,0.0897885918986579,0.105718850396973));
#4337=CARTESIAN_POINT('',(-0.0175446962522299,0.0903211110024053,0.100731937718574));
#4338=CARTESIAN_POINT('',(-0.0150137761571433,0.0907813417311081,0.0973053972512151));
#4339=CARTESIAN_POINT('',(-0.0124543708566094,0.0911657133464724,0.0949081424111302));
#4340=CARTESIAN_POINT('',(-0.0101126327407833,0.0914485490969712,0.0932986397742322));
#4341=CARTESIAN_POINT('',(-0.00827089122580855,0.0916339495797236,0.0922983509211728));
#4342=CARTESIAN_POINT('',(-0.00633208625206486,0.0917891960493589,0.0914946118972455));
#4343=CARTESIAN_POINT('',(-0.00358631300999253,0.0919483479996286,0.0906971036918335));
#4344=CARTESIAN_POINT('',(-8.4747322474808E-5,0.0920330095812325,0.0902896748733263));
#4345=CARTESIAN_POINT('',(0.00419234735591643,0.0919363759543898,0.0907548413904601));
#4346=CARTESIAN_POINT('',(0.00956509526483138,0.0915669434058129,0.0926094449928855));
#4347=CARTESIAN_POINT('',(0.0152726131634442,0.0907838406440685,0.0969966357839302));
#4348=CARTESIAN_POINT('',(0.0189849948761653,0.0900302223375267,0.103105142492711));
#4349=CARTESIAN_POINT('',(0.0208338213913698,0.0896126286147376,0.108394976930369));
#4350=CARTESIAN_POINT('',(0.0220299531042746,0.0893254311844931,0.113968020188384));
#4351=CARTESIAN_POINT('',(0.0222948848086233,0.0892576071672374,0.119554053703641));
#4352=CARTESIAN_POINT('',(0.0217853246644135,0.0893841130516155,0.125218104206572));
#4353=CARTESIAN_POINT('',(0.0210297147234864,0.089565844002821,0.129367993699365));
#4354=CARTESIAN_POINT('',(0.0199188520076408,0.0898211739500774,0.133419687912819));
#4355=CARTESIAN_POINT('',(0.017919314029219,0.0902494839121947,0.138720786964305));
#4356=CARTESIAN_POINT('',(0.0158639133355999,0.0906381387369942,0.142399632827049));
#4357=CARTESIAN_POINT('',(0.0141709033733884,0.0909020654197807,0.144654283766323));
#4358=CARTESIAN_POINT('',(0.0141709033733885,-0.0909020654197807,0.144654283766323));
#4359=CARTESIAN_POINT('',(0.013459888584886,-0.0910129069261688,0.146050672578809));
#4360=CARTESIAN_POINT('',(0.0118276793460761,-0.091250687722205,0.148771035466171));
#4361=CARTESIAN_POINT('',(0.00869938771520487,-0.0916101863153347,0.152337726660544));
#4362=CARTESIAN_POINT('',(0.00474376541854963,-0.0919131760659373,0.155054265587674));
#4363=CARTESIAN_POINT('',(-1.26624912219299E-5,-0.0920435809461465,0.156157627570281));
#4364=CARTESIAN_POINT('',(-0.00475331413919299,-0.0919124968669753,0.1550483033859));
#4365=CARTESIAN_POINT('',(-0.00871381435815299,-0.0916089866231623,0.152327107045317));
#4366=CARTESIAN_POINT('',(-0.0118458002305413,-0.0912481792850437,0.148743684159912));
#4367=CARTESIAN_POINT('',(-0.0134603841963001,-0.0910128296643219,0.146049699228824));
#4368=CARTESIAN_POINT('',(-0.0141709033733885,-0.0909020654197807,0.144654283766323));
#4369=CARTESIAN_POINT('',(0.0141709033733884,-0.0909020654197807,0.144654283766323));
#4370=CARTESIAN_POINT('',(-0.0141709033733884,-0.0909020654197807,0.144654283766323));
#4371=CARTESIAN_POINT('',(0.0141709033733884,-0.0909020654197807,0.144654283766323));
#4372=CARTESIAN_POINT('',(0.0158628050737118,-0.0906383115061393,0.142401108744948));
#4373=CARTESIAN_POINT('',(0.0179084307603805,-0.0902516327048108,0.138742909885459));
#4374=CARTESIAN_POINT('',(0.0199129420236107,-0.0898225062275309,0.133438357647963));
#4375=CARTESIAN_POINT('',(0.0210238361515785,-0.0895672232558238,0.129392507322356));
#4376=CARTESIAN_POINT('',(0.0217765635646667,-0.0893862016420149,0.125268909192909));
#4377=CARTESIAN_POINT('',(0.022165520009148,-0.089289921985986,0.12105690081076));
#4378=CARTESIAN_POINT('',(0.0221594727978303,-0.089291529345767,0.116802571605746));
#4379=CARTESIAN_POINT('',(0.0216001708111241,-0.0894293766705938,0.111237046488688));
#4380=CARTESIAN_POINT('',(0.0201072459830243,-0.0897885918986578,0.105718850396973));
#4381=CARTESIAN_POINT('',(0.0175446962522299,-0.0903211110024054,0.100731937718574));
#4382=CARTESIAN_POINT('',(0.0150137761571433,-0.0907813417311081,0.0973053972512152));
#4383=CARTESIAN_POINT('',(0.0124543708566094,-0.0911657133464724,0.0949081424111302));
#4384=CARTESIAN_POINT('',(0.0101126327407833,-0.0914485490969713,0.0932986397742322));
#4385=CARTESIAN_POINT('',(0.00827089122580854,-0.0916339495797235,0.0922983509211727));
#4386=CARTESIAN_POINT('',(0.00633208625206488,-0.0917891960493589,0.0914946118972455));
#4387=CARTESIAN_POINT('',(0.0035863130099925,-0.0919483479996286,0.0906971036918335));
#4388=CARTESIAN_POINT('',(8.47473224747642E-5,-0.0920330095812325,0.0902896748733263));
#4389=CARTESIAN_POINT('',(-0.0041923473559164,-0.0919363759543898,0.0907548413904601));
#4390=CARTESIAN_POINT('',(-0.00956509526483135,-0.091566943405813,0.0926094449928855));
#4391=CARTESIAN_POINT('',(-0.0152726131634443,-0.0907838406440685,0.0969966357839303));
#4392=CARTESIAN_POINT('',(-0.0189849948761653,-0.0900302223375267,0.103105142492711));
#4393=CARTESIAN_POINT('',(-0.0208338213913698,-0.0896126286147376,0.108394976930369));
#4394=CARTESIAN_POINT('',(-0.0220299531042745,-0.0893254311844931,0.113968020188383));
#4395=CARTESIAN_POINT('',(-0.0222948848086233,-0.0892576071672374,0.119554053703641));
#4396=CARTESIAN_POINT('',(-0.0217853246644135,-0.0893841130516155,0.125218104206571));
#4397=CARTESIAN_POINT('',(-0.0210297147234864,-0.089565844002821,0.129367993699365));
#4398=CARTESIAN_POINT('',(-0.0199188520076408,-0.0898211739500774,0.133419687912819));
#4399=CARTESIAN_POINT('',(-0.017919314029219,-0.0902494839121946,0.138720786964305));
#4400=CARTESIAN_POINT('',(-0.0158639133355999,-0.0906381387369942,0.142399632827049));
#4401=CARTESIAN_POINT('',(-0.0141709033733884,-0.0909020654197807,0.144654283766323));
#4402=CARTESIAN_POINT('',(0.,0.,0.034));
#4403=CARTESIAN_POINT('',(-0.092,0.,0.034));
#4404=CARTESIAN_POINT('',(0.0728319984622144,0.0728319984622144,0.2));
#4405=CARTESIAN_POINT('',(0.0777309779477808,0.067933018976648,0.2));
#4406=CARTESIAN_POINT('',(0.0777309779477808,0.067933018976648,0.2));
#4407=CARTESIAN_POINT('',(0.0777309779477808,0.067933018976648,0.18));
#4408=CARTESIAN_POINT('',(0.0728319984622144,0.0728319984622144,0.2));
#4409=CARTESIAN_POINT('',(0.0777817459305202,0.0678822509939086,0.2));
#4410=CARTESIAN_POINT('',(0.0777817459305202,0.0678822509939086,0.2));
#4411=CARTESIAN_POINT('',(0.0777817459305202,0.0678822509939086,0.));
#4412=CARTESIAN_POINT('',(0.0728319984622144,0.0728319984622144,0.));
#4413=CARTESIAN_POINT('',(0.0777309779477808,0.067933018976648,0.));
#4414=CARTESIAN_POINT('',(0.0777309779477808,0.067933018976648,0.02));
#4415=CARTESIAN_POINT('',(0.0777309779477808,0.067933018976648,0.02));
#4416=CARTESIAN_POINT('',(0.0728319984622144,0.0728319984622144,0.02));
#4417=CARTESIAN_POINT('',(0.0753068721963673,0.0703571247280615,0.02));
#4418=CARTESIAN_POINT('',(0.0753068721963673,0.0703571247280615,0.2));
#4419=CARTESIAN_POINT('',(0.0753068721963673,0.0703571247280615,0.18));
#4420=CARTESIAN_POINT('',(0.0728319984622144,0.0728319984622144,0.18));
#4421=CARTESIAN_POINT('',(0.0728319984622144,0.0728319984622144,0.2));
#4422=CARTESIAN_POINT('',(0.067933018976648,0.0777309779477808,0.2));
#4423=CARTESIAN_POINT('',(0.067933018976648,0.0777309779477808,0.18));
#4424=CARTESIAN_POINT('',(0.067933018976648,0.0777309779477808,0.2));
#4425=CARTESIAN_POINT('',(0.0728319984622144,0.0728319984622144,0.18));
#4426=CARTESIAN_POINT('',(0.0703571247280615,0.0753068721963673,0.18));
#4427=CARTESIAN_POINT('',(0.0703571247280615,0.0753068721963673,0.2));
#4428=CARTESIAN_POINT('',(0.0703571247280615,0.0753068721963673,0.02));
#4429=CARTESIAN_POINT('',(0.0728319984622144,0.0728319984622144,0.02));
#4430=CARTESIAN_POINT('',(0.067933018976648,0.0777309779477808,0.02));
#4431=CARTESIAN_POINT('',(0.067933018976648,0.0777309779477808,0.02));
#4432=CARTESIAN_POINT('',(0.067933018976648,0.0777309779477808,0.));
#4433=CARTESIAN_POINT('',(0.0728319984622144,0.0728319984622144,0.));
#4434=CARTESIAN_POINT('',(0.0678822509939086,0.0777817459305202,0.));
#4435=CARTESIAN_POINT('',(0.0678822509939086,0.0777817459305202,0.2));
#4436=CARTESIAN_POINT('',(0.0678822509939086,0.0777817459305202,0.2));
#4437=CARTESIAN_POINT('',(0.0728319984622144,0.0728319984622144,0.2));
#4438=CARTESIAN_POINT('',(-0.0728319984622144,0.0728319984622144,0.2));
#4439=CARTESIAN_POINT('',(-0.067933018976648,0.0777309779477808,0.2));
#4440=CARTESIAN_POINT('',(-0.067933018976648,0.0777309779477808,0.2));
#4441=CARTESIAN_POINT('',(-0.067933018976648,0.0777309779477808,0.18));
#4442=CARTESIAN_POINT('',(-0.0728319984622144,0.0728319984622144,0.2));
#4443=CARTESIAN_POINT('',(-0.0678822509939086,0.0777817459305202,0.2));
#4444=CARTESIAN_POINT('',(-0.0678822509939086,0.0777817459305202,0.2));
#4445=CARTESIAN_POINT('',(-0.0678822509939086,0.0777817459305202,0.));
#4446=CARTESIAN_POINT('',(-0.0728319984622144,0.0728319984622144,0.));
#4447=CARTESIAN_POINT('',(-0.067933018976648,0.0777309779477808,0.));
#4448=CARTESIAN_POINT('',(-0.067933018976648,0.0777309779477808,0.02));
#4449=CARTESIAN_POINT('',(-0.067933018976648,0.0777309779477808,0.02));
#4450=CARTESIAN_POINT('',(-0.0728319984622144,0.0728319984622144,0.02));
#4451=CARTESIAN_POINT('',(-0.0703571247280615,0.0753068721963673,0.02));
#4452=CARTESIAN_POINT('',(-0.0703571247280615,0.0753068721963673,0.2));
#4453=CARTESIAN_POINT('',(-0.0703571247280615,0.0753068721963673,0.18));
#4454=CARTESIAN_POINT('',(-0.0728319984622144,0.0728319984622144,0.18));
#4455=CARTESIAN_POINT('',(-0.0728319984622144,0.0728319984622144,0.2));
#4456=CARTESIAN_POINT('',(-0.0777309779477808,0.067933018976648,0.2));
#4457=CARTESIAN_POINT('',(-0.0777309779477808,0.067933018976648,0.18));
#4458=CARTESIAN_POINT('',(-0.0777309779477808,0.067933018976648,0.2));
#4459=CARTESIAN_POINT('',(-0.0728319984622144,0.0728319984622144,0.18));
#4460=CARTESIAN_POINT('',(-0.0753068721963673,0.0703571247280615,0.18));
#4461=CARTESIAN_POINT('',(-0.0753068721963673,0.0703571247280615,0.2));
#4462=CARTESIAN_POINT('',(-0.0753068721963673,0.0703571247280615,0.02));
#4463=CARTESIAN_POINT('',(-0.0728319984622144,0.0728319984622144,0.02));
#4464=CARTESIAN_POINT('',(-0.0777309779477808,0.067933018976648,0.02));
#4465=CARTESIAN_POINT('',(-0.0777309779477808,0.067933018976648,0.02));
#4466=CARTESIAN_POINT('',(-0.0777309779477808,0.067933018976648,0.));
#4467=CARTESIAN_POINT('',(-0.0728319984622144,0.0728319984622144,0.));
#4468=CARTESIAN_POINT('',(-0.0777817459305202,0.0678822509939086,0.));
#4469=CARTESIAN_POINT('',(-0.0777817459305202,0.0678822509939086,0.2));
#4470=CARTESIAN_POINT('',(-0.0777817459305202,0.0678822509939086,0.2));
#4471=CARTESIAN_POINT('',(-0.0728319984622144,0.0728319984622144,0.2));
#4472=CARTESIAN_POINT('',(-0.0728319984622144,-0.0728319984622144,0.2));
#4473=CARTESIAN_POINT('',(-0.0777309779477808,-0.067933018976648,0.2));
#4474=CARTESIAN_POINT('',(-0.0777309779477808,-0.067933018976648,0.2));
#4475=CARTESIAN_POINT('',(-0.0777309779477808,-0.067933018976648,0.18));
#4476=CARTESIAN_POINT('',(-0.0728319984622144,-0.0728319984622144,0.2));
#4477=CARTESIAN_POINT('',(-0.0777817459305202,-0.0678822509939086,0.2));
#4478=CARTESIAN_POINT('',(-0.0777817459305202,-0.0678822509939086,0.2));
#4479=CARTESIAN_POINT('',(-0.0777817459305202,-0.0678822509939086,0.));
#4480=CARTESIAN_POINT('',(-0.0728319984622144,-0.0728319984622144,0.));
#4481=CARTESIAN_POINT('',(-0.0777309779477808,-0.067933018976648,0.));
#4482=CARTESIAN_POINT('',(-0.0777309779477808,-0.067933018976648,0.02));
#4483=CARTESIAN_POINT('',(-0.0777309779477808,-0.067933018976648,0.02));
#4484=CARTESIAN_POINT('',(-0.0728319984622144,-0.0728319984622144,0.02));
#4485=CARTESIAN_POINT('',(-0.0753068721963673,-0.0703571247280615,0.02));
#4486=CARTESIAN_POINT('',(-0.0753068721963673,-0.0703571247280615,0.2));
#4487=CARTESIAN_POINT('',(-0.0753068721963673,-0.0703571247280615,0.18));
#4488=CARTESIAN_POINT('',(-0.0728319984622144,-0.0728319984622144,0.18));
#4489=CARTESIAN_POINT('',(-0.0728319984622144,-0.0728319984622144,0.2));
#4490=CARTESIAN_POINT('',(-0.067933018976648,-0.0777309779477808,0.2));
#4491=CARTESIAN_POINT('',(-0.067933018976648,-0.0777309779477808,0.18));
#4492=CARTESIAN_POINT('',(-0.067933018976648,-0.0777309779477808,0.2));
#4493=CARTESIAN_POINT('',(-0.0728319984622144,-0.0728319984622144,0.18));
#4494=CARTESIAN_POINT('',(-0.0703571247280615,-0.0753068721963673,0.18));
#4495=CARTESIAN_POINT('',(-0.0703571247280615,-0.0753068721963673,0.2));
#4496=CARTESIAN_POINT('',(-0.0703571247280615,-0.0753068721963673,0.02));
#4497=CARTESIAN_POINT('',(-0.0728319984622144,-0.0728319984622144,0.02));
#4498=CARTESIAN_POINT('',(-0.067933018976648,-0.0777309779477808,0.02));
#4499=CARTESIAN_POINT('',(-0.067933018976648,-0.0777309779477808,0.02));
#4500=CARTESIAN_POINT('',(-0.067933018976648,-0.0777309779477808,0.));
#4501=CARTESIAN_POINT('',(-0.0728319984622144,-0.0728319984622144,0.));
#4502=CARTESIAN_POINT('',(-0.0678822509939086,-0.0777817459305202,0.));
#4503=CARTESIAN_POINT('',(-0.0678822509939086,-0.0777817459305202,0.2));
#4504=CARTESIAN_POINT('',(-0.0678822509939086,-0.0777817459305202,0.2));
#4505=CARTESIAN_POINT('',(-0.0728319984622144,-0.0728319984622144,0.2));
#4506=CARTESIAN_POINT('',(0.0728319984622144,-0.0728319984622144,0.2));
#4507=CARTESIAN_POINT('',(0.067933018976648,-0.0777309779477808,0.2));
#4508=CARTESIAN_POINT('',(0.067933018976648,-0.0777309779477808,0.2));
#4509=CARTESIAN_POINT('',(0.067933018976648,-0.0777309779477808,0.18));
#4510=CARTESIAN_POINT('',(0.0728319984622144,-0.0728319984622144,0.2));
#4511=CARTESIAN_POINT('',(0.0678822509939085,-0.0777817459305202,0.2));
#4512=CARTESIAN_POINT('',(0.0678822509939085,-0.0777817459305202,0.2));
#4513=CARTESIAN_POINT('',(0.0678822509939085,-0.0777817459305202,0.));
#4514=CARTESIAN_POINT('',(0.0728319984622144,-0.0728319984622144,0.));
#4515=CARTESIAN_POINT('',(0.067933018976648,-0.0777309779477808,0.));
#4516=CARTESIAN_POINT('',(0.067933018976648,-0.0777309779477808,0.02));
#4517=CARTESIAN_POINT('',(0.067933018976648,-0.0777309779477808,0.02));
#4518=CARTESIAN_POINT('',(0.0728319984622144,-0.0728319984622144,0.02));
#4519=CARTESIAN_POINT('',(0.0703571247280615,-0.0753068721963673,0.02));
#4520=CARTESIAN_POINT('',(0.0703571247280615,-0.0753068721963673,0.2));
#4521=CARTESIAN_POINT('',(0.0703571247280615,-0.0753068721963673,0.18));
#4522=CARTESIAN_POINT('',(0.0728319984622144,-0.0728319984622144,0.18));
#4523=CARTESIAN_POINT('',(0.0728319984622144,-0.0728319984622144,0.2));
#4524=CARTESIAN_POINT('',(0.0777309779477807,-0.067933018976648,0.2));
#4525=CARTESIAN_POINT('',(0.0777309779477807,-0.067933018976648,0.18));
#4526=CARTESIAN_POINT('',(0.0777309779477807,-0.067933018976648,0.2));
#4527=CARTESIAN_POINT('',(0.0728319984622144,-0.0728319984622144,0.18));
#4528=CARTESIAN_POINT('',(0.0753068721963673,-0.0703571247280615,0.18));
#4529=CARTESIAN_POINT('',(0.0753068721963673,-0.0703571247280615,0.2));
#4530=CARTESIAN_POINT('',(0.0753068721963673,-0.0703571247280615,0.02));
#4531=CARTESIAN_POINT('',(0.0728319984622144,-0.0728319984622144,0.02));
#4532=CARTESIAN_POINT('',(0.0777309779477807,-0.067933018976648,0.02));
#4533=CARTESIAN_POINT('',(0.0777309779477807,-0.067933018976648,0.02));
#4534=CARTESIAN_POINT('',(0.0777309779477807,-0.067933018976648,0.));
#4535=CARTESIAN_POINT('',(0.0728319984622144,-0.0728319984622144,0.));
#4536=CARTESIAN_POINT('',(0.0777817459305202,-0.0678822509939086,0.));
#4537=CARTESIAN_POINT('',(0.0777817459305202,-0.0678822509939086,0.2));
#4538=CARTESIAN_POINT('',(0.0777817459305202,-0.0678822509939086,0.2));
#4539=CARTESIAN_POINT('',(0.0728319984622144,-0.0728319984622144,0.2));
#4540=CARTESIAN_POINT('',(0.0747765421104774,0.0648770471738658,0.2));
#4541=CARTESIAN_POINT('',(0.0776919315932999,0.0677924366566882,0.2));
#4542=CARTESIAN_POINT('',(0.0776919315932999,0.0677924366566882,0.18));
#4543=CARTESIAN_POINT('',(0.0776919315932999,0.0677924366566882,0.2));
#4544=CARTESIAN_POINT('',(0.0747765421104774,0.0648770471738658,0.18));
#4545=CARTESIAN_POINT('',(0.0722147060182482,0.0623152110816366,0.18));
#4546=CARTESIAN_POINT('',(0.0722147060182482,0.0623152110816366,0.2));
#4547=CARTESIAN_POINT('',(0.0722147060182482,0.0623152110816366,0.2));
#4548=CARTESIAN_POINT('',(0.0747765421104774,0.0648770471738658,0.2));
#4549=CARTESIAN_POINT('',(0.0719422843660827,0.0620427894294711,0.2));
#4550=CARTESIAN_POINT('',(0.0719422843660827,0.0620427894294711,0.1));
#4551=CARTESIAN_POINT('',(0.0719422843660827,0.0620427894294711,0.));
#4552=CARTESIAN_POINT('',(0.0747765421104774,0.0648770471738658,0.));
#4553=CARTESIAN_POINT('',(0.0722147060182482,0.0623152110816366,0.));
#4554=CARTESIAN_POINT('',(0.0722147060182482,0.0623152110816366,0.02));
#4555=CARTESIAN_POINT('',(0.0722147060182482,0.0623152110816366,0.02));
#4556=CARTESIAN_POINT('',(0.0747765421104774,0.0648770471738658,0.02));
#4557=CARTESIAN_POINT('',(0.0776919315932999,0.0677924366566882,0.02));
#4558=CARTESIAN_POINT('',(0.0776919315932999,0.0677924366566882,0.02));
#4559=CARTESIAN_POINT('',(0.0776919315932999,0.0677924366566882,0.));
#4560=CARTESIAN_POINT('',(0.0747765421104774,0.0648770471738658,0.));
#4561=CARTESIAN_POINT('',(0.0747765421104774,0.0648770471738658,0.2));
#4562=CARTESIAN_POINT('',(0.0648770471738658,0.0747765421104774,0.2));
#4563=CARTESIAN_POINT('',(0.0623152110816366,0.0722147060182482,0.2));
#4564=CARTESIAN_POINT('',(0.0623152110816366,0.0722147060182482,0.18));
#4565=CARTESIAN_POINT('',(0.0623152110816366,0.0722147060182482,0.2));
#4566=CARTESIAN_POINT('',(0.0648770471738658,0.0747765421104774,0.18));
#4567=CARTESIAN_POINT('',(0.0677924366566882,0.0776919315932999,0.18));
#4568=CARTESIAN_POINT('',(0.0677924366566882,0.0776919315932999,0.2));
#4569=CARTESIAN_POINT('',(0.0677924366566882,0.0776919315932999,0.2));
#4570=CARTESIAN_POINT('',(0.0648770471738658,0.0747765421104774,0.2));
#4571=CARTESIAN_POINT('',(0.0648770471738658,0.0747765421104774,0.));
#4572=CARTESIAN_POINT('',(0.0677924366566882,0.0776919315932999,0.));
#4573=CARTESIAN_POINT('',(0.0677924366566882,0.0776919315932999,0.02));
#4574=CARTESIAN_POINT('',(0.0677924366566882,0.0776919315932999,0.02));
#4575=CARTESIAN_POINT('',(0.0648770471738658,0.0747765421104774,0.02));
#4576=CARTESIAN_POINT('',(0.0623152110816366,0.0722147060182482,0.02));
#4577=CARTESIAN_POINT('',(0.0623152110816366,0.0722147060182482,0.02));
#4578=CARTESIAN_POINT('',(0.0623152110816366,0.0722147060182482,0.));
#4579=CARTESIAN_POINT('',(0.0648770471738658,0.0747765421104774,0.));
#4580=CARTESIAN_POINT('',(0.0620427894294711,0.0719422843660827,0.));
#4581=CARTESIAN_POINT('',(0.0620427894294711,0.0719422843660827,0.1));
#4582=CARTESIAN_POINT('',(0.0620427894294711,0.0719422843660827,0.2));
#4583=CARTESIAN_POINT('',(0.0648770471738658,0.0747765421104774,0.2));
#4584=CARTESIAN_POINT('',(-0.0648770471738657,0.0747765421104774,0.2));
#4585=CARTESIAN_POINT('',(-0.0677924366566882,0.0776919315932999,0.2));
#4586=CARTESIAN_POINT('',(-0.0677924366566882,0.0776919315932999,0.18));
#4587=CARTESIAN_POINT('',(-0.0677924366566882,0.0776919315932999,0.2));
#4588=CARTESIAN_POINT('',(-0.0648770471738657,0.0747765421104774,0.18));
#4589=CARTESIAN_POINT('',(-0.0623152110816365,0.0722147060182482,0.18));
#4590=CARTESIAN_POINT('',(-0.0623152110816365,0.0722147060182482,0.2));
#4591=CARTESIAN_POINT('',(-0.0623152110816365,0.0722147060182482,0.2));
#4592=CARTESIAN_POINT('',(-0.0648770471738657,0.0747765421104774,0.2));
#4593=CARTESIAN_POINT('',(-0.0620427894294711,0.0719422843660827,0.2));
#4594=CARTESIAN_POINT('',(-0.0620427894294711,0.0719422843660827,0.1));
#4595=CARTESIAN_POINT('',(-0.0620427894294711,0.0719422843660827,0.));
#4596=CARTESIAN_POINT('',(-0.0648770471738657,0.0747765421104774,0.));
#4597=CARTESIAN_POINT('',(-0.0623152110816365,0.0722147060182482,0.));
#4598=CARTESIAN_POINT('',(-0.0623152110816365,0.0722147060182482,0.02));
#4599=CARTESIAN_POINT('',(-0.0623152110816365,0.0722147060182482,0.02));
#4600=CARTESIAN_POINT('',(-0.0648770471738657,0.0747765421104774,0.02));
#4601=CARTESIAN_POINT('',(-0.0677924366566882,0.0776919315932999,0.02));
#4602=CARTESIAN_POINT('',(-0.0677924366566882,0.0776919315932999,0.02));
#4603=CARTESIAN_POINT('',(-0.0677924366566882,0.0776919315932999,0.));
#4604=CARTESIAN_POINT('',(-0.0648770471738657,0.0747765421104774,0.));
#4605=CARTESIAN_POINT('',(-0.0648770471738657,0.0747765421104774,0.2));
#4606=CARTESIAN_POINT('',(-0.0747765421104774,0.0648770471738658,0.2));
#4607=CARTESIAN_POINT('',(-0.0722147060182482,0.0623152110816366,0.2));
#4608=CARTESIAN_POINT('',(-0.0722147060182482,0.0623152110816366,0.18));
#4609=CARTESIAN_POINT('',(-0.0722147060182482,0.0623152110816366,0.2));
#4610=CARTESIAN_POINT('',(-0.0747765421104774,0.0648770471738658,0.18));
#4611=CARTESIAN_POINT('',(-0.0776919315932999,0.0677924366566882,0.18));
#4612=CARTESIAN_POINT('',(-0.0776919315932999,0.0677924366566882,0.2));
#4613=CARTESIAN_POINT('',(-0.0776919315932999,0.0677924366566882,0.2));
#4614=CARTESIAN_POINT('',(-0.0747765421104774,0.0648770471738658,0.2));
#4615=CARTESIAN_POINT('',(-0.0747765421104774,0.0648770471738658,0.));
#4616=CARTESIAN_POINT('',(-0.0776919315932999,0.0677924366566882,0.));
#4617=CARTESIAN_POINT('',(-0.0776919315932999,0.0677924366566882,0.02));
#4618=CARTESIAN_POINT('',(-0.0776919315932999,0.0677924366566882,0.02));
#4619=CARTESIAN_POINT('',(-0.0747765421104774,0.0648770471738658,0.02));
#4620=CARTESIAN_POINT('',(-0.0722147060182482,0.0623152110816366,0.02));
#4621=CARTESIAN_POINT('',(-0.0722147060182482,0.0623152110816366,0.02));
#4622=CARTESIAN_POINT('',(-0.0722147060182482,0.0623152110816366,0.));
#4623=CARTESIAN_POINT('',(-0.0747765421104774,0.0648770471738658,0.));
#4624=CARTESIAN_POINT('',(-0.0719422843660827,0.0620427894294711,0.));
#4625=CARTESIAN_POINT('',(-0.0719422843660827,0.0620427894294711,0.1));
#4626=CARTESIAN_POINT('',(-0.0719422843660827,0.0620427894294711,0.2));
#4627=CARTESIAN_POINT('',(-0.0747765421104774,0.0648770471738658,0.2));
#4628=CARTESIAN_POINT('',(-0.0747765421104774,-0.0648770471738657,0.2));
#4629=CARTESIAN_POINT('',(-0.0776919315932999,-0.0677924366566882,0.2));
#4630=CARTESIAN_POINT('',(-0.0776919315932999,-0.0677924366566882,0.18));
#4631=CARTESIAN_POINT('',(-0.0776919315932999,-0.0677924366566882,0.2));
#4632=CARTESIAN_POINT('',(-0.0747765421104774,-0.0648770471738657,0.18));
#4633=CARTESIAN_POINT('',(-0.0722147060182482,-0.0623152110816366,0.18));
#4634=CARTESIAN_POINT('',(-0.0722147060182482,-0.0623152110816366,0.2));
#4635=CARTESIAN_POINT('',(-0.0722147060182482,-0.0623152110816366,0.2));
#4636=CARTESIAN_POINT('',(-0.0747765421104774,-0.0648770471738657,0.2));
#4637=CARTESIAN_POINT('',(-0.0719422843660827,-0.0620427894294711,0.2));
#4638=CARTESIAN_POINT('',(-0.0719422843660827,-0.0620427894294711,0.1));
#4639=CARTESIAN_POINT('',(-0.0719422843660827,-0.0620427894294711,0.));
#4640=CARTESIAN_POINT('',(-0.0747765421104774,-0.0648770471738657,0.));
#4641=CARTESIAN_POINT('',(-0.0722147060182482,-0.0623152110816366,0.));
#4642=CARTESIAN_POINT('',(-0.0722147060182482,-0.0623152110816366,0.02));
#4643=CARTESIAN_POINT('',(-0.0722147060182482,-0.0623152110816366,0.02));
#4644=CARTESIAN_POINT('',(-0.0747765421104774,-0.0648770471738657,0.02));
#4645=CARTESIAN_POINT('',(-0.0776919315932999,-0.0677924366566882,0.02));
#4646=CARTESIAN_POINT('',(-0.0776919315932999,-0.0677924366566882,0.02));
#4647=CARTESIAN_POINT('',(-0.0776919315932999,-0.0677924366566882,0.));
#4648=CARTESIAN_POINT('',(-0.0747765421104774,-0.0648770471738657,0.));
#4649=CARTESIAN_POINT('',(-0.0747765421104774,-0.0648770471738657,0.2));
#4650=CARTESIAN_POINT('',(-0.0648770471738658,-0.0747765421104774,0.2));
#4651=CARTESIAN_POINT('',(-0.0623152110816366,-0.0722147060182482,0.2));
#4652=CARTESIAN_POINT('',(-0.0623152110816366,-0.0722147060182482,0.18));
#4653=CARTESIAN_POINT('',(-0.0623152110816366,-0.0722147060182482,0.2));
#4654=CARTESIAN_POINT('',(-0.0648770471738658,-0.0747765421104774,0.18));
#4655=CARTESIAN_POINT('',(-0.0677924366566882,-0.0776919315932999,0.18));
#4656=CARTESIAN_POINT('',(-0.0677924366566882,-0.0776919315932999,0.2));
#4657=CARTESIAN_POINT('',(-0.0677924366566882,-0.0776919315932999,0.2));
#4658=CARTESIAN_POINT('',(-0.0648770471738658,-0.0747765421104774,0.2));
#4659=CARTESIAN_POINT('',(-0.0648770471738658,-0.0747765421104774,0.));
#4660=CARTESIAN_POINT('',(-0.0677924366566882,-0.0776919315932999,0.));
#4661=CARTESIAN_POINT('',(-0.0677924366566882,-0.0776919315932999,0.02));
#4662=CARTESIAN_POINT('',(-0.0677924366566882,-0.0776919315932999,0.02));
#4663=CARTESIAN_POINT('',(-0.0648770471738658,-0.0747765421104774,0.02));
#4664=CARTESIAN_POINT('',(-0.0623152110816366,-0.0722147060182482,0.02));
#4665=CARTESIAN_POINT('',(-0.0623152110816366,-0.0722147060182482,0.02));
#4666=CARTESIAN_POINT('',(-0.0623152110816366,-0.0722147060182482,0.));
#4667=CARTESIAN_POINT('',(-0.0648770471738658,-0.0747765421104774,0.));
#4668=CARTESIAN_POINT('',(-0.0620427894294711,-0.0719422843660827,0.));
#4669=CARTESIAN_POINT('',(-0.0620427894294711,-0.0719422843660827,0.1));
#4670=CARTESIAN_POINT('',(-0.0620427894294711,-0.0719422843660827,0.2));
#4671=CARTESIAN_POINT('',(-0.0648770471738658,-0.0747765421104774,0.2));
#4672=CARTESIAN_POINT('',(0.0648770471738657,-0.0747765421104774,0.2));
#4673=CARTESIAN_POINT('',(0.0677924366566882,-0.0776919315932999,0.2));
#4674=CARTESIAN_POINT('',(0.0677924366566882,-0.0776919315932999,0.18));
#4675=CARTESIAN_POINT('',(0.0677924366566882,-0.0776919315932999,0.2));
#4676=CARTESIAN_POINT('',(0.0648770471738657,-0.0747765421104774,0.18));
#4677=CARTESIAN_POINT('',(0.0623152110816365,-0.0722147060182482,0.18));
#4678=CARTESIAN_POINT('',(0.0623152110816365,-0.0722147060182482,0.2));
#4679=CARTESIAN_POINT('',(0.0623152110816365,-0.0722147060182482,0.2));
#4680=CARTESIAN_POINT('',(0.0648770471738657,-0.0747765421104774,0.2));
#4681=CARTESIAN_POINT('',(0.0620427894294711,-0.0719422843660827,0.2));
#4682=CARTESIAN_POINT('',(0.0620427894294711,-0.0719422843660827,0.1));
#4683=CARTESIAN_POINT('',(0.0620427894294711,-0.0719422843660827,0.));
#4684=CARTESIAN_POINT('',(0.0648770471738657,-0.0747765421104774,0.));
#4685=CARTESIAN_POINT('',(0.0623152110816365,-0.0722147060182482,0.));
#4686=CARTESIAN_POINT('',(0.0623152110816365,-0.0722147060182482,0.02));
#4687=CARTESIAN_POINT('',(0.0623152110816365,-0.0722147060182482,0.02));
#4688=CARTESIAN_POINT('',(0.0648770471738657,-0.0747765421104774,0.02));
#4689=CARTESIAN_POINT('',(0.0677924366566882,-0.0776919315932999,0.02));
#4690=CARTESIAN_POINT('',(0.0677924366566882,-0.0776919315932999,0.02));
#4691=CARTESIAN_POINT('',(0.0677924366566882,-0.0776919315932999,0.));
#4692=CARTESIAN_POINT('',(0.0648770471738657,-0.0747765421104774,0.));
#4693=CARTESIAN_POINT('',(0.0648770471738657,-0.0747765421104774,0.2));
#4694=CARTESIAN_POINT('',(0.0747765421104774,-0.0648770471738658,0.2));
#4695=CARTESIAN_POINT('',(0.0722147060182482,-0.0623152110816366,0.2));
#4696=CARTESIAN_POINT('',(0.0722147060182482,-0.0623152110816366,0.18));
#4697=CARTESIAN_POINT('',(0.0722147060182482,-0.0623152110816366,0.2));
#4698=CARTESIAN_POINT('',(0.0747765421104774,-0.0648770471738658,0.18));
#4699=CARTESIAN_POINT('',(0.0776919315932999,-0.0677924366566882,0.18));
#4700=CARTESIAN_POINT('',(0.0776919315932999,-0.0677924366566882,0.2));
#4701=CARTESIAN_POINT('',(0.0776919315932999,-0.0677924366566882,0.2));
#4702=CARTESIAN_POINT('',(0.0747765421104774,-0.0648770471738658,0.2));
#4703=CARTESIAN_POINT('',(0.0747765421104774,-0.0648770471738658,0.));
#4704=CARTESIAN_POINT('',(0.0776919315932999,-0.0677924366566882,0.));
#4705=CARTESIAN_POINT('',(0.0776919315932999,-0.0677924366566882,0.02));
#4706=CARTESIAN_POINT('',(0.0776919315932999,-0.0677924366566882,0.02));
#4707=CARTESIAN_POINT('',(0.0747765421104774,-0.0648770471738658,0.02));
#4708=CARTESIAN_POINT('',(0.0722147060182482,-0.0623152110816366,0.02));
#4709=CARTESIAN_POINT('',(0.0722147060182482,-0.0623152110816366,0.02));
#4710=CARTESIAN_POINT('',(0.0722147060182482,-0.0623152110816366,0.));
#4711=CARTESIAN_POINT('',(0.0747765421104774,-0.0648770471738658,0.));
#4712=CARTESIAN_POINT('',(0.0719422843660827,-0.0620427894294711,0.));
#4713=CARTESIAN_POINT('',(0.0719422843660827,-0.0620427894294711,0.1));
#4714=CARTESIAN_POINT('',(0.0719422843660827,-0.0620427894294711,0.2));
#4715=CARTESIAN_POINT('',(0.0747765421104774,-0.0648770471738658,0.2));
#4716=CARTESIAN_POINT('',(0.0677054742986119,-0.0677054742986119,0.336290894491495));
#4717=CARTESIAN_POINT('',(0.0677054742986119,-0.0677054742986119,0.18));
#4718=CARTESIAN_POINT('',(0.0701803480327648,-0.065230600564459,0.18));
#4719=CARTESIAN_POINT('',(0.0677054742986119,-0.0677054742986119,0.18));
#4720=CARTESIAN_POINT('',(0.0677054742986119,-0.0677054742986119,0.18));
#4721=CARTESIAN_POINT('',(0.065230600564459,-0.0701803480327649,0.18));
#4722=CARTESIAN_POINT('',(0.065230600564459,-0.0701803480327649,0.336290894491495));
#4723=CARTESIAN_POINT('',(0.065230600564459,-0.0701803480327649,0.02));
#4724=CARTESIAN_POINT('',(0.0677054742986119,-0.0677054742986119,0.02));
#4725=CARTESIAN_POINT('',(0.0677054742986119,-0.0677054742986119,0.02));
#4726=CARTESIAN_POINT('',(0.0677054742986119,-0.0677054742986119,0.02));
#4727=CARTESIAN_POINT('',(0.0701803480327648,-0.065230600564459,0.02));
#4728=CARTESIAN_POINT('',(0.0701803480327648,-0.065230600564459,0.336290894491495));
#4729=CARTESIAN_POINT('',(0.0681474160368535,-0.0730971635051594,0.336290894491495));
#4730=CARTESIAN_POINT('',(0.0681474160368535,-0.0730971635051594,0.18));
#4731=CARTESIAN_POINT('',(0.0681474160368535,-0.0730971635051594,0.02));
#4732=CARTESIAN_POINT('',(0.0730971635051594,-0.0681474160368535,0.336290894491495));
#4733=CARTESIAN_POINT('',(0.0730971635051594,-0.0681474160368535,0.18));
#4734=CARTESIAN_POINT('',(0.0730971635051594,-0.0681474160368535,0.02));
#4735=CARTESIAN_POINT('',(-0.0677054742986119,-0.0677054742986119,0.336290894491495));
#4736=CARTESIAN_POINT('',(-0.0677054742986119,-0.0677054742986119,0.18));
#4737=CARTESIAN_POINT('',(-0.065230600564459,-0.0701803480327648,0.18));
#4738=CARTESIAN_POINT('',(-0.0677054742986119,-0.0677054742986119,0.18));
#4739=CARTESIAN_POINT('',(-0.0677054742986119,-0.0677054742986119,0.18));
#4740=CARTESIAN_POINT('',(-0.0701803480327649,-0.065230600564459,0.18));
#4741=CARTESIAN_POINT('',(-0.0701803480327649,-0.065230600564459,0.336290894491495));
#4742=CARTESIAN_POINT('',(-0.0701803480327649,-0.065230600564459,0.02));
#4743=CARTESIAN_POINT('',(-0.0677054742986119,-0.0677054742986119,0.02));
#4744=CARTESIAN_POINT('',(-0.0677054742986119,-0.0677054742986119,0.02));
#4745=CARTESIAN_POINT('',(-0.0677054742986119,-0.0677054742986119,0.02));
#4746=CARTESIAN_POINT('',(-0.065230600564459,-0.0701803480327648,0.02));
#4747=CARTESIAN_POINT('',(-0.065230600564459,-0.0701803480327648,0.336290894491495));
#4748=CARTESIAN_POINT('',(-0.0730971635051594,-0.0681474160368535,0.336290894491495));
#4749=CARTESIAN_POINT('',(-0.0730971635051594,-0.0681474160368535,0.18));
#4750=CARTESIAN_POINT('',(-0.0730971635051594,-0.0681474160368535,0.02));
#4751=CARTESIAN_POINT('',(-0.0681474160368535,-0.0730971635051594,0.336290894491495));
#4752=CARTESIAN_POINT('',(-0.0681474160368535,-0.0730971635051594,0.18));
#4753=CARTESIAN_POINT('',(-0.0681474160368535,-0.0730971635051594,0.02));
#4754=CARTESIAN_POINT('',(-0.0677054742986119,0.0677054742986119,0.336290894491495));
#4755=CARTESIAN_POINT('',(-0.0677054742986119,0.0677054742986119,0.18));
#4756=CARTESIAN_POINT('',(-0.0701803480327648,0.065230600564459,0.18));
#4757=CARTESIAN_POINT('',(-0.0677054742986119,0.0677054742986119,0.18));
#4758=CARTESIAN_POINT('',(-0.0677054742986119,0.0677054742986119,0.18));
#4759=CARTESIAN_POINT('',(-0.065230600564459,0.0701803480327649,0.18));
#4760=CARTESIAN_POINT('',(-0.065230600564459,0.0701803480327649,0.336290894491495));
#4761=CARTESIAN_POINT('',(-0.065230600564459,0.0701803480327649,0.02));
#4762=CARTESIAN_POINT('',(-0.0677054742986119,0.0677054742986119,0.02));
#4763=CARTESIAN_POINT('',(-0.0677054742986119,0.0677054742986119,0.02));
#4764=CARTESIAN_POINT('',(-0.0677054742986119,0.0677054742986119,0.02));
#4765=CARTESIAN_POINT('',(-0.0701803480327649,0.065230600564459,0.02));
#4766=CARTESIAN_POINT('',(-0.0701803480327648,0.065230600564459,0.336290894491495));
#4767=CARTESIAN_POINT('',(-0.0681474160368535,0.0730971635051594,0.336290894491495));
#4768=CARTESIAN_POINT('',(-0.0681474160368535,0.0730971635051594,0.18));
#4769=CARTESIAN_POINT('',(-0.0681474160368535,0.0730971635051594,0.02));
#4770=CARTESIAN_POINT('',(-0.0730971635051594,0.0681474160368535,0.336290894491495));
#4771=CARTESIAN_POINT('',(-0.0730971635051594,0.0681474160368535,0.18));
#4772=CARTESIAN_POINT('',(-0.0730971635051594,0.0681474160368535,0.02));
#4773=CARTESIAN_POINT('',(0.0677054742986119,0.0677054742986119,0.336290894491495));
#4774=CARTESIAN_POINT('',(0.0677054742986119,0.0677054742986119,0.18));
#4775=CARTESIAN_POINT('',(0.065230600564459,0.0701803480327649,0.18));
#4776=CARTESIAN_POINT('',(0.0677054742986119,0.0677054742986119,0.18));
#4777=CARTESIAN_POINT('',(0.0677054742986119,0.0677054742986119,0.18));
#4778=CARTESIAN_POINT('',(0.0701803480327649,0.065230600564459,0.18));
#4779=CARTESIAN_POINT('',(0.0701803480327649,0.065230600564459,0.336290894491495));
#4780=CARTESIAN_POINT('',(0.0701803480327649,0.065230600564459,0.02));
#4781=CARTESIAN_POINT('',(0.0677054742986119,0.0677054742986119,0.02));
#4782=CARTESIAN_POINT('',(0.0677054742986119,0.0677054742986119,0.02));
#4783=CARTESIAN_POINT('',(0.0677054742986119,0.0677054742986119,0.02));
#4784=CARTESIAN_POINT('',(0.065230600564459,0.0701803480327649,0.02));
#4785=CARTESIAN_POINT('',(0.065230600564459,0.0701803480327649,0.336290894491495));
#4786=CARTESIAN_POINT('',(0.0730971635051594,0.0681474160368535,0.336290894491495));
#4787=CARTESIAN_POINT('',(0.0730971635051594,0.0681474160368535,0.18));
#4788=CARTESIAN_POINT('',(0.0730971635051594,0.0681474160368535,0.02));
#4789=CARTESIAN_POINT('',(0.0681474160368535,0.0730971635051594,0.336290894491495));
#4790=CARTESIAN_POINT('',(0.0681474160368535,0.0730971635051594,0.18));
#4791=CARTESIAN_POINT('',(0.0681474160368535,0.0730971635051594,0.02));
#4792=CARTESIAN_POINT('',(0.,0.,0.1));
#4793=CARTESIAN_POINT('',(0.,0.,0.0297573593128807));
#4794=CARTESIAN_POINT('',(-0.092,0.,0.0297573593128807));
#4795=CARTESIAN_POINT('',(0.0623607803462035,-0.0676397300010323,0.01));
#4796=CARTESIAN_POINT('',(0.0623607803462035,-0.0676397300010323,0.0025));
#4797=CARTESIAN_POINT('',(0.0623607803462035,-0.0676397300010324,0.02));
#4798=CARTESIAN_POINT('',(0.,0.,0.0025));
#4799=CARTESIAN_POINT('',(-0.0623607803462036,-0.0676397300010323,0.0025));
#4800=CARTESIAN_POINT('',(-0.0623607803462035,-0.0676397300010323,0.01));
#4801=CARTESIAN_POINT('',(-0.0623607803462035,-0.0676397300010324,0.02));
#4802=CARTESIAN_POINT('',(0.,0.,0.02));
#4803=CARTESIAN_POINT('',(-0.0676397300010324,-0.0623607803462035,0.02));
#4804=CARTESIAN_POINT('',(-0.0676397300010323,-0.0623607803462035,0.01));
#4805=CARTESIAN_POINT('',(-0.0676397300010323,-0.0623607803462035,0.0025));
#4806=CARTESIAN_POINT('',(0.,0.,0.0025));
#4807=CARTESIAN_POINT('',(-0.0676397300010323,0.0623607803462036,0.0025));
#4808=CARTESIAN_POINT('',(-0.0676397300010323,0.0623607803462035,0.01));
#4809=CARTESIAN_POINT('',(-0.0676397300010324,0.0623607803462035,0.02));
#4810=CARTESIAN_POINT('',(0.,0.,0.02));
#4811=CARTESIAN_POINT('',(-0.0623607803462035,0.0676397300010324,0.02));
#4812=CARTESIAN_POINT('',(-0.0623607803462035,0.0676397300010323,0.01));
#4813=CARTESIAN_POINT('',(-0.0623607803462035,0.0676397300010323,0.0025));
#4814=CARTESIAN_POINT('',(0.,0.,0.0025));
#4815=CARTESIAN_POINT('',(0.0623607803462036,0.0676397300010323,0.0025));
#4816=CARTESIAN_POINT('',(0.0623607803462035,0.0676397300010323,0.01));
#4817=CARTESIAN_POINT('',(0.0623607803462035,0.0676397300010324,0.02));
#4818=CARTESIAN_POINT('',(0.,0.,0.02));
#4819=CARTESIAN_POINT('',(0.0676397300010324,0.0623607803462035,0.02));
#4820=CARTESIAN_POINT('',(0.0676397300010323,0.0623607803462035,0.01));
#4821=CARTESIAN_POINT('',(0.0676397300010324,0.0623607803462035,0.0025));
#4822=CARTESIAN_POINT('',(0.,0.,0.0025));
#4823=CARTESIAN_POINT('',(0.0676397300010323,-0.0623607803462035,0.0025));
#4824=CARTESIAN_POINT('',(0.0676397300010323,-0.0623607803462035,0.01));
#4825=CARTESIAN_POINT('',(0.0676397300010324,-0.0623607803462035,0.02));
#4826=CARTESIAN_POINT('',(0.,0.,0.02));
#4827=CARTESIAN_POINT('',(0.,0.,0.1));
#4828=CARTESIAN_POINT('',(0.,0.,0.0025));
#4829=CARTESIAN_POINT('',(-0.0938,0.,0.0025));
#4830=CARTESIAN_POINT('',(0.,0.,0.));
#4831=CARTESIAN_POINT('',(-0.0938,0.,0.));
#4832=CARTESIAN_POINT('',(0.09425,0.,0.2));
#4833=CARTESIAN_POINT('',(0.0700035713374682,-0.0700035713374682,0.2));
#4834=CARTESIAN_POINT('',(0.0667535713374682,-0.0700035713374682,0.2));
#4835=CARTESIAN_POINT('',(-0.0700035713374682,-0.0700035713374682,0.2));
#4836=CARTESIAN_POINT('',(-0.0732535713374682,-0.0700035713374682,0.2));
#4837=CARTESIAN_POINT('',(-0.0700035713374682,0.0700035713374682,0.2));
#4838=CARTESIAN_POINT('',(-0.0732535713374682,0.0700035713374682,0.2));
#4839=CARTESIAN_POINT('',(0.0700035713374682,0.0700035713374682,0.2));
#4840=CARTESIAN_POINT('',(0.0667535713374682,0.0700035713374682,0.2));
#4841=CARTESIAN_POINT('',(0.0700035713374682,-0.0700035713374682,0.2));
#4842=CARTESIAN_POINT('',(0.0700035713374682,-0.0700035713374682,0.2));
#4843=CARTESIAN_POINT('',(0.,0.,0.2));
#4844=CARTESIAN_POINT('',(0.0700035713374682,0.0700035713374682,0.2));
#4845=CARTESIAN_POINT('',(0.0700035713374682,0.0700035713374682,0.2));
#4846=CARTESIAN_POINT('',(0.0700035713374682,0.0700035713374682,0.2));
#4847=CARTESIAN_POINT('',(0.,0.,0.2));
#4848=CARTESIAN_POINT('',(-0.0700035713374682,0.0700035713374682,0.2));
#4849=CARTESIAN_POINT('',(-0.0700035713374682,0.0700035713374682,0.2));
#4850=CARTESIAN_POINT('',(-0.0700035713374682,0.0700035713374682,0.2));
#4851=CARTESIAN_POINT('',(0.,0.,0.2));
#4852=CARTESIAN_POINT('',(-0.0700035713374682,-0.0700035713374682,0.2));
#4853=CARTESIAN_POINT('',(-0.0700035713374682,-0.0700035713374682,0.2));
#4854=CARTESIAN_POINT('',(-0.0700035713374682,-0.0700035713374682,0.2));
#4855=CARTESIAN_POINT('',(0.,0.,0.2));
#4856=CARTESIAN_POINT('',(0.0700035713374682,-0.0700035713374682,0.2));
#4857=CARTESIAN_POINT('',(0.,0.,0.2));
#4858=CARTESIAN_POINT('',(-0.0935,0.,0.2));
#4859=CARTESIAN_POINT('',(0.,0.,0.1));
#4860=CARTESIAN_POINT('',(0.00946863478072955,-0.0945269535920267,0.162242599029674));
#4861=CARTESIAN_POINT('',(0.0109798795528421,-0.0943755742841398,0.161332413945278));
#4862=CARTESIAN_POINT('',(0.0137171931418185,-0.094030282761145,0.159214180365556));
#4863=CARTESIAN_POINT('',(0.0172328183261976,-0.0934432405837338,0.155364012089645));
#4864=CARTESIAN_POINT('',(0.0201956322191006,-0.0928420004644592,0.15105160551036));
#4865=CARTESIAN_POINT('',(0.0226264311594258,-0.0922754306297278,0.14649908607949));
#4866=CARTESIAN_POINT('',(0.0246317389286088,-0.0917574176919369,0.141684175020275));
#4867=CARTESIAN_POINT('',(0.0267299416052731,-0.0911710320089809,0.135034449985149));
#4868=CARTESIAN_POINT('',(0.0282967581873803,-0.0906887534462953,0.126574050182841));
#4869=CARTESIAN_POINT('',(0.0284249393767979,-0.090648546171686,0.11775106212752));
#4870=CARTESIAN_POINT('',(0.0274899891226708,-0.0909376077821367,0.110896222611449));
#4871=CARTESIAN_POINT('',(0.026193775106602,-0.0913224388859777,0.105792918503883));
#4872=CARTESIAN_POINT('',(0.0242668657522786,-0.0918581655556538,0.100960800484732));
#4873=CARTESIAN_POINT('',(0.0216390179079875,-0.0925197085864134,0.0964511834517752));
#4874=CARTESIAN_POINT('',(0.0182880046715137,-0.0932479824617595,0.0924553198783782));
#4875=CARTESIAN_POINT('',(0.0156278797184317,-0.0937173627827041,0.0902659916150664));
#4876=CARTESIAN_POINT('',(0.0141696854797223,-0.0939373195987928,0.0892931277795067));
#4877=CARTESIAN_POINT('',(0.00946863478072947,-0.0945269535920267,0.162242599029674));
#4878=CARTESIAN_POINT('',(0.0141696854797223,-0.0939373195987928,0.0892931277795067));
#4879=CARTESIAN_POINT('',(0.,0.,0.183230447378299));
#4880=CARTESIAN_POINT('',(-0.0141696854797223,-0.0939373195987928,0.0892931277795067));
#4881=CARTESIAN_POINT('',(-0.0141696854797223,-0.0939373195987929,0.0892931277795067));
#4882=CARTESIAN_POINT('',(-0.0156261805768724,-0.0937176190844763,0.0902648579983433));
#4883=CARTESIAN_POINT('',(-0.0182851769746996,-0.0932486080342623,0.0924515539788339));
#4884=CARTESIAN_POINT('',(-0.0216413334079157,-0.0925191097954019,0.0964560301284756));
#4885=CARTESIAN_POINT('',(-0.0242636926451265,-0.0918591767303203,0.100949820818387));
#4886=CARTESIAN_POINT('',(-0.0268511969314084,-0.0911388725611916,0.107459842308336));
#4887=CARTESIAN_POINT('',(-0.028126964868846,-0.0907404765442783,0.114274021576134));
#4888=CARTESIAN_POINT('',(-0.0283771074947267,-0.090662851123679,0.121293544560885));
#4889=CARTESIAN_POINT('',(-0.0280833401793296,-0.0907546429321389,0.126490583020182));
#4890=CARTESIAN_POINT('',(-0.0273569116216939,-0.0909775124786948,0.131619891851422));
#4891=CARTESIAN_POINT('',(-0.0262106894312566,-0.0913162709017007,0.136685812747492));
#4892=CARTESIAN_POINT('',(-0.0246297841049766,-0.0917578806752821,0.14168691327793));
#4893=CARTESIAN_POINT('',(-0.0226415146212531,-0.0922715740254474,0.146464801892793));
#4894=CARTESIAN_POINT('',(-0.0202146560799719,-0.0928380397063118,0.151022512181536));
#4895=CARTESIAN_POINT('',(-0.0172410712527129,-0.0934413981357311,0.155351034694895));
#4896=CARTESIAN_POINT('',(-0.013756174194243,-0.0940249096938672,0.15918043449539));
#4897=CARTESIAN_POINT('',(-0.0109750002966985,-0.094376063032509,0.161335352599722));
#4898=CARTESIAN_POINT('',(-0.00946863478072951,-0.0945269535920266,0.162242599029674));
#4899=CARTESIAN_POINT('',(-0.00946863478072947,-0.0945269535920267,0.162242599029674));
#4900=CARTESIAN_POINT('',(0.,0.,0.256769552621701));
#4901=CARTESIAN_POINT('',(0.,0.,0.));
#4902=CARTESIAN_POINT('',(0.,0.,0.1));
#4903=CARTESIAN_POINT('',(0.0945269535920267,0.00946863478072963,0.162242599029674));
#4904=CARTESIAN_POINT('',(0.0943755742841398,0.0109798795528422,0.161332413945278));
#4905=CARTESIAN_POINT('',(0.0940302827611451,0.0137171931418186,0.159214180365556));
#4906=CARTESIAN_POINT('',(0.0934432405837338,0.0172328183261976,0.155364012089645));
#4907=CARTESIAN_POINT('',(0.0928420004644593,0.0201956322191006,0.15105160551036));
#4908=CARTESIAN_POINT('',(0.0922754306297277,0.0226264311594258,0.14649908607949));
#4909=CARTESIAN_POINT('',(0.0917574176919369,0.0246317389286088,0.141684175020275));
#4910=CARTESIAN_POINT('',(0.0911710320089809,0.0267299416052732,0.135034449985149));
#4911=CARTESIAN_POINT('',(0.0906887534462952,0.0282967581873803,0.126574050182841));
#4912=CARTESIAN_POINT('',(0.0906485461716861,0.0284249393767979,0.11775106212752));
#4913=CARTESIAN_POINT('',(0.0909376077821367,0.0274899891226707,0.110896222611449));
#4914=CARTESIAN_POINT('',(0.0913224388859777,0.026193775106602,0.105792918503883));
#4915=CARTESIAN_POINT('',(0.0918581655556538,0.0242668657522786,0.100960800484732));
#4916=CARTESIAN_POINT('',(0.0925197085864134,0.0216390179079875,0.0964511834517752));
#4917=CARTESIAN_POINT('',(0.0932479824617595,0.0182880046715136,0.0924553198783782));
#4918=CARTESIAN_POINT('',(0.0937173627827041,0.0156278797184319,0.0902659916150664));
#4919=CARTESIAN_POINT('',(0.0939373195987928,0.0141696854797224,0.0892931277795067));
#4920=CARTESIAN_POINT('',(0.0945269535920267,0.00946863478072947,0.162242599029674));
#4921=CARTESIAN_POINT('',(0.0939373195987928,0.0141696854797224,0.0892931277795067));
#4922=CARTESIAN_POINT('',(0.,0.,0.183230447378299));
#4923=CARTESIAN_POINT('',(0.0939373195987928,-0.0141696854797224,0.0892931277795067));
#4924=CARTESIAN_POINT('',(0.0939373195987928,-0.0141696854797224,0.0892931277795067));
#4925=CARTESIAN_POINT('',(0.0937176190844762,-0.0156261805768725,0.0902648579983433));
#4926=CARTESIAN_POINT('',(0.0932486080342623,-0.0182851769746997,0.0924515539788339));
#4927=CARTESIAN_POINT('',(0.0925191097954018,-0.0216413334079158,0.0964560301284757));
#4928=CARTESIAN_POINT('',(0.0918591767303203,-0.0242636926451265,0.100949820818387));
#4929=CARTESIAN_POINT('',(0.0911388725611915,-0.0268511969314085,0.107459842308336));
#4930=CARTESIAN_POINT('',(0.0907404765442783,-0.028126964868846,0.114274021576134));
#4931=CARTESIAN_POINT('',(0.090662851123679,-0.0283771074947267,0.121293544560885));
#4932=CARTESIAN_POINT('',(0.0907546429321389,-0.0280833401793296,0.126490583020182));
#4933=CARTESIAN_POINT('',(0.0909775124786948,-0.0273569116216938,0.131619891851422));
#4934=CARTESIAN_POINT('',(0.0913162709017007,-0.0262106894312566,0.136685812747492));
#4935=CARTESIAN_POINT('',(0.0917578806752821,-0.0246297841049766,0.14168691327793));
#4936=CARTESIAN_POINT('',(0.0922715740254474,-0.0226415146212531,0.146464801892793));
#4937=CARTESIAN_POINT('',(0.0928380397063118,-0.0202146560799719,0.151022512181536));
#4938=CARTESIAN_POINT('',(0.0934413981357311,-0.0172410712527129,0.155351034694895));
#4939=CARTESIAN_POINT('',(0.0940249096938672,-0.013756174194243,0.15918043449539));
#4940=CARTESIAN_POINT('',(0.094376063032509,-0.0109750002966986,0.161335352599722));
#4941=CARTESIAN_POINT('',(0.0945269535920266,-0.0094686347807296,0.162242599029674));
#4942=CARTESIAN_POINT('',(0.0945269535920267,-0.00946863478072947,0.162242599029674));
#4943=CARTESIAN_POINT('',(0.,0.,0.256769552621701));
#4944=CARTESIAN_POINT('',(0.,0.,0.));
#4945=CARTESIAN_POINT('',(0.,0.,0.1));
#4946=CARTESIAN_POINT('',(-0.0945269535920267,-0.00946863478072963,0.162242599029674));
#4947=CARTESIAN_POINT('',(-0.0943755742841398,-0.0109798795528422,0.161332413945278));
#4948=CARTESIAN_POINT('',(-0.094030282761145,-0.0137171931418186,0.159214180365556));
#4949=CARTESIAN_POINT('',(-0.0934432405837338,-0.0172328183261976,0.155364012089645));
#4950=CARTESIAN_POINT('',(-0.0928420004644593,-0.0201956322191006,0.15105160551036));
#4951=CARTESIAN_POINT('',(-0.0922754306297277,-0.0226264311594258,0.14649908607949));
#4952=CARTESIAN_POINT('',(-0.0917574176919369,-0.0246317389286088,0.141684175020275));
#4953=CARTESIAN_POINT('',(-0.0911710320089809,-0.0267299416052731,0.135034449985149));
#4954=CARTESIAN_POINT('',(-0.0906887534462952,-0.0282967581873803,0.126574050182841));
#4955=CARTESIAN_POINT('',(-0.0906485461716861,-0.0284249393767978,0.11775106212752));
#4956=CARTESIAN_POINT('',(-0.0909376077821367,-0.0274899891226707,0.110896222611449));
#4957=CARTESIAN_POINT('',(-0.0913224388859777,-0.026193775106602,0.105792918503883));
#4958=CARTESIAN_POINT('',(-0.0918581655556538,-0.0242668657522786,0.100960800484732));
#4959=CARTESIAN_POINT('',(-0.0925197085864134,-0.0216390179079875,0.0964511834517752));
#4960=CARTESIAN_POINT('',(-0.0932479824617595,-0.0182880046715136,0.0924553198783782));
#4961=CARTESIAN_POINT('',(-0.0937173627827041,-0.0156278797184318,0.0902659916150664));
#4962=CARTESIAN_POINT('',(-0.0939373195987928,-0.0141696854797224,0.0892931277795067));
#4963=CARTESIAN_POINT('',(-0.0945269535920267,-0.00946863478072947,0.162242599029674));
#4964=CARTESIAN_POINT('',(-0.0939373195987928,-0.0141696854797223,0.0892931277795067));
#4965=CARTESIAN_POINT('',(0.,0.,0.183230447378299));
#4966=CARTESIAN_POINT('',(-0.0939373195987928,0.0141696854797223,0.0892931277795067));
#4967=CARTESIAN_POINT('',(-0.0939373195987928,0.0141696854797224,0.0892931277795067));
#4968=CARTESIAN_POINT('',(-0.0937176190844762,0.0156261805768725,0.0902648579983433));
#4969=CARTESIAN_POINT('',(-0.0932486080342623,0.0182851769746997,0.092451553978834));
#4970=CARTESIAN_POINT('',(-0.0925191097954019,0.0216413334079157,0.0964560301284757));
#4971=CARTESIAN_POINT('',(-0.0918591767303203,0.0242636926451265,0.100949820818387));
#4972=CARTESIAN_POINT('',(-0.0911388725611915,0.0268511969314084,0.107459842308336));
#4973=CARTESIAN_POINT('',(-0.0907404765442783,0.0281269648688459,0.114274021576134));
#4974=CARTESIAN_POINT('',(-0.090662851123679,0.0283771074947267,0.121293544560885));
#4975=CARTESIAN_POINT('',(-0.0907546429321389,0.0280833401793296,0.126490583020182));
#4976=CARTESIAN_POINT('',(-0.0909775124786948,0.0273569116216938,0.131619891851422));
#4977=CARTESIAN_POINT('',(-0.0913162709017008,0.0262106894312566,0.136685812747492));
#4978=CARTESIAN_POINT('',(-0.0917578806752821,0.0246297841049766,0.14168691327793));
#4979=CARTESIAN_POINT('',(-0.0922715740254474,0.0226415146212531,0.146464801892793));
#4980=CARTESIAN_POINT('',(-0.0928380397063118,0.0202146560799719,0.151022512181536));
#4981=CARTESIAN_POINT('',(-0.0934413981357311,0.0172410712527129,0.155351034694895));
#4982=CARTESIAN_POINT('',(-0.0940249096938672,0.013756174194243,0.15918043449539));
#4983=CARTESIAN_POINT('',(-0.094376063032509,0.0109750002966986,0.161335352599722));
#4984=CARTESIAN_POINT('',(-0.0945269535920266,0.0094686347807296,0.162242599029674));
#4985=CARTESIAN_POINT('',(-0.0945269535920267,0.00946863478072947,0.162242599029674));
#4986=CARTESIAN_POINT('',(0.,0.,0.256769552621701));
#4987=CARTESIAN_POINT('',(0.,0.,0.));
#4988=CARTESIAN_POINT('',(0.,0.,0.1));
#4989=CARTESIAN_POINT('',(-0.00946863478072955,0.0945269535920267,0.162242599029674));
#4990=CARTESIAN_POINT('',(-0.0109798795528421,0.0943755742841398,0.161332413945278));
#4991=CARTESIAN_POINT('',(-0.0137171931418184,0.094030282761145,0.159214180365556));
#4992=CARTESIAN_POINT('',(-0.0172328183261976,0.0934432405837339,0.155364012089645));
#4993=CARTESIAN_POINT('',(-0.0201956322191005,0.0928420004644592,0.15105160551036));
#4994=CARTESIAN_POINT('',(-0.0226264311594258,0.0922754306297278,0.14649908607949));
#4995=CARTESIAN_POINT('',(-0.0246317389286088,0.0917574176919369,0.141684175020275));
#4996=CARTESIAN_POINT('',(-0.0267299416052731,0.091171032008981,0.135034449985149));
#4997=CARTESIAN_POINT('',(-0.0282967581873803,0.0906887534462952,0.126574050182841));
#4998=CARTESIAN_POINT('',(-0.0284249393767979,0.090648546171686,0.11775106212752));
#4999=CARTESIAN_POINT('',(-0.0274899891226708,0.0909376077821367,0.110896222611449));
#5000=CARTESIAN_POINT('',(-0.0261937751066021,0.0913224388859776,0.105792918503883));
#5001=CARTESIAN_POINT('',(-0.0242668657522786,0.0918581655556537,0.100960800484732));
#5002=CARTESIAN_POINT('',(-0.0216390179079875,0.0925197085864134,0.0964511834517753));
#5003=CARTESIAN_POINT('',(-0.0182880046715138,0.0932479824617594,0.0924553198783783));
#5004=CARTESIAN_POINT('',(-0.0156278797184318,0.0937173627827041,0.0902659916150664));
#5005=CARTESIAN_POINT('',(-0.0141696854797224,0.0939373195987928,0.0892931277795067));
#5006=CARTESIAN_POINT('',(-0.00946863478072947,0.0945269535920267,0.162242599029674));
#5007=CARTESIAN_POINT('',(-0.0141696854797225,0.0939373195987928,0.0892931277795068));
#5008=CARTESIAN_POINT('',(0.,0.,0.183230447378299));
#5009=CARTESIAN_POINT('',(0.0141696854797225,0.0939373195987928,0.0892931277795068));
#5010=CARTESIAN_POINT('',(0.0141696854797223,0.0939373195987928,0.0892931277795067));
#5011=CARTESIAN_POINT('',(0.0156261805768725,0.0937176190844762,0.0902648579983433));
#5012=CARTESIAN_POINT('',(0.0182851769746998,0.0932486080342623,0.0924515539788341));
#5013=CARTESIAN_POINT('',(0.0216413334079158,0.0925191097954018,0.0964560301284757));
#5014=CARTESIAN_POINT('',(0.0242636926451265,0.0918591767303203,0.100949820818387));
#5015=CARTESIAN_POINT('',(0.0268511969314085,0.0911388725611916,0.107459842308337));
#5016=CARTESIAN_POINT('',(0.028126964868846,0.0907404765442783,0.114274021576134));
#5017=CARTESIAN_POINT('',(0.0283771074947267,0.090662851123679,0.121293544560885));
#5018=CARTESIAN_POINT('',(0.0280833401793296,0.0907546429321389,0.126490583020182));
#5019=CARTESIAN_POINT('',(0.0273569116216938,0.0909775124786948,0.131619891851422));
#5020=CARTESIAN_POINT('',(0.0262106894312566,0.0913162709017007,0.136685812747492));
#5021=CARTESIAN_POINT('',(0.0246297841049766,0.0917578806752821,0.14168691327793));
#5022=CARTESIAN_POINT('',(0.0226415146212531,0.0922715740254474,0.146464801892794));
#5023=CARTESIAN_POINT('',(0.0202146560799719,0.0928380397063118,0.151022512181536));
#5024=CARTESIAN_POINT('',(0.0172410712527129,0.0934413981357311,0.155351034694895));
#5025=CARTESIAN_POINT('',(0.013756174194243,0.0940249096938672,0.15918043449539));
#5026=CARTESIAN_POINT('',(0.0109750002966985,0.094376063032509,0.161335352599722));
#5027=CARTESIAN_POINT('',(0.00946863478072951,0.0945269535920266,0.162242599029674));
#5028=CARTESIAN_POINT('',(0.00946863478072947,0.0945269535920267,0.162242599029674));
#5029=CARTESIAN_POINT('',(0.,0.,0.256769552621701));
#5030=CARTESIAN_POINT('',(0.,0.,0.));
#5031=CARTESIAN_POINT('',(0.,0.,0.1));
#5032=CARTESIAN_POINT('',(0.,0.,0.2));
#5033=CARTESIAN_POINT('',(-0.0115,0.,0.2));
#5034=CARTESIAN_POINT('',(0.,0.,0.));
#5035=CARTESIAN_POINT('',(-0.0115,0.,0.));
#5036=CARTESIAN_POINT('',(0.013,0.,0.));
#5037=CARTESIAN_POINT('',(0.,0.,0.));
#5038=CARTESIAN_POINT('',(-0.0145,0.,0.));
#5039=CARTESIAN_POINT('',(0.,0.,0.1));
#5040=CARTESIAN_POINT('',(0.,0.,0.0432573593128807));
#5041=CARTESIAN_POINT('',(-0.0145,0.,0.0432573593128807));
#5042=CARTESIAN_POINT('',(0.,0.,0.008));
#5043=CARTESIAN_POINT('',(0.,0.,0.008));
#5044=CARTESIAN_POINT('',(-0.0497573593128807,0.,0.008));
#5045=CARTESIAN_POINT('',(0.,0.,0.1));
#5046=CARTESIAN_POINT('',(0.,0.,0.));
#5047=CARTESIAN_POINT('',(-0.0497573593128807,0.,0.));
#5048=CARTESIAN_POINT('',(0.06,0.,0.));
#5049=CARTESIAN_POINT('',(0.06,3.06161699786838E-19,0.));
#5050=CARTESIAN_POINT('',(0.065,3.06161699786838E-19,0.));
#5051=CARTESIAN_POINT('',(3.46944695195361E-18,0.06,0.));
#5052=CARTESIAN_POINT('',(0.005,0.06,0.));
#5053=CARTESIAN_POINT('',(-0.06,7.65404249467096E-18,0.));
#5054=CARTESIAN_POINT('',(-0.055,7.65404249467096E-18,0.));
#5055=CARTESIAN_POINT('',(-1.12757025938492E-17,-0.06,0.));
#5056=CARTESIAN_POINT('',(0.00499999999999999,-0.06,0.));
#5057=CARTESIAN_POINT('',(0.,0.,0.));
#5058=CARTESIAN_POINT('',(-0.0702426406871193,0.,0.));
#5059=CARTESIAN_POINT('',(0.,0.,0.1));
#5060=CARTESIAN_POINT('',(0.,0.,0.008));
#5061=CARTESIAN_POINT('',(-0.0702426406871193,0.,0.008));
#5062=CARTESIAN_POINT('',(0.,0.,0.0297573593128807));
#5063=CARTESIAN_POINT('',(0.0929,0.,0.0025));
#5064=CARTESIAN_POINT('',(-0.0700035713374682,0.0700035713374682,0.0025));
#5065=CARTESIAN_POINT('',(-0.0625766358801453,0.0670302516922301,0.0025));
#5066=CARTESIAN_POINT('',(0.,0.,0.0025));
#5067=CARTESIAN_POINT('',(-0.0670302516922301,0.0625766358801453,0.0025));
#5068=CARTESIAN_POINT('',(-0.0700035713374682,0.0700035713374682,0.0025));
#5069=CARTESIAN_POINT('',(-0.0700035713374682,-0.0700035713374682,0.0025));
#5070=CARTESIAN_POINT('',(-0.0670302516922301,-0.0625766358801453,0.0025));
#5071=CARTESIAN_POINT('',(0.,0.,0.0025));
#5072=CARTESIAN_POINT('',(-0.0625766358801453,-0.0670302516922301,0.0025));
#5073=CARTESIAN_POINT('',(-0.0700035713374682,-0.0700035713374682,0.0025));
#5074=CARTESIAN_POINT('',(0.0700035713374682,-0.0700035713374682,0.0025));
#5075=CARTESIAN_POINT('',(0.0625766358801453,-0.0670302516922301,0.0025));
#5076=CARTESIAN_POINT('',(0.,0.,0.0025));
#5077=CARTESIAN_POINT('',(0.0670302516922301,-0.0625766358801453,0.0025));
#5078=CARTESIAN_POINT('',(0.0700035713374682,-0.0700035713374682,0.0025));
#5079=CARTESIAN_POINT('',(0.0700035713374682,0.0700035713374682,0.0025));
#5080=CARTESIAN_POINT('',(0.0670302516922301,0.0625766358801453,0.0025));
#5081=CARTESIAN_POINT('',(0.,0.,0.0025));
#5082=CARTESIAN_POINT('',(0.0625766358801453,0.0670302516922301,0.0025));
#5083=CARTESIAN_POINT('',(0.0700035713374682,0.0700035713374682,0.0025));
#5084=CARTESIAN_POINT('',(0.0944,0.,0.));
#5085=CARTESIAN_POINT('',(0.0700035713374682,-0.0700035713374682,0.));
#5086=CARTESIAN_POINT('',(0.0732535713374682,-0.0700035713374682,0.));
#5087=CARTESIAN_POINT('',(-0.0700035713374682,-0.0700035713374682,0.));
#5088=CARTESIAN_POINT('',(-0.0667535713374682,-0.0700035713374682,0.));
#5089=CARTESIAN_POINT('',(-0.0700035713374682,0.0700035713374682,0.));
#5090=CARTESIAN_POINT('',(-0.0667535713374682,0.0700035713374682,0.));
#5091=CARTESIAN_POINT('',(0.0700035713374682,0.0700035713374682,0.));
#5092=CARTESIAN_POINT('',(0.0732535713374682,0.0700035713374682,0.));
#5093=CARTESIAN_POINT('',(0.0700035713374682,-0.0700035713374682,0.));
#5094=CARTESIAN_POINT('',(0.0700035713374682,-0.0700035713374682,0.));
#5095=CARTESIAN_POINT('',(-0.0700035713374682,-0.0700035713374682,0.));
#5096=CARTESIAN_POINT('',(-0.0700035713374682,-0.0700035713374682,0.));
#5097=CARTESIAN_POINT('',(-0.0700035713374682,-0.0700035713374682,0.));
#5098=CARTESIAN_POINT('',(-0.0700035713374682,0.0700035713374682,0.));
#5099=CARTESIAN_POINT('',(-0.0700035713374682,0.0700035713374682,0.));
#5100=CARTESIAN_POINT('',(-0.0700035713374682,0.0700035713374682,0.));
#5101=CARTESIAN_POINT('',(0.0700035713374682,0.0700035713374682,0.));
#5102=CARTESIAN_POINT('',(0.0700035713374682,0.0700035713374682,0.));
#5103=CARTESIAN_POINT('',(0.0700035713374682,0.0700035713374682,0.));
#5104=CARTESIAN_POINT('',(0.0700035713374682,-0.0700035713374682,0.));
#5105=CARTESIAN_POINT('',(0.,0.,0.1));
#5106=CARTESIAN_POINT('',(0.,0.,0.2022));
#5107=CARTESIAN_POINT('',(-0.0935,0.,0.2022));
#5108=CARTESIAN_POINT('',(0.09275,0.,0.2022));
#5109=CARTESIAN_POINT('',(0.,0.,0.008));
#5110=CARTESIAN_POINT('',(0.,0.,0.008));
#5111=CARTESIAN_POINT('',(-0.066,0.,0.008));
#5112=CARTESIAN_POINT('',(0.,0.,0.1));
#5113=CARTESIAN_POINT('',(0.,0.,0.003));
#5114=CARTESIAN_POINT('',(-0.066,0.,0.003));
#5115=CARTESIAN_POINT('',(0.06,0.,0.003));
#5116=CARTESIAN_POINT('',(0.06,3.06161699786838E-19,0.003));
#5117=CARTESIAN_POINT('',(0.055,3.06161699786838E-19,0.003));
#5118=CARTESIAN_POINT('',(3.46944695195361E-18,0.06,0.003));
#5119=CARTESIAN_POINT('',(-0.005,0.06,0.003));
#5120=CARTESIAN_POINT('',(-0.06,7.65404249467096E-18,0.003));
#5121=CARTESIAN_POINT('',(-0.065,7.65404249467096E-18,0.003));
#5122=CARTESIAN_POINT('',(-1.12757025938492E-17,-0.06,0.003));
#5123=CARTESIAN_POINT('',(-0.00500000000000001,-0.06,0.003));
#5124=CARTESIAN_POINT('',(0.,0.,0.003));
#5125=CARTESIAN_POINT('',(-0.054,0.,0.003));
#5126=CARTESIAN_POINT('',(0.,0.,0.1));
#5127=CARTESIAN_POINT('',(0.,0.,0.008));
#5128=CARTESIAN_POINT('',(-0.054,0.,0.008));
#5129=CARTESIAN_POINT('',(0.,0.,0.0475));
#5130=CARTESIAN_POINT('',(0.,0.,0.0475));
#5131=CARTESIAN_POINT('',(-0.0145,0.,0.0475));
#5132=CARTESIAN_POINT('',(0.,0.,0.1));
#5133=CARTESIAN_POINT('',(0.,0.,0.2));
#5134=CARTESIAN_POINT('',(-0.0145,0.,0.2));
#5135=CARTESIAN_POINT('',(0.013,0.,0.2));
#5136=CARTESIAN_POINT('',(0.,0.,0.02));
#5137=CARTESIAN_POINT('',(0.0700035713374682,0.0700035713374682,0.02));
#5138=CARTESIAN_POINT('',(0.0700035713374682,0.0700035713374682,0.02));
#5139=CARTESIAN_POINT('',(0.0700035713374682,0.0700035713374682,0.02));
#5140=CARTESIAN_POINT('',(0.,0.,0.02));
#5141=CARTESIAN_POINT('',(-0.0700035713374682,0.0700035713374682,0.02));
#5142=CARTESIAN_POINT('',(-0.0700035713374682,0.0700035713374682,0.02));
#5143=CARTESIAN_POINT('',(-0.0700035713374682,0.0700035713374682,0.02));
#5144=CARTESIAN_POINT('',(0.,0.,0.02));
#5145=CARTESIAN_POINT('',(-0.0700035713374682,-0.0700035713374682,0.02));
#5146=CARTESIAN_POINT('',(-0.0700035713374682,-0.0700035713374682,0.02));
#5147=CARTESIAN_POINT('',(-0.0700035713374682,-0.0700035713374682,0.02));
#5148=CARTESIAN_POINT('',(0.,0.,0.02));
#5149=CARTESIAN_POINT('',(0.0700035713374682,-0.0700035713374682,0.02));
#5150=CARTESIAN_POINT('',(0.0700035713374682,-0.0700035713374682,0.02));
#5151=CARTESIAN_POINT('',(0.0700035713374682,-0.0700035713374682,0.02));
#5152=CARTESIAN_POINT('',(0.,0.,0.02));
#5153=CARTESIAN_POINT('',(0.0700035713374682,-0.0700035713374682,0.02));
#5154=CARTESIAN_POINT('',(0.0700035713374682,-0.0700035713374682,0.02));
#5155=CARTESIAN_POINT('',(0.,0.,0.02));
#5156=CARTESIAN_POINT('',(0.0700035713374682,-0.0700035713374682,0.02));
#5157=CARTESIAN_POINT('',(0.0700035713374682,-0.0700035713374682,0.02));
#5158=CARTESIAN_POINT('',(0.,0.,0.02));
#5159=CARTESIAN_POINT('',(-0.0700035713374682,-0.0700035713374682,0.02));
#5160=CARTESIAN_POINT('',(-0.0700035713374682,-0.0700035713374682,0.02));
#5161=CARTESIAN_POINT('',(0.,0.,0.02));
#5162=CARTESIAN_POINT('',(-0.0700035713374682,-0.0700035713374682,0.02));
#5163=CARTESIAN_POINT('',(-0.0700035713374682,-0.0700035713374682,0.02));
#5164=CARTESIAN_POINT('',(0.,0.,0.02));
#5165=CARTESIAN_POINT('',(-0.0700035713374682,0.0700035713374682,0.02));
#5166=CARTESIAN_POINT('',(-0.0700035713374682,0.0700035713374682,0.02));
#5167=CARTESIAN_POINT('',(0.,0.,0.02));
#5168=CARTESIAN_POINT('',(-0.0700035713374682,0.0700035713374682,0.02));
#5169=CARTESIAN_POINT('',(-0.0700035713374682,0.0700035713374682,0.02));
#5170=CARTESIAN_POINT('',(0.,0.,0.02));
#5171=CARTESIAN_POINT('',(0.0700035713374682,0.0700035713374682,0.02));
#5172=CARTESIAN_POINT('',(0.0700035713374682,0.0700035713374682,0.02));
#5173=CARTESIAN_POINT('',(0.,0.,0.02));
#5174=CARTESIAN_POINT('',(0.0700035713374682,0.0700035713374682,0.02));
#5175=CARTESIAN_POINT('',(0.0700035713374682,0.0700035713374682,0.02));
#5176=CARTESIAN_POINT('',(0.0700035713374682,0.0700035713374682,0.02));
#5177=CARTESIAN_POINT('',(0.0625766358801452,0.0670302516922301,0.00125));
#5178=CARTESIAN_POINT('',(0.0670302516922301,0.0625766358801452,0.00125));
#5179=CARTESIAN_POINT('',(0.0700035713374682,0.0700035713374682,0.02));
#5180=CARTESIAN_POINT('',(0.,0.,0.02));
#5181=CARTESIAN_POINT('',(-0.0700035713374682,0.0700035713374682,0.02));
#5182=CARTESIAN_POINT('',(-0.0670302516922301,0.0625766358801453,0.00125));
#5183=CARTESIAN_POINT('',(-0.0625766358801452,0.0670302516922302,0.00125));
#5184=CARTESIAN_POINT('',(-0.0700035713374682,0.0700035713374682,0.02));
#5185=CARTESIAN_POINT('',(0.,0.,0.02));
#5186=CARTESIAN_POINT('',(-0.0700035713374682,-0.0700035713374682,0.02));
#5187=CARTESIAN_POINT('',(-0.0670302516922301,-0.0625766358801453,0.00125));
#5188=CARTESIAN_POINT('',(-0.0700035713374682,-0.0700035713374682,0.02));
#5189=CARTESIAN_POINT('',(-0.0625766358801453,-0.0670302516922301,0.00125));
#5190=CARTESIAN_POINT('',(0.,0.,0.02));
#5191=CARTESIAN_POINT('',(0.0700035713374682,-0.0700035713374682,0.02));
#5192=CARTESIAN_POINT('',(0.0670302516922301,-0.0625766358801452,0.00125));
#5193=CARTESIAN_POINT('',(0.0625766358801452,-0.0670302516922302,0.00125));
#5194=CARTESIAN_POINT('',(0.0700035713374682,-0.0700035713374682,0.02));
#5195=CARTESIAN_POINT('',(0.,0.,0.02));
#5196=CARTESIAN_POINT('',(0.,0.,0.18));
#5197=CARTESIAN_POINT('',(0.0700035713374682,0.0700035713374682,0.18));
#5198=CARTESIAN_POINT('',(0.0700035713374682,0.0700035713374682,0.18));
#5199=CARTESIAN_POINT('',(0.0700035713374682,0.0700035713374682,0.2));
#5200=CARTESIAN_POINT('',(0.,0.,0.18));
#5201=CARTESIAN_POINT('',(-0.0700035713374682,0.0700035713374682,0.18));
#5202=CARTESIAN_POINT('',(-0.0700035713374682,0.0700035713374682,0.18));
#5203=CARTESIAN_POINT('',(-0.0700035713374682,0.0700035713374682,0.2));
#5204=CARTESIAN_POINT('',(0.,0.,0.18));
#5205=CARTESIAN_POINT('',(-0.0700035713374682,-0.0700035713374682,0.18));
#5206=CARTESIAN_POINT('',(-0.0700035713374682,-0.0700035713374682,0.18));
#5207=CARTESIAN_POINT('',(-0.0700035713374682,-0.0700035713374682,0.2));
#5208=CARTESIAN_POINT('',(0.,0.,0.18));
#5209=CARTESIAN_POINT('',(0.0700035713374682,-0.0700035713374682,0.18));
#5210=CARTESIAN_POINT('',(0.0700035713374682,-0.0700035713374682,0.18));
#5211=CARTESIAN_POINT('',(0.0700035713374682,-0.0700035713374682,0.2));
#5212=CARTESIAN_POINT('',(0.,0.,0.2));
#5213=CARTESIAN_POINT('',(0.0700035713374682,0.0700035713374682,0.2));
#5214=CARTESIAN_POINT('',(0.,0.,0.18));
#5215=CARTESIAN_POINT('',(0.0700035713374682,0.0700035713374682,0.18));
#5216=CARTESIAN_POINT('',(0.0700035713374682,0.0700035713374682,0.2));
#5217=CARTESIAN_POINT('',(0.,0.,0.2));
#5218=CARTESIAN_POINT('',(-0.0700035713374682,0.0700035713374682,0.2));
#5219=CARTESIAN_POINT('',(0.,0.,0.18));
#5220=CARTESIAN_POINT('',(-0.0700035713374682,0.0700035713374682,0.18));
#5221=CARTESIAN_POINT('',(-0.0700035713374682,0.0700035713374682,0.2));
#5222=CARTESIAN_POINT('',(0.,0.,0.2));
#5223=CARTESIAN_POINT('',(-0.0700035713374682,-0.0700035713374682,0.2));
#5224=CARTESIAN_POINT('',(0.,0.,0.18));
#5225=CARTESIAN_POINT('',(-0.0700035713374682,-0.0700035713374682,0.18));
#5226=CARTESIAN_POINT('',(-0.0700035713374682,-0.0700035713374682,0.2));
#5227=CARTESIAN_POINT('',(0.,0.,0.2));
#5228=CARTESIAN_POINT('',(0.0700035713374682,-0.0700035713374682,0.2));
#5229=CARTESIAN_POINT('',(0.,0.,0.18));
#5230=CARTESIAN_POINT('',(0.0700035713374682,-0.0700035713374682,0.18));
#5231=CARTESIAN_POINT('',(0.0700035713374682,-0.0700035713374682,0.2));
#5232=CARTESIAN_POINT('',(0.,0.,0.18));
#5233=CARTESIAN_POINT('',(0.0700035713374682,-0.0700035713374682,0.18));
#5234=CARTESIAN_POINT('',(0.0700035713374682,-0.0700035713374682,0.2));
#5235=CARTESIAN_POINT('',(0.0700035713374682,-0.0700035713374682,0.2));
#5236=CARTESIAN_POINT('',(0.0700035713374682,-0.0700035713374682,0.18));
#5237=CARTESIAN_POINT('',(0.,0.,0.18));
#5238=CARTESIAN_POINT('',(0.,0.,0.18));
#5239=CARTESIAN_POINT('',(-0.0700035713374682,-0.0700035713374682,0.18));
#5240=CARTESIAN_POINT('',(-0.0700035713374682,-0.0700035713374682,0.2));
#5241=CARTESIAN_POINT('',(-0.0700035713374682,-0.0700035713374682,0.2));
#5242=CARTESIAN_POINT('',(-0.0700035713374682,-0.0700035713374682,0.18));
#5243=CARTESIAN_POINT('',(0.,0.,0.18));
#5244=CARTESIAN_POINT('',(0.,0.,0.18));
#5245=CARTESIAN_POINT('',(-0.0700035713374682,0.0700035713374682,0.18));
#5246=CARTESIAN_POINT('',(-0.0700035713374682,0.0700035713374682,0.2));
#5247=CARTESIAN_POINT('',(-0.0700035713374682,0.0700035713374682,0.2));
#5248=CARTESIAN_POINT('',(-0.0700035713374682,0.0700035713374682,0.18));
#5249=CARTESIAN_POINT('',(0.,0.,0.18));
#5250=CARTESIAN_POINT('',(0.,0.,0.18));
#5251=CARTESIAN_POINT('',(0.0700035713374682,0.0700035713374682,0.18));
#5252=CARTESIAN_POINT('',(0.0700035713374682,0.0700035713374682,0.2));
#5253=CARTESIAN_POINT('',(0.0700035713374682,0.0700035713374682,0.2));
#5254=CARTESIAN_POINT('',(0.0700035713374682,0.0700035713374682,0.18));
#5255=CARTESIAN_POINT('',(0.,0.,0.18));
#5256=CARTESIAN_POINT('',(0.0700035713374682,-0.0700035713374682,0.336290894491495));
#5257=CARTESIAN_POINT('',(-0.0700035713374682,-0.0700035713374682,0.336290894491495));
#5258=CARTESIAN_POINT('',(-0.0700035713374682,0.0700035713374682,0.336290894491495));
#5259=CARTESIAN_POINT('',(0.0700035713374682,0.0700035713374682,0.336290894491495));
#5260=CARTESIAN_POINT('',(0.0700035713374682,-0.0700035713374682,0.336290894491495));
#5261=CARTESIAN_POINT('',(-0.0700035713374682,-0.0700035713374682,0.336290894491495));
#5262=CARTESIAN_POINT('',(-0.0700035713374682,0.0700035713374682,0.336290894491495));
#5263=CARTESIAN_POINT('',(0.0700035713374682,0.0700035713374682,0.336290894491495));
#5264=CARTESIAN_POINT('',(-1.12757025938492E-17,-0.06,0.336290894491495));
#5265=CARTESIAN_POINT('',(-0.06,7.65404249467096E-18,0.336290894491495));
#5266=CARTESIAN_POINT('',(3.46944695195361E-18,0.06,0.336290894491495));
#5267=CARTESIAN_POINT('',(0.06,3.06161699786838E-19,0.336290894491495));
#5268=CARTESIAN_POINT('',(0.0866207846429394,0.,0.0966096627353601));
#5269=CARTESIAN_POINT('',(0.0766152236891498,0.,0.10661522368915));
#5270=CARTESIAN_POINT('',(0.0805043109856758,0.,0.110504310985676));
#5271=CARTESIAN_POINT('',(0.11338477631085,0.,0.14338477631085));
#5272=CARTESIAN_POINT('',(0.12339033726464,0.,0.133379215357061));
#5273=CARTESIAN_POINT('',(0.11338477631085,0.,0.14338477631085));
#5274=CARTESIAN_POINT('',(0.0954949747468306,0.,0.16127457787487));
#5275=CARTESIAN_POINT('',(0.102778174593052,0.,0.132778174593052));
#5276=CARTESIAN_POINT('',(0.102778174593052,0.,0.132778174593052));
#5277=CARTESIAN_POINT('',(0.11338477631085,0.,0.14338477631085));
#5278=CARTESIAN_POINT('',(-0.0866207846429394,0.,0.0966096627353601));
#5279=CARTESIAN_POINT('',(-0.0766152236891498,0.,0.10661522368915));
#5280=CARTESIAN_POINT('',(-0.12339033726464,0.,0.133379215357061));
#5281=CARTESIAN_POINT('',(-0.11338477631085,0.,0.14338477631085));
#5282=CARTESIAN_POINT('',(-0.13127457787487,0.,0.125494974746831));
#5283=CARTESIAN_POINT('',(-0.11338477631085,0.,0.14338477631085));
#5284=CARTESIAN_POINT('',(-0.0805043109856758,0.,0.110504310985676));
#5285=CARTESIAN_POINT('',(-0.102778174593052,0.,0.132778174593052));
#5286=CARTESIAN_POINT('',(-0.102778174593052,0.,0.132778174593052));
#5287=CARTESIAN_POINT('',(-0.11338477631085,0.,0.14338477631085));
#5288=CARTESIAN_POINT('',(0.,0.12339033726464,0.133379215357061));
#5289=CARTESIAN_POINT('',(0.,0.11338477631085,0.14338477631085));
#5290=CARTESIAN_POINT('',(0.,0.13127457787487,0.125494974746831));
#5291=CARTESIAN_POINT('',(0.,0.11338477631085,0.14338477631085));
#5292=CARTESIAN_POINT('',(0.,0.0805043109856758,0.110504310985676));
#5293=CARTESIAN_POINT('',(0.,0.0766152236891498,0.10661522368915));
#5294=CARTESIAN_POINT('',(0.,0.0866207846429394,0.0966096627353601));
#5295=CARTESIAN_POINT('',(0.,0.102778174593052,0.132778174593052));
#5296=CARTESIAN_POINT('',(0.,0.102778174593052,0.132778174593052));
#5297=CARTESIAN_POINT('',(0.,0.11338477631085,0.14338477631085));
#5298=CARTESIAN_POINT('',(0.,-0.0866207846429394,0.0966096627353601));
#5299=CARTESIAN_POINT('',(0.,-0.0766152236891498,0.10661522368915));
#5300=CARTESIAN_POINT('',(0.,-0.12339033726464,0.133379215357061));
#5301=CARTESIAN_POINT('',(0.,-0.11338477631085,0.14338477631085));
#5302=CARTESIAN_POINT('',(0.,-0.0954949747468306,0.16127457787487));
#5303=CARTESIAN_POINT('',(0.,-0.11338477631085,0.14338477631085));
#5304=CARTESIAN_POINT('',(0.,-0.0805043109856758,0.110504310985676));
#5305=CARTESIAN_POINT('',(0.,-0.102778174593052,0.132778174593052));
#5306=CARTESIAN_POINT('',(0.,-0.102778174593052,0.132778174593052));
#5307=CARTESIAN_POINT('',(0.,-0.11338477631085,0.14338477631085));
#5308=CARTESIAN_POINT('',(0.,0.,0.1));
#5309=CARTESIAN_POINT('',(0.,0.,0.1));
#5310=CARTESIAN_POINT('',(0.,0.,0.1));
#5311=CARTESIAN_POINT('',(0.,0.,0.1));
#5312=MECHANICAL_DESIGN_GEOMETRIC_PRESENTATION_REPRESENTATION('',(#2932),
#5313);
#5313=(
GEOMETRIC_REPRESENTATION_CONTEXT(3)
GLOBAL_UNCERTAINTY_ASSIGNED_CONTEXT((#5314))
GLOBAL_UNIT_ASSIGNED_CONTEXT((#5317,#5316,#5315))
REPRESENTATION_CONTEXT('Part 1','TOP_LEVEL_ASSEMBLY_PART')
);
#5314=UNCERTAINTY_MEASURE_WITH_UNIT(LENGTH_MEASURE(2.E-5),#5317,
'DISTANCE_ACCURACY_VALUE','Maximum Tolerance applied to model');
#5315=(
NAMED_UNIT(*)
SI_UNIT($,.STERADIAN.)
SOLID_ANGLE_UNIT()
);
#5316=(
NAMED_UNIT(*)
PLANE_ANGLE_UNIT()
SI_UNIT($,.RADIAN.)
);
#5317=(
LENGTH_UNIT()
NAMED_UNIT(*)
SI_UNIT($,.METRE.)
);
#5318=PRODUCT_DEFINITION_SHAPE('','',#5319);
#5319=PRODUCT_DEFINITION('','',#5321,#5320);
#5320=PRODUCT_DEFINITION_CONTEXT('',#5327,'design');
#5321=PRODUCT_DEFINITION_FORMATION_WITH_SPECIFIED_SOURCE('','',#5323,
 .NOT_KNOWN.);
#5322=PRODUCT_RELATED_PRODUCT_CATEGORY('','',(#5323));
#5323=PRODUCT('Part 1','Part 1','Part 1',(#5325));
#5324=PRODUCT_CATEGORY('','');
#5325=PRODUCT_CONTEXT('',#5327,'mechanical');
#5326=APPLICATION_PROTOCOL_DEFINITION('international standard',
'automotive_design',2010,#5327);
#5327=APPLICATION_CONTEXT(
'core data for automotive mechanical design processes');
ENDSEC;
END-ISO-10303-21;
