ISO-10303-21;
HEADER;
/* Generated by software containing ST-Developer
 * from STEP Tools, Inc. (www.steptools.com) 
 */
/* OPTION: using custom renumber hook */

FILE_DESCRIPTION(
/* description */ ('STEP AP214',
'CAx-IF Rec.Pracs.---User Defined Attributes---1.5---2016-08-15'),
/* implementation_level */ '2;1');

FILE_NAME(
/* name */ '6aa1df87a9afc4404b11f229',
/* time_stamp */ '2026-09-09T22:36:55Z',
/* author */ (''),
/* organization */ (''),
/* preprocessor_version */ 'ST-DEVELOPER v20',
/* originating_system */ 'ONSHAPE BY PTC INC, 1.220',
/* authorisation */ '  ');

FILE_SCHEMA (('AUTOMOTIVE_DESIGN {1 0 10303 214 3 1 1}'));
ENDSEC;

DATA;
#10=PROPERTY_DEFINITION_REPRESENTATION(#14,#12);
#11=PROPERTY_DEFINITION_REPRESENTATION(#15,#13);
#12=REPRESENTATION('',(#16),#21965);
#13=REPRESENTATION('',(#17),#21965);
#14=PROPERTY_DEFINITION('pmi validation property','',#21970);
#15=PROPERTY_DEFINITION('pmi validation property','',#21970);
#16=VALUE_REPRESENTATION_ITEM('number of annotations',COUNT_MEASURE(0.));
#17=VALUE_REPRESENTATION_ITEM('number of views',COUNT_MEASURE(0.));
#18=SHAPE_REPRESENTATION_RELATIONSHIP('','',#14097,#19);
#19=ADVANCED_BREP_SHAPE_REPRESENTATION('',(#14095),#21965);
#20=CONICAL_SURFACE('',#14813,0.09,0.785398163397449);
#21=CONICAL_SURFACE('',#14814,0.03,0.785398163397449);
#22=LINE('',#18114,#1878);
#23=LINE('',#18117,#1879);
#24=LINE('',#18119,#1880);
#25=LINE('',#18121,#1881);
#26=LINE('',#18122,#1882);
#27=LINE('',#18125,#1883);
#28=LINE('',#18127,#1884);
#29=LINE('',#18129,#1885);
#30=LINE('',#18130,#1886);
#31=LINE('',#18133,#1887);
#32=LINE('',#18135,#1888);
#33=LINE('',#18137,#1889);
#34=LINE('',#18138,#1890);
#35=LINE('',#18141,#1891);
#36=LINE('',#18143,#1892);
#37=LINE('',#18145,#1893);
#38=LINE('',#18146,#1894);
#39=LINE('',#18149,#1895);
#40=LINE('',#18151,#1896);
#41=LINE('',#18153,#1897);
#42=LINE('',#18154,#1898);
#43=LINE('',#18157,#1899);
#44=LINE('',#18159,#1900);
#45=LINE('',#18161,#1901);
#46=LINE('',#18162,#1902);
#47=LINE('',#18165,#1903);
#48=LINE('',#18167,#1904);
#49=LINE('',#18169,#1905);
#50=LINE('',#18170,#1906);
#51=LINE('',#18173,#1907);
#52=LINE('',#18175,#1908);
#53=LINE('',#18177,#1909);
#54=LINE('',#18178,#1910);
#55=LINE('',#18181,#1911);
#56=LINE('',#18183,#1912);
#57=LINE('',#18185,#1913);
#58=LINE('',#18186,#1914);
#59=LINE('',#18189,#1915);
#60=LINE('',#18191,#1916);
#61=LINE('',#18193,#1917);
#62=LINE('',#18194,#1918);
#63=LINE('',#18197,#1919);
#64=LINE('',#18199,#1920);
#65=LINE('',#18201,#1921);
#66=LINE('',#18202,#1922);
#67=LINE('',#18205,#1923);
#68=LINE('',#18207,#1924);
#69=LINE('',#18209,#1925);
#70=LINE('',#18210,#1926);
#71=LINE('',#18213,#1927);
#72=LINE('',#18215,#1928);
#73=LINE('',#18217,#1929);
#74=LINE('',#18218,#1930);
#75=LINE('',#18221,#1931);
#76=LINE('',#18223,#1932);
#77=LINE('',#18225,#1933);
#78=LINE('',#18226,#1934);
#79=LINE('',#18229,#1935);
#80=LINE('',#18231,#1936);
#81=LINE('',#18233,#1937);
#82=LINE('',#18234,#1938);
#83=LINE('',#18237,#1939);
#84=LINE('',#18239,#1940);
#85=LINE('',#18241,#1941);
#86=LINE('',#18242,#1942);
#87=LINE('',#18245,#1943);
#88=LINE('',#18247,#1944);
#89=LINE('',#18249,#1945);
#90=LINE('',#18250,#1946);
#91=LINE('',#18253,#1947);
#92=LINE('',#18255,#1948);
#93=LINE('',#18257,#1949);
#94=LINE('',#18258,#1950);
#95=LINE('',#18261,#1951);
#96=LINE('',#18263,#1952);
#97=LINE('',#18265,#1953);
#98=LINE('',#18266,#1954);
#99=LINE('',#18269,#1955);
#100=LINE('',#18271,#1956);
#101=LINE('',#18273,#1957);
#102=LINE('',#18274,#1958);
#103=LINE('',#18277,#1959);
#104=LINE('',#18279,#1960);
#105=LINE('',#18281,#1961);
#106=LINE('',#18282,#1962);
#107=LINE('',#18285,#1963);
#108=LINE('',#18287,#1964);
#109=LINE('',#18289,#1965);
#110=LINE('',#18290,#1966);
#111=LINE('',#18293,#1967);
#112=LINE('',#18295,#1968);
#113=LINE('',#18297,#1969);
#114=LINE('',#18298,#1970);
#115=LINE('',#18301,#1971);
#116=LINE('',#18303,#1972);
#117=LINE('',#18305,#1973);
#118=LINE('',#18306,#1974);
#119=LINE('',#18309,#1975);
#120=LINE('',#18311,#1976);
#121=LINE('',#18313,#1977);
#122=LINE('',#18314,#1978);
#123=LINE('',#18317,#1979);
#124=LINE('',#18319,#1980);
#125=LINE('',#18321,#1981);
#126=LINE('',#18322,#1982);
#127=LINE('',#18325,#1983);
#128=LINE('',#18327,#1984);
#129=LINE('',#18329,#1985);
#130=LINE('',#18330,#1986);
#131=LINE('',#18333,#1987);
#132=LINE('',#18335,#1988);
#133=LINE('',#18337,#1989);
#134=LINE('',#18338,#1990);
#135=LINE('',#18341,#1991);
#136=LINE('',#18343,#1992);
#137=LINE('',#18345,#1993);
#138=LINE('',#18346,#1994);
#139=LINE('',#18349,#1995);
#140=LINE('',#18351,#1996);
#141=LINE('',#18353,#1997);
#142=LINE('',#18354,#1998);
#143=LINE('',#18357,#1999);
#144=LINE('',#18359,#2000);
#145=LINE('',#18361,#2001);
#146=LINE('',#18362,#2002);
#147=LINE('',#18365,#2003);
#148=LINE('',#18367,#2004);
#149=LINE('',#18369,#2005);
#150=LINE('',#18370,#2006);
#151=LINE('',#18373,#2007);
#152=LINE('',#18375,#2008);
#153=LINE('',#18377,#2009);
#154=LINE('',#18378,#2010);
#155=LINE('',#18381,#2011);
#156=LINE('',#18383,#2012);
#157=LINE('',#18385,#2013);
#158=LINE('',#18386,#2014);
#159=LINE('',#18389,#2015);
#160=LINE('',#18391,#2016);
#161=LINE('',#18393,#2017);
#162=LINE('',#18394,#2018);
#163=LINE('',#18397,#2019);
#164=LINE('',#18399,#2020);
#165=LINE('',#18401,#2021);
#166=LINE('',#18402,#2022);
#167=LINE('',#18405,#2023);
#168=LINE('',#18407,#2024);
#169=LINE('',#18409,#2025);
#170=LINE('',#18410,#2026);
#171=LINE('',#18413,#2027);
#172=LINE('',#18415,#2028);
#173=LINE('',#18417,#2029);
#174=LINE('',#18418,#2030);
#175=LINE('',#18421,#2031);
#176=LINE('',#18423,#2032);
#177=LINE('',#18425,#2033);
#178=LINE('',#18426,#2034);
#179=LINE('',#18429,#2035);
#180=LINE('',#18431,#2036);
#181=LINE('',#18433,#2037);
#182=LINE('',#18434,#2038);
#183=LINE('',#18437,#2039);
#184=LINE('',#18439,#2040);
#185=LINE('',#18441,#2041);
#186=LINE('',#18442,#2042);
#187=LINE('',#18445,#2043);
#188=LINE('',#18447,#2044);
#189=LINE('',#18449,#2045);
#190=LINE('',#18450,#2046);
#191=LINE('',#18453,#2047);
#192=LINE('',#18455,#2048);
#193=LINE('',#18457,#2049);
#194=LINE('',#18458,#2050);
#195=LINE('',#18461,#2051);
#196=LINE('',#18463,#2052);
#197=LINE('',#18465,#2053);
#198=LINE('',#18466,#2054);
#199=LINE('',#18469,#2055);
#200=LINE('',#18471,#2056);
#201=LINE('',#18473,#2057);
#202=LINE('',#18474,#2058);
#203=LINE('',#18477,#2059);
#204=LINE('',#18479,#2060);
#205=LINE('',#18481,#2061);
#206=LINE('',#18482,#2062);
#207=LINE('',#18485,#2063);
#208=LINE('',#18487,#2064);
#209=LINE('',#18489,#2065);
#210=LINE('',#18490,#2066);
#211=LINE('',#18493,#2067);
#212=LINE('',#18495,#2068);
#213=LINE('',#18497,#2069);
#214=LINE('',#18498,#2070);
#215=LINE('',#18501,#2071);
#216=LINE('',#18503,#2072);
#217=LINE('',#18505,#2073);
#218=LINE('',#18506,#2074);
#219=LINE('',#18509,#2075);
#220=LINE('',#18511,#2076);
#221=LINE('',#18513,#2077);
#222=LINE('',#18514,#2078);
#223=LINE('',#18517,#2079);
#224=LINE('',#18519,#2080);
#225=LINE('',#18521,#2081);
#226=LINE('',#18522,#2082);
#227=LINE('',#18525,#2083);
#228=LINE('',#18527,#2084);
#229=LINE('',#18529,#2085);
#230=LINE('',#18530,#2086);
#231=LINE('',#18533,#2087);
#232=LINE('',#18535,#2088);
#233=LINE('',#18537,#2089);
#234=LINE('',#18538,#2090);
#235=LINE('',#18541,#2091);
#236=LINE('',#18543,#2092);
#237=LINE('',#18545,#2093);
#238=LINE('',#18546,#2094);
#239=LINE('',#18549,#2095);
#240=LINE('',#18551,#2096);
#241=LINE('',#18553,#2097);
#242=LINE('',#18554,#2098);
#243=LINE('',#18557,#2099);
#244=LINE('',#18559,#2100);
#245=LINE('',#18561,#2101);
#246=LINE('',#18562,#2102);
#247=LINE('',#18565,#2103);
#248=LINE('',#18567,#2104);
#249=LINE('',#18569,#2105);
#250=LINE('',#18570,#2106);
#251=LINE('',#18573,#2107);
#252=LINE('',#18575,#2108);
#253=LINE('',#18577,#2109);
#254=LINE('',#18578,#2110);
#255=LINE('',#18581,#2111);
#256=LINE('',#18583,#2112);
#257=LINE('',#18585,#2113);
#258=LINE('',#18586,#2114);
#259=LINE('',#18589,#2115);
#260=LINE('',#18591,#2116);
#261=LINE('',#18593,#2117);
#262=LINE('',#18594,#2118);
#263=LINE('',#18597,#2119);
#264=LINE('',#18599,#2120);
#265=LINE('',#18601,#2121);
#266=LINE('',#18602,#2122);
#267=LINE('',#18605,#2123);
#268=LINE('',#18607,#2124);
#269=LINE('',#18609,#2125);
#270=LINE('',#18610,#2126);
#271=LINE('',#18613,#2127);
#272=LINE('',#18615,#2128);
#273=LINE('',#18617,#2129);
#274=LINE('',#18618,#2130);
#275=LINE('',#18621,#2131);
#276=LINE('',#18623,#2132);
#277=LINE('',#18625,#2133);
#278=LINE('',#18626,#2134);
#279=LINE('',#18629,#2135);
#280=LINE('',#18631,#2136);
#281=LINE('',#18633,#2137);
#282=LINE('',#18634,#2138);
#283=LINE('',#18637,#2139);
#284=LINE('',#18639,#2140);
#285=LINE('',#18641,#2141);
#286=LINE('',#18642,#2142);
#287=LINE('',#18645,#2143);
#288=LINE('',#18647,#2144);
#289=LINE('',#18649,#2145);
#290=LINE('',#18650,#2146);
#291=LINE('',#18653,#2147);
#292=LINE('',#18655,#2148);
#293=LINE('',#18657,#2149);
#294=LINE('',#18658,#2150);
#295=LINE('',#18661,#2151);
#296=LINE('',#18663,#2152);
#297=LINE('',#18665,#2153);
#298=LINE('',#18666,#2154);
#299=LINE('',#18669,#2155);
#300=LINE('',#18671,#2156);
#301=LINE('',#18673,#2157);
#302=LINE('',#18674,#2158);
#303=LINE('',#18677,#2159);
#304=LINE('',#18679,#2160);
#305=LINE('',#18681,#2161);
#306=LINE('',#18682,#2162);
#307=LINE('',#18685,#2163);
#308=LINE('',#18687,#2164);
#309=LINE('',#18689,#2165);
#310=LINE('',#18690,#2166);
#311=LINE('',#18693,#2167);
#312=LINE('',#18695,#2168);
#313=LINE('',#18697,#2169);
#314=LINE('',#18698,#2170);
#315=LINE('',#18701,#2171);
#316=LINE('',#18703,#2172);
#317=LINE('',#18705,#2173);
#318=LINE('',#18706,#2174);
#319=LINE('',#18709,#2175);
#320=LINE('',#18711,#2176);
#321=LINE('',#18713,#2177);
#322=LINE('',#18714,#2178);
#323=LINE('',#18717,#2179);
#324=LINE('',#18719,#2180);
#325=LINE('',#18721,#2181);
#326=LINE('',#18722,#2182);
#327=LINE('',#18725,#2183);
#328=LINE('',#18727,#2184);
#329=LINE('',#18729,#2185);
#330=LINE('',#18730,#2186);
#331=LINE('',#18733,#2187);
#332=LINE('',#18735,#2188);
#333=LINE('',#18737,#2189);
#334=LINE('',#18738,#2190);
#335=LINE('',#18741,#2191);
#336=LINE('',#18743,#2192);
#337=LINE('',#18745,#2193);
#338=LINE('',#18746,#2194);
#339=LINE('',#18749,#2195);
#340=LINE('',#18751,#2196);
#341=LINE('',#18753,#2197);
#342=LINE('',#18754,#2198);
#343=LINE('',#18757,#2199);
#344=LINE('',#18759,#2200);
#345=LINE('',#18761,#2201);
#346=LINE('',#18762,#2202);
#347=LINE('',#18765,#2203);
#348=LINE('',#18767,#2204);
#349=LINE('',#18769,#2205);
#350=LINE('',#18770,#2206);
#351=LINE('',#18773,#2207);
#352=LINE('',#18775,#2208);
#353=LINE('',#18777,#2209);
#354=LINE('',#18778,#2210);
#355=LINE('',#18781,#2211);
#356=LINE('',#18783,#2212);
#357=LINE('',#18785,#2213);
#358=LINE('',#18786,#2214);
#359=LINE('',#18789,#2215);
#360=LINE('',#18791,#2216);
#361=LINE('',#18793,#2217);
#362=LINE('',#18794,#2218);
#363=LINE('',#18797,#2219);
#364=LINE('',#18799,#2220);
#365=LINE('',#18801,#2221);
#366=LINE('',#18802,#2222);
#367=LINE('',#18805,#2223);
#368=LINE('',#18807,#2224);
#369=LINE('',#18809,#2225);
#370=LINE('',#18810,#2226);
#371=LINE('',#18813,#2227);
#372=LINE('',#18815,#2228);
#373=LINE('',#18817,#2229);
#374=LINE('',#18818,#2230);
#375=LINE('',#18821,#2231);
#376=LINE('',#18823,#2232);
#377=LINE('',#18825,#2233);
#378=LINE('',#18826,#2234);
#379=LINE('',#18829,#2235);
#380=LINE('',#18831,#2236);
#381=LINE('',#18833,#2237);
#382=LINE('',#18834,#2238);
#383=LINE('',#18837,#2239);
#384=LINE('',#18839,#2240);
#385=LINE('',#18841,#2241);
#386=LINE('',#18842,#2242);
#387=LINE('',#18845,#2243);
#388=LINE('',#18847,#2244);
#389=LINE('',#18849,#2245);
#390=LINE('',#18850,#2246);
#391=LINE('',#18853,#2247);
#392=LINE('',#18855,#2248);
#393=LINE('',#18857,#2249);
#394=LINE('',#18858,#2250);
#395=LINE('',#18861,#2251);
#396=LINE('',#18863,#2252);
#397=LINE('',#18865,#2253);
#398=LINE('',#18866,#2254);
#399=LINE('',#18869,#2255);
#400=LINE('',#18871,#2256);
#401=LINE('',#18873,#2257);
#402=LINE('',#18874,#2258);
#403=LINE('',#18877,#2259);
#404=LINE('',#18879,#2260);
#405=LINE('',#18881,#2261);
#406=LINE('',#18882,#2262);
#407=LINE('',#18885,#2263);
#408=LINE('',#18887,#2264);
#409=LINE('',#18889,#2265);
#410=LINE('',#18890,#2266);
#411=LINE('',#18893,#2267);
#412=LINE('',#18895,#2268);
#413=LINE('',#18897,#2269);
#414=LINE('',#18898,#2270);
#415=LINE('',#18901,#2271);
#416=LINE('',#18903,#2272);
#417=LINE('',#18905,#2273);
#418=LINE('',#18906,#2274);
#419=LINE('',#18909,#2275);
#420=LINE('',#18911,#2276);
#421=LINE('',#18913,#2277);
#422=LINE('',#18914,#2278);
#423=LINE('',#18917,#2279);
#424=LINE('',#18919,#2280);
#425=LINE('',#18921,#2281);
#426=LINE('',#18922,#2282);
#427=LINE('',#18925,#2283);
#428=LINE('',#18927,#2284);
#429=LINE('',#18929,#2285);
#430=LINE('',#18930,#2286);
#431=LINE('',#18933,#2287);
#432=LINE('',#18935,#2288);
#433=LINE('',#18937,#2289);
#434=LINE('',#18938,#2290);
#435=LINE('',#18941,#2291);
#436=LINE('',#18943,#2292);
#437=LINE('',#18945,#2293);
#438=LINE('',#18946,#2294);
#439=LINE('',#18949,#2295);
#440=LINE('',#18951,#2296);
#441=LINE('',#18953,#2297);
#442=LINE('',#18954,#2298);
#443=LINE('',#18957,#2299);
#444=LINE('',#18959,#2300);
#445=LINE('',#18961,#2301);
#446=LINE('',#18962,#2302);
#447=LINE('',#18965,#2303);
#448=LINE('',#18967,#2304);
#449=LINE('',#18969,#2305);
#450=LINE('',#18970,#2306);
#451=LINE('',#18973,#2307);
#452=LINE('',#18975,#2308);
#453=LINE('',#18977,#2309);
#454=LINE('',#18978,#2310);
#455=LINE('',#18981,#2311);
#456=LINE('',#18983,#2312);
#457=LINE('',#18985,#2313);
#458=LINE('',#18986,#2314);
#459=LINE('',#18989,#2315);
#460=LINE('',#18991,#2316);
#461=LINE('',#18993,#2317);
#462=LINE('',#18994,#2318);
#463=LINE('',#18997,#2319);
#464=LINE('',#18999,#2320);
#465=LINE('',#19001,#2321);
#466=LINE('',#19002,#2322);
#467=LINE('',#19005,#2323);
#468=LINE('',#19007,#2324);
#469=LINE('',#19009,#2325);
#470=LINE('',#19010,#2326);
#471=LINE('',#19013,#2327);
#472=LINE('',#19015,#2328);
#473=LINE('',#19017,#2329);
#474=LINE('',#19018,#2330);
#475=LINE('',#19021,#2331);
#476=LINE('',#19023,#2332);
#477=LINE('',#19025,#2333);
#478=LINE('',#19026,#2334);
#479=LINE('',#19029,#2335);
#480=LINE('',#19031,#2336);
#481=LINE('',#19033,#2337);
#482=LINE('',#19034,#2338);
#483=LINE('',#19037,#2339);
#484=LINE('',#19039,#2340);
#485=LINE('',#19041,#2341);
#486=LINE('',#19042,#2342);
#487=LINE('',#19045,#2343);
#488=LINE('',#19047,#2344);
#489=LINE('',#19049,#2345);
#490=LINE('',#19050,#2346);
#491=LINE('',#19053,#2347);
#492=LINE('',#19055,#2348);
#493=LINE('',#19057,#2349);
#494=LINE('',#19058,#2350);
#495=LINE('',#19061,#2351);
#496=LINE('',#19063,#2352);
#497=LINE('',#19065,#2353);
#498=LINE('',#19066,#2354);
#499=LINE('',#19069,#2355);
#500=LINE('',#19071,#2356);
#501=LINE('',#19073,#2357);
#502=LINE('',#19074,#2358);
#503=LINE('',#19077,#2359);
#504=LINE('',#19079,#2360);
#505=LINE('',#19081,#2361);
#506=LINE('',#19082,#2362);
#507=LINE('',#19085,#2363);
#508=LINE('',#19087,#2364);
#509=LINE('',#19089,#2365);
#510=LINE('',#19090,#2366);
#511=LINE('',#19093,#2367);
#512=LINE('',#19095,#2368);
#513=LINE('',#19097,#2369);
#514=LINE('',#19098,#2370);
#515=LINE('',#19101,#2371);
#516=LINE('',#19103,#2372);
#517=LINE('',#19105,#2373);
#518=LINE('',#19106,#2374);
#519=LINE('',#19111,#2375);
#520=LINE('',#19113,#2376);
#521=LINE('',#19117,#2377);
#522=LINE('',#19119,#2378);
#523=LINE('',#19121,#2379);
#524=LINE('',#19125,#2380);
#525=LINE('',#19127,#2381);
#526=LINE('',#19129,#2382);
#527=LINE('',#19133,#2383);
#528=LINE('',#19135,#2384);
#529=LINE('',#19137,#2385);
#530=LINE('',#19139,#2386);
#531=LINE('',#19143,#2387);
#532=LINE('',#19145,#2388);
#533=LINE('',#19147,#2389);
#534=LINE('',#19149,#2390);
#535=LINE('',#19153,#2391);
#536=LINE('',#19155,#2392);
#537=LINE('',#19157,#2393);
#538=LINE('',#19161,#2394);
#539=LINE('',#19163,#2395);
#540=LINE('',#19165,#2396);
#541=LINE('',#19169,#2397);
#542=LINE('',#19171,#2398);
#543=LINE('',#19173,#2399);
#544=LINE('',#19177,#2400);
#545=LINE('',#19179,#2401);
#546=LINE('',#19181,#2402);
#547=LINE('',#19185,#2403);
#548=LINE('',#19187,#2404);
#549=LINE('',#19189,#2405);
#550=LINE('',#19191,#2406);
#551=LINE('',#19195,#2407);
#552=LINE('',#19197,#2408);
#553=LINE('',#19199,#2409);
#554=LINE('',#19201,#2410);
#555=LINE('',#19205,#2411);
#556=LINE('',#19207,#2412);
#557=LINE('',#19209,#2413);
#558=LINE('',#19213,#2414);
#559=LINE('',#19215,#2415);
#560=LINE('',#19217,#2416);
#561=LINE('',#19221,#2417);
#562=LINE('',#19223,#2418);
#563=LINE('',#19225,#2419);
#564=LINE('',#19229,#2420);
#565=LINE('',#19231,#2421);
#566=LINE('',#19233,#2422);
#567=LINE('',#19237,#2423);
#568=LINE('',#19239,#2424);
#569=LINE('',#19241,#2425);
#570=LINE('',#19243,#2426);
#571=LINE('',#19247,#2427);
#572=LINE('',#19249,#2428);
#573=LINE('',#19251,#2429);
#574=LINE('',#19253,#2430);
#575=LINE('',#19257,#2431);
#576=LINE('',#19259,#2432);
#577=LINE('',#19261,#2433);
#578=LINE('',#19265,#2434);
#579=LINE('',#19267,#2435);
#580=LINE('',#19269,#2436);
#581=LINE('',#19273,#2437);
#582=LINE('',#19275,#2438);
#583=LINE('',#19277,#2439);
#584=LINE('',#19281,#2440);
#585=LINE('',#19283,#2441);
#586=LINE('',#19285,#2442);
#587=LINE('',#19289,#2443);
#588=LINE('',#19291,#2444);
#589=LINE('',#19293,#2445);
#590=LINE('',#19295,#2446);
#591=LINE('',#19299,#2447);
#592=LINE('',#19301,#2448);
#593=LINE('',#19303,#2449);
#594=LINE('',#19305,#2450);
#595=LINE('',#19309,#2451);
#596=LINE('',#19311,#2452);
#597=LINE('',#19313,#2453);
#598=LINE('',#19317,#2454);
#599=LINE('',#19319,#2455);
#600=LINE('',#19321,#2456);
#601=LINE('',#19323,#2457);
#602=LINE('',#19324,#2458);
#603=LINE('',#19329,#2459);
#604=LINE('',#19331,#2460);
#605=LINE('',#19333,#2461);
#606=LINE('',#19334,#2462);
#607=LINE('',#19339,#2463);
#608=LINE('',#19341,#2464);
#609=LINE('',#19343,#2465);
#610=LINE('',#19344,#2466);
#611=LINE('',#19349,#2467);
#612=LINE('',#19351,#2468);
#613=LINE('',#19353,#2469);
#614=LINE('',#19354,#2470);
#615=LINE('',#19359,#2471);
#616=LINE('',#19361,#2472);
#617=LINE('',#19363,#2473);
#618=LINE('',#19364,#2474);
#619=LINE('',#19369,#2475);
#620=LINE('',#19371,#2476);
#621=LINE('',#19373,#2477);
#622=LINE('',#19374,#2478);
#623=LINE('',#19379,#2479);
#624=LINE('',#19381,#2480);
#625=LINE('',#19383,#2481);
#626=LINE('',#19384,#2482);
#627=LINE('',#19389,#2483);
#628=LINE('',#19391,#2484);
#629=LINE('',#19393,#2485);
#630=LINE('',#19397,#2486);
#631=LINE('',#19399,#2487);
#632=LINE('',#19401,#2488);
#633=LINE('',#19403,#2489);
#634=LINE('',#19405,#2490);
#635=LINE('',#19407,#2491);
#636=LINE('',#19409,#2492);
#637=LINE('',#19411,#2493);
#638=LINE('',#19413,#2494);
#639=LINE('',#19415,#2495);
#640=LINE('',#19417,#2496);
#641=LINE('',#19419,#2497);
#642=LINE('',#19421,#2498);
#643=LINE('',#19423,#2499);
#644=LINE('',#19425,#2500);
#645=LINE('',#19427,#2501);
#646=LINE('',#19429,#2502);
#647=LINE('',#19431,#2503);
#648=LINE('',#19433,#2504);
#649=LINE('',#19435,#2505);
#650=LINE('',#19437,#2506);
#651=LINE('',#19439,#2507);
#652=LINE('',#19441,#2508);
#653=LINE('',#19443,#2509);
#654=LINE('',#19445,#2510);
#655=LINE('',#19447,#2511);
#656=LINE('',#19449,#2512);
#657=LINE('',#19451,#2513);
#658=LINE('',#19453,#2514);
#659=LINE('',#19455,#2515);
#660=LINE('',#19457,#2516);
#661=LINE('',#19459,#2517);
#662=LINE('',#19461,#2518);
#663=LINE('',#19463,#2519);
#664=LINE('',#19465,#2520);
#665=LINE('',#19467,#2521);
#666=LINE('',#19469,#2522);
#667=LINE('',#19471,#2523);
#668=LINE('',#19473,#2524);
#669=LINE('',#19475,#2525);
#670=LINE('',#19477,#2526);
#671=LINE('',#19479,#2527);
#672=LINE('',#19481,#2528);
#673=LINE('',#19483,#2529);
#674=LINE('',#19485,#2530);
#675=LINE('',#19487,#2531);
#676=LINE('',#19489,#2532);
#677=LINE('',#19491,#2533);
#678=LINE('',#19499,#2534);
#679=LINE('',#19501,#2535);
#680=LINE('',#19503,#2536);
#681=LINE('',#19505,#2537);
#682=LINE('',#19507,#2538);
#683=LINE('',#19509,#2539);
#684=LINE('',#19511,#2540);
#685=LINE('',#19513,#2541);
#686=LINE('',#19515,#2542);
#687=LINE('',#19517,#2543);
#688=LINE('',#19519,#2544);
#689=LINE('',#19521,#2545);
#690=LINE('',#19523,#2546);
#691=LINE('',#19525,#2547);
#692=LINE('',#19526,#2548);
#693=LINE('',#19531,#2549);
#694=LINE('',#19533,#2550);
#695=LINE('',#19534,#2551);
#696=LINE('',#19539,#2552);
#697=LINE('',#19541,#2553);
#698=LINE('',#19543,#2554);
#699=LINE('',#19544,#2555);
#700=LINE('',#19549,#2556);
#701=LINE('',#19551,#2557);
#702=LINE('',#19553,#2558);
#703=LINE('',#19554,#2559);
#704=LINE('',#19559,#2560);
#705=LINE('',#19561,#2561);
#706=LINE('',#19562,#2562);
#707=LINE('',#19567,#2563);
#708=LINE('',#19569,#2564);
#709=LINE('',#19570,#2565);
#710=LINE('',#19575,#2566);
#711=LINE('',#19577,#2567);
#712=LINE('',#19578,#2568);
#713=LINE('',#19583,#2569);
#714=LINE('',#19585,#2570);
#715=LINE('',#19586,#2571);
#716=LINE('',#19591,#2572);
#717=LINE('',#19593,#2573);
#718=LINE('',#19595,#2574);
#719=LINE('',#19596,#2575);
#720=LINE('',#19601,#2576);
#721=LINE('',#19603,#2577);
#722=LINE('',#19605,#2578);
#723=LINE('',#19606,#2579);
#724=LINE('',#19611,#2580);
#725=LINE('',#19613,#2581);
#726=LINE('',#19614,#2582);
#727=LINE('',#19619,#2583);
#728=LINE('',#19621,#2584);
#729=LINE('',#19622,#2585);
#730=LINE('',#19627,#2586);
#731=LINE('',#19629,#2587);
#732=LINE('',#19630,#2588);
#733=LINE('',#19635,#2589);
#734=LINE('',#19637,#2590);
#735=LINE('',#19638,#2591);
#736=LINE('',#19643,#2592);
#737=LINE('',#19645,#2593);
#738=LINE('',#19647,#2594);
#739=LINE('',#19648,#2595);
#740=LINE('',#19653,#2596);
#741=LINE('',#19655,#2597);
#742=LINE('',#19657,#2598);
#743=LINE('',#19658,#2599);
#744=LINE('',#19663,#2600);
#745=LINE('',#19665,#2601);
#746=LINE('',#19666,#2602);
#747=LINE('',#19671,#2603);
#748=LINE('',#19673,#2604);
#749=LINE('',#19674,#2605);
#750=LINE('',#19679,#2606);
#751=LINE('',#19681,#2607);
#752=LINE('',#19682,#2608);
#753=LINE('',#19687,#2609);
#754=LINE('',#19689,#2610);
#755=LINE('',#19690,#2611);
#756=LINE('',#19695,#2612);
#757=LINE('',#19697,#2613);
#758=LINE('',#19699,#2614);
#759=LINE('',#19700,#2615);
#760=LINE('',#19705,#2616);
#761=LINE('',#19707,#2617);
#762=LINE('',#19709,#2618);
#763=LINE('',#19710,#2619);
#764=LINE('',#19715,#2620);
#765=LINE('',#19717,#2621);
#766=LINE('',#19718,#2622);
#767=LINE('',#19723,#2623);
#768=LINE('',#19725,#2624);
#769=LINE('',#19729,#2625);
#770=LINE('',#19731,#2626);
#771=LINE('',#19733,#2627);
#772=LINE('',#19734,#2628);
#773=LINE('',#19737,#2629);
#774=LINE('',#19739,#2630);
#775=LINE('',#19741,#2631);
#776=LINE('',#19742,#2632);
#777=LINE('',#19745,#2633);
#778=LINE('',#19747,#2634);
#779=LINE('',#19749,#2635);
#780=LINE('',#19750,#2636);
#781=LINE('',#19753,#2637);
#782=LINE('',#19755,#2638);
#783=LINE('',#19757,#2639);
#784=LINE('',#19758,#2640);
#785=LINE('',#19761,#2641);
#786=LINE('',#19763,#2642);
#787=LINE('',#19765,#2643);
#788=LINE('',#19766,#2644);
#789=LINE('',#19769,#2645);
#790=LINE('',#19771,#2646);
#791=LINE('',#19773,#2647);
#792=LINE('',#19774,#2648);
#793=LINE('',#19777,#2649);
#794=LINE('',#19779,#2650);
#795=LINE('',#19781,#2651);
#796=LINE('',#19782,#2652);
#797=LINE('',#19785,#2653);
#798=LINE('',#19787,#2654);
#799=LINE('',#19789,#2655);
#800=LINE('',#19790,#2656);
#801=LINE('',#19793,#2657);
#802=LINE('',#19795,#2658);
#803=LINE('',#19797,#2659);
#804=LINE('',#19798,#2660);
#805=LINE('',#19801,#2661);
#806=LINE('',#19803,#2662);
#807=LINE('',#19805,#2663);
#808=LINE('',#19806,#2664);
#809=LINE('',#19809,#2665);
#810=LINE('',#19811,#2666);
#811=LINE('',#19813,#2667);
#812=LINE('',#19814,#2668);
#813=LINE('',#19817,#2669);
#814=LINE('',#19819,#2670);
#815=LINE('',#19821,#2671);
#816=LINE('',#19822,#2672);
#817=LINE('',#19825,#2673);
#818=LINE('',#19827,#2674);
#819=LINE('',#19829,#2675);
#820=LINE('',#19830,#2676);
#821=LINE('',#19833,#2677);
#822=LINE('',#19835,#2678);
#823=LINE('',#19837,#2679);
#824=LINE('',#19838,#2680);
#825=LINE('',#19841,#2681);
#826=LINE('',#19843,#2682);
#827=LINE('',#19845,#2683);
#828=LINE('',#19846,#2684);
#829=LINE('',#19849,#2685);
#830=LINE('',#19851,#2686);
#831=LINE('',#19853,#2687);
#832=LINE('',#19854,#2688);
#833=LINE('',#19857,#2689);
#834=LINE('',#19859,#2690);
#835=LINE('',#19861,#2691);
#836=LINE('',#19862,#2692);
#837=LINE('',#19865,#2693);
#838=LINE('',#19867,#2694);
#839=LINE('',#19869,#2695);
#840=LINE('',#19870,#2696);
#841=LINE('',#19873,#2697);
#842=LINE('',#19875,#2698);
#843=LINE('',#19877,#2699);
#844=LINE('',#19878,#2700);
#845=LINE('',#19881,#2701);
#846=LINE('',#19883,#2702);
#847=LINE('',#19885,#2703);
#848=LINE('',#19886,#2704);
#849=LINE('',#19889,#2705);
#850=LINE('',#19891,#2706);
#851=LINE('',#19893,#2707);
#852=LINE('',#19894,#2708);
#853=LINE('',#19897,#2709);
#854=LINE('',#19899,#2710);
#855=LINE('',#19901,#2711);
#856=LINE('',#19902,#2712);
#857=LINE('',#19905,#2713);
#858=LINE('',#19907,#2714);
#859=LINE('',#19909,#2715);
#860=LINE('',#19910,#2716);
#861=LINE('',#19913,#2717);
#862=LINE('',#19915,#2718);
#863=LINE('',#19917,#2719);
#864=LINE('',#19918,#2720);
#865=LINE('',#19921,#2721);
#866=LINE('',#19923,#2722);
#867=LINE('',#19925,#2723);
#868=LINE('',#19926,#2724);
#869=LINE('',#19929,#2725);
#870=LINE('',#19931,#2726);
#871=LINE('',#19933,#2727);
#872=LINE('',#19934,#2728);
#873=LINE('',#19937,#2729);
#874=LINE('',#19939,#2730);
#875=LINE('',#19941,#2731);
#876=LINE('',#19942,#2732);
#877=LINE('',#19945,#2733);
#878=LINE('',#19947,#2734);
#879=LINE('',#19949,#2735);
#880=LINE('',#19950,#2736);
#881=LINE('',#19953,#2737);
#882=LINE('',#19955,#2738);
#883=LINE('',#19957,#2739);
#884=LINE('',#19958,#2740);
#885=LINE('',#19961,#2741);
#886=LINE('',#19963,#2742);
#887=LINE('',#19965,#2743);
#888=LINE('',#19966,#2744);
#889=LINE('',#19969,#2745);
#890=LINE('',#19971,#2746);
#891=LINE('',#19973,#2747);
#892=LINE('',#19974,#2748);
#893=LINE('',#19977,#2749);
#894=LINE('',#19979,#2750);
#895=LINE('',#19981,#2751);
#896=LINE('',#19982,#2752);
#897=LINE('',#19985,#2753);
#898=LINE('',#19987,#2754);
#899=LINE('',#19989,#2755);
#900=LINE('',#19990,#2756);
#901=LINE('',#19993,#2757);
#902=LINE('',#19995,#2758);
#903=LINE('',#19997,#2759);
#904=LINE('',#19998,#2760);
#905=LINE('',#20001,#2761);
#906=LINE('',#20003,#2762);
#907=LINE('',#20005,#2763);
#908=LINE('',#20006,#2764);
#909=LINE('',#20009,#2765);
#910=LINE('',#20011,#2766);
#911=LINE('',#20013,#2767);
#912=LINE('',#20014,#2768);
#913=LINE('',#20017,#2769);
#914=LINE('',#20019,#2770);
#915=LINE('',#20021,#2771);
#916=LINE('',#20022,#2772);
#917=LINE('',#20025,#2773);
#918=LINE('',#20027,#2774);
#919=LINE('',#20029,#2775);
#920=LINE('',#20030,#2776);
#921=LINE('',#20033,#2777);
#922=LINE('',#20035,#2778);
#923=LINE('',#20037,#2779);
#924=LINE('',#20038,#2780);
#925=LINE('',#20041,#2781);
#926=LINE('',#20043,#2782);
#927=LINE('',#20045,#2783);
#928=LINE('',#20046,#2784);
#929=LINE('',#20049,#2785);
#930=LINE('',#20051,#2786);
#931=LINE('',#20053,#2787);
#932=LINE('',#20054,#2788);
#933=LINE('',#20057,#2789);
#934=LINE('',#20059,#2790);
#935=LINE('',#20061,#2791);
#936=LINE('',#20062,#2792);
#937=LINE('',#20065,#2793);
#938=LINE('',#20067,#2794);
#939=LINE('',#20069,#2795);
#940=LINE('',#20070,#2796);
#941=LINE('',#20073,#2797);
#942=LINE('',#20075,#2798);
#943=LINE('',#20077,#2799);
#944=LINE('',#20078,#2800);
#945=LINE('',#20081,#2801);
#946=LINE('',#20083,#2802);
#947=LINE('',#20085,#2803);
#948=LINE('',#20086,#2804);
#949=LINE('',#20089,#2805);
#950=LINE('',#20091,#2806);
#951=LINE('',#20093,#2807);
#952=LINE('',#20094,#2808);
#953=LINE('',#20097,#2809);
#954=LINE('',#20099,#2810);
#955=LINE('',#20101,#2811);
#956=LINE('',#20102,#2812);
#957=LINE('',#20105,#2813);
#958=LINE('',#20107,#2814);
#959=LINE('',#20109,#2815);
#960=LINE('',#20111,#2816);
#961=LINE('',#20113,#2817);
#962=LINE('',#20114,#2818);
#963=LINE('',#20117,#2819);
#964=LINE('',#20119,#2820);
#965=LINE('',#20121,#2821);
#966=LINE('',#20122,#2822);
#967=LINE('',#20125,#2823);
#968=LINE('',#20127,#2824);
#969=LINE('',#20129,#2825);
#970=LINE('',#20130,#2826);
#971=LINE('',#20133,#2827);
#972=LINE('',#20135,#2828);
#973=LINE('',#20137,#2829);
#974=LINE('',#20138,#2830);
#975=LINE('',#20141,#2831);
#976=LINE('',#20143,#2832);
#977=LINE('',#20145,#2833);
#978=LINE('',#20146,#2834);
#979=LINE('',#20149,#2835);
#980=LINE('',#20151,#2836);
#981=LINE('',#20153,#2837);
#982=LINE('',#20154,#2838);
#983=LINE('',#20157,#2839);
#984=LINE('',#20159,#2840);
#985=LINE('',#20161,#2841);
#986=LINE('',#20162,#2842);
#987=LINE('',#20165,#2843);
#988=LINE('',#20167,#2844);
#989=LINE('',#20169,#2845);
#990=LINE('',#20170,#2846);
#991=LINE('',#20173,#2847);
#992=LINE('',#20175,#2848);
#993=LINE('',#20177,#2849);
#994=LINE('',#20178,#2850);
#995=LINE('',#20181,#2851);
#996=LINE('',#20183,#2852);
#997=LINE('',#20185,#2853);
#998=LINE('',#20186,#2854);
#999=LINE('',#20189,#2855);
#1000=LINE('',#20191,#2856);
#1001=LINE('',#20193,#2857);
#1002=LINE('',#20194,#2858);
#1003=LINE('',#20197,#2859);
#1004=LINE('',#20199,#2860);
#1005=LINE('',#20201,#2861);
#1006=LINE('',#20202,#2862);
#1007=LINE('',#20205,#2863);
#1008=LINE('',#20207,#2864);
#1009=LINE('',#20209,#2865);
#1010=LINE('',#20210,#2866);
#1011=LINE('',#20213,#2867);
#1012=LINE('',#20215,#2868);
#1013=LINE('',#20217,#2869);
#1014=LINE('',#20218,#2870);
#1015=LINE('',#20221,#2871);
#1016=LINE('',#20223,#2872);
#1017=LINE('',#20225,#2873);
#1018=LINE('',#20226,#2874);
#1019=LINE('',#20229,#2875);
#1020=LINE('',#20231,#2876);
#1021=LINE('',#20233,#2877);
#1022=LINE('',#20234,#2878);
#1023=LINE('',#20237,#2879);
#1024=LINE('',#20239,#2880);
#1025=LINE('',#20241,#2881);
#1026=LINE('',#20242,#2882);
#1027=LINE('',#20245,#2883);
#1028=LINE('',#20247,#2884);
#1029=LINE('',#20249,#2885);
#1030=LINE('',#20250,#2886);
#1031=LINE('',#20253,#2887);
#1032=LINE('',#20255,#2888);
#1033=LINE('',#20257,#2889);
#1034=LINE('',#20258,#2890);
#1035=LINE('',#20261,#2891);
#1036=LINE('',#20263,#2892);
#1037=LINE('',#20265,#2893);
#1038=LINE('',#20266,#2894);
#1039=LINE('',#20269,#2895);
#1040=LINE('',#20271,#2896);
#1041=LINE('',#20273,#2897);
#1042=LINE('',#20274,#2898);
#1043=LINE('',#20277,#2899);
#1044=LINE('',#20279,#2900);
#1045=LINE('',#20281,#2901);
#1046=LINE('',#20282,#2902);
#1047=LINE('',#20285,#2903);
#1048=LINE('',#20287,#2904);
#1049=LINE('',#20289,#2905);
#1050=LINE('',#20290,#2906);
#1051=LINE('',#20293,#2907);
#1052=LINE('',#20295,#2908);
#1053=LINE('',#20297,#2909);
#1054=LINE('',#20298,#2910);
#1055=LINE('',#20301,#2911);
#1056=LINE('',#20303,#2912);
#1057=LINE('',#20305,#2913);
#1058=LINE('',#20306,#2914);
#1059=LINE('',#20309,#2915);
#1060=LINE('',#20311,#2916);
#1061=LINE('',#20313,#2917);
#1062=LINE('',#20314,#2918);
#1063=LINE('',#20317,#2919);
#1064=LINE('',#20319,#2920);
#1065=LINE('',#20321,#2921);
#1066=LINE('',#20322,#2922);
#1067=LINE('',#20325,#2923);
#1068=LINE('',#20327,#2924);
#1069=LINE('',#20329,#2925);
#1070=LINE('',#20330,#2926);
#1071=LINE('',#20333,#2927);
#1072=LINE('',#20335,#2928);
#1073=LINE('',#20337,#2929);
#1074=LINE('',#20338,#2930);
#1075=LINE('',#20341,#2931);
#1076=LINE('',#20343,#2932);
#1077=LINE('',#20345,#2933);
#1078=LINE('',#20346,#2934);
#1079=LINE('',#20349,#2935);
#1080=LINE('',#20351,#2936);
#1081=LINE('',#20353,#2937);
#1082=LINE('',#20354,#2938);
#1083=LINE('',#20357,#2939);
#1084=LINE('',#20359,#2940);
#1085=LINE('',#20361,#2941);
#1086=LINE('',#20362,#2942);
#1087=LINE('',#20365,#2943);
#1088=LINE('',#20367,#2944);
#1089=LINE('',#20369,#2945);
#1090=LINE('',#20370,#2946);
#1091=LINE('',#20373,#2947);
#1092=LINE('',#20375,#2948);
#1093=LINE('',#20377,#2949);
#1094=LINE('',#20378,#2950);
#1095=LINE('',#20381,#2951);
#1096=LINE('',#20383,#2952);
#1097=LINE('',#20385,#2953);
#1098=LINE('',#20386,#2954);
#1099=LINE('',#20389,#2955);
#1100=LINE('',#20391,#2956);
#1101=LINE('',#20393,#2957);
#1102=LINE('',#20394,#2958);
#1103=LINE('',#20397,#2959);
#1104=LINE('',#20399,#2960);
#1105=LINE('',#20401,#2961);
#1106=LINE('',#20402,#2962);
#1107=LINE('',#20405,#2963);
#1108=LINE('',#20407,#2964);
#1109=LINE('',#20409,#2965);
#1110=LINE('',#20410,#2966);
#1111=LINE('',#20413,#2967);
#1112=LINE('',#20415,#2968);
#1113=LINE('',#20417,#2969);
#1114=LINE('',#20418,#2970);
#1115=LINE('',#20421,#2971);
#1116=LINE('',#20423,#2972);
#1117=LINE('',#20425,#2973);
#1118=LINE('',#20426,#2974);
#1119=LINE('',#20429,#2975);
#1120=LINE('',#20431,#2976);
#1121=LINE('',#20433,#2977);
#1122=LINE('',#20434,#2978);
#1123=LINE('',#20437,#2979);
#1124=LINE('',#20439,#2980);
#1125=LINE('',#20441,#2981);
#1126=LINE('',#20442,#2982);
#1127=LINE('',#20445,#2983);
#1128=LINE('',#20447,#2984);
#1129=LINE('',#20449,#2985);
#1130=LINE('',#20450,#2986);
#1131=LINE('',#20453,#2987);
#1132=LINE('',#20455,#2988);
#1133=LINE('',#20457,#2989);
#1134=LINE('',#20458,#2990);
#1135=LINE('',#20461,#2991);
#1136=LINE('',#20463,#2992);
#1137=LINE('',#20465,#2993);
#1138=LINE('',#20466,#2994);
#1139=LINE('',#20469,#2995);
#1140=LINE('',#20471,#2996);
#1141=LINE('',#20473,#2997);
#1142=LINE('',#20474,#2998);
#1143=LINE('',#20477,#2999);
#1144=LINE('',#20479,#3000);
#1145=LINE('',#20481,#3001);
#1146=LINE('',#20482,#3002);
#1147=LINE('',#20485,#3003);
#1148=LINE('',#20487,#3004);
#1149=LINE('',#20489,#3005);
#1150=LINE('',#20490,#3006);
#1151=LINE('',#20493,#3007);
#1152=LINE('',#20495,#3008);
#1153=LINE('',#20497,#3009);
#1154=LINE('',#20498,#3010);
#1155=LINE('',#20501,#3011);
#1156=LINE('',#20503,#3012);
#1157=LINE('',#20505,#3013);
#1158=LINE('',#20506,#3014);
#1159=LINE('',#20509,#3015);
#1160=LINE('',#20511,#3016);
#1161=LINE('',#20513,#3017);
#1162=LINE('',#20514,#3018);
#1163=LINE('',#20517,#3019);
#1164=LINE('',#20519,#3020);
#1165=LINE('',#20521,#3021);
#1166=LINE('',#20522,#3022);
#1167=LINE('',#20525,#3023);
#1168=LINE('',#20527,#3024);
#1169=LINE('',#20529,#3025);
#1170=LINE('',#20530,#3026);
#1171=LINE('',#20533,#3027);
#1172=LINE('',#20535,#3028);
#1173=LINE('',#20537,#3029);
#1174=LINE('',#20538,#3030);
#1175=LINE('',#20541,#3031);
#1176=LINE('',#20543,#3032);
#1177=LINE('',#20545,#3033);
#1178=LINE('',#20546,#3034);
#1179=LINE('',#20549,#3035);
#1180=LINE('',#20551,#3036);
#1181=LINE('',#20553,#3037);
#1182=LINE('',#20554,#3038);
#1183=LINE('',#20557,#3039);
#1184=LINE('',#20559,#3040);
#1185=LINE('',#20561,#3041);
#1186=LINE('',#20562,#3042);
#1187=LINE('',#20565,#3043);
#1188=LINE('',#20567,#3044);
#1189=LINE('',#20569,#3045);
#1190=LINE('',#20570,#3046);
#1191=LINE('',#20573,#3047);
#1192=LINE('',#20575,#3048);
#1193=LINE('',#20577,#3049);
#1194=LINE('',#20578,#3050);
#1195=LINE('',#20581,#3051);
#1196=LINE('',#20583,#3052);
#1197=LINE('',#20585,#3053);
#1198=LINE('',#20586,#3054);
#1199=LINE('',#20589,#3055);
#1200=LINE('',#20591,#3056);
#1201=LINE('',#20593,#3057);
#1202=LINE('',#20594,#3058);
#1203=LINE('',#20597,#3059);
#1204=LINE('',#20599,#3060);
#1205=LINE('',#20601,#3061);
#1206=LINE('',#20602,#3062);
#1207=LINE('',#20605,#3063);
#1208=LINE('',#20607,#3064);
#1209=LINE('',#20609,#3065);
#1210=LINE('',#20610,#3066);
#1211=LINE('',#20613,#3067);
#1212=LINE('',#20615,#3068);
#1213=LINE('',#20617,#3069);
#1214=LINE('',#20618,#3070);
#1215=LINE('',#20621,#3071);
#1216=LINE('',#20623,#3072);
#1217=LINE('',#20625,#3073);
#1218=LINE('',#20626,#3074);
#1219=LINE('',#20629,#3075);
#1220=LINE('',#20631,#3076);
#1221=LINE('',#20633,#3077);
#1222=LINE('',#20634,#3078);
#1223=LINE('',#20637,#3079);
#1224=LINE('',#20639,#3080);
#1225=LINE('',#20641,#3081);
#1226=LINE('',#20642,#3082);
#1227=LINE('',#20645,#3083);
#1228=LINE('',#20647,#3084);
#1229=LINE('',#20649,#3085);
#1230=LINE('',#20650,#3086);
#1231=LINE('',#20653,#3087);
#1232=LINE('',#20655,#3088);
#1233=LINE('',#20657,#3089);
#1234=LINE('',#20658,#3090);
#1235=LINE('',#20661,#3091);
#1236=LINE('',#20663,#3092);
#1237=LINE('',#20665,#3093);
#1238=LINE('',#20666,#3094);
#1239=LINE('',#20669,#3095);
#1240=LINE('',#20671,#3096);
#1241=LINE('',#20673,#3097);
#1242=LINE('',#20674,#3098);
#1243=LINE('',#20677,#3099);
#1244=LINE('',#20679,#3100);
#1245=LINE('',#20681,#3101);
#1246=LINE('',#20682,#3102);
#1247=LINE('',#20685,#3103);
#1248=LINE('',#20687,#3104);
#1249=LINE('',#20689,#3105);
#1250=LINE('',#20690,#3106);
#1251=LINE('',#20693,#3107);
#1252=LINE('',#20695,#3108);
#1253=LINE('',#20697,#3109);
#1254=LINE('',#20698,#3110);
#1255=LINE('',#20701,#3111);
#1256=LINE('',#20703,#3112);
#1257=LINE('',#20705,#3113);
#1258=LINE('',#20706,#3114);
#1259=LINE('',#20709,#3115);
#1260=LINE('',#20711,#3116);
#1261=LINE('',#20713,#3117);
#1262=LINE('',#20714,#3118);
#1263=LINE('',#20717,#3119);
#1264=LINE('',#20719,#3120);
#1265=LINE('',#20721,#3121);
#1266=LINE('',#20722,#3122);
#1267=LINE('',#20725,#3123);
#1268=LINE('',#20727,#3124);
#1269=LINE('',#20729,#3125);
#1270=LINE('',#20731,#3126);
#1271=LINE('',#20732,#3127);
#1272=LINE('',#20734,#3128);
#1273=LINE('',#20736,#3129);
#1274=LINE('',#20739,#3130);
#1275=LINE('',#20740,#3131);
#1276=LINE('',#20742,#3132);
#1277=LINE('',#20744,#3133);
#1278=LINE('',#20747,#3134);
#1279=LINE('',#20748,#3135);
#1280=LINE('',#20750,#3136);
#1281=LINE('',#20752,#3137);
#1282=LINE('',#20755,#3138);
#1283=LINE('',#20756,#3139);
#1284=LINE('',#20758,#3140);
#1285=LINE('',#20760,#3141);
#1286=LINE('',#20763,#3142);
#1287=LINE('',#20764,#3143);
#1288=LINE('',#20766,#3144);
#1289=LINE('',#20768,#3145);
#1290=LINE('',#20771,#3146);
#1291=LINE('',#20772,#3147);
#1292=LINE('',#20774,#3148);
#1293=LINE('',#20776,#3149);
#1294=LINE('',#20779,#3150);
#1295=LINE('',#20780,#3151);
#1296=LINE('',#20782,#3152);
#1297=LINE('',#20784,#3153);
#1298=LINE('',#20787,#3154);
#1299=LINE('',#20788,#3155);
#1300=LINE('',#20790,#3156);
#1301=LINE('',#20792,#3157);
#1302=LINE('',#20795,#3158);
#1303=LINE('',#20796,#3159);
#1304=LINE('',#20798,#3160);
#1305=LINE('',#20800,#3161);
#1306=LINE('',#20803,#3162);
#1307=LINE('',#20804,#3163);
#1308=LINE('',#20806,#3164);
#1309=LINE('',#20808,#3165);
#1310=LINE('',#20811,#3166);
#1311=LINE('',#20812,#3167);
#1312=LINE('',#20814,#3168);
#1313=LINE('',#20816,#3169);
#1314=LINE('',#20819,#3170);
#1315=LINE('',#20820,#3171);
#1316=LINE('',#20822,#3172);
#1317=LINE('',#20824,#3173);
#1318=LINE('',#20826,#3174);
#1319=LINE('',#20828,#3175);
#1320=LINE('',#20829,#3176);
#1321=LINE('',#20831,#3177);
#1322=LINE('',#20833,#3178);
#1323=LINE('',#20836,#3179);
#1324=LINE('',#20837,#3180);
#1325=LINE('',#20839,#3181);
#1326=LINE('',#20841,#3182);
#1327=LINE('',#20844,#3183);
#1328=LINE('',#20845,#3184);
#1329=LINE('',#20847,#3185);
#1330=LINE('',#20849,#3186);
#1331=LINE('',#20852,#3187);
#1332=LINE('',#20853,#3188);
#1333=LINE('',#20855,#3189);
#1334=LINE('',#20857,#3190);
#1335=LINE('',#20860,#3191);
#1336=LINE('',#20861,#3192);
#1337=LINE('',#20863,#3193);
#1338=LINE('',#20865,#3194);
#1339=LINE('',#20868,#3195);
#1340=LINE('',#20869,#3196);
#1341=LINE('',#20871,#3197);
#1342=LINE('',#20873,#3198);
#1343=LINE('',#20875,#3199);
#1344=LINE('',#20876,#3200);
#1345=LINE('',#20878,#3201);
#1346=LINE('',#20880,#3202);
#1347=LINE('',#20882,#3203);
#1348=LINE('',#20883,#3204);
#1349=LINE('',#20885,#3205);
#1350=LINE('',#20887,#3206);
#1351=LINE('',#20890,#3207);
#1352=LINE('',#20891,#3208);
#1353=LINE('',#20893,#3209);
#1354=LINE('',#20895,#3210);
#1355=LINE('',#20898,#3211);
#1356=LINE('',#20899,#3212);
#1357=LINE('',#20901,#3213);
#1358=LINE('',#20903,#3214);
#1359=LINE('',#20906,#3215);
#1360=LINE('',#20907,#3216);
#1361=LINE('',#20909,#3217);
#1362=LINE('',#20911,#3218);
#1363=LINE('',#20914,#3219);
#1364=LINE('',#20917,#3220);
#1365=LINE('',#20918,#3221);
#1366=LINE('',#20920,#3222);
#1367=LINE('',#20922,#3223);
#1368=LINE('',#20925,#3224);
#1369=LINE('',#20926,#3225);
#1370=LINE('',#20928,#3226);
#1371=LINE('',#20930,#3227);
#1372=LINE('',#20933,#3228);
#1373=LINE('',#20934,#3229);
#1374=LINE('',#20936,#3230);
#1375=LINE('',#20938,#3231);
#1376=LINE('',#20941,#3232);
#1377=LINE('',#20944,#3233);
#1378=LINE('',#20945,#3234);
#1379=LINE('',#20947,#3235);
#1380=LINE('',#20949,#3236);
#1381=LINE('',#20952,#3237);
#1382=LINE('',#20953,#3238);
#1383=LINE('',#20955,#3239);
#1384=LINE('',#20957,#3240);
#1385=LINE('',#20960,#3241);
#1386=LINE('',#20961,#3242);
#1387=LINE('',#20963,#3243);
#1388=LINE('',#20965,#3244);
#1389=LINE('',#20968,#3245);
#1390=LINE('',#20969,#3246);
#1391=LINE('',#20971,#3247);
#1392=LINE('',#20973,#3248);
#1393=LINE('',#20976,#3249);
#1394=LINE('',#20977,#3250);
#1395=LINE('',#20979,#3251);
#1396=LINE('',#20981,#3252);
#1397=LINE('',#20984,#3253);
#1398=LINE('',#20985,#3254);
#1399=LINE('',#20987,#3255);
#1400=LINE('',#20989,#3256);
#1401=LINE('',#20992,#3257);
#1402=LINE('',#20993,#3258);
#1403=LINE('',#20995,#3259);
#1404=LINE('',#20997,#3260);
#1405=LINE('',#21000,#3261);
#1406=LINE('',#21001,#3262);
#1407=LINE('',#21003,#3263);
#1408=LINE('',#21005,#3264);
#1409=LINE('',#21008,#3265);
#1410=LINE('',#21009,#3266);
#1411=LINE('',#21011,#3267);
#1412=LINE('',#21013,#3268);
#1413=LINE('',#21016,#3269);
#1414=LINE('',#21017,#3270);
#1415=LINE('',#21019,#3271);
#1416=LINE('',#21021,#3272);
#1417=LINE('',#21024,#3273);
#1418=LINE('',#21025,#3274);
#1419=LINE('',#21027,#3275);
#1420=LINE('',#21029,#3276);
#1421=LINE('',#21032,#3277);
#1422=LINE('',#21033,#3278);
#1423=LINE('',#21035,#3279);
#1424=LINE('',#21037,#3280);
#1425=LINE('',#21039,#3281);
#1426=LINE('',#21041,#3282);
#1427=LINE('',#21042,#3283);
#1428=LINE('',#21044,#3284);
#1429=LINE('',#21046,#3285);
#1430=LINE('',#21049,#3286);
#1431=LINE('',#21050,#3287);
#1432=LINE('',#21052,#3288);
#1433=LINE('',#21054,#3289);
#1434=LINE('',#21057,#3290);
#1435=LINE('',#21058,#3291);
#1436=LINE('',#21060,#3292);
#1437=LINE('',#21062,#3293);
#1438=LINE('',#21065,#3294);
#1439=LINE('',#21066,#3295);
#1440=LINE('',#21068,#3296);
#1441=LINE('',#21070,#3297);
#1442=LINE('',#21073,#3298);
#1443=LINE('',#21074,#3299);
#1444=LINE('',#21076,#3300);
#1445=LINE('',#21078,#3301);
#1446=LINE('',#21081,#3302);
#1447=LINE('',#21082,#3303);
#1448=LINE('',#21084,#3304);
#1449=LINE('',#21086,#3305);
#1450=LINE('',#21088,#3306);
#1451=LINE('',#21089,#3307);
#1452=LINE('',#21091,#3308);
#1453=LINE('',#21093,#3309);
#1454=LINE('',#21095,#3310);
#1455=LINE('',#21096,#3311);
#1456=LINE('',#21098,#3312);
#1457=LINE('',#21100,#3313);
#1458=LINE('',#21102,#3314);
#1459=LINE('',#21103,#3315);
#1460=LINE('',#21105,#3316);
#1461=LINE('',#21107,#3317);
#1462=LINE('',#21110,#3318);
#1463=LINE('',#21111,#3319);
#1464=LINE('',#21113,#3320);
#1465=LINE('',#21115,#3321);
#1466=LINE('',#21118,#3322);
#1467=LINE('',#21119,#3323);
#1468=LINE('',#21121,#3324);
#1469=LINE('',#21123,#3325);
#1470=LINE('',#21126,#3326);
#1471=LINE('',#21127,#3327);
#1472=LINE('',#21129,#3328);
#1473=LINE('',#21131,#3329);
#1474=LINE('',#21134,#3330);
#1475=LINE('',#21135,#3331);
#1476=LINE('',#21137,#3332);
#1477=LINE('',#21139,#3333);
#1478=LINE('',#21141,#3334);
#1479=LINE('',#21142,#3335);
#1480=LINE('',#21144,#3336);
#1481=LINE('',#21146,#3337);
#1482=LINE('',#21149,#3338);
#1483=LINE('',#21150,#3339);
#1484=LINE('',#21152,#3340);
#1485=LINE('',#21154,#3341);
#1486=LINE('',#21157,#3342);
#1487=LINE('',#21158,#3343);
#1488=LINE('',#21160,#3344);
#1489=LINE('',#21162,#3345);
#1490=LINE('',#21165,#3346);
#1491=LINE('',#21166,#3347);
#1492=LINE('',#21168,#3348);
#1493=LINE('',#21170,#3349);
#1494=LINE('',#21173,#3350);
#1495=LINE('',#21176,#3351);
#1496=LINE('',#21179,#3352);
#1497=LINE('',#21180,#3353);
#1498=LINE('',#21182,#3354);
#1499=LINE('',#21184,#3355);
#1500=LINE('',#21187,#3356);
#1501=LINE('',#21188,#3357);
#1502=LINE('',#21190,#3358);
#1503=LINE('',#21192,#3359);
#1504=LINE('',#21195,#3360);
#1505=LINE('',#21196,#3361);
#1506=LINE('',#21198,#3362);
#1507=LINE('',#21200,#3363);
#1508=LINE('',#21203,#3364);
#1509=LINE('',#21204,#3365);
#1510=LINE('',#21206,#3366);
#1511=LINE('',#21208,#3367);
#1512=LINE('',#21211,#3368);
#1513=LINE('',#21212,#3369);
#1514=LINE('',#21214,#3370);
#1515=LINE('',#21216,#3371);
#1516=LINE('',#21219,#3372);
#1517=LINE('',#21220,#3373);
#1518=LINE('',#21222,#3374);
#1519=LINE('',#21224,#3375);
#1520=LINE('',#21226,#3376);
#1521=LINE('',#21228,#3377);
#1522=LINE('',#21229,#3378);
#1523=LINE('',#21231,#3379);
#1524=LINE('',#21233,#3380);
#1525=LINE('',#21236,#3381);
#1526=LINE('',#21237,#3382);
#1527=LINE('',#21239,#3383);
#1528=LINE('',#21241,#3384);
#1529=LINE('',#21244,#3385);
#1530=LINE('',#21245,#3386);
#1531=LINE('',#21247,#3387);
#1532=LINE('',#21249,#3388);
#1533=LINE('',#21252,#3389);
#1534=LINE('',#21253,#3390);
#1535=LINE('',#21255,#3391);
#1536=LINE('',#21257,#3392);
#1537=LINE('',#21259,#3393);
#1538=LINE('',#21260,#3394);
#1539=LINE('',#21262,#3395);
#1540=LINE('',#21264,#3396);
#1541=LINE('',#21267,#3397);
#1542=LINE('',#21268,#3398);
#1543=LINE('',#21270,#3399);
#1544=LINE('',#21272,#3400);
#1545=LINE('',#21275,#3401);
#1546=LINE('',#21276,#3402);
#1547=LINE('',#21278,#3403);
#1548=LINE('',#21280,#3404);
#1549=LINE('',#21283,#3405);
#1550=LINE('',#21284,#3406);
#1551=LINE('',#21286,#3407);
#1552=LINE('',#21288,#3408);
#1553=LINE('',#21290,#3409);
#1554=LINE('',#21291,#3410);
#1555=LINE('',#21293,#3411);
#1556=LINE('',#21295,#3412);
#1557=LINE('',#21298,#3413);
#1558=LINE('',#21299,#3414);
#1559=LINE('',#21301,#3415);
#1560=LINE('',#21303,#3416);
#1561=LINE('',#21306,#3417);
#1562=LINE('',#21307,#3418);
#1563=LINE('',#21309,#3419);
#1564=LINE('',#21311,#3420);
#1565=LINE('',#21313,#3421);
#1566=LINE('',#21315,#3422);
#1567=LINE('',#21316,#3423);
#1568=LINE('',#21318,#3424);
#1569=LINE('',#21320,#3425);
#1570=LINE('',#21323,#3426);
#1571=LINE('',#21324,#3427);
#1572=LINE('',#21326,#3428);
#1573=LINE('',#21328,#3429);
#1574=LINE('',#21331,#3430);
#1575=LINE('',#21332,#3431);
#1576=LINE('',#21334,#3432);
#1577=LINE('',#21336,#3433);
#1578=LINE('',#21339,#3434);
#1579=LINE('',#21340,#3435);
#1580=LINE('',#21342,#3436);
#1581=LINE('',#21344,#3437);
#1582=LINE('',#21347,#3438);
#1583=LINE('',#21348,#3439);
#1584=LINE('',#21350,#3440);
#1585=LINE('',#21352,#3441);
#1586=LINE('',#21355,#3442);
#1587=LINE('',#21356,#3443);
#1588=LINE('',#21358,#3444);
#1589=LINE('',#21360,#3445);
#1590=LINE('',#21363,#3446);
#1591=LINE('',#21364,#3447);
#1592=LINE('',#21366,#3448);
#1593=LINE('',#21368,#3449);
#1594=LINE('',#21371,#3450);
#1595=LINE('',#21372,#3451);
#1596=LINE('',#21374,#3452);
#1597=LINE('',#21376,#3453);
#1598=LINE('',#21379,#3454);
#1599=LINE('',#21380,#3455);
#1600=LINE('',#21382,#3456);
#1601=LINE('',#21384,#3457);
#1602=LINE('',#21387,#3458);
#1603=LINE('',#21388,#3459);
#1604=LINE('',#21390,#3460);
#1605=LINE('',#21392,#3461);
#1606=LINE('',#21395,#3462);
#1607=LINE('',#21396,#3463);
#1608=LINE('',#21398,#3464);
#1609=LINE('',#21400,#3465);
#1610=LINE('',#21403,#3466);
#1611=LINE('',#21404,#3467);
#1612=LINE('',#21406,#3468);
#1613=LINE('',#21408,#3469);
#1614=LINE('',#21411,#3470);
#1615=LINE('',#21412,#3471);
#1616=LINE('',#21414,#3472);
#1617=LINE('',#21416,#3473);
#1618=LINE('',#21419,#3474);
#1619=LINE('',#21420,#3475);
#1620=LINE('',#21422,#3476);
#1621=LINE('',#21424,#3477);
#1622=LINE('',#21427,#3478);
#1623=LINE('',#21428,#3479);
#1624=LINE('',#21430,#3480);
#1625=LINE('',#21432,#3481);
#1626=LINE('',#21435,#3482);
#1627=LINE('',#21436,#3483);
#1628=LINE('',#21438,#3484);
#1629=LINE('',#21440,#3485);
#1630=LINE('',#21442,#3486);
#1631=LINE('',#21444,#3487);
#1632=LINE('',#21445,#3488);
#1633=LINE('',#21447,#3489);
#1634=LINE('',#21449,#3490);
#1635=LINE('',#21452,#3491);
#1636=LINE('',#21453,#3492);
#1637=LINE('',#21455,#3493);
#1638=LINE('',#21457,#3494);
#1639=LINE('',#21460,#3495);
#1640=LINE('',#21461,#3496);
#1641=LINE('',#21463,#3497);
#1642=LINE('',#21465,#3498);
#1643=LINE('',#21468,#3499);
#1644=LINE('',#21469,#3500);
#1645=LINE('',#21471,#3501);
#1646=LINE('',#21473,#3502);
#1647=LINE('',#21476,#3503);
#1648=LINE('',#21477,#3504);
#1649=LINE('',#21479,#3505);
#1650=LINE('',#21481,#3506);
#1651=LINE('',#21483,#3507);
#1652=LINE('',#21485,#3508);
#1653=LINE('',#21486,#3509);
#1654=LINE('',#21488,#3510);
#1655=LINE('',#21490,#3511);
#1656=LINE('',#21493,#3512);
#1657=LINE('',#21494,#3513);
#1658=LINE('',#21496,#3514);
#1659=LINE('',#21498,#3515);
#1660=LINE('',#21501,#3516);
#1661=LINE('',#21502,#3517);
#1662=LINE('',#21504,#3518);
#1663=LINE('',#21506,#3519);
#1664=LINE('',#21508,#3520);
#1665=LINE('',#21510,#3521);
#1666=LINE('',#21511,#3522);
#1667=LINE('',#21513,#3523);
#1668=LINE('',#21515,#3524);
#1669=LINE('',#21518,#3525);
#1670=LINE('',#21519,#3526);
#1671=LINE('',#21521,#3527);
#1672=LINE('',#21523,#3528);
#1673=LINE('',#21525,#3529);
#1674=LINE('',#21526,#3530);
#1675=LINE('',#21528,#3531);
#1676=LINE('',#21530,#3532);
#1677=LINE('',#21532,#3533);
#1678=LINE('',#21533,#3534);
#1679=LINE('',#21535,#3535);
#1680=LINE('',#21537,#3536);
#1681=LINE('',#21540,#3537);
#1682=LINE('',#21541,#3538);
#1683=LINE('',#21543,#3539);
#1684=LINE('',#21545,#3540);
#1685=LINE('',#21548,#3541);
#1686=LINE('',#21549,#3542);
#1687=LINE('',#21551,#3543);
#1688=LINE('',#21553,#3544);
#1689=LINE('',#21556,#3545);
#1690=LINE('',#21559,#3546);
#1691=LINE('',#21560,#3547);
#1692=LINE('',#21562,#3548);
#1693=LINE('',#21564,#3549);
#1694=LINE('',#21567,#3550);
#1695=LINE('',#21568,#3551);
#1696=LINE('',#21570,#3552);
#1697=LINE('',#21572,#3553);
#1698=LINE('',#21574,#3554);
#1699=LINE('',#21576,#3555);
#1700=LINE('',#21577,#3556);
#1701=LINE('',#21579,#3557);
#1702=LINE('',#21581,#3558);
#1703=LINE('',#21584,#3559);
#1704=LINE('',#21585,#3560);
#1705=LINE('',#21587,#3561);
#1706=LINE('',#21589,#3562);
#1707=LINE('',#21591,#3563);
#1708=LINE('',#21592,#3564);
#1709=LINE('',#21594,#3565);
#1710=LINE('',#21596,#3566);
#1711=LINE('',#21598,#3567);
#1712=LINE('',#21599,#3568);
#1713=LINE('',#21601,#3569);
#1714=LINE('',#21603,#3570);
#1715=LINE('',#21606,#3571);
#1716=LINE('',#21607,#3572);
#1717=LINE('',#21609,#3573);
#1718=LINE('',#21611,#3574);
#1719=LINE('',#21614,#3575);
#1720=LINE('',#21615,#3576);
#1721=LINE('',#21617,#3577);
#1722=LINE('',#21619,#3578);
#1723=LINE('',#21622,#3579);
#1724=LINE('',#21623,#3580);
#1725=LINE('',#21625,#3581);
#1726=LINE('',#21627,#3582);
#1727=LINE('',#21630,#3583);
#1728=LINE('',#21631,#3584);
#1729=LINE('',#21633,#3585);
#1730=LINE('',#21635,#3586);
#1731=LINE('',#21638,#3587);
#1732=LINE('',#21639,#3588);
#1733=LINE('',#21641,#3589);
#1734=LINE('',#21643,#3590);
#1735=LINE('',#21646,#3591);
#1736=LINE('',#21647,#3592);
#1737=LINE('',#21649,#3593);
#1738=LINE('',#21651,#3594);
#1739=LINE('',#21654,#3595);
#1740=LINE('',#21655,#3596);
#1741=LINE('',#21657,#3597);
#1742=LINE('',#21659,#3598);
#1743=LINE('',#21662,#3599);
#1744=LINE('',#21663,#3600);
#1745=LINE('',#21665,#3601);
#1746=LINE('',#21667,#3602);
#1747=LINE('',#21670,#3603);
#1748=LINE('',#21671,#3604);
#1749=LINE('',#21673,#3605);
#1750=LINE('',#21675,#3606);
#1751=LINE('',#21678,#3607);
#1752=LINE('',#21679,#3608);
#1753=LINE('',#21681,#3609);
#1754=LINE('',#21683,#3610);
#1755=LINE('',#21686,#3611);
#1756=LINE('',#21687,#3612);
#1757=LINE('',#21689,#3613);
#1758=LINE('',#21691,#3614);
#1759=LINE('',#21694,#3615);
#1760=LINE('',#21695,#3616);
#1761=LINE('',#21697,#3617);
#1762=LINE('',#21699,#3618);
#1763=LINE('',#21702,#3619);
#1764=LINE('',#21703,#3620);
#1765=LINE('',#21705,#3621);
#1766=LINE('',#21707,#3622);
#1767=LINE('',#21710,#3623);
#1768=LINE('',#21711,#3624);
#1769=LINE('',#21713,#3625);
#1770=LINE('',#21715,#3626);
#1771=LINE('',#21718,#3627);
#1772=LINE('',#21719,#3628);
#1773=LINE('',#21721,#3629);
#1774=LINE('',#21723,#3630);
#1775=LINE('',#21726,#3631);
#1776=LINE('',#21727,#3632);
#1777=LINE('',#21729,#3633);
#1778=LINE('',#21731,#3634);
#1779=LINE('',#21734,#3635);
#1780=LINE('',#21737,#3636);
#1781=LINE('',#21738,#3637);
#1782=LINE('',#21740,#3638);
#1783=LINE('',#21742,#3639);
#1784=LINE('',#21745,#3640);
#1785=LINE('',#21748,#3641);
#1786=LINE('',#21749,#3642);
#1787=LINE('',#21751,#3643);
#1788=LINE('',#21753,#3644);
#1789=LINE('',#21756,#3645);
#1790=LINE('',#21757,#3646);
#1791=LINE('',#21759,#3647);
#1792=LINE('',#21761,#3648);
#1793=LINE('',#21764,#3649);
#1794=LINE('',#21765,#3650);
#1795=LINE('',#21767,#3651);
#1796=LINE('',#21769,#3652);
#1797=LINE('',#21772,#3653);
#1798=LINE('',#21773,#3654);
#1799=LINE('',#21775,#3655);
#1800=LINE('',#21777,#3656);
#1801=LINE('',#21780,#3657);
#1802=LINE('',#21781,#3658);
#1803=LINE('',#21783,#3659);
#1804=LINE('',#21785,#3660);
#1805=LINE('',#21788,#3661);
#1806=LINE('',#21789,#3662);
#1807=LINE('',#21791,#3663);
#1808=LINE('',#21793,#3664);
#1809=LINE('',#21796,#3665);
#1810=LINE('',#21797,#3666);
#1811=LINE('',#21799,#3667);
#1812=LINE('',#21801,#3668);
#1813=LINE('',#21804,#3669);
#1814=LINE('',#21805,#3670);
#1815=LINE('',#21807,#3671);
#1816=LINE('',#21809,#3672);
#1817=LINE('',#21812,#3673);
#1818=LINE('',#21813,#3674);
#1819=LINE('',#21815,#3675);
#1820=LINE('',#21817,#3676);
#1821=LINE('',#21820,#3677);
#1822=LINE('',#21821,#3678);
#1823=LINE('',#21823,#3679);
#1824=LINE('',#21825,#3680);
#1825=LINE('',#21828,#3681);
#1826=LINE('',#21829,#3682);
#1827=LINE('',#21831,#3683);
#1828=LINE('',#21833,#3684);
#1829=LINE('',#21835,#3685);
#1830=LINE('',#21836,#3686);
#1831=LINE('',#21838,#3687);
#1832=LINE('',#21840,#3688);
#1833=LINE('',#21842,#3689);
#1834=LINE('',#21845,#3690);
#1835=LINE('',#21846,#3691);
#1836=LINE('',#21848,#3692);
#1837=LINE('',#21850,#3693);
#1838=LINE('',#21853,#3694);
#1839=LINE('',#21854,#3695);
#1840=LINE('',#21856,#3696);
#1841=LINE('',#21858,#3697);
#1842=LINE('',#21861,#3698);
#1843=LINE('',#21862,#3699);
#1844=LINE('',#21864,#3700);
#1845=LINE('',#21866,#3701);
#1846=LINE('',#21869,#3702);
#1847=LINE('',#21870,#3703);
#1848=LINE('',#21872,#3704);
#1849=LINE('',#21874,#3705);
#1850=LINE('',#21877,#3706);
#1851=LINE('',#21878,#3707);
#1852=LINE('',#21880,#3708);
#1853=LINE('',#21882,#3709);
#1854=LINE('',#21885,#3710);
#1855=LINE('',#21886,#3711);
#1856=LINE('',#21888,#3712);
#1857=LINE('',#21890,#3713);
#1858=LINE('',#21892,#3714);
#1859=LINE('',#21893,#3715);
#1860=LINE('',#21895,#3716);
#1861=LINE('',#21897,#3717);
#1862=LINE('',#21899,#3718);
#1863=LINE('',#21900,#3719);
#1864=LINE('',#21902,#3720);
#1865=LINE('',#21904,#3721);
#1866=LINE('',#21907,#3722);
#1867=LINE('',#21908,#3723);
#1868=LINE('',#21910,#3724);
#1869=LINE('',#21912,#3725);
#1870=LINE('',#21915,#3726);
#1871=LINE('',#21916,#3727);
#1872=LINE('',#21918,#3728);
#1873=LINE('',#21920,#3729);
#1874=LINE('',#21923,#3730);
#1875=LINE('',#21924,#3731);
#1876=LINE('',#21926,#3732);
#1877=LINE('',#21928,#3733);
#1878=VECTOR('',#14827,1.);
#1879=VECTOR('',#14828,1.);
#1880=VECTOR('',#14829,1.);
#1881=VECTOR('',#14830,1.);
#1882=VECTOR('',#14831,1.);
#1883=VECTOR('',#14832,1.);
#1884=VECTOR('',#14833,1.);
#1885=VECTOR('',#14834,1.);
#1886=VECTOR('',#14835,1.);
#1887=VECTOR('',#14836,1.);
#1888=VECTOR('',#14837,1.);
#1889=VECTOR('',#14838,1.);
#1890=VECTOR('',#14839,1.);
#1891=VECTOR('',#14840,1.);
#1892=VECTOR('',#14841,1.);
#1893=VECTOR('',#14842,1.);
#1894=VECTOR('',#14843,1.);
#1895=VECTOR('',#14844,1.);
#1896=VECTOR('',#14845,1.);
#1897=VECTOR('',#14846,1.);
#1898=VECTOR('',#14847,1.);
#1899=VECTOR('',#14848,1.);
#1900=VECTOR('',#14849,1.);
#1901=VECTOR('',#14850,1.);
#1902=VECTOR('',#14851,1.);
#1903=VECTOR('',#14852,1.);
#1904=VECTOR('',#14853,1.);
#1905=VECTOR('',#14854,1.);
#1906=VECTOR('',#14855,1.);
#1907=VECTOR('',#14856,1.);
#1908=VECTOR('',#14857,1.);
#1909=VECTOR('',#14858,1.);
#1910=VECTOR('',#14859,1.);
#1911=VECTOR('',#14860,1.);
#1912=VECTOR('',#14861,1.);
#1913=VECTOR('',#14862,1.);
#1914=VECTOR('',#14863,1.);
#1915=VECTOR('',#14864,1.);
#1916=VECTOR('',#14865,1.);
#1917=VECTOR('',#14866,1.);
#1918=VECTOR('',#14867,1.);
#1919=VECTOR('',#14868,1.);
#1920=VECTOR('',#14869,1.);
#1921=VECTOR('',#14870,1.);
#1922=VECTOR('',#14871,1.);
#1923=VECTOR('',#14872,1.);
#1924=VECTOR('',#14873,1.);
#1925=VECTOR('',#14874,1.);
#1926=VECTOR('',#14875,1.);
#1927=VECTOR('',#14876,1.);
#1928=VECTOR('',#14877,1.);
#1929=VECTOR('',#14878,1.);
#1930=VECTOR('',#14879,1.);
#1931=VECTOR('',#14880,1.);
#1932=VECTOR('',#14881,1.);
#1933=VECTOR('',#14882,1.);
#1934=VECTOR('',#14883,1.);
#1935=VECTOR('',#14884,1.);
#1936=VECTOR('',#14885,1.);
#1937=VECTOR('',#14886,1.);
#1938=VECTOR('',#14887,1.);
#1939=VECTOR('',#14888,1.);
#1940=VECTOR('',#14889,1.);
#1941=VECTOR('',#14890,1.);
#1942=VECTOR('',#14891,1.);
#1943=VECTOR('',#14892,1.);
#1944=VECTOR('',#14893,1.);
#1945=VECTOR('',#14894,1.);
#1946=VECTOR('',#14895,1.);
#1947=VECTOR('',#14896,1.);
#1948=VECTOR('',#14897,1.);
#1949=VECTOR('',#14898,1.);
#1950=VECTOR('',#14899,1.);
#1951=VECTOR('',#14900,1.);
#1952=VECTOR('',#14901,1.);
#1953=VECTOR('',#14902,1.);
#1954=VECTOR('',#14903,1.);
#1955=VECTOR('',#14904,1.);
#1956=VECTOR('',#14905,1.);
#1957=VECTOR('',#14906,1.);
#1958=VECTOR('',#14907,1.);
#1959=VECTOR('',#14908,1.);
#1960=VECTOR('',#14909,1.);
#1961=VECTOR('',#14910,1.);
#1962=VECTOR('',#14911,1.);
#1963=VECTOR('',#14912,1.);
#1964=VECTOR('',#14913,1.);
#1965=VECTOR('',#14914,1.);
#1966=VECTOR('',#14915,1.);
#1967=VECTOR('',#14916,1.);
#1968=VECTOR('',#14917,1.);
#1969=VECTOR('',#14918,1.);
#1970=VECTOR('',#14919,1.);
#1971=VECTOR('',#14920,1.);
#1972=VECTOR('',#14921,1.);
#1973=VECTOR('',#14922,1.);
#1974=VECTOR('',#14923,1.);
#1975=VECTOR('',#14924,1.);
#1976=VECTOR('',#14925,1.);
#1977=VECTOR('',#14926,1.);
#1978=VECTOR('',#14927,1.);
#1979=VECTOR('',#14928,1.);
#1980=VECTOR('',#14929,1.);
#1981=VECTOR('',#14930,1.);
#1982=VECTOR('',#14931,1.);
#1983=VECTOR('',#14932,1.);
#1984=VECTOR('',#14933,1.);
#1985=VECTOR('',#14934,1.);
#1986=VECTOR('',#14935,1.);
#1987=VECTOR('',#14936,1.);
#1988=VECTOR('',#14937,1.);
#1989=VECTOR('',#14938,1.);
#1990=VECTOR('',#14939,1.);
#1991=VECTOR('',#14940,1.);
#1992=VECTOR('',#14941,1.);
#1993=VECTOR('',#14942,1.);
#1994=VECTOR('',#14943,1.);
#1995=VECTOR('',#14944,1.);
#1996=VECTOR('',#14945,1.);
#1997=VECTOR('',#14946,1.);
#1998=VECTOR('',#14947,1.);
#1999=VECTOR('',#14948,1.);
#2000=VECTOR('',#14949,1.);
#2001=VECTOR('',#14950,1.);
#2002=VECTOR('',#14951,1.);
#2003=VECTOR('',#14952,1.);
#2004=VECTOR('',#14953,1.);
#2005=VECTOR('',#14954,1.);
#2006=VECTOR('',#14955,1.);
#2007=VECTOR('',#14956,1.);
#2008=VECTOR('',#14957,1.);
#2009=VECTOR('',#14958,1.);
#2010=VECTOR('',#14959,1.);
#2011=VECTOR('',#14960,1.);
#2012=VECTOR('',#14961,1.);
#2013=VECTOR('',#14962,1.);
#2014=VECTOR('',#14963,1.);
#2015=VECTOR('',#14964,1.);
#2016=VECTOR('',#14965,1.);
#2017=VECTOR('',#14966,1.);
#2018=VECTOR('',#14967,1.);
#2019=VECTOR('',#14968,1.);
#2020=VECTOR('',#14969,1.);
#2021=VECTOR('',#14970,1.);
#2022=VECTOR('',#14971,1.);
#2023=VECTOR('',#14972,1.);
#2024=VECTOR('',#14973,1.);
#2025=VECTOR('',#14974,1.);
#2026=VECTOR('',#14975,1.);
#2027=VECTOR('',#14976,1.);
#2028=VECTOR('',#14977,1.);
#2029=VECTOR('',#14978,1.);
#2030=VECTOR('',#14979,1.);
#2031=VECTOR('',#14980,1.);
#2032=VECTOR('',#14981,1.);
#2033=VECTOR('',#14982,1.);
#2034=VECTOR('',#14983,1.);
#2035=VECTOR('',#14984,1.);
#2036=VECTOR('',#14985,1.);
#2037=VECTOR('',#14986,1.);
#2038=VECTOR('',#14987,1.);
#2039=VECTOR('',#14988,1.);
#2040=VECTOR('',#14989,1.);
#2041=VECTOR('',#14990,1.);
#2042=VECTOR('',#14991,1.);
#2043=VECTOR('',#14992,1.);
#2044=VECTOR('',#14993,1.);
#2045=VECTOR('',#14994,1.);
#2046=VECTOR('',#14995,1.);
#2047=VECTOR('',#14996,1.);
#2048=VECTOR('',#14997,1.);
#2049=VECTOR('',#14998,1.);
#2050=VECTOR('',#14999,1.);
#2051=VECTOR('',#15000,1.);
#2052=VECTOR('',#15001,1.);
#2053=VECTOR('',#15002,1.);
#2054=VECTOR('',#15003,1.);
#2055=VECTOR('',#15004,1.);
#2056=VECTOR('',#15005,1.);
#2057=VECTOR('',#15006,1.);
#2058=VECTOR('',#15007,1.);
#2059=VECTOR('',#15008,1.);
#2060=VECTOR('',#15009,1.);
#2061=VECTOR('',#15010,1.);
#2062=VECTOR('',#15011,1.);
#2063=VECTOR('',#15012,1.);
#2064=VECTOR('',#15013,1.);
#2065=VECTOR('',#15014,1.);
#2066=VECTOR('',#15015,1.);
#2067=VECTOR('',#15016,1.);
#2068=VECTOR('',#15017,1.);
#2069=VECTOR('',#15018,1.);
#2070=VECTOR('',#15019,1.);
#2071=VECTOR('',#15020,1.);
#2072=VECTOR('',#15021,1.);
#2073=VECTOR('',#15022,1.);
#2074=VECTOR('',#15023,1.);
#2075=VECTOR('',#15024,1.);
#2076=VECTOR('',#15025,1.);
#2077=VECTOR('',#15026,1.);
#2078=VECTOR('',#15027,1.);
#2079=VECTOR('',#15028,1.);
#2080=VECTOR('',#15029,1.);
#2081=VECTOR('',#15030,1.);
#2082=VECTOR('',#15031,1.);
#2083=VECTOR('',#15032,1.);
#2084=VECTOR('',#15033,1.);
#2085=VECTOR('',#15034,1.);
#2086=VECTOR('',#15035,1.);
#2087=VECTOR('',#15036,1.);
#2088=VECTOR('',#15037,1.);
#2089=VECTOR('',#15038,1.);
#2090=VECTOR('',#15039,1.);
#2091=VECTOR('',#15040,1.);
#2092=VECTOR('',#15041,1.);
#2093=VECTOR('',#15042,1.);
#2094=VECTOR('',#15043,1.);
#2095=VECTOR('',#15044,1.);
#2096=VECTOR('',#15045,1.);
#2097=VECTOR('',#15046,1.);
#2098=VECTOR('',#15047,1.);
#2099=VECTOR('',#15048,1.);
#2100=VECTOR('',#15049,1.);
#2101=VECTOR('',#15050,1.);
#2102=VECTOR('',#15051,1.);
#2103=VECTOR('',#15052,1.);
#2104=VECTOR('',#15053,1.);
#2105=VECTOR('',#15054,1.);
#2106=VECTOR('',#15055,1.);
#2107=VECTOR('',#15056,1.);
#2108=VECTOR('',#15057,1.);
#2109=VECTOR('',#15058,1.);
#2110=VECTOR('',#15059,1.);
#2111=VECTOR('',#15060,1.);
#2112=VECTOR('',#15061,1.);
#2113=VECTOR('',#15062,1.);
#2114=VECTOR('',#15063,1.);
#2115=VECTOR('',#15064,1.);
#2116=VECTOR('',#15065,1.);
#2117=VECTOR('',#15066,1.);
#2118=VECTOR('',#15067,1.);
#2119=VECTOR('',#15068,1.);
#2120=VECTOR('',#15069,1.);
#2121=VECTOR('',#15070,1.);
#2122=VECTOR('',#15071,1.);
#2123=VECTOR('',#15072,1.);
#2124=VECTOR('',#15073,1.);
#2125=VECTOR('',#15074,1.);
#2126=VECTOR('',#15075,1.);
#2127=VECTOR('',#15076,1.);
#2128=VECTOR('',#15077,1.);
#2129=VECTOR('',#15078,1.);
#2130=VECTOR('',#15079,1.);
#2131=VECTOR('',#15080,1.);
#2132=VECTOR('',#15081,1.);
#2133=VECTOR('',#15082,1.);
#2134=VECTOR('',#15083,1.);
#2135=VECTOR('',#15084,1.);
#2136=VECTOR('',#15085,1.);
#2137=VECTOR('',#15086,1.);
#2138=VECTOR('',#15087,1.);
#2139=VECTOR('',#15088,1.);
#2140=VECTOR('',#15089,1.);
#2141=VECTOR('',#15090,1.);
#2142=VECTOR('',#15091,1.);
#2143=VECTOR('',#15092,1.);
#2144=VECTOR('',#15093,1.);
#2145=VECTOR('',#15094,1.);
#2146=VECTOR('',#15095,1.);
#2147=VECTOR('',#15096,1.);
#2148=VECTOR('',#15097,1.);
#2149=VECTOR('',#15098,1.);
#2150=VECTOR('',#15099,1.);
#2151=VECTOR('',#15100,1.);
#2152=VECTOR('',#15101,1.);
#2153=VECTOR('',#15102,1.);
#2154=VECTOR('',#15103,1.);
#2155=VECTOR('',#15104,1.);
#2156=VECTOR('',#15105,1.);
#2157=VECTOR('',#15106,1.);
#2158=VECTOR('',#15107,1.);
#2159=VECTOR('',#15108,1.);
#2160=VECTOR('',#15109,1.);
#2161=VECTOR('',#15110,1.);
#2162=VECTOR('',#15111,1.);
#2163=VECTOR('',#15112,1.);
#2164=VECTOR('',#15113,1.);
#2165=VECTOR('',#15114,1.);
#2166=VECTOR('',#15115,1.);
#2167=VECTOR('',#15116,1.);
#2168=VECTOR('',#15117,1.);
#2169=VECTOR('',#15118,1.);
#2170=VECTOR('',#15119,1.);
#2171=VECTOR('',#15120,1.);
#2172=VECTOR('',#15121,1.);
#2173=VECTOR('',#15122,1.);
#2174=VECTOR('',#15123,1.);
#2175=VECTOR('',#15124,1.);
#2176=VECTOR('',#15125,1.);
#2177=VECTOR('',#15126,1.);
#2178=VECTOR('',#15127,1.);
#2179=VECTOR('',#15128,1.);
#2180=VECTOR('',#15129,1.);
#2181=VECTOR('',#15130,1.);
#2182=VECTOR('',#15131,1.);
#2183=VECTOR('',#15132,1.);
#2184=VECTOR('',#15133,1.);
#2185=VECTOR('',#15134,1.);
#2186=VECTOR('',#15135,1.);
#2187=VECTOR('',#15136,1.);
#2188=VECTOR('',#15137,1.);
#2189=VECTOR('',#15138,1.);
#2190=VECTOR('',#15139,1.);
#2191=VECTOR('',#15140,1.);
#2192=VECTOR('',#15141,1.);
#2193=VECTOR('',#15142,1.);
#2194=VECTOR('',#15143,1.);
#2195=VECTOR('',#15144,1.);
#2196=VECTOR('',#15145,1.);
#2197=VECTOR('',#15146,1.);
#2198=VECTOR('',#15147,1.);
#2199=VECTOR('',#15148,1.);
#2200=VECTOR('',#15149,1.);
#2201=VECTOR('',#15150,1.);
#2202=VECTOR('',#15151,1.);
#2203=VECTOR('',#15152,1.);
#2204=VECTOR('',#15153,1.);
#2205=VECTOR('',#15154,1.);
#2206=VECTOR('',#15155,1.);
#2207=VECTOR('',#15156,1.);
#2208=VECTOR('',#15157,1.);
#2209=VECTOR('',#15158,1.);
#2210=VECTOR('',#15159,1.);
#2211=VECTOR('',#15160,1.);
#2212=VECTOR('',#15161,1.);
#2213=VECTOR('',#15162,1.);
#2214=VECTOR('',#15163,1.);
#2215=VECTOR('',#15164,1.);
#2216=VECTOR('',#15165,1.);
#2217=VECTOR('',#15166,1.);
#2218=VECTOR('',#15167,1.);
#2219=VECTOR('',#15168,1.);
#2220=VECTOR('',#15169,1.);
#2221=VECTOR('',#15170,1.);
#2222=VECTOR('',#15171,1.);
#2223=VECTOR('',#15172,1.);
#2224=VECTOR('',#15173,1.);
#2225=VECTOR('',#15174,1.);
#2226=VECTOR('',#15175,1.);
#2227=VECTOR('',#15176,1.);
#2228=VECTOR('',#15177,1.);
#2229=VECTOR('',#15178,1.);
#2230=VECTOR('',#15179,1.);
#2231=VECTOR('',#15180,1.);
#2232=VECTOR('',#15181,1.);
#2233=VECTOR('',#15182,1.);
#2234=VECTOR('',#15183,1.);
#2235=VECTOR('',#15184,1.);
#2236=VECTOR('',#15185,1.);
#2237=VECTOR('',#15186,1.);
#2238=VECTOR('',#15187,1.);
#2239=VECTOR('',#15188,1.);
#2240=VECTOR('',#15189,1.);
#2241=VECTOR('',#15190,1.);
#2242=VECTOR('',#15191,1.);
#2243=VECTOR('',#15192,1.);
#2244=VECTOR('',#15193,1.);
#2245=VECTOR('',#15194,1.);
#2246=VECTOR('',#15195,1.);
#2247=VECTOR('',#15196,1.);
#2248=VECTOR('',#15197,1.);
#2249=VECTOR('',#15198,1.);
#2250=VECTOR('',#15199,1.);
#2251=VECTOR('',#15200,1.);
#2252=VECTOR('',#15201,1.);
#2253=VECTOR('',#15202,1.);
#2254=VECTOR('',#15203,1.);
#2255=VECTOR('',#15204,1.);
#2256=VECTOR('',#15205,1.);
#2257=VECTOR('',#15206,1.);
#2258=VECTOR('',#15207,1.);
#2259=VECTOR('',#15208,1.);
#2260=VECTOR('',#15209,1.);
#2261=VECTOR('',#15210,1.);
#2262=VECTOR('',#15211,1.);
#2263=VECTOR('',#15212,1.);
#2264=VECTOR('',#15213,1.);
#2265=VECTOR('',#15214,1.);
#2266=VECTOR('',#15215,1.);
#2267=VECTOR('',#15216,1.);
#2268=VECTOR('',#15217,1.);
#2269=VECTOR('',#15218,1.);
#2270=VECTOR('',#15219,1.);
#2271=VECTOR('',#15220,1.);
#2272=VECTOR('',#15221,1.);
#2273=VECTOR('',#15222,1.);
#2274=VECTOR('',#15223,1.);
#2275=VECTOR('',#15224,1.);
#2276=VECTOR('',#15225,1.);
#2277=VECTOR('',#15226,1.);
#2278=VECTOR('',#15227,1.);
#2279=VECTOR('',#15228,1.);
#2280=VECTOR('',#15229,1.);
#2281=VECTOR('',#15230,1.);
#2282=VECTOR('',#15231,1.);
#2283=VECTOR('',#15232,1.);
#2284=VECTOR('',#15233,1.);
#2285=VECTOR('',#15234,1.);
#2286=VECTOR('',#15235,1.);
#2287=VECTOR('',#15236,1.);
#2288=VECTOR('',#15237,1.);
#2289=VECTOR('',#15238,1.);
#2290=VECTOR('',#15239,1.);
#2291=VECTOR('',#15240,1.);
#2292=VECTOR('',#15241,1.);
#2293=VECTOR('',#15242,1.);
#2294=VECTOR('',#15243,1.);
#2295=VECTOR('',#15244,1.);
#2296=VECTOR('',#15245,1.);
#2297=VECTOR('',#15246,1.);
#2298=VECTOR('',#15247,1.);
#2299=VECTOR('',#15248,1.);
#2300=VECTOR('',#15249,1.);
#2301=VECTOR('',#15250,1.);
#2302=VECTOR('',#15251,1.);
#2303=VECTOR('',#15252,1.);
#2304=VECTOR('',#15253,1.);
#2305=VECTOR('',#15254,1.);
#2306=VECTOR('',#15255,1.);
#2307=VECTOR('',#15256,1.);
#2308=VECTOR('',#15257,1.);
#2309=VECTOR('',#15258,1.);
#2310=VECTOR('',#15259,1.);
#2311=VECTOR('',#15260,1.);
#2312=VECTOR('',#15261,1.);
#2313=VECTOR('',#15262,1.);
#2314=VECTOR('',#15263,1.);
#2315=VECTOR('',#15264,1.);
#2316=VECTOR('',#15265,1.);
#2317=VECTOR('',#15266,1.);
#2318=VECTOR('',#15267,1.);
#2319=VECTOR('',#15268,1.);
#2320=VECTOR('',#15269,1.);
#2321=VECTOR('',#15270,1.);
#2322=VECTOR('',#15271,1.);
#2323=VECTOR('',#15272,1.);
#2324=VECTOR('',#15273,1.);
#2325=VECTOR('',#15274,1.);
#2326=VECTOR('',#15275,1.);
#2327=VECTOR('',#15276,1.);
#2328=VECTOR('',#15277,1.);
#2329=VECTOR('',#15278,1.);
#2330=VECTOR('',#15279,1.);
#2331=VECTOR('',#15280,1.);
#2332=VECTOR('',#15281,1.);
#2333=VECTOR('',#15282,1.);
#2334=VECTOR('',#15283,1.);
#2335=VECTOR('',#15284,1.);
#2336=VECTOR('',#15285,1.);
#2337=VECTOR('',#15286,1.);
#2338=VECTOR('',#15287,1.);
#2339=VECTOR('',#15288,1.);
#2340=VECTOR('',#15289,1.);
#2341=VECTOR('',#15290,1.);
#2342=VECTOR('',#15291,1.);
#2343=VECTOR('',#15292,1.);
#2344=VECTOR('',#15293,1.);
#2345=VECTOR('',#15294,1.);
#2346=VECTOR('',#15295,1.);
#2347=VECTOR('',#15296,1.);
#2348=VECTOR('',#15297,1.);
#2349=VECTOR('',#15298,1.);
#2350=VECTOR('',#15299,1.);
#2351=VECTOR('',#15300,1.);
#2352=VECTOR('',#15301,1.);
#2353=VECTOR('',#15302,1.);
#2354=VECTOR('',#15303,1.);
#2355=VECTOR('',#15304,1.);
#2356=VECTOR('',#15305,1.);
#2357=VECTOR('',#15306,1.);
#2358=VECTOR('',#15307,1.);
#2359=VECTOR('',#15308,1.);
#2360=VECTOR('',#15309,1.);
#2361=VECTOR('',#15310,1.);
#2362=VECTOR('',#15311,1.);
#2363=VECTOR('',#15312,1.);
#2364=VECTOR('',#15313,1.);
#2365=VECTOR('',#15314,1.);
#2366=VECTOR('',#15315,1.);
#2367=VECTOR('',#15316,1.);
#2368=VECTOR('',#15317,1.);
#2369=VECTOR('',#15318,1.);
#2370=VECTOR('',#15319,1.);
#2371=VECTOR('',#15320,1.);
#2372=VECTOR('',#15321,1.);
#2373=VECTOR('',#15322,1.);
#2374=VECTOR('',#15323,1.);
#2375=VECTOR('',#15326,1.);
#2376=VECTOR('',#15327,1.);
#2377=VECTOR('',#15330,1.);
#2378=VECTOR('',#15331,1.);
#2379=VECTOR('',#15332,1.);
#2380=VECTOR('',#15335,1.);
#2381=VECTOR('',#15336,1.);
#2382=VECTOR('',#15337,1.);
#2383=VECTOR('',#15340,1.);
#2384=VECTOR('',#15341,1.);
#2385=VECTOR('',#15342,1.);
#2386=VECTOR('',#15343,1.);
#2387=VECTOR('',#15346,1.);
#2388=VECTOR('',#15347,1.);
#2389=VECTOR('',#15348,1.);
#2390=VECTOR('',#15349,1.);
#2391=VECTOR('',#15352,1.);
#2392=VECTOR('',#15353,1.);
#2393=VECTOR('',#15354,1.);
#2394=VECTOR('',#15357,1.);
#2395=VECTOR('',#15358,1.);
#2396=VECTOR('',#15359,1.);
#2397=VECTOR('',#15362,1.);
#2398=VECTOR('',#15363,1.);
#2399=VECTOR('',#15364,1.);
#2400=VECTOR('',#15367,1.);
#2401=VECTOR('',#15368,1.);
#2402=VECTOR('',#15369,1.);
#2403=VECTOR('',#15372,1.);
#2404=VECTOR('',#15373,1.);
#2405=VECTOR('',#15374,1.);
#2406=VECTOR('',#15375,1.);
#2407=VECTOR('',#15378,1.);
#2408=VECTOR('',#15379,1.);
#2409=VECTOR('',#15380,1.);
#2410=VECTOR('',#15381,1.);
#2411=VECTOR('',#15384,1.);
#2412=VECTOR('',#15385,1.);
#2413=VECTOR('',#15386,1.);
#2414=VECTOR('',#15389,1.);
#2415=VECTOR('',#15390,1.);
#2416=VECTOR('',#15391,1.);
#2417=VECTOR('',#15394,1.);
#2418=VECTOR('',#15395,1.);
#2419=VECTOR('',#15396,1.);
#2420=VECTOR('',#15399,1.);
#2421=VECTOR('',#15400,1.);
#2422=VECTOR('',#15401,1.);
#2423=VECTOR('',#15404,1.);
#2424=VECTOR('',#15405,1.);
#2425=VECTOR('',#15406,1.);
#2426=VECTOR('',#15407,1.);
#2427=VECTOR('',#15410,1.);
#2428=VECTOR('',#15411,1.);
#2429=VECTOR('',#15412,1.);
#2430=VECTOR('',#15413,1.);
#2431=VECTOR('',#15416,1.);
#2432=VECTOR('',#15417,1.);
#2433=VECTOR('',#15418,1.);
#2434=VECTOR('',#15421,1.);
#2435=VECTOR('',#15422,1.);
#2436=VECTOR('',#15423,1.);
#2437=VECTOR('',#15426,1.);
#2438=VECTOR('',#15427,1.);
#2439=VECTOR('',#15428,1.);
#2440=VECTOR('',#15431,1.);
#2441=VECTOR('',#15432,1.);
#2442=VECTOR('',#15433,1.);
#2443=VECTOR('',#15436,1.);
#2444=VECTOR('',#15437,1.);
#2445=VECTOR('',#15438,1.);
#2446=VECTOR('',#15439,1.);
#2447=VECTOR('',#15442,1.);
#2448=VECTOR('',#15443,1.);
#2449=VECTOR('',#15444,1.);
#2450=VECTOR('',#15445,1.);
#2451=VECTOR('',#15448,1.);
#2452=VECTOR('',#15449,1.);
#2453=VECTOR('',#15450,1.);
#2454=VECTOR('',#15453,1.);
#2455=VECTOR('',#15454,1.);
#2456=VECTOR('',#15455,1.);
#2457=VECTOR('',#15456,1.);
#2458=VECTOR('',#15457,1.);
#2459=VECTOR('',#15460,1.);
#2460=VECTOR('',#15461,1.);
#2461=VECTOR('',#15462,1.);
#2462=VECTOR('',#15463,1.);
#2463=VECTOR('',#15466,1.);
#2464=VECTOR('',#15467,1.);
#2465=VECTOR('',#15468,1.);
#2466=VECTOR('',#15469,1.);
#2467=VECTOR('',#15472,1.);
#2468=VECTOR('',#15473,1.);
#2469=VECTOR('',#15474,1.);
#2470=VECTOR('',#15475,1.);
#2471=VECTOR('',#15478,1.);
#2472=VECTOR('',#15479,1.);
#2473=VECTOR('',#15480,1.);
#2474=VECTOR('',#15481,1.);
#2475=VECTOR('',#15484,1.);
#2476=VECTOR('',#15485,1.);
#2477=VECTOR('',#15486,1.);
#2478=VECTOR('',#15487,1.);
#2479=VECTOR('',#15490,1.);
#2480=VECTOR('',#15491,1.);
#2481=VECTOR('',#15492,1.);
#2482=VECTOR('',#15493,1.);
#2483=VECTOR('',#15496,1.);
#2484=VECTOR('',#15497,1.);
#2485=VECTOR('',#15498,1.);
#2486=VECTOR('',#15503,1.);
#2487=VECTOR('',#15504,1.);
#2488=VECTOR('',#15505,1.);
#2489=VECTOR('',#15508,1.);
#2490=VECTOR('',#15509,1.);
#2491=VECTOR('',#15510,1.);
#2492=VECTOR('',#15513,1.);
#2493=VECTOR('',#15514,1.);
#2494=VECTOR('',#15515,1.);
#2495=VECTOR('',#15518,1.);
#2496=VECTOR('',#15519,1.);
#2497=VECTOR('',#15520,1.);
#2498=VECTOR('',#15523,1.);
#2499=VECTOR('',#15524,1.);
#2500=VECTOR('',#15525,1.);
#2501=VECTOR('',#15528,1.);
#2502=VECTOR('',#15529,1.);
#2503=VECTOR('',#15530,1.);
#2504=VECTOR('',#15533,1.);
#2505=VECTOR('',#15534,1.);
#2506=VECTOR('',#15535,1.);
#2507=VECTOR('',#15538,1.);
#2508=VECTOR('',#15539,1.);
#2509=VECTOR('',#15540,1.);
#2510=VECTOR('',#15543,1.);
#2511=VECTOR('',#15544,1.);
#2512=VECTOR('',#15545,1.);
#2513=VECTOR('',#15548,1.);
#2514=VECTOR('',#15549,1.);
#2515=VECTOR('',#15550,1.);
#2516=VECTOR('',#15553,1.);
#2517=VECTOR('',#15554,1.);
#2518=VECTOR('',#15555,1.);
#2519=VECTOR('',#15558,1.);
#2520=VECTOR('',#15559,1.);
#2521=VECTOR('',#15560,1.);
#2522=VECTOR('',#15563,1.);
#2523=VECTOR('',#15564,1.);
#2524=VECTOR('',#15565,1.);
#2525=VECTOR('',#15568,1.);
#2526=VECTOR('',#15569,1.);
#2527=VECTOR('',#15570,1.);
#2528=VECTOR('',#15573,1.);
#2529=VECTOR('',#15574,1.);
#2530=VECTOR('',#15575,1.);
#2531=VECTOR('',#15578,1.);
#2532=VECTOR('',#15579,1.);
#2533=VECTOR('',#15580,1.);
#2534=VECTOR('',#15591,1.);
#2535=VECTOR('',#15592,1.);
#2536=VECTOR('',#15595,1.);
#2537=VECTOR('',#15596,1.);
#2538=VECTOR('',#15599,1.);
#2539=VECTOR('',#15600,1.);
#2540=VECTOR('',#15603,1.);
#2541=VECTOR('',#15604,1.);
#2542=VECTOR('',#15607,1.);
#2543=VECTOR('',#15608,1.);
#2544=VECTOR('',#15611,1.);
#2545=VECTOR('',#15612,1.);
#2546=VECTOR('',#15615,1.);
#2547=VECTOR('',#15616,1.);
#2548=VECTOR('',#15617,1.);
#2549=VECTOR('',#15620,1.);
#2550=VECTOR('',#15621,1.);
#2551=VECTOR('',#15622,1.);
#2552=VECTOR('',#15625,1.);
#2553=VECTOR('',#15626,1.);
#2554=VECTOR('',#15627,1.);
#2555=VECTOR('',#15628,1.);
#2556=VECTOR('',#15631,1.);
#2557=VECTOR('',#15632,1.);
#2558=VECTOR('',#15633,1.);
#2559=VECTOR('',#15634,1.);
#2560=VECTOR('',#15637,1.);
#2561=VECTOR('',#15638,1.);
#2562=VECTOR('',#15639,1.);
#2563=VECTOR('',#15642,1.);
#2564=VECTOR('',#15643,1.);
#2565=VECTOR('',#15644,1.);
#2566=VECTOR('',#15647,1.);
#2567=VECTOR('',#15648,1.);
#2568=VECTOR('',#15649,1.);
#2569=VECTOR('',#15652,1.);
#2570=VECTOR('',#15653,1.);
#2571=VECTOR('',#15654,1.);
#2572=VECTOR('',#15657,1.);
#2573=VECTOR('',#15658,1.);
#2574=VECTOR('',#15659,1.);
#2575=VECTOR('',#15660,1.);
#2576=VECTOR('',#15663,1.);
#2577=VECTOR('',#15664,1.);
#2578=VECTOR('',#15665,1.);
#2579=VECTOR('',#15666,1.);
#2580=VECTOR('',#15669,1.);
#2581=VECTOR('',#15670,1.);
#2582=VECTOR('',#15671,1.);
#2583=VECTOR('',#15674,1.);
#2584=VECTOR('',#15675,1.);
#2585=VECTOR('',#15676,1.);
#2586=VECTOR('',#15679,1.);
#2587=VECTOR('',#15680,1.);
#2588=VECTOR('',#15681,1.);
#2589=VECTOR('',#15684,1.);
#2590=VECTOR('',#15685,1.);
#2591=VECTOR('',#15686,1.);
#2592=VECTOR('',#15689,1.);
#2593=VECTOR('',#15690,1.);
#2594=VECTOR('',#15691,1.);
#2595=VECTOR('',#15692,1.);
#2596=VECTOR('',#15695,1.);
#2597=VECTOR('',#15696,1.);
#2598=VECTOR('',#15697,1.);
#2599=VECTOR('',#15698,1.);
#2600=VECTOR('',#15701,1.);
#2601=VECTOR('',#15702,1.);
#2602=VECTOR('',#15703,1.);
#2603=VECTOR('',#15706,1.);
#2604=VECTOR('',#15707,1.);
#2605=VECTOR('',#15708,1.);
#2606=VECTOR('',#15711,1.);
#2607=VECTOR('',#15712,1.);
#2608=VECTOR('',#15713,1.);
#2609=VECTOR('',#15716,1.);
#2610=VECTOR('',#15717,1.);
#2611=VECTOR('',#15718,1.);
#2612=VECTOR('',#15721,1.);
#2613=VECTOR('',#15722,1.);
#2614=VECTOR('',#15723,1.);
#2615=VECTOR('',#15724,1.);
#2616=VECTOR('',#15727,1.);
#2617=VECTOR('',#15728,1.);
#2618=VECTOR('',#15729,1.);
#2619=VECTOR('',#15730,1.);
#2620=VECTOR('',#15733,1.);
#2621=VECTOR('',#15734,1.);
#2622=VECTOR('',#15735,1.);
#2623=VECTOR('',#15738,1.);
#2624=VECTOR('',#15739,1.);
#2625=VECTOR('',#15742,1.);
#2626=VECTOR('',#15743,1.);
#2627=VECTOR('',#15744,1.);
#2628=VECTOR('',#15745,1.);
#2629=VECTOR('',#15746,1.);
#2630=VECTOR('',#15747,1.);
#2631=VECTOR('',#15748,1.);
#2632=VECTOR('',#15749,1.);
#2633=VECTOR('',#15750,1.);
#2634=VECTOR('',#15751,1.);
#2635=VECTOR('',#15752,1.);
#2636=VECTOR('',#15753,1.);
#2637=VECTOR('',#15754,1.);
#2638=VECTOR('',#15755,1.);
#2639=VECTOR('',#15756,1.);
#2640=VECTOR('',#15757,1.);
#2641=VECTOR('',#15758,1.);
#2642=VECTOR('',#15759,1.);
#2643=VECTOR('',#15760,1.);
#2644=VECTOR('',#15761,1.);
#2645=VECTOR('',#15762,1.);
#2646=VECTOR('',#15763,1.);
#2647=VECTOR('',#15764,1.);
#2648=VECTOR('',#15765,1.);
#2649=VECTOR('',#15766,1.);
#2650=VECTOR('',#15767,1.);
#2651=VECTOR('',#15768,1.);
#2652=VECTOR('',#15769,1.);
#2653=VECTOR('',#15770,1.);
#2654=VECTOR('',#15771,1.);
#2655=VECTOR('',#15772,1.);
#2656=VECTOR('',#15773,1.);
#2657=VECTOR('',#15774,1.);
#2658=VECTOR('',#15775,1.);
#2659=VECTOR('',#15776,1.);
#2660=VECTOR('',#15777,1.);
#2661=VECTOR('',#15778,1.);
#2662=VECTOR('',#15779,1.);
#2663=VECTOR('',#15780,1.);
#2664=VECTOR('',#15781,1.);
#2665=VECTOR('',#15782,1.);
#2666=VECTOR('',#15783,1.);
#2667=VECTOR('',#15784,1.);
#2668=VECTOR('',#15785,1.);
#2669=VECTOR('',#15786,1.);
#2670=VECTOR('',#15787,1.);
#2671=VECTOR('',#15788,1.);
#2672=VECTOR('',#15789,1.);
#2673=VECTOR('',#15790,1.);
#2674=VECTOR('',#15791,1.);
#2675=VECTOR('',#15792,1.);
#2676=VECTOR('',#15793,1.);
#2677=VECTOR('',#15794,1.);
#2678=VECTOR('',#15795,1.);
#2679=VECTOR('',#15796,1.);
#2680=VECTOR('',#15797,1.);
#2681=VECTOR('',#15798,1.);
#2682=VECTOR('',#15799,1.);
#2683=VECTOR('',#15800,1.);
#2684=VECTOR('',#15801,1.);
#2685=VECTOR('',#15802,1.);
#2686=VECTOR('',#15803,1.);
#2687=VECTOR('',#15804,1.);
#2688=VECTOR('',#15805,1.);
#2689=VECTOR('',#15806,1.);
#2690=VECTOR('',#15807,1.);
#2691=VECTOR('',#15808,1.);
#2692=VECTOR('',#15809,1.);
#2693=VECTOR('',#15810,1.);
#2694=VECTOR('',#15811,1.);
#2695=VECTOR('',#15812,1.);
#2696=VECTOR('',#15813,1.);
#2697=VECTOR('',#15814,1.);
#2698=VECTOR('',#15815,1.);
#2699=VECTOR('',#15816,1.);
#2700=VECTOR('',#15817,1.);
#2701=VECTOR('',#15818,1.);
#2702=VECTOR('',#15819,1.);
#2703=VECTOR('',#15820,1.);
#2704=VECTOR('',#15821,1.);
#2705=VECTOR('',#15822,1.);
#2706=VECTOR('',#15823,1.);
#2707=VECTOR('',#15824,1.);
#2708=VECTOR('',#15825,1.);
#2709=VECTOR('',#15826,1.);
#2710=VECTOR('',#15827,1.);
#2711=VECTOR('',#15828,1.);
#2712=VECTOR('',#15829,1.);
#2713=VECTOR('',#15830,1.);
#2714=VECTOR('',#15831,1.);
#2715=VECTOR('',#15832,1.);
#2716=VECTOR('',#15833,1.);
#2717=VECTOR('',#15834,1.);
#2718=VECTOR('',#15835,1.);
#2719=VECTOR('',#15836,1.);
#2720=VECTOR('',#15837,1.);
#2721=VECTOR('',#15838,1.);
#2722=VECTOR('',#15839,1.);
#2723=VECTOR('',#15840,1.);
#2724=VECTOR('',#15841,1.);
#2725=VECTOR('',#15842,1.);
#2726=VECTOR('',#15843,1.);
#2727=VECTOR('',#15844,1.);
#2728=VECTOR('',#15845,1.);
#2729=VECTOR('',#15846,1.);
#2730=VECTOR('',#15847,1.);
#2731=VECTOR('',#15848,1.);
#2732=VECTOR('',#15849,1.);
#2733=VECTOR('',#15850,1.);
#2734=VECTOR('',#15851,1.);
#2735=VECTOR('',#15852,1.);
#2736=VECTOR('',#15853,1.);
#2737=VECTOR('',#15854,1.);
#2738=VECTOR('',#15855,1.);
#2739=VECTOR('',#15856,1.);
#2740=VECTOR('',#15857,1.);
#2741=VECTOR('',#15858,1.);
#2742=VECTOR('',#15859,1.);
#2743=VECTOR('',#15860,1.);
#2744=VECTOR('',#15861,1.);
#2745=VECTOR('',#15862,1.);
#2746=VECTOR('',#15863,1.);
#2747=VECTOR('',#15864,1.);
#2748=VECTOR('',#15865,1.);
#2749=VECTOR('',#15866,1.);
#2750=VECTOR('',#15867,1.);
#2751=VECTOR('',#15868,1.);
#2752=VECTOR('',#15869,1.);
#2753=VECTOR('',#15870,1.);
#2754=VECTOR('',#15871,1.);
#2755=VECTOR('',#15872,1.);
#2756=VECTOR('',#15873,1.);
#2757=VECTOR('',#15874,1.);
#2758=VECTOR('',#15875,1.);
#2759=VECTOR('',#15876,1.);
#2760=VECTOR('',#15877,1.);
#2761=VECTOR('',#15878,1.);
#2762=VECTOR('',#15879,1.);
#2763=VECTOR('',#15880,1.);
#2764=VECTOR('',#15881,1.);
#2765=VECTOR('',#15882,1.);
#2766=VECTOR('',#15883,1.);
#2767=VECTOR('',#15884,1.);
#2768=VECTOR('',#15885,1.);
#2769=VECTOR('',#15886,1.);
#2770=VECTOR('',#15887,1.);
#2771=VECTOR('',#15888,1.);
#2772=VECTOR('',#15889,1.);
#2773=VECTOR('',#15890,1.);
#2774=VECTOR('',#15891,1.);
#2775=VECTOR('',#15892,1.);
#2776=VECTOR('',#15893,1.);
#2777=VECTOR('',#15894,1.);
#2778=VECTOR('',#15895,1.);
#2779=VECTOR('',#15896,1.);
#2780=VECTOR('',#15897,1.);
#2781=VECTOR('',#15898,1.);
#2782=VECTOR('',#15899,1.);
#2783=VECTOR('',#15900,1.);
#2784=VECTOR('',#15901,1.);
#2785=VECTOR('',#15902,1.);
#2786=VECTOR('',#15903,1.);
#2787=VECTOR('',#15904,1.);
#2788=VECTOR('',#15905,1.);
#2789=VECTOR('',#15906,1.);
#2790=VECTOR('',#15907,1.);
#2791=VECTOR('',#15908,1.);
#2792=VECTOR('',#15909,1.);
#2793=VECTOR('',#15910,1.);
#2794=VECTOR('',#15911,1.);
#2795=VECTOR('',#15912,1.);
#2796=VECTOR('',#15913,1.);
#2797=VECTOR('',#15914,1.);
#2798=VECTOR('',#15915,1.);
#2799=VECTOR('',#15916,1.);
#2800=VECTOR('',#15917,1.);
#2801=VECTOR('',#15918,1.);
#2802=VECTOR('',#15919,1.);
#2803=VECTOR('',#15920,1.);
#2804=VECTOR('',#15921,1.);
#2805=VECTOR('',#15922,1.);
#2806=VECTOR('',#15923,1.);
#2807=VECTOR('',#15924,1.);
#2808=VECTOR('',#15925,1.);
#2809=VECTOR('',#15926,1.);
#2810=VECTOR('',#15927,1.);
#2811=VECTOR('',#15928,1.);
#2812=VECTOR('',#15929,1.);
#2813=VECTOR('',#15930,1.);
#2814=VECTOR('',#15931,1.);
#2815=VECTOR('',#15932,1.);
#2816=VECTOR('',#15935,1.);
#2817=VECTOR('',#15936,1.);
#2818=VECTOR('',#15937,1.);
#2819=VECTOR('',#15938,1.);
#2820=VECTOR('',#15939,1.);
#2821=VECTOR('',#15940,1.);
#2822=VECTOR('',#15941,1.);
#2823=VECTOR('',#15942,1.);
#2824=VECTOR('',#15943,1.);
#2825=VECTOR('',#15944,1.);
#2826=VECTOR('',#15945,1.);
#2827=VECTOR('',#15946,1.);
#2828=VECTOR('',#15947,1.);
#2829=VECTOR('',#15948,1.);
#2830=VECTOR('',#15949,1.);
#2831=VECTOR('',#15950,1.);
#2832=VECTOR('',#15951,1.);
#2833=VECTOR('',#15952,1.);
#2834=VECTOR('',#15953,1.);
#2835=VECTOR('',#15954,1.);
#2836=VECTOR('',#15955,1.);
#2837=VECTOR('',#15956,1.);
#2838=VECTOR('',#15957,1.);
#2839=VECTOR('',#15958,1.);
#2840=VECTOR('',#15959,1.);
#2841=VECTOR('',#15960,1.);
#2842=VECTOR('',#15961,1.);
#2843=VECTOR('',#15962,1.);
#2844=VECTOR('',#15963,1.);
#2845=VECTOR('',#15964,1.);
#2846=VECTOR('',#15965,1.);
#2847=VECTOR('',#15966,1.);
#2848=VECTOR('',#15967,1.);
#2849=VECTOR('',#15968,1.);
#2850=VECTOR('',#15969,1.);
#2851=VECTOR('',#15970,1.);
#2852=VECTOR('',#15971,1.);
#2853=VECTOR('',#15972,1.);
#2854=VECTOR('',#15973,1.);
#2855=VECTOR('',#15974,1.);
#2856=VECTOR('',#15975,1.);
#2857=VECTOR('',#15976,1.);
#2858=VECTOR('',#15977,1.);
#2859=VECTOR('',#15978,1.);
#2860=VECTOR('',#15979,1.);
#2861=VECTOR('',#15980,1.);
#2862=VECTOR('',#15981,1.);
#2863=VECTOR('',#15982,1.);
#2864=VECTOR('',#15983,1.);
#2865=VECTOR('',#15984,1.);
#2866=VECTOR('',#15985,1.);
#2867=VECTOR('',#15986,1.);
#2868=VECTOR('',#15987,1.);
#2869=VECTOR('',#15988,1.);
#2870=VECTOR('',#15989,1.);
#2871=VECTOR('',#15990,1.);
#2872=VECTOR('',#15991,1.);
#2873=VECTOR('',#15992,1.);
#2874=VECTOR('',#15993,1.);
#2875=VECTOR('',#15994,1.);
#2876=VECTOR('',#15995,1.);
#2877=VECTOR('',#15996,1.);
#2878=VECTOR('',#15997,1.);
#2879=VECTOR('',#15998,1.);
#2880=VECTOR('',#15999,1.);
#2881=VECTOR('',#16000,1.);
#2882=VECTOR('',#16001,1.);
#2883=VECTOR('',#16002,1.);
#2884=VECTOR('',#16003,1.);
#2885=VECTOR('',#16004,1.);
#2886=VECTOR('',#16005,1.);
#2887=VECTOR('',#16006,1.);
#2888=VECTOR('',#16007,1.);
#2889=VECTOR('',#16008,1.);
#2890=VECTOR('',#16009,1.);
#2891=VECTOR('',#16010,1.);
#2892=VECTOR('',#16011,1.);
#2893=VECTOR('',#16012,1.);
#2894=VECTOR('',#16013,1.);
#2895=VECTOR('',#16014,1.);
#2896=VECTOR('',#16015,1.);
#2897=VECTOR('',#16016,1.);
#2898=VECTOR('',#16017,1.);
#2899=VECTOR('',#16018,1.);
#2900=VECTOR('',#16019,1.);
#2901=VECTOR('',#16020,1.);
#2902=VECTOR('',#16021,1.);
#2903=VECTOR('',#16022,1.);
#2904=VECTOR('',#16023,1.);
#2905=VECTOR('',#16024,1.);
#2906=VECTOR('',#16025,1.);
#2907=VECTOR('',#16026,1.);
#2908=VECTOR('',#16027,1.);
#2909=VECTOR('',#16028,1.);
#2910=VECTOR('',#16029,1.);
#2911=VECTOR('',#16030,1.);
#2912=VECTOR('',#16031,1.);
#2913=VECTOR('',#16032,1.);
#2914=VECTOR('',#16033,1.);
#2915=VECTOR('',#16034,1.);
#2916=VECTOR('',#16035,1.);
#2917=VECTOR('',#16036,1.);
#2918=VECTOR('',#16037,1.);
#2919=VECTOR('',#16038,1.);
#2920=VECTOR('',#16039,1.);
#2921=VECTOR('',#16040,1.);
#2922=VECTOR('',#16041,1.);
#2923=VECTOR('',#16042,1.);
#2924=VECTOR('',#16043,1.);
#2925=VECTOR('',#16044,1.);
#2926=VECTOR('',#16045,1.);
#2927=VECTOR('',#16046,1.);
#2928=VECTOR('',#16047,1.);
#2929=VECTOR('',#16048,1.);
#2930=VECTOR('',#16049,1.);
#2931=VECTOR('',#16050,1.);
#2932=VECTOR('',#16051,1.);
#2933=VECTOR('',#16052,1.);
#2934=VECTOR('',#16053,1.);
#2935=VECTOR('',#16054,1.);
#2936=VECTOR('',#16055,1.);
#2937=VECTOR('',#16056,1.);
#2938=VECTOR('',#16057,1.);
#2939=VECTOR('',#16058,1.);
#2940=VECTOR('',#16059,1.);
#2941=VECTOR('',#16060,1.);
#2942=VECTOR('',#16061,1.);
#2943=VECTOR('',#16062,1.);
#2944=VECTOR('',#16063,1.);
#2945=VECTOR('',#16064,1.);
#2946=VECTOR('',#16065,1.);
#2947=VECTOR('',#16066,1.);
#2948=VECTOR('',#16067,1.);
#2949=VECTOR('',#16068,1.);
#2950=VECTOR('',#16069,1.);
#2951=VECTOR('',#16070,1.);
#2952=VECTOR('',#16071,1.);
#2953=VECTOR('',#16072,1.);
#2954=VECTOR('',#16073,1.);
#2955=VECTOR('',#16074,1.);
#2956=VECTOR('',#16075,1.);
#2957=VECTOR('',#16076,1.);
#2958=VECTOR('',#16077,1.);
#2959=VECTOR('',#16078,1.);
#2960=VECTOR('',#16079,1.);
#2961=VECTOR('',#16080,1.);
#2962=VECTOR('',#16081,1.);
#2963=VECTOR('',#16082,1.);
#2964=VECTOR('',#16083,1.);
#2965=VECTOR('',#16084,1.);
#2966=VECTOR('',#16085,1.);
#2967=VECTOR('',#16086,1.);
#2968=VECTOR('',#16087,1.);
#2969=VECTOR('',#16088,1.);
#2970=VECTOR('',#16089,1.);
#2971=VECTOR('',#16090,1.);
#2972=VECTOR('',#16091,1.);
#2973=VECTOR('',#16092,1.);
#2974=VECTOR('',#16093,1.);
#2975=VECTOR('',#16094,1.);
#2976=VECTOR('',#16095,1.);
#2977=VECTOR('',#16096,1.);
#2978=VECTOR('',#16097,1.);
#2979=VECTOR('',#16098,1.);
#2980=VECTOR('',#16099,1.);
#2981=VECTOR('',#16100,1.);
#2982=VECTOR('',#16101,1.);
#2983=VECTOR('',#16102,1.);
#2984=VECTOR('',#16103,1.);
#2985=VECTOR('',#16104,1.);
#2986=VECTOR('',#16105,1.);
#2987=VECTOR('',#16106,1.);
#2988=VECTOR('',#16107,1.);
#2989=VECTOR('',#16108,1.);
#2990=VECTOR('',#16109,1.);
#2991=VECTOR('',#16110,1.);
#2992=VECTOR('',#16111,1.);
#2993=VECTOR('',#16112,1.);
#2994=VECTOR('',#16113,1.);
#2995=VECTOR('',#16114,1.);
#2996=VECTOR('',#16115,1.);
#2997=VECTOR('',#16116,1.);
#2998=VECTOR('',#16117,1.);
#2999=VECTOR('',#16118,1.);
#3000=VECTOR('',#16119,1.);
#3001=VECTOR('',#16120,1.);
#3002=VECTOR('',#16121,1.);
#3003=VECTOR('',#16122,1.);
#3004=VECTOR('',#16123,1.);
#3005=VECTOR('',#16124,1.);
#3006=VECTOR('',#16125,1.);
#3007=VECTOR('',#16126,1.);
#3008=VECTOR('',#16127,1.);
#3009=VECTOR('',#16128,1.);
#3010=VECTOR('',#16129,1.);
#3011=VECTOR('',#16130,1.);
#3012=VECTOR('',#16131,1.);
#3013=VECTOR('',#16132,1.);
#3014=VECTOR('',#16133,1.);
#3015=VECTOR('',#16134,1.);
#3016=VECTOR('',#16135,1.);
#3017=VECTOR('',#16136,1.);
#3018=VECTOR('',#16137,1.);
#3019=VECTOR('',#16138,1.);
#3020=VECTOR('',#16139,1.);
#3021=VECTOR('',#16140,1.);
#3022=VECTOR('',#16141,1.);
#3023=VECTOR('',#16142,1.);
#3024=VECTOR('',#16143,1.);
#3025=VECTOR('',#16144,1.);
#3026=VECTOR('',#16145,1.);
#3027=VECTOR('',#16146,1.);
#3028=VECTOR('',#16147,1.);
#3029=VECTOR('',#16148,1.);
#3030=VECTOR('',#16149,1.);
#3031=VECTOR('',#16150,1.);
#3032=VECTOR('',#16151,1.);
#3033=VECTOR('',#16152,1.);
#3034=VECTOR('',#16153,1.);
#3035=VECTOR('',#16154,1.);
#3036=VECTOR('',#16155,1.);
#3037=VECTOR('',#16156,1.);
#3038=VECTOR('',#16157,1.);
#3039=VECTOR('',#16158,1.);
#3040=VECTOR('',#16159,1.);
#3041=VECTOR('',#16160,1.);
#3042=VECTOR('',#16161,1.);
#3043=VECTOR('',#16162,1.);
#3044=VECTOR('',#16163,1.);
#3045=VECTOR('',#16164,1.);
#3046=VECTOR('',#16165,1.);
#3047=VECTOR('',#16166,1.);
#3048=VECTOR('',#16167,1.);
#3049=VECTOR('',#16168,1.);
#3050=VECTOR('',#16169,1.);
#3051=VECTOR('',#16170,1.);
#3052=VECTOR('',#16171,1.);
#3053=VECTOR('',#16172,1.);
#3054=VECTOR('',#16173,1.);
#3055=VECTOR('',#16174,1.);
#3056=VECTOR('',#16175,1.);
#3057=VECTOR('',#16176,1.);
#3058=VECTOR('',#16177,1.);
#3059=VECTOR('',#16178,1.);
#3060=VECTOR('',#16179,1.);
#3061=VECTOR('',#16180,1.);
#3062=VECTOR('',#16181,1.);
#3063=VECTOR('',#16182,1.);
#3064=VECTOR('',#16183,1.);
#3065=VECTOR('',#16184,1.);
#3066=VECTOR('',#16185,1.);
#3067=VECTOR('',#16186,1.);
#3068=VECTOR('',#16187,1.);
#3069=VECTOR('',#16188,1.);
#3070=VECTOR('',#16189,1.);
#3071=VECTOR('',#16190,1.);
#3072=VECTOR('',#16191,1.);
#3073=VECTOR('',#16192,1.);
#3074=VECTOR('',#16193,1.);
#3075=VECTOR('',#16194,1.);
#3076=VECTOR('',#16195,1.);
#3077=VECTOR('',#16196,1.);
#3078=VECTOR('',#16197,1.);
#3079=VECTOR('',#16198,1.);
#3080=VECTOR('',#16199,1.);
#3081=VECTOR('',#16200,1.);
#3082=VECTOR('',#16201,1.);
#3083=VECTOR('',#16202,1.);
#3084=VECTOR('',#16203,1.);
#3085=VECTOR('',#16204,1.);
#3086=VECTOR('',#16205,1.);
#3087=VECTOR('',#16206,1.);
#3088=VECTOR('',#16207,1.);
#3089=VECTOR('',#16208,1.);
#3090=VECTOR('',#16209,1.);
#3091=VECTOR('',#16210,1.);
#3092=VECTOR('',#16211,1.);
#3093=VECTOR('',#16212,1.);
#3094=VECTOR('',#16213,1.);
#3095=VECTOR('',#16214,1.);
#3096=VECTOR('',#16215,1.);
#3097=VECTOR('',#16216,1.);
#3098=VECTOR('',#16217,1.);
#3099=VECTOR('',#16218,1.);
#3100=VECTOR('',#16219,1.);
#3101=VECTOR('',#16220,1.);
#3102=VECTOR('',#16221,1.);
#3103=VECTOR('',#16222,1.);
#3104=VECTOR('',#16223,1.);
#3105=VECTOR('',#16224,1.);
#3106=VECTOR('',#16225,1.);
#3107=VECTOR('',#16226,1.);
#3108=VECTOR('',#16227,1.);
#3109=VECTOR('',#16228,1.);
#3110=VECTOR('',#16229,1.);
#3111=VECTOR('',#16230,1.);
#3112=VECTOR('',#16231,1.);
#3113=VECTOR('',#16232,1.);
#3114=VECTOR('',#16233,1.);
#3115=VECTOR('',#16234,1.);
#3116=VECTOR('',#16235,1.);
#3117=VECTOR('',#16236,1.);
#3118=VECTOR('',#16237,1.);
#3119=VECTOR('',#16238,1.);
#3120=VECTOR('',#16239,1.);
#3121=VECTOR('',#16240,1.);
#3122=VECTOR('',#16241,1.);
#3123=VECTOR('',#16242,1.);
#3124=VECTOR('',#16243,1.);
#3125=VECTOR('',#16244,1.);
#3126=VECTOR('',#16247,1.);
#3127=VECTOR('',#16248,1.);
#3128=VECTOR('',#16251,1.);
#3129=VECTOR('',#16254,1.);
#3130=VECTOR('',#16259,1.);
#3131=VECTOR('',#16260,1.);
#3132=VECTOR('',#16263,1.);
#3133=VECTOR('',#16266,1.);
#3134=VECTOR('',#16271,1.);
#3135=VECTOR('',#16272,1.);
#3136=VECTOR('',#16275,1.);
#3137=VECTOR('',#16278,1.);
#3138=VECTOR('',#16283,1.);
#3139=VECTOR('',#16284,1.);
#3140=VECTOR('',#16287,1.);
#3141=VECTOR('',#16290,1.);
#3142=VECTOR('',#16295,1.);
#3143=VECTOR('',#16296,1.);
#3144=VECTOR('',#16299,1.);
#3145=VECTOR('',#16302,1.);
#3146=VECTOR('',#16307,1.);
#3147=VECTOR('',#16308,1.);
#3148=VECTOR('',#16311,1.);
#3149=VECTOR('',#16314,1.);
#3150=VECTOR('',#16319,1.);
#3151=VECTOR('',#16320,1.);
#3152=VECTOR('',#16323,1.);
#3153=VECTOR('',#16326,1.);
#3154=VECTOR('',#16331,1.);
#3155=VECTOR('',#16332,1.);
#3156=VECTOR('',#16335,1.);
#3157=VECTOR('',#16338,1.);
#3158=VECTOR('',#16343,1.);
#3159=VECTOR('',#16344,1.);
#3160=VECTOR('',#16347,1.);
#3161=VECTOR('',#16350,1.);
#3162=VECTOR('',#16355,1.);
#3163=VECTOR('',#16356,1.);
#3164=VECTOR('',#16359,1.);
#3165=VECTOR('',#16362,1.);
#3166=VECTOR('',#16367,1.);
#3167=VECTOR('',#16368,1.);
#3168=VECTOR('',#16371,1.);
#3169=VECTOR('',#16374,1.);
#3170=VECTOR('',#16379,1.);
#3171=VECTOR('',#16380,1.);
#3172=VECTOR('',#16383,1.);
#3173=VECTOR('',#16386,1.);
#3174=VECTOR('',#16389,1.);
#3175=VECTOR('',#16392,1.);
#3176=VECTOR('',#16393,1.);
#3177=VECTOR('',#16396,1.);
#3178=VECTOR('',#16399,1.);
#3179=VECTOR('',#16404,1.);
#3180=VECTOR('',#16405,1.);
#3181=VECTOR('',#16408,1.);
#3182=VECTOR('',#16411,1.);
#3183=VECTOR('',#16416,1.);
#3184=VECTOR('',#16417,1.);
#3185=VECTOR('',#16420,1.);
#3186=VECTOR('',#16423,1.);
#3187=VECTOR('',#16428,1.);
#3188=VECTOR('',#16429,1.);
#3189=VECTOR('',#16432,1.);
#3190=VECTOR('',#16435,1.);
#3191=VECTOR('',#16440,1.);
#3192=VECTOR('',#16441,1.);
#3193=VECTOR('',#16444,1.);
#3194=VECTOR('',#16447,1.);
#3195=VECTOR('',#16452,1.);
#3196=VECTOR('',#16453,1.);
#3197=VECTOR('',#16456,1.);
#3198=VECTOR('',#16459,1.);
#3199=VECTOR('',#16462,1.);
#3200=VECTOR('',#16463,1.);
#3201=VECTOR('',#16466,1.);
#3202=VECTOR('',#16469,1.);
#3203=VECTOR('',#16472,1.);
#3204=VECTOR('',#16473,1.);
#3205=VECTOR('',#16476,1.);
#3206=VECTOR('',#16479,1.);
#3207=VECTOR('',#16484,1.);
#3208=VECTOR('',#16485,1.);
#3209=VECTOR('',#16488,1.);
#3210=VECTOR('',#16491,1.);
#3211=VECTOR('',#16496,1.);
#3212=VECTOR('',#16497,1.);
#3213=VECTOR('',#16500,1.);
#3214=VECTOR('',#16503,1.);
#3215=VECTOR('',#16508,1.);
#3216=VECTOR('',#16509,1.);
#3217=VECTOR('',#16512,1.);
#3218=VECTOR('',#16515,1.);
#3219=VECTOR('',#16520,1.);
#3220=VECTOR('',#16525,1.);
#3221=VECTOR('',#16526,1.);
#3222=VECTOR('',#16529,1.);
#3223=VECTOR('',#16532,1.);
#3224=VECTOR('',#16537,1.);
#3225=VECTOR('',#16538,1.);
#3226=VECTOR('',#16541,1.);
#3227=VECTOR('',#16544,1.);
#3228=VECTOR('',#16549,1.);
#3229=VECTOR('',#16550,1.);
#3230=VECTOR('',#16553,1.);
#3231=VECTOR('',#16556,1.);
#3232=VECTOR('',#16561,1.);
#3233=VECTOR('',#16566,1.);
#3234=VECTOR('',#16567,1.);
#3235=VECTOR('',#16570,1.);
#3236=VECTOR('',#16573,1.);
#3237=VECTOR('',#16578,1.);
#3238=VECTOR('',#16579,1.);
#3239=VECTOR('',#16582,1.);
#3240=VECTOR('',#16585,1.);
#3241=VECTOR('',#16590,1.);
#3242=VECTOR('',#16591,1.);
#3243=VECTOR('',#16594,1.);
#3244=VECTOR('',#16597,1.);
#3245=VECTOR('',#16602,1.);
#3246=VECTOR('',#16603,1.);
#3247=VECTOR('',#16606,1.);
#3248=VECTOR('',#16609,1.);
#3249=VECTOR('',#16614,1.);
#3250=VECTOR('',#16615,1.);
#3251=VECTOR('',#16618,1.);
#3252=VECTOR('',#16621,1.);
#3253=VECTOR('',#16626,1.);
#3254=VECTOR('',#16627,1.);
#3255=VECTOR('',#16630,1.);
#3256=VECTOR('',#16633,1.);
#3257=VECTOR('',#16638,1.);
#3258=VECTOR('',#16639,1.);
#3259=VECTOR('',#16642,1.);
#3260=VECTOR('',#16645,1.);
#3261=VECTOR('',#16650,1.);
#3262=VECTOR('',#16651,1.);
#3263=VECTOR('',#16654,1.);
#3264=VECTOR('',#16657,1.);
#3265=VECTOR('',#16662,1.);
#3266=VECTOR('',#16663,1.);
#3267=VECTOR('',#16666,1.);
#3268=VECTOR('',#16669,1.);
#3269=VECTOR('',#16674,1.);
#3270=VECTOR('',#16675,1.);
#3271=VECTOR('',#16678,1.);
#3272=VECTOR('',#16681,1.);
#3273=VECTOR('',#16686,1.);
#3274=VECTOR('',#16687,1.);
#3275=VECTOR('',#16690,1.);
#3276=VECTOR('',#16693,1.);
#3277=VECTOR('',#16698,1.);
#3278=VECTOR('',#16699,1.);
#3279=VECTOR('',#16702,1.);
#3280=VECTOR('',#16705,1.);
#3281=VECTOR('',#16708,1.);
#3282=VECTOR('',#16711,1.);
#3283=VECTOR('',#16712,1.);
#3284=VECTOR('',#16715,1.);
#3285=VECTOR('',#16718,1.);
#3286=VECTOR('',#16723,1.);
#3287=VECTOR('',#16724,1.);
#3288=VECTOR('',#16727,1.);
#3289=VECTOR('',#16730,1.);
#3290=VECTOR('',#16735,1.);
#3291=VECTOR('',#16736,1.);
#3292=VECTOR('',#16739,1.);
#3293=VECTOR('',#16742,1.);
#3294=VECTOR('',#16747,1.);
#3295=VECTOR('',#16748,1.);
#3296=VECTOR('',#16751,1.);
#3297=VECTOR('',#16754,1.);
#3298=VECTOR('',#16759,1.);
#3299=VECTOR('',#16760,1.);
#3300=VECTOR('',#16763,1.);
#3301=VECTOR('',#16766,1.);
#3302=VECTOR('',#16771,1.);
#3303=VECTOR('',#16772,1.);
#3304=VECTOR('',#16775,1.);
#3305=VECTOR('',#16778,1.);
#3306=VECTOR('',#16781,1.);
#3307=VECTOR('',#16782,1.);
#3308=VECTOR('',#16785,1.);
#3309=VECTOR('',#16788,1.);
#3310=VECTOR('',#16791,1.);
#3311=VECTOR('',#16792,1.);
#3312=VECTOR('',#16795,1.);
#3313=VECTOR('',#16798,1.);
#3314=VECTOR('',#16801,1.);
#3315=VECTOR('',#16802,1.);
#3316=VECTOR('',#16805,1.);
#3317=VECTOR('',#16808,1.);
#3318=VECTOR('',#16813,1.);
#3319=VECTOR('',#16814,1.);
#3320=VECTOR('',#16817,1.);
#3321=VECTOR('',#16820,1.);
#3322=VECTOR('',#16825,1.);
#3323=VECTOR('',#16826,1.);
#3324=VECTOR('',#16829,1.);
#3325=VECTOR('',#16832,1.);
#3326=VECTOR('',#16837,1.);
#3327=VECTOR('',#16838,1.);
#3328=VECTOR('',#16841,1.);
#3329=VECTOR('',#16844,1.);
#3330=VECTOR('',#16849,1.);
#3331=VECTOR('',#16850,1.);
#3332=VECTOR('',#16853,1.);
#3333=VECTOR('',#16856,1.);
#3334=VECTOR('',#16859,1.);
#3335=VECTOR('',#16860,1.);
#3336=VECTOR('',#16863,1.);
#3337=VECTOR('',#16866,1.);
#3338=VECTOR('',#16871,1.);
#3339=VECTOR('',#16872,1.);
#3340=VECTOR('',#16875,1.);
#3341=VECTOR('',#16878,1.);
#3342=VECTOR('',#16883,1.);
#3343=VECTOR('',#16884,1.);
#3344=VECTOR('',#16887,1.);
#3345=VECTOR('',#16890,1.);
#3346=VECTOR('',#16895,1.);
#3347=VECTOR('',#16896,1.);
#3348=VECTOR('',#16899,1.);
#3349=VECTOR('',#16902,1.);
#3350=VECTOR('',#16907,1.);
#3351=VECTOR('',#16912,1.);
#3352=VECTOR('',#16917,1.);
#3353=VECTOR('',#16918,1.);
#3354=VECTOR('',#16921,1.);
#3355=VECTOR('',#16924,1.);
#3356=VECTOR('',#16929,1.);
#3357=VECTOR('',#16930,1.);
#3358=VECTOR('',#16933,1.);
#3359=VECTOR('',#16936,1.);
#3360=VECTOR('',#16941,1.);
#3361=VECTOR('',#16942,1.);
#3362=VECTOR('',#16945,1.);
#3363=VECTOR('',#16948,1.);
#3364=VECTOR('',#16953,1.);
#3365=VECTOR('',#16954,1.);
#3366=VECTOR('',#16957,1.);
#3367=VECTOR('',#16960,1.);
#3368=VECTOR('',#16965,1.);
#3369=VECTOR('',#16966,1.);
#3370=VECTOR('',#16969,1.);
#3371=VECTOR('',#16972,1.);
#3372=VECTOR('',#16977,1.);
#3373=VECTOR('',#16978,1.);
#3374=VECTOR('',#16981,1.);
#3375=VECTOR('',#16984,1.);
#3376=VECTOR('',#16987,1.);
#3377=VECTOR('',#16990,1.);
#3378=VECTOR('',#16991,1.);
#3379=VECTOR('',#16994,1.);
#3380=VECTOR('',#16997,1.);
#3381=VECTOR('',#17002,1.);
#3382=VECTOR('',#17003,1.);
#3383=VECTOR('',#17006,1.);
#3384=VECTOR('',#17009,1.);
#3385=VECTOR('',#17014,1.);
#3386=VECTOR('',#17015,1.);
#3387=VECTOR('',#17018,1.);
#3388=VECTOR('',#17021,1.);
#3389=VECTOR('',#17026,1.);
#3390=VECTOR('',#17027,1.);
#3391=VECTOR('',#17030,1.);
#3392=VECTOR('',#17033,1.);
#3393=VECTOR('',#17036,1.);
#3394=VECTOR('',#17037,1.);
#3395=VECTOR('',#17040,1.);
#3396=VECTOR('',#17043,1.);
#3397=VECTOR('',#17048,1.);
#3398=VECTOR('',#17049,1.);
#3399=VECTOR('',#17052,1.);
#3400=VECTOR('',#17055,1.);
#3401=VECTOR('',#17060,1.);
#3402=VECTOR('',#17061,1.);
#3403=VECTOR('',#17064,1.);
#3404=VECTOR('',#17067,1.);
#3405=VECTOR('',#17072,1.);
#3406=VECTOR('',#17073,1.);
#3407=VECTOR('',#17076,1.);
#3408=VECTOR('',#17079,1.);
#3409=VECTOR('',#17082,1.);
#3410=VECTOR('',#17083,1.);
#3411=VECTOR('',#17086,1.);
#3412=VECTOR('',#17089,1.);
#3413=VECTOR('',#17094,1.);
#3414=VECTOR('',#17095,1.);
#3415=VECTOR('',#17098,1.);
#3416=VECTOR('',#17101,1.);
#3417=VECTOR('',#17106,1.);
#3418=VECTOR('',#17107,1.);
#3419=VECTOR('',#17110,1.);
#3420=VECTOR('',#17113,1.);
#3421=VECTOR('',#17116,1.);
#3422=VECTOR('',#17119,1.);
#3423=VECTOR('',#17120,1.);
#3424=VECTOR('',#17123,1.);
#3425=VECTOR('',#17126,1.);
#3426=VECTOR('',#17131,1.);
#3427=VECTOR('',#17132,1.);
#3428=VECTOR('',#17135,1.);
#3429=VECTOR('',#17138,1.);
#3430=VECTOR('',#17143,1.);
#3431=VECTOR('',#17144,1.);
#3432=VECTOR('',#17147,1.);
#3433=VECTOR('',#17150,1.);
#3434=VECTOR('',#17155,1.);
#3435=VECTOR('',#17156,1.);
#3436=VECTOR('',#17159,1.);
#3437=VECTOR('',#17162,1.);
#3438=VECTOR('',#17167,1.);
#3439=VECTOR('',#17168,1.);
#3440=VECTOR('',#17171,1.);
#3441=VECTOR('',#17174,1.);
#3442=VECTOR('',#17179,1.);
#3443=VECTOR('',#17180,1.);
#3444=VECTOR('',#17183,1.);
#3445=VECTOR('',#17186,1.);
#3446=VECTOR('',#17191,1.);
#3447=VECTOR('',#17192,1.);
#3448=VECTOR('',#17195,1.);
#3449=VECTOR('',#17198,1.);
#3450=VECTOR('',#17203,1.);
#3451=VECTOR('',#17204,1.);
#3452=VECTOR('',#17207,1.);
#3453=VECTOR('',#17210,1.);
#3454=VECTOR('',#17215,1.);
#3455=VECTOR('',#17216,1.);
#3456=VECTOR('',#17219,1.);
#3457=VECTOR('',#17222,1.);
#3458=VECTOR('',#17227,1.);
#3459=VECTOR('',#17228,1.);
#3460=VECTOR('',#17231,1.);
#3461=VECTOR('',#17234,1.);
#3462=VECTOR('',#17239,1.);
#3463=VECTOR('',#17240,1.);
#3464=VECTOR('',#17243,1.);
#3465=VECTOR('',#17246,1.);
#3466=VECTOR('',#17251,1.);
#3467=VECTOR('',#17252,1.);
#3468=VECTOR('',#17255,1.);
#3469=VECTOR('',#17258,1.);
#3470=VECTOR('',#17263,1.);
#3471=VECTOR('',#17264,1.);
#3472=VECTOR('',#17267,1.);
#3473=VECTOR('',#17270,1.);
#3474=VECTOR('',#17275,1.);
#3475=VECTOR('',#17276,1.);
#3476=VECTOR('',#17279,1.);
#3477=VECTOR('',#17282,1.);
#3478=VECTOR('',#17287,1.);
#3479=VECTOR('',#17288,1.);
#3480=VECTOR('',#17291,1.);
#3481=VECTOR('',#17294,1.);
#3482=VECTOR('',#17299,1.);
#3483=VECTOR('',#17300,1.);
#3484=VECTOR('',#17303,1.);
#3485=VECTOR('',#17306,1.);
#3486=VECTOR('',#17309,1.);
#3487=VECTOR('',#17312,1.);
#3488=VECTOR('',#17313,1.);
#3489=VECTOR('',#17316,1.);
#3490=VECTOR('',#17319,1.);
#3491=VECTOR('',#17324,1.);
#3492=VECTOR('',#17325,1.);
#3493=VECTOR('',#17328,1.);
#3494=VECTOR('',#17331,1.);
#3495=VECTOR('',#17336,1.);
#3496=VECTOR('',#17337,1.);
#3497=VECTOR('',#17340,1.);
#3498=VECTOR('',#17343,1.);
#3499=VECTOR('',#17348,1.);
#3500=VECTOR('',#17349,1.);
#3501=VECTOR('',#17352,1.);
#3502=VECTOR('',#17355,1.);
#3503=VECTOR('',#17360,1.);
#3504=VECTOR('',#17361,1.);
#3505=VECTOR('',#17364,1.);
#3506=VECTOR('',#17367,1.);
#3507=VECTOR('',#17370,1.);
#3508=VECTOR('',#17373,1.);
#3509=VECTOR('',#17374,1.);
#3510=VECTOR('',#17377,1.);
#3511=VECTOR('',#17380,1.);
#3512=VECTOR('',#17385,1.);
#3513=VECTOR('',#17386,1.);
#3514=VECTOR('',#17389,1.);
#3515=VECTOR('',#17392,1.);
#3516=VECTOR('',#17397,1.);
#3517=VECTOR('',#17398,1.);
#3518=VECTOR('',#17401,1.);
#3519=VECTOR('',#17404,1.);
#3520=VECTOR('',#17407,1.);
#3521=VECTOR('',#17410,1.);
#3522=VECTOR('',#17411,1.);
#3523=VECTOR('',#17414,1.);
#3524=VECTOR('',#17417,1.);
#3525=VECTOR('',#17422,1.);
#3526=VECTOR('',#17423,1.);
#3527=VECTOR('',#17426,1.);
#3528=VECTOR('',#17429,1.);
#3529=VECTOR('',#17432,1.);
#3530=VECTOR('',#17433,1.);
#3531=VECTOR('',#17436,1.);
#3532=VECTOR('',#17439,1.);
#3533=VECTOR('',#17442,1.);
#3534=VECTOR('',#17443,1.);
#3535=VECTOR('',#17446,1.);
#3536=VECTOR('',#17449,1.);
#3537=VECTOR('',#17454,1.);
#3538=VECTOR('',#17455,1.);
#3539=VECTOR('',#17458,1.);
#3540=VECTOR('',#17461,1.);
#3541=VECTOR('',#17466,1.);
#3542=VECTOR('',#17467,1.);
#3543=VECTOR('',#17470,1.);
#3544=VECTOR('',#17473,1.);
#3545=VECTOR('',#17478,1.);
#3546=VECTOR('',#17483,1.);
#3547=VECTOR('',#17484,1.);
#3548=VECTOR('',#17487,1.);
#3549=VECTOR('',#17490,1.);
#3550=VECTOR('',#17495,1.);
#3551=VECTOR('',#17496,1.);
#3552=VECTOR('',#17499,1.);
#3553=VECTOR('',#17502,1.);
#3554=VECTOR('',#17505,1.);
#3555=VECTOR('',#17508,1.);
#3556=VECTOR('',#17509,1.);
#3557=VECTOR('',#17512,1.);
#3558=VECTOR('',#17515,1.);
#3559=VECTOR('',#17520,1.);
#3560=VECTOR('',#17521,1.);
#3561=VECTOR('',#17524,1.);
#3562=VECTOR('',#17527,1.);
#3563=VECTOR('',#17530,1.);
#3564=VECTOR('',#17531,1.);
#3565=VECTOR('',#17534,1.);
#3566=VECTOR('',#17537,1.);
#3567=VECTOR('',#17540,1.);
#3568=VECTOR('',#17541,1.);
#3569=VECTOR('',#17544,1.);
#3570=VECTOR('',#17547,1.);
#3571=VECTOR('',#17552,1.);
#3572=VECTOR('',#17553,1.);
#3573=VECTOR('',#17556,1.);
#3574=VECTOR('',#17559,1.);
#3575=VECTOR('',#17564,1.);
#3576=VECTOR('',#17565,1.);
#3577=VECTOR('',#17568,1.);
#3578=VECTOR('',#17571,1.);
#3579=VECTOR('',#17576,1.);
#3580=VECTOR('',#17577,1.);
#3581=VECTOR('',#17580,1.);
#3582=VECTOR('',#17583,1.);
#3583=VECTOR('',#17588,1.);
#3584=VECTOR('',#17589,1.);
#3585=VECTOR('',#17592,1.);
#3586=VECTOR('',#17595,1.);
#3587=VECTOR('',#17600,1.);
#3588=VECTOR('',#17601,1.);
#3589=VECTOR('',#17604,1.);
#3590=VECTOR('',#17607,1.);
#3591=VECTOR('',#17612,1.);
#3592=VECTOR('',#17613,1.);
#3593=VECTOR('',#17616,1.);
#3594=VECTOR('',#17619,1.);
#3595=VECTOR('',#17624,1.);
#3596=VECTOR('',#17625,1.);
#3597=VECTOR('',#17628,1.);
#3598=VECTOR('',#17631,1.);
#3599=VECTOR('',#17636,1.);
#3600=VECTOR('',#17637,1.);
#3601=VECTOR('',#17640,1.);
#3602=VECTOR('',#17643,1.);
#3603=VECTOR('',#17648,1.);
#3604=VECTOR('',#17649,1.);
#3605=VECTOR('',#17652,1.);
#3606=VECTOR('',#17655,1.);
#3607=VECTOR('',#17660,1.);
#3608=VECTOR('',#17661,1.);
#3609=VECTOR('',#17664,1.);
#3610=VECTOR('',#17667,1.);
#3611=VECTOR('',#17672,1.);
#3612=VECTOR('',#17673,1.);
#3613=VECTOR('',#17676,1.);
#3614=VECTOR('',#17679,1.);
#3615=VECTOR('',#17684,1.);
#3616=VECTOR('',#17685,1.);
#3617=VECTOR('',#17688,1.);
#3618=VECTOR('',#17691,1.);
#3619=VECTOR('',#17696,1.);
#3620=VECTOR('',#17697,1.);
#3621=VECTOR('',#17700,1.);
#3622=VECTOR('',#17703,1.);
#3623=VECTOR('',#17708,1.);
#3624=VECTOR('',#17709,1.);
#3625=VECTOR('',#17712,1.);
#3626=VECTOR('',#17715,1.);
#3627=VECTOR('',#17720,1.);
#3628=VECTOR('',#17721,1.);
#3629=VECTOR('',#17724,1.);
#3630=VECTOR('',#17727,1.);
#3631=VECTOR('',#17732,1.);
#3632=VECTOR('',#17733,1.);
#3633=VECTOR('',#17736,1.);
#3634=VECTOR('',#17739,1.);
#3635=VECTOR('',#17744,1.);
#3636=VECTOR('',#17749,1.);
#3637=VECTOR('',#17750,1.);
#3638=VECTOR('',#17753,1.);
#3639=VECTOR('',#17756,1.);
#3640=VECTOR('',#17761,1.);
#3641=VECTOR('',#17766,1.);
#3642=VECTOR('',#17767,1.);
#3643=VECTOR('',#17770,1.);
#3644=VECTOR('',#17773,1.);
#3645=VECTOR('',#17778,1.);
#3646=VECTOR('',#17779,1.);
#3647=VECTOR('',#17782,1.);
#3648=VECTOR('',#17785,1.);
#3649=VECTOR('',#17790,1.);
#3650=VECTOR('',#17791,1.);
#3651=VECTOR('',#17794,1.);
#3652=VECTOR('',#17797,1.);
#3653=VECTOR('',#17802,1.);
#3654=VECTOR('',#17803,1.);
#3655=VECTOR('',#17806,1.);
#3656=VECTOR('',#17809,1.);
#3657=VECTOR('',#17814,1.);
#3658=VECTOR('',#17815,1.);
#3659=VECTOR('',#17818,1.);
#3660=VECTOR('',#17821,1.);
#3661=VECTOR('',#17826,1.);
#3662=VECTOR('',#17827,1.);
#3663=VECTOR('',#17830,1.);
#3664=VECTOR('',#17833,1.);
#3665=VECTOR('',#17838,1.);
#3666=VECTOR('',#17839,1.);
#3667=VECTOR('',#17842,1.);
#3668=VECTOR('',#17845,1.);
#3669=VECTOR('',#17850,1.);
#3670=VECTOR('',#17851,1.);
#3671=VECTOR('',#17854,1.);
#3672=VECTOR('',#17857,1.);
#3673=VECTOR('',#17862,1.);
#3674=VECTOR('',#17863,1.);
#3675=VECTOR('',#17866,1.);
#3676=VECTOR('',#17869,1.);
#3677=VECTOR('',#17874,1.);
#3678=VECTOR('',#17875,1.);
#3679=VECTOR('',#17878,1.);
#3680=VECTOR('',#17881,1.);
#3681=VECTOR('',#17886,1.);
#3682=VECTOR('',#17887,1.);
#3683=VECTOR('',#17890,1.);
#3684=VECTOR('',#17893,1.);
#3685=VECTOR('',#17896,1.);
#3686=VECTOR('',#17897,1.);
#3687=VECTOR('',#17900,1.);
#3688=VECTOR('',#17903,1.);
#3689=VECTOR('',#17906,1.);
#3690=VECTOR('',#17911,1.);
#3691=VECTOR('',#17912,1.);
#3692=VECTOR('',#17915,1.);
#3693=VECTOR('',#17918,1.);
#3694=VECTOR('',#17923,1.);
#3695=VECTOR('',#17924,1.);
#3696=VECTOR('',#17927,1.);
#3697=VECTOR('',#17930,1.);
#3698=VECTOR('',#17935,1.);
#3699=VECTOR('',#17936,1.);
#3700=VECTOR('',#17939,1.);
#3701=VECTOR('',#17942,1.);
#3702=VECTOR('',#17947,1.);
#3703=VECTOR('',#17948,1.);
#3704=VECTOR('',#17951,1.);
#3705=VECTOR('',#17954,1.);
#3706=VECTOR('',#17959,1.);
#3707=VECTOR('',#17960,1.);
#3708=VECTOR('',#17963,1.);
#3709=VECTOR('',#17966,1.);
#3710=VECTOR('',#17971,1.);
#3711=VECTOR('',#17972,1.);
#3712=VECTOR('',#17975,1.);
#3713=VECTOR('',#17978,1.);
#3714=VECTOR('',#17981,1.);
#3715=VECTOR('',#17982,1.);
#3716=VECTOR('',#17985,1.);
#3717=VECTOR('',#17988,1.);
#3718=VECTOR('',#17991,1.);
#3719=VECTOR('',#17992,1.);
#3720=VECTOR('',#17995,1.);
#3721=VECTOR('',#17998,1.);
#3722=VECTOR('',#18003,1.);
#3723=VECTOR('',#18004,1.);
#3724=VECTOR('',#18007,1.);
#3725=VECTOR('',#18010,1.);
#3726=VECTOR('',#18015,1.);
#3727=VECTOR('',#18016,1.);
#3728=VECTOR('',#18019,1.);
#3729=VECTOR('',#18022,1.);
#3730=VECTOR('',#18027,1.);
#3731=VECTOR('',#18028,1.);
#3732=VECTOR('',#18031,1.);
#3733=VECTOR('',#18034,1.);
#3734=PLANE('',#14102);
#3735=PLANE('',#14137);
#3736=PLANE('',#14138);
#3737=PLANE('',#14139);
#3738=PLANE('',#14140);
#3739=PLANE('',#14141);
#3740=PLANE('',#14142);
#3741=PLANE('',#14143);
#3742=PLANE('',#14144);
#3743=PLANE('',#14145);
#3744=PLANE('',#14146);
#3745=PLANE('',#14147);
#3746=PLANE('',#14148);
#3747=PLANE('',#14149);
#3748=PLANE('',#14150);
#3749=PLANE('',#14151);
#3750=PLANE('',#14152);
#3751=PLANE('',#14156);
#3752=PLANE('',#14189);
#3753=PLANE('',#14190);
#3754=PLANE('',#14191);
#3755=PLANE('',#14192);
#3756=PLANE('',#14193);
#3757=PLANE('',#14194);
#3758=PLANE('',#14195);
#3759=PLANE('',#14196);
#3760=PLANE('',#14197);
#3761=PLANE('',#14198);
#3762=PLANE('',#14199);
#3763=PLANE('',#14200);
#3764=PLANE('',#14201);
#3765=PLANE('',#14202);
#3766=PLANE('',#14203);
#3767=PLANE('',#14204);
#3768=PLANE('',#14205);
#3769=PLANE('',#14206);
#3770=PLANE('',#14207);
#3771=PLANE('',#14208);
#3772=PLANE('',#14209);
#3773=PLANE('',#14210);
#3774=PLANE('',#14211);
#3775=PLANE('',#14212);
#3776=PLANE('',#14213);
#3777=PLANE('',#14214);
#3778=PLANE('',#14215);
#3779=PLANE('',#14216);
#3780=PLANE('',#14217);
#3781=PLANE('',#14218);
#3782=PLANE('',#14219);
#3783=PLANE('',#14220);
#3784=PLANE('',#14221);
#3785=PLANE('',#14222);
#3786=PLANE('',#14223);
#3787=PLANE('',#14224);
#3788=PLANE('',#14225);
#3789=PLANE('',#14226);
#3790=PLANE('',#14227);
#3791=PLANE('',#14228);
#3792=PLANE('',#14229);
#3793=PLANE('',#14230);
#3794=PLANE('',#14231);
#3795=PLANE('',#14232);
#3796=PLANE('',#14233);
#3797=PLANE('',#14234);
#3798=PLANE('',#14235);
#3799=PLANE('',#14236);
#3800=PLANE('',#14237);
#3801=PLANE('',#14238);
#3802=PLANE('',#14239);
#3803=PLANE('',#14240);
#3804=PLANE('',#14241);
#3805=PLANE('',#14242);
#3806=PLANE('',#14243);
#3807=PLANE('',#14244);
#3808=PLANE('',#14245);
#3809=PLANE('',#14246);
#3810=PLANE('',#14247);
#3811=PLANE('',#14248);
#3812=PLANE('',#14249);
#3813=PLANE('',#14250);
#3814=PLANE('',#14251);
#3815=PLANE('',#14252);
#3816=PLANE('',#14253);
#3817=PLANE('',#14254);
#3818=PLANE('',#14255);
#3819=PLANE('',#14256);
#3820=PLANE('',#14257);
#3821=PLANE('',#14258);
#3822=PLANE('',#14259);
#3823=PLANE('',#14260);
#3824=PLANE('',#14261);
#3825=PLANE('',#14262);
#3826=PLANE('',#14263);
#3827=PLANE('',#14264);
#3828=PLANE('',#14265);
#3829=PLANE('',#14266);
#3830=PLANE('',#14267);
#3831=PLANE('',#14268);
#3832=PLANE('',#14269);
#3833=PLANE('',#14270);
#3834=PLANE('',#14271);
#3835=PLANE('',#14272);
#3836=PLANE('',#14273);
#3837=PLANE('',#14274);
#3838=PLANE('',#14275);
#3839=PLANE('',#14276);
#3840=PLANE('',#14277);
#3841=PLANE('',#14278);
#3842=PLANE('',#14279);
#3843=PLANE('',#14280);
#3844=PLANE('',#14281);
#3845=PLANE('',#14282);
#3846=PLANE('',#14283);
#3847=PLANE('',#14284);
#3848=PLANE('',#14285);
#3849=PLANE('',#14286);
#3850=PLANE('',#14287);
#3851=PLANE('',#14288);
#3852=PLANE('',#14289);
#3853=PLANE('',#14290);
#3854=PLANE('',#14291);
#3855=PLANE('',#14292);
#3856=PLANE('',#14293);
#3857=PLANE('',#14294);
#3858=PLANE('',#14295);
#3859=PLANE('',#14296);
#3860=PLANE('',#14297);
#3861=PLANE('',#14298);
#3862=PLANE('',#14299);
#3863=PLANE('',#14300);
#3864=PLANE('',#14301);
#3865=PLANE('',#14302);
#3866=PLANE('',#14303);
#3867=PLANE('',#14304);
#3868=PLANE('',#14305);
#3869=PLANE('',#14306);
#3870=PLANE('',#14307);
#3871=PLANE('',#14308);
#3872=PLANE('',#14309);
#3873=PLANE('',#14310);
#3874=PLANE('',#14311);
#3875=PLANE('',#14312);
#3876=PLANE('',#14313);
#3877=PLANE('',#14314);
#3878=PLANE('',#14315);
#3879=PLANE('',#14316);
#3880=PLANE('',#14317);
#3881=PLANE('',#14318);
#3882=PLANE('',#14319);
#3883=PLANE('',#14320);
#3884=PLANE('',#14321);
#3885=PLANE('',#14322);
#3886=PLANE('',#14323);
#3887=PLANE('',#14324);
#3888=PLANE('',#14325);
#3889=PLANE('',#14326);
#3890=PLANE('',#14327);
#3891=PLANE('',#14328);
#3892=PLANE('',#14329);
#3893=PLANE('',#14330);
#3894=PLANE('',#14331);
#3895=PLANE('',#14332);
#3896=PLANE('',#14333);
#3897=PLANE('',#14334);
#3898=PLANE('',#14335);
#3899=PLANE('',#14336);
#3900=PLANE('',#14337);
#3901=PLANE('',#14338);
#3902=PLANE('',#14339);
#3903=PLANE('',#14340);
#3904=PLANE('',#14341);
#3905=PLANE('',#14342);
#3906=PLANE('',#14343);
#3907=PLANE('',#14344);
#3908=PLANE('',#14345);
#3909=PLANE('',#14346);
#3910=PLANE('',#14347);
#3911=PLANE('',#14348);
#3912=PLANE('',#14349);
#3913=PLANE('',#14350);
#3914=PLANE('',#14351);
#3915=PLANE('',#14352);
#3916=PLANE('',#14353);
#3917=PLANE('',#14354);
#3918=PLANE('',#14355);
#3919=PLANE('',#14356);
#3920=PLANE('',#14357);
#3921=PLANE('',#14358);
#3922=PLANE('',#14359);
#3923=PLANE('',#14360);
#3924=PLANE('',#14361);
#3925=PLANE('',#14362);
#3926=PLANE('',#14363);
#3927=PLANE('',#14364);
#3928=PLANE('',#14365);
#3929=PLANE('',#14366);
#3930=PLANE('',#14367);
#3931=PLANE('',#14368);
#3932=PLANE('',#14369);
#3933=PLANE('',#14370);
#3934=PLANE('',#14371);
#3935=PLANE('',#14372);
#3936=PLANE('',#14373);
#3937=PLANE('',#14374);
#3938=PLANE('',#14375);
#3939=PLANE('',#14376);
#3940=PLANE('',#14377);
#3941=PLANE('',#14378);
#3942=PLANE('',#14379);
#3943=PLANE('',#14380);
#3944=PLANE('',#14381);
#3945=PLANE('',#14382);
#3946=PLANE('',#14383);
#3947=PLANE('',#14384);
#3948=PLANE('',#14385);
#3949=PLANE('',#14386);
#3950=PLANE('',#14387);
#3951=PLANE('',#14388);
#3952=PLANE('',#14389);
#3953=PLANE('',#14390);
#3954=PLANE('',#14391);
#3955=PLANE('',#14392);
#3956=PLANE('',#14393);
#3957=PLANE('',#14394);
#3958=PLANE('',#14395);
#3959=PLANE('',#14396);
#3960=PLANE('',#14397);
#3961=PLANE('',#14398);
#3962=PLANE('',#14399);
#3963=PLANE('',#14400);
#3964=PLANE('',#14401);
#3965=PLANE('',#14402);
#3966=PLANE('',#14403);
#3967=PLANE('',#14404);
#3968=PLANE('',#14405);
#3969=PLANE('',#14406);
#3970=PLANE('',#14407);
#3971=PLANE('',#14408);
#3972=PLANE('',#14409);
#3973=PLANE('',#14410);
#3974=PLANE('',#14411);
#3975=PLANE('',#14412);
#3976=PLANE('',#14413);
#3977=PLANE('',#14414);
#3978=PLANE('',#14415);
#3979=PLANE('',#14416);
#3980=PLANE('',#14417);
#3981=PLANE('',#14418);
#3982=PLANE('',#14419);
#3983=PLANE('',#14420);
#3984=PLANE('',#14421);
#3985=PLANE('',#14422);
#3986=PLANE('',#14423);
#3987=PLANE('',#14424);
#3988=PLANE('',#14425);
#3989=PLANE('',#14426);
#3990=PLANE('',#14427);
#3991=PLANE('',#14428);
#3992=PLANE('',#14429);
#3993=PLANE('',#14430);
#3994=PLANE('',#14431);
#3995=PLANE('',#14432);
#3996=PLANE('',#14433);
#3997=PLANE('',#14434);
#3998=PLANE('',#14435);
#3999=PLANE('',#14436);
#4000=PLANE('',#14437);
#4001=PLANE('',#14438);
#4002=PLANE('',#14439);
#4003=PLANE('',#14440);
#4004=PLANE('',#14441);
#4005=PLANE('',#14442);
#4006=PLANE('',#14443);
#4007=PLANE('',#14444);
#4008=PLANE('',#14445);
#4009=PLANE('',#14446);
#4010=PLANE('',#14447);
#4011=PLANE('',#14448);
#4012=PLANE('',#14449);
#4013=PLANE('',#14450);
#4014=PLANE('',#14451);
#4015=PLANE('',#14452);
#4016=PLANE('',#14453);
#4017=PLANE('',#14454);
#4018=PLANE('',#14455);
#4019=PLANE('',#14456);
#4020=PLANE('',#14457);
#4021=PLANE('',#14458);
#4022=PLANE('',#14459);
#4023=PLANE('',#14460);
#4024=PLANE('',#14461);
#4025=PLANE('',#14462);
#4026=PLANE('',#14463);
#4027=PLANE('',#14464);
#4028=PLANE('',#14465);
#4029=PLANE('',#14466);
#4030=PLANE('',#14467);
#4031=PLANE('',#14468);
#4032=PLANE('',#14469);
#4033=PLANE('',#14470);
#4034=PLANE('',#14471);
#4035=PLANE('',#14472);
#4036=PLANE('',#14473);
#4037=PLANE('',#14474);
#4038=PLANE('',#14475);
#4039=PLANE('',#14476);
#4040=PLANE('',#14477);
#4041=PLANE('',#14478);
#4042=PLANE('',#14479);
#4043=PLANE('',#14480);
#4044=PLANE('',#14481);
#4045=PLANE('',#14482);
#4046=PLANE('',#14483);
#4047=PLANE('',#14484);
#4048=PLANE('',#14485);
#4049=PLANE('',#14486);
#4050=PLANE('',#14487);
#4051=PLANE('',#14488);
#4052=PLANE('',#14489);
#4053=PLANE('',#14490);
#4054=PLANE('',#14491);
#4055=PLANE('',#14492);
#4056=PLANE('',#14493);
#4057=PLANE('',#14494);
#4058=PLANE('',#14495);
#4059=PLANE('',#14496);
#4060=PLANE('',#14497);
#4061=PLANE('',#14498);
#4062=PLANE('',#14499);
#4063=PLANE('',#14500);
#4064=PLANE('',#14501);
#4065=PLANE('',#14502);
#4066=PLANE('',#14503);
#4067=PLANE('',#14504);
#4068=PLANE('',#14505);
#4069=PLANE('',#14506);
#4070=PLANE('',#14507);
#4071=PLANE('',#14508);
#4072=PLANE('',#14509);
#4073=PLANE('',#14510);
#4074=PLANE('',#14511);
#4075=PLANE('',#14512);
#4076=PLANE('',#14513);
#4077=PLANE('',#14514);
#4078=PLANE('',#14515);
#4079=PLANE('',#14516);
#4080=PLANE('',#14517);
#4081=PLANE('',#14518);
#4082=PLANE('',#14519);
#4083=PLANE('',#14520);
#4084=PLANE('',#14521);
#4085=PLANE('',#14522);
#4086=PLANE('',#14523);
#4087=PLANE('',#14524);
#4088=PLANE('',#14525);
#4089=PLANE('',#14526);
#4090=PLANE('',#14527);
#4091=PLANE('',#14528);
#4092=PLANE('',#14529);
#4093=PLANE('',#14530);
#4094=PLANE('',#14531);
#4095=PLANE('',#14532);
#4096=PLANE('',#14533);
#4097=PLANE('',#14534);
#4098=PLANE('',#14535);
#4099=PLANE('',#14536);
#4100=PLANE('',#14537);
#4101=PLANE('',#14538);
#4102=PLANE('',#14539);
#4103=PLANE('',#14540);
#4104=PLANE('',#14541);
#4105=PLANE('',#14542);
#4106=PLANE('',#14543);
#4107=PLANE('',#14544);
#4108=PLANE('',#14545);
#4109=PLANE('',#14546);
#4110=PLANE('',#14547);
#4111=PLANE('',#14548);
#4112=PLANE('',#14549);
#4113=PLANE('',#14550);
#4114=PLANE('',#14551);
#4115=PLANE('',#14552);
#4116=PLANE('',#14553);
#4117=PLANE('',#14554);
#4118=PLANE('',#14555);
#4119=PLANE('',#14556);
#4120=PLANE('',#14557);
#4121=PLANE('',#14558);
#4122=PLANE('',#14559);
#4123=PLANE('',#14560);
#4124=PLANE('',#14561);
#4125=PLANE('',#14562);
#4126=PLANE('',#14563);
#4127=PLANE('',#14564);
#4128=PLANE('',#14565);
#4129=PLANE('',#14566);
#4130=PLANE('',#14567);
#4131=PLANE('',#14568);
#4132=PLANE('',#14569);
#4133=PLANE('',#14570);
#4134=PLANE('',#14571);
#4135=PLANE('',#14572);
#4136=PLANE('',#14573);
#4137=PLANE('',#14574);
#4138=PLANE('',#14575);
#4139=PLANE('',#14576);
#4140=PLANE('',#14577);
#4141=PLANE('',#14578);
#4142=PLANE('',#14579);
#4143=PLANE('',#14580);
#4144=PLANE('',#14581);
#4145=PLANE('',#14582);
#4146=PLANE('',#14583);
#4147=PLANE('',#14584);
#4148=PLANE('',#14585);
#4149=PLANE('',#14586);
#4150=PLANE('',#14587);
#4151=PLANE('',#14588);
#4152=PLANE('',#14589);
#4153=PLANE('',#14590);
#4154=PLANE('',#14591);
#4155=PLANE('',#14592);
#4156=PLANE('',#14593);
#4157=PLANE('',#14594);
#4158=PLANE('',#14595);
#4159=PLANE('',#14596);
#4160=PLANE('',#14597);
#4161=PLANE('',#14598);
#4162=PLANE('',#14599);
#4163=PLANE('',#14600);
#4164=PLANE('',#14601);
#4165=PLANE('',#14602);
#4166=PLANE('',#14603);
#4167=PLANE('',#14604);
#4168=PLANE('',#14605);
#4169=PLANE('',#14606);
#4170=PLANE('',#14607);
#4171=PLANE('',#14608);
#4172=PLANE('',#14609);
#4173=PLANE('',#14610);
#4174=PLANE('',#14611);
#4175=PLANE('',#14612);
#4176=PLANE('',#14613);
#4177=PLANE('',#14614);
#4178=PLANE('',#14615);
#4179=PLANE('',#14616);
#4180=PLANE('',#14617);
#4181=PLANE('',#14618);
#4182=PLANE('',#14619);
#4183=PLANE('',#14620);
#4184=PLANE('',#14621);
#4185=PLANE('',#14622);
#4186=PLANE('',#14623);
#4187=PLANE('',#14624);
#4188=PLANE('',#14625);
#4189=PLANE('',#14626);
#4190=PLANE('',#14627);
#4191=PLANE('',#14628);
#4192=PLANE('',#14629);
#4193=PLANE('',#14630);
#4194=PLANE('',#14631);
#4195=PLANE('',#14632);
#4196=PLANE('',#14633);
#4197=PLANE('',#14634);
#4198=PLANE('',#14635);
#4199=PLANE('',#14636);
#4200=PLANE('',#14637);
#4201=PLANE('',#14638);
#4202=PLANE('',#14639);
#4203=PLANE('',#14640);
#4204=PLANE('',#14641);
#4205=PLANE('',#14642);
#4206=PLANE('',#14643);
#4207=PLANE('',#14644);
#4208=PLANE('',#14645);
#4209=PLANE('',#14646);
#4210=PLANE('',#14647);
#4211=PLANE('',#14648);
#4212=PLANE('',#14649);
#4213=PLANE('',#14650);
#4214=PLANE('',#14651);
#4215=PLANE('',#14652);
#4216=PLANE('',#14653);
#4217=PLANE('',#14654);
#4218=PLANE('',#14655);
#4219=PLANE('',#14656);
#4220=PLANE('',#14657);
#4221=PLANE('',#14658);
#4222=PLANE('',#14659);
#4223=PLANE('',#14660);
#4224=PLANE('',#14661);
#4225=PLANE('',#14662);
#4226=PLANE('',#14663);
#4227=PLANE('',#14664);
#4228=PLANE('',#14665);
#4229=PLANE('',#14666);
#4230=PLANE('',#14667);
#4231=PLANE('',#14668);
#4232=PLANE('',#14669);
#4233=PLANE('',#14670);
#4234=PLANE('',#14671);
#4235=PLANE('',#14672);
#4236=PLANE('',#14673);
#4237=PLANE('',#14674);
#4238=PLANE('',#14675);
#4239=PLANE('',#14676);
#4240=PLANE('',#14677);
#4241=PLANE('',#14678);
#4242=PLANE('',#14679);
#4243=PLANE('',#14680);
#4244=PLANE('',#14681);
#4245=PLANE('',#14682);
#4246=PLANE('',#14683);
#4247=PLANE('',#14684);
#4248=PLANE('',#14685);
#4249=PLANE('',#14686);
#4250=PLANE('',#14687);
#4251=PLANE('',#14688);
#4252=PLANE('',#14689);
#4253=PLANE('',#14690);
#4254=PLANE('',#14691);
#4255=PLANE('',#14692);
#4256=PLANE('',#14693);
#4257=PLANE('',#14694);
#4258=PLANE('',#14695);
#4259=PLANE('',#14696);
#4260=PLANE('',#14697);
#4261=PLANE('',#14698);
#4262=PLANE('',#14699);
#4263=PLANE('',#14700);
#4264=PLANE('',#14701);
#4265=PLANE('',#14702);
#4266=PLANE('',#14703);
#4267=PLANE('',#14704);
#4268=PLANE('',#14705);
#4269=PLANE('',#14706);
#4270=PLANE('',#14707);
#4271=PLANE('',#14708);
#4272=PLANE('',#14709);
#4273=PLANE('',#14710);
#4274=PLANE('',#14711);
#4275=PLANE('',#14712);
#4276=PLANE('',#14713);
#4277=PLANE('',#14714);
#4278=PLANE('',#14715);
#4279=PLANE('',#14716);
#4280=PLANE('',#14717);
#4281=PLANE('',#14718);
#4282=PLANE('',#14719);
#4283=PLANE('',#14720);
#4284=PLANE('',#14721);
#4285=PLANE('',#14722);
#4286=PLANE('',#14723);
#4287=PLANE('',#14724);
#4288=PLANE('',#14725);
#4289=PLANE('',#14726);
#4290=PLANE('',#14727);
#4291=PLANE('',#14728);
#4292=PLANE('',#14729);
#4293=PLANE('',#14730);
#4294=PLANE('',#14731);
#4295=PLANE('',#14732);
#4296=PLANE('',#14733);
#4297=PLANE('',#14734);
#4298=PLANE('',#14735);
#4299=PLANE('',#14736);
#4300=PLANE('',#14737);
#4301=PLANE('',#14738);
#4302=PLANE('',#14739);
#4303=PLANE('',#14740);
#4304=PLANE('',#14741);
#4305=PLANE('',#14742);
#4306=PLANE('',#14743);
#4307=PLANE('',#14744);
#4308=PLANE('',#14745);
#4309=PLANE('',#14746);
#4310=PLANE('',#14747);
#4311=PLANE('',#14748);
#4312=PLANE('',#14749);
#4313=PLANE('',#14750);
#4314=PLANE('',#14751);
#4315=PLANE('',#14752);
#4316=PLANE('',#14753);
#4317=PLANE('',#14754);
#4318=PLANE('',#14755);
#4319=PLANE('',#14756);
#4320=PLANE('',#14757);
#4321=PLANE('',#14758);
#4322=PLANE('',#14759);
#4323=PLANE('',#14760);
#4324=PLANE('',#14761);
#4325=PLANE('',#14762);
#4326=PLANE('',#14763);
#4327=PLANE('',#14764);
#4328=PLANE('',#14765);
#4329=PLANE('',#14766);
#4330=PLANE('',#14767);
#4331=PLANE('',#14768);
#4332=PLANE('',#14769);
#4333=PLANE('',#14770);
#4334=PLANE('',#14771);
#4335=PLANE('',#14772);
#4336=PLANE('',#14773);
#4337=PLANE('',#14774);
#4338=PLANE('',#14775);
#4339=PLANE('',#14776);
#4340=PLANE('',#14777);
#4341=PLANE('',#14778);
#4342=PLANE('',#14779);
#4343=PLANE('',#14780);
#4344=ORIENTED_EDGE('',*,*,#8196,.T.);
#4345=ORIENTED_EDGE('',*,*,#8197,.T.);
#4346=ORIENTED_EDGE('',*,*,#8198,.F.);
#4347=ORIENTED_EDGE('',*,*,#8199,.F.);
#4348=ORIENTED_EDGE('',*,*,#8200,.F.);
#4349=ORIENTED_EDGE('',*,*,#8201,.T.);
#4350=ORIENTED_EDGE('',*,*,#8202,.T.);
#4351=ORIENTED_EDGE('',*,*,#8203,.F.);
#4352=ORIENTED_EDGE('',*,*,#8204,.F.);
#4353=ORIENTED_EDGE('',*,*,#8205,.T.);
#4354=ORIENTED_EDGE('',*,*,#8206,.T.);
#4355=ORIENTED_EDGE('',*,*,#8207,.F.);
#4356=ORIENTED_EDGE('',*,*,#8208,.F.);
#4357=ORIENTED_EDGE('',*,*,#8209,.T.);
#4358=ORIENTED_EDGE('',*,*,#8210,.T.);
#4359=ORIENTED_EDGE('',*,*,#8211,.F.);
#4360=ORIENTED_EDGE('',*,*,#8212,.F.);
#4361=ORIENTED_EDGE('',*,*,#8213,.T.);
#4362=ORIENTED_EDGE('',*,*,#8214,.T.);
#4363=ORIENTED_EDGE('',*,*,#8215,.F.);
#4364=ORIENTED_EDGE('',*,*,#8216,.F.);
#4365=ORIENTED_EDGE('',*,*,#8217,.T.);
#4366=ORIENTED_EDGE('',*,*,#8218,.T.);
#4367=ORIENTED_EDGE('',*,*,#8219,.F.);
#4368=ORIENTED_EDGE('',*,*,#8220,.F.);
#4369=ORIENTED_EDGE('',*,*,#8221,.T.);
#4370=ORIENTED_EDGE('',*,*,#8222,.T.);
#4371=ORIENTED_EDGE('',*,*,#8223,.F.);
#4372=ORIENTED_EDGE('',*,*,#8224,.F.);
#4373=ORIENTED_EDGE('',*,*,#8225,.T.);
#4374=ORIENTED_EDGE('',*,*,#8226,.T.);
#4375=ORIENTED_EDGE('',*,*,#8227,.F.);
#4376=ORIENTED_EDGE('',*,*,#8228,.F.);
#4377=ORIENTED_EDGE('',*,*,#8229,.T.);
#4378=ORIENTED_EDGE('',*,*,#8230,.T.);
#4379=ORIENTED_EDGE('',*,*,#8231,.F.);
#4380=ORIENTED_EDGE('',*,*,#8232,.F.);
#4381=ORIENTED_EDGE('',*,*,#8233,.T.);
#4382=ORIENTED_EDGE('',*,*,#8234,.T.);
#4383=ORIENTED_EDGE('',*,*,#8235,.F.);
#4384=ORIENTED_EDGE('',*,*,#8236,.F.);
#4385=ORIENTED_EDGE('',*,*,#8237,.T.);
#4386=ORIENTED_EDGE('',*,*,#8238,.T.);
#4387=ORIENTED_EDGE('',*,*,#8239,.F.);
#4388=ORIENTED_EDGE('',*,*,#8240,.F.);
#4389=ORIENTED_EDGE('',*,*,#8241,.T.);
#4390=ORIENTED_EDGE('',*,*,#8242,.T.);
#4391=ORIENTED_EDGE('',*,*,#8243,.T.);
#4392=ORIENTED_EDGE('',*,*,#8244,.F.);
#4393=ORIENTED_EDGE('',*,*,#8245,.F.);
#4394=ORIENTED_EDGE('',*,*,#8246,.T.);
#4395=ORIENTED_EDGE('',*,*,#8247,.T.);
#4396=ORIENTED_EDGE('',*,*,#8248,.F.);
#4397=ORIENTED_EDGE('',*,*,#8249,.F.);
#4398=ORIENTED_EDGE('',*,*,#8250,.T.);
#4399=ORIENTED_EDGE('',*,*,#8251,.T.);
#4400=ORIENTED_EDGE('',*,*,#8252,.F.);
#4401=ORIENTED_EDGE('',*,*,#8253,.F.);
#4402=ORIENTED_EDGE('',*,*,#8254,.T.);
#4403=ORIENTED_EDGE('',*,*,#8255,.T.);
#4404=ORIENTED_EDGE('',*,*,#8256,.F.);
#4405=ORIENTED_EDGE('',*,*,#8257,.F.);
#4406=ORIENTED_EDGE('',*,*,#8258,.T.);
#4407=ORIENTED_EDGE('',*,*,#8259,.T.);
#4408=ORIENTED_EDGE('',*,*,#8260,.F.);
#4409=ORIENTED_EDGE('',*,*,#8261,.F.);
#4410=ORIENTED_EDGE('',*,*,#8262,.T.);
#4411=ORIENTED_EDGE('',*,*,#8263,.T.);
#4412=ORIENTED_EDGE('',*,*,#8264,.F.);
#4413=ORIENTED_EDGE('',*,*,#8265,.F.);
#4414=ORIENTED_EDGE('',*,*,#8266,.T.);
#4415=ORIENTED_EDGE('',*,*,#8267,.T.);
#4416=ORIENTED_EDGE('',*,*,#8268,.F.);
#4417=ORIENTED_EDGE('',*,*,#8269,.F.);
#4418=ORIENTED_EDGE('',*,*,#8270,.T.);
#4419=ORIENTED_EDGE('',*,*,#8271,.T.);
#4420=ORIENTED_EDGE('',*,*,#8272,.F.);
#4421=ORIENTED_EDGE('',*,*,#8273,.F.);
#4422=ORIENTED_EDGE('',*,*,#8274,.T.);
#4423=ORIENTED_EDGE('',*,*,#8275,.F.);
#4424=ORIENTED_EDGE('',*,*,#8276,.F.);
#4425=ORIENTED_EDGE('',*,*,#8277,.T.);
#4426=ORIENTED_EDGE('',*,*,#8278,.T.);
#4427=ORIENTED_EDGE('',*,*,#8279,.F.);
#4428=ORIENTED_EDGE('',*,*,#8280,.F.);
#4429=ORIENTED_EDGE('',*,*,#8281,.T.);
#4430=ORIENTED_EDGE('',*,*,#8282,.T.);
#4431=ORIENTED_EDGE('',*,*,#8283,.F.);
#4432=ORIENTED_EDGE('',*,*,#8284,.F.);
#4433=ORIENTED_EDGE('',*,*,#8285,.T.);
#4434=ORIENTED_EDGE('',*,*,#8286,.T.);
#4435=ORIENTED_EDGE('',*,*,#8287,.T.);
#4436=ORIENTED_EDGE('',*,*,#8288,.F.);
#4437=ORIENTED_EDGE('',*,*,#8289,.F.);
#4438=ORIENTED_EDGE('',*,*,#8290,.T.);
#4439=ORIENTED_EDGE('',*,*,#8291,.T.);
#4440=ORIENTED_EDGE('',*,*,#8292,.F.);
#4441=ORIENTED_EDGE('',*,*,#8293,.F.);
#4442=ORIENTED_EDGE('',*,*,#8294,.T.);
#4443=ORIENTED_EDGE('',*,*,#8295,.T.);
#4444=ORIENTED_EDGE('',*,*,#8296,.F.);
#4445=ORIENTED_EDGE('',*,*,#8297,.F.);
#4446=ORIENTED_EDGE('',*,*,#8298,.T.);
#4447=ORIENTED_EDGE('',*,*,#8299,.F.);
#4448=ORIENTED_EDGE('',*,*,#8300,.F.);
#4449=ORIENTED_EDGE('',*,*,#8301,.T.);
#4450=ORIENTED_EDGE('',*,*,#8302,.T.);
#4451=ORIENTED_EDGE('',*,*,#8303,.F.);
#4452=ORIENTED_EDGE('',*,*,#8304,.F.);
#4453=ORIENTED_EDGE('',*,*,#8305,.T.);
#4454=ORIENTED_EDGE('',*,*,#8306,.T.);
#4455=ORIENTED_EDGE('',*,*,#8307,.F.);
#4456=ORIENTED_EDGE('',*,*,#8308,.F.);
#4457=ORIENTED_EDGE('',*,*,#8309,.T.);
#4458=ORIENTED_EDGE('',*,*,#8310,.T.);
#4459=ORIENTED_EDGE('',*,*,#8311,.F.);
#4460=ORIENTED_EDGE('',*,*,#8312,.F.);
#4461=ORIENTED_EDGE('',*,*,#8313,.T.);
#4462=ORIENTED_EDGE('',*,*,#8314,.T.);
#4463=ORIENTED_EDGE('',*,*,#8315,.F.);
#4464=ORIENTED_EDGE('',*,*,#8316,.F.);
#4465=ORIENTED_EDGE('',*,*,#8317,.T.);
#4466=ORIENTED_EDGE('',*,*,#8318,.T.);
#4467=ORIENTED_EDGE('',*,*,#8319,.F.);
#4468=ORIENTED_EDGE('',*,*,#8320,.F.);
#4469=ORIENTED_EDGE('',*,*,#8321,.T.);
#4470=ORIENTED_EDGE('',*,*,#8322,.T.);
#4471=ORIENTED_EDGE('',*,*,#8323,.F.);
#4472=ORIENTED_EDGE('',*,*,#8324,.F.);
#4473=ORIENTED_EDGE('',*,*,#8325,.T.);
#4474=ORIENTED_EDGE('',*,*,#8326,.T.);
#4475=ORIENTED_EDGE('',*,*,#8327,.F.);
#4476=ORIENTED_EDGE('',*,*,#8328,.F.);
#4477=ORIENTED_EDGE('',*,*,#8329,.T.);
#4478=ORIENTED_EDGE('',*,*,#8330,.T.);
#4479=ORIENTED_EDGE('',*,*,#8331,.F.);
#4480=ORIENTED_EDGE('',*,*,#8332,.F.);
#4481=ORIENTED_EDGE('',*,*,#8333,.T.);
#4482=ORIENTED_EDGE('',*,*,#8334,.T.);
#4483=ORIENTED_EDGE('',*,*,#8335,.F.);
#4484=ORIENTED_EDGE('',*,*,#8336,.F.);
#4485=ORIENTED_EDGE('',*,*,#8337,.T.);
#4486=ORIENTED_EDGE('',*,*,#8338,.T.);
#4487=ORIENTED_EDGE('',*,*,#8339,.F.);
#4488=ORIENTED_EDGE('',*,*,#8340,.F.);
#4489=ORIENTED_EDGE('',*,*,#8341,.T.);
#4490=ORIENTED_EDGE('',*,*,#8342,.T.);
#4491=ORIENTED_EDGE('',*,*,#8343,.F.);
#4492=ORIENTED_EDGE('',*,*,#8344,.F.);
#4493=ORIENTED_EDGE('',*,*,#8345,.T.);
#4494=ORIENTED_EDGE('',*,*,#8346,.T.);
#4495=ORIENTED_EDGE('',*,*,#8347,.T.);
#4496=ORIENTED_EDGE('',*,*,#8348,.F.);
#4497=ORIENTED_EDGE('',*,*,#8349,.F.);
#4498=ORIENTED_EDGE('',*,*,#8350,.T.);
#4499=ORIENTED_EDGE('',*,*,#8351,.F.);
#4500=ORIENTED_EDGE('',*,*,#8352,.F.);
#4501=ORIENTED_EDGE('',*,*,#8353,.T.);
#4502=ORIENTED_EDGE('',*,*,#8354,.T.);
#4503=ORIENTED_EDGE('',*,*,#8355,.F.);
#4504=ORIENTED_EDGE('',*,*,#8356,.F.);
#4505=ORIENTED_EDGE('',*,*,#8357,.T.);
#4506=ORIENTED_EDGE('',*,*,#8358,.T.);
#4507=ORIENTED_EDGE('',*,*,#8359,.F.);
#4508=ORIENTED_EDGE('',*,*,#8360,.F.);
#4509=ORIENTED_EDGE('',*,*,#8361,.T.);
#4510=ORIENTED_EDGE('',*,*,#8362,.T.);
#4511=ORIENTED_EDGE('',*,*,#8363,.F.);
#4512=ORIENTED_EDGE('',*,*,#8364,.F.);
#4513=ORIENTED_EDGE('',*,*,#8365,.T.);
#4514=ORIENTED_EDGE('',*,*,#8366,.T.);
#4515=ORIENTED_EDGE('',*,*,#8367,.F.);
#4516=ORIENTED_EDGE('',*,*,#8368,.F.);
#4517=ORIENTED_EDGE('',*,*,#8369,.T.);
#4518=ORIENTED_EDGE('',*,*,#8370,.T.);
#4519=ORIENTED_EDGE('',*,*,#8371,.F.);
#4520=ORIENTED_EDGE('',*,*,#8372,.F.);
#4521=ORIENTED_EDGE('',*,*,#8373,.T.);
#4522=ORIENTED_EDGE('',*,*,#8374,.T.);
#4523=ORIENTED_EDGE('',*,*,#8375,.F.);
#4524=ORIENTED_EDGE('',*,*,#8376,.F.);
#4525=ORIENTED_EDGE('',*,*,#8377,.T.);
#4526=ORIENTED_EDGE('',*,*,#8378,.T.);
#4527=ORIENTED_EDGE('',*,*,#8379,.F.);
#4528=ORIENTED_EDGE('',*,*,#8380,.F.);
#4529=ORIENTED_EDGE('',*,*,#8381,.T.);
#4530=ORIENTED_EDGE('',*,*,#8382,.T.);
#4531=ORIENTED_EDGE('',*,*,#8383,.F.);
#4532=ORIENTED_EDGE('',*,*,#8384,.F.);
#4533=ORIENTED_EDGE('',*,*,#8385,.T.);
#4534=ORIENTED_EDGE('',*,*,#8386,.T.);
#4535=ORIENTED_EDGE('',*,*,#8387,.F.);
#4536=ORIENTED_EDGE('',*,*,#8388,.F.);
#4537=ORIENTED_EDGE('',*,*,#8389,.T.);
#4538=ORIENTED_EDGE('',*,*,#8390,.T.);
#4539=ORIENTED_EDGE('',*,*,#8391,.F.);
#4540=ORIENTED_EDGE('',*,*,#8392,.F.);
#4541=ORIENTED_EDGE('',*,*,#8393,.T.);
#4542=ORIENTED_EDGE('',*,*,#8394,.T.);
#4543=ORIENTED_EDGE('',*,*,#8395,.T.);
#4544=ORIENTED_EDGE('',*,*,#8396,.F.);
#4545=ORIENTED_EDGE('',*,*,#8397,.F.);
#4546=ORIENTED_EDGE('',*,*,#8398,.T.);
#4547=ORIENTED_EDGE('',*,*,#8399,.T.);
#4548=ORIENTED_EDGE('',*,*,#8400,.F.);
#4549=ORIENTED_EDGE('',*,*,#8401,.F.);
#4550=ORIENTED_EDGE('',*,*,#8402,.T.);
#4551=ORIENTED_EDGE('',*,*,#8403,.T.);
#4552=ORIENTED_EDGE('',*,*,#8404,.F.);
#4553=ORIENTED_EDGE('',*,*,#8405,.F.);
#4554=ORIENTED_EDGE('',*,*,#8406,.T.);
#4555=ORIENTED_EDGE('',*,*,#8407,.T.);
#4556=ORIENTED_EDGE('',*,*,#8408,.F.);
#4557=ORIENTED_EDGE('',*,*,#8409,.F.);
#4558=ORIENTED_EDGE('',*,*,#8410,.T.);
#4559=ORIENTED_EDGE('',*,*,#8411,.T.);
#4560=ORIENTED_EDGE('',*,*,#8412,.F.);
#4561=ORIENTED_EDGE('',*,*,#8413,.F.);
#4562=ORIENTED_EDGE('',*,*,#8414,.T.);
#4563=ORIENTED_EDGE('',*,*,#8415,.T.);
#4564=ORIENTED_EDGE('',*,*,#8416,.F.);
#4565=ORIENTED_EDGE('',*,*,#8417,.F.);
#4566=ORIENTED_EDGE('',*,*,#8418,.T.);
#4567=ORIENTED_EDGE('',*,*,#8419,.F.);
#4568=ORIENTED_EDGE('',*,*,#8420,.F.);
#4569=ORIENTED_EDGE('',*,*,#8421,.T.);
#4570=ORIENTED_EDGE('',*,*,#8422,.T.);
#4571=ORIENTED_EDGE('',*,*,#8423,.F.);
#4572=ORIENTED_EDGE('',*,*,#8424,.F.);
#4573=ORIENTED_EDGE('',*,*,#8425,.T.);
#4574=ORIENTED_EDGE('',*,*,#8426,.T.);
#4575=ORIENTED_EDGE('',*,*,#8427,.F.);
#4576=ORIENTED_EDGE('',*,*,#8428,.F.);
#4577=ORIENTED_EDGE('',*,*,#8429,.T.);
#4578=ORIENTED_EDGE('',*,*,#8430,.T.);
#4579=ORIENTED_EDGE('',*,*,#8431,.F.);
#4580=ORIENTED_EDGE('',*,*,#8432,.F.);
#4581=ORIENTED_EDGE('',*,*,#8433,.T.);
#4582=ORIENTED_EDGE('',*,*,#8434,.T.);
#4583=ORIENTED_EDGE('',*,*,#8435,.F.);
#4584=ORIENTED_EDGE('',*,*,#8436,.F.);
#4585=ORIENTED_EDGE('',*,*,#8437,.T.);
#4586=ORIENTED_EDGE('',*,*,#8438,.T.);
#4587=ORIENTED_EDGE('',*,*,#8439,.F.);
#4588=ORIENTED_EDGE('',*,*,#8440,.F.);
#4589=ORIENTED_EDGE('',*,*,#8441,.T.);
#4590=ORIENTED_EDGE('',*,*,#8442,.T.);
#4591=ORIENTED_EDGE('',*,*,#8443,.F.);
#4592=ORIENTED_EDGE('',*,*,#8444,.F.);
#4593=ORIENTED_EDGE('',*,*,#8445,.T.);
#4594=ORIENTED_EDGE('',*,*,#8446,.T.);
#4595=ORIENTED_EDGE('',*,*,#8447,.F.);
#4596=ORIENTED_EDGE('',*,*,#8448,.F.);
#4597=ORIENTED_EDGE('',*,*,#8449,.T.);
#4598=ORIENTED_EDGE('',*,*,#8450,.T.);
#4599=ORIENTED_EDGE('',*,*,#8451,.F.);
#4600=ORIENTED_EDGE('',*,*,#8452,.F.);
#4601=ORIENTED_EDGE('',*,*,#8453,.T.);
#4602=ORIENTED_EDGE('',*,*,#8454,.T.);
#4603=ORIENTED_EDGE('',*,*,#8455,.F.);
#4604=ORIENTED_EDGE('',*,*,#8456,.F.);
#4605=ORIENTED_EDGE('',*,*,#8457,.T.);
#4606=ORIENTED_EDGE('',*,*,#8458,.T.);
#4607=ORIENTED_EDGE('',*,*,#8459,.F.);
#4608=ORIENTED_EDGE('',*,*,#8460,.F.);
#4609=ORIENTED_EDGE('',*,*,#8461,.T.);
#4610=ORIENTED_EDGE('',*,*,#8462,.T.);
#4611=ORIENTED_EDGE('',*,*,#8463,.T.);
#4612=ORIENTED_EDGE('',*,*,#8464,.F.);
#4613=ORIENTED_EDGE('',*,*,#8465,.F.);
#4614=ORIENTED_EDGE('',*,*,#8466,.T.);
#4615=ORIENTED_EDGE('',*,*,#8467,.T.);
#4616=ORIENTED_EDGE('',*,*,#8468,.F.);
#4617=ORIENTED_EDGE('',*,*,#8469,.F.);
#4618=ORIENTED_EDGE('',*,*,#8470,.T.);
#4619=ORIENTED_EDGE('',*,*,#8471,.F.);
#4620=ORIENTED_EDGE('',*,*,#8472,.F.);
#4621=ORIENTED_EDGE('',*,*,#8473,.T.);
#4622=ORIENTED_EDGE('',*,*,#8474,.T.);
#4623=ORIENTED_EDGE('',*,*,#8475,.T.);
#4624=ORIENTED_EDGE('',*,*,#8476,.F.);
#4625=ORIENTED_EDGE('',*,*,#8477,.F.);
#4626=ORIENTED_EDGE('',*,*,#8478,.T.);
#4627=ORIENTED_EDGE('',*,*,#8479,.T.);
#4628=ORIENTED_EDGE('',*,*,#8480,.F.);
#4629=ORIENTED_EDGE('',*,*,#8481,.F.);
#4630=ORIENTED_EDGE('',*,*,#8482,.T.);
#4631=ORIENTED_EDGE('',*,*,#8483,.T.);
#4632=ORIENTED_EDGE('',*,*,#8484,.F.);
#4633=ORIENTED_EDGE('',*,*,#8485,.F.);
#4634=ORIENTED_EDGE('',*,*,#8486,.T.);
#4635=ORIENTED_EDGE('',*,*,#8487,.T.);
#4636=ORIENTED_EDGE('',*,*,#8488,.F.);
#4637=ORIENTED_EDGE('',*,*,#8489,.F.);
#4638=ORIENTED_EDGE('',*,*,#8490,.T.);
#4639=ORIENTED_EDGE('',*,*,#8491,.T.);
#4640=ORIENTED_EDGE('',*,*,#8492,.F.);
#4641=ORIENTED_EDGE('',*,*,#8493,.F.);
#4642=ORIENTED_EDGE('',*,*,#8494,.T.);
#4643=ORIENTED_EDGE('',*,*,#8495,.F.);
#4644=ORIENTED_EDGE('',*,*,#8496,.F.);
#4645=ORIENTED_EDGE('',*,*,#8497,.T.);
#4646=ORIENTED_EDGE('',*,*,#8498,.T.);
#4647=ORIENTED_EDGE('',*,*,#8499,.F.);
#4648=ORIENTED_EDGE('',*,*,#8500,.F.);
#4649=ORIENTED_EDGE('',*,*,#8501,.T.);
#4650=ORIENTED_EDGE('',*,*,#8502,.T.);
#4651=ORIENTED_EDGE('',*,*,#8503,.F.);
#4652=ORIENTED_EDGE('',*,*,#8504,.F.);
#4653=ORIENTED_EDGE('',*,*,#8505,.T.);
#4654=ORIENTED_EDGE('',*,*,#8506,.T.);
#4655=ORIENTED_EDGE('',*,*,#8507,.T.);
#4656=ORIENTED_EDGE('',*,*,#8508,.F.);
#4657=ORIENTED_EDGE('',*,*,#8509,.F.);
#4658=ORIENTED_EDGE('',*,*,#8510,.T.);
#4659=ORIENTED_EDGE('',*,*,#8511,.T.);
#4660=ORIENTED_EDGE('',*,*,#8512,.F.);
#4661=ORIENTED_EDGE('',*,*,#8513,.F.);
#4662=ORIENTED_EDGE('',*,*,#8514,.T.);
#4663=ORIENTED_EDGE('',*,*,#8515,.T.);
#4664=ORIENTED_EDGE('',*,*,#8516,.F.);
#4665=ORIENTED_EDGE('',*,*,#8517,.F.);
#4666=ORIENTED_EDGE('',*,*,#8518,.T.);
#4667=ORIENTED_EDGE('',*,*,#8519,.T.);
#4668=ORIENTED_EDGE('',*,*,#8520,.F.);
#4669=ORIENTED_EDGE('',*,*,#8521,.F.);
#4670=ORIENTED_EDGE('',*,*,#8522,.T.);
#4671=ORIENTED_EDGE('',*,*,#8523,.T.);
#4672=ORIENTED_EDGE('',*,*,#8524,.F.);
#4673=ORIENTED_EDGE('',*,*,#8525,.F.);
#4674=ORIENTED_EDGE('',*,*,#8526,.T.);
#4675=ORIENTED_EDGE('',*,*,#8527,.T.);
#4676=ORIENTED_EDGE('',*,*,#8528,.F.);
#4677=ORIENTED_EDGE('',*,*,#8529,.F.);
#4678=ORIENTED_EDGE('',*,*,#8530,.T.);
#4679=ORIENTED_EDGE('',*,*,#8531,.T.);
#4680=ORIENTED_EDGE('',*,*,#8532,.F.);
#4681=ORIENTED_EDGE('',*,*,#8533,.F.);
#4682=ORIENTED_EDGE('',*,*,#8534,.T.);
#4683=ORIENTED_EDGE('',*,*,#8535,.T.);
#4684=ORIENTED_EDGE('',*,*,#8536,.F.);
#4685=ORIENTED_EDGE('',*,*,#8537,.F.);
#4686=ORIENTED_EDGE('',*,*,#8538,.T.);
#4687=ORIENTED_EDGE('',*,*,#8539,.T.);
#4688=ORIENTED_EDGE('',*,*,#8540,.F.);
#4689=ORIENTED_EDGE('',*,*,#8541,.F.);
#4690=ORIENTED_EDGE('',*,*,#8542,.T.);
#4691=ORIENTED_EDGE('',*,*,#8543,.F.);
#4692=ORIENTED_EDGE('',*,*,#8544,.F.);
#4693=ORIENTED_EDGE('',*,*,#8545,.T.);
#4694=ORIENTED_EDGE('',*,*,#8546,.T.);
#4695=ORIENTED_EDGE('',*,*,#8547,.F.);
#4696=ORIENTED_EDGE('',*,*,#8548,.F.);
#4697=ORIENTED_EDGE('',*,*,#8549,.T.);
#4698=ORIENTED_EDGE('',*,*,#8550,.T.);
#4699=ORIENTED_EDGE('',*,*,#8551,.F.);
#4700=ORIENTED_EDGE('',*,*,#8552,.F.);
#4701=ORIENTED_EDGE('',*,*,#8553,.T.);
#4702=ORIENTED_EDGE('',*,*,#8554,.T.);
#4703=ORIENTED_EDGE('',*,*,#8555,.F.);
#4704=ORIENTED_EDGE('',*,*,#8556,.F.);
#4705=ORIENTED_EDGE('',*,*,#8557,.T.);
#4706=ORIENTED_EDGE('',*,*,#8558,.T.);
#4707=ORIENTED_EDGE('',*,*,#8559,.F.);
#4708=ORIENTED_EDGE('',*,*,#8560,.F.);
#4709=ORIENTED_EDGE('',*,*,#8561,.T.);
#4710=ORIENTED_EDGE('',*,*,#8562,.T.);
#4711=ORIENTED_EDGE('',*,*,#8563,.F.);
#4712=ORIENTED_EDGE('',*,*,#8564,.F.);
#4713=ORIENTED_EDGE('',*,*,#8565,.T.);
#4714=ORIENTED_EDGE('',*,*,#8566,.T.);
#4715=ORIENTED_EDGE('',*,*,#8567,.F.);
#4716=ORIENTED_EDGE('',*,*,#8568,.F.);
#4717=ORIENTED_EDGE('',*,*,#8569,.T.);
#4718=ORIENTED_EDGE('',*,*,#8570,.T.);
#4719=ORIENTED_EDGE('',*,*,#8571,.F.);
#4720=ORIENTED_EDGE('',*,*,#8572,.F.);
#4721=ORIENTED_EDGE('',*,*,#8573,.T.);
#4722=ORIENTED_EDGE('',*,*,#8574,.T.);
#4723=ORIENTED_EDGE('',*,*,#8575,.F.);
#4724=ORIENTED_EDGE('',*,*,#8576,.F.);
#4725=ORIENTED_EDGE('',*,*,#8577,.T.);
#4726=ORIENTED_EDGE('',*,*,#8578,.T.);
#4727=ORIENTED_EDGE('',*,*,#8579,.T.);
#4728=ORIENTED_EDGE('',*,*,#8580,.F.);
#4729=ORIENTED_EDGE('',*,*,#8581,.F.);
#4730=ORIENTED_EDGE('',*,*,#8582,.T.);
#4731=ORIENTED_EDGE('',*,*,#8583,.T.);
#4732=ORIENTED_EDGE('',*,*,#8584,.F.);
#4733=ORIENTED_EDGE('',*,*,#8585,.F.);
#4734=ORIENTED_EDGE('',*,*,#8586,.T.);
#4735=ORIENTED_EDGE('',*,*,#8587,.T.);
#4736=ORIENTED_EDGE('',*,*,#8588,.F.);
#4737=ORIENTED_EDGE('',*,*,#8589,.F.);
#4738=ORIENTED_EDGE('',*,*,#8590,.T.);
#4739=ORIENTED_EDGE('',*,*,#8591,.T.);
#4740=ORIENTED_EDGE('',*,*,#8592,.F.);
#4741=ORIENTED_EDGE('',*,*,#8593,.F.);
#4742=ORIENTED_EDGE('',*,*,#8594,.T.);
#4743=ORIENTED_EDGE('',*,*,#8595,.T.);
#4744=ORIENTED_EDGE('',*,*,#8596,.F.);
#4745=ORIENTED_EDGE('',*,*,#8597,.F.);
#4746=ORIENTED_EDGE('',*,*,#8598,.T.);
#4747=ORIENTED_EDGE('',*,*,#8599,.T.);
#4748=ORIENTED_EDGE('',*,*,#8600,.F.);
#4749=ORIENTED_EDGE('',*,*,#8601,.F.);
#4750=ORIENTED_EDGE('',*,*,#8602,.T.);
#4751=ORIENTED_EDGE('',*,*,#8603,.T.);
#4752=ORIENTED_EDGE('',*,*,#8604,.F.);
#4753=ORIENTED_EDGE('',*,*,#8605,.F.);
#4754=ORIENTED_EDGE('',*,*,#8606,.T.);
#4755=ORIENTED_EDGE('',*,*,#8607,.T.);
#4756=ORIENTED_EDGE('',*,*,#8608,.F.);
#4757=ORIENTED_EDGE('',*,*,#8609,.F.);
#4758=ORIENTED_EDGE('',*,*,#8610,.T.);
#4759=ORIENTED_EDGE('',*,*,#8611,.T.);
#4760=ORIENTED_EDGE('',*,*,#8612,.F.);
#4761=ORIENTED_EDGE('',*,*,#8613,.F.);
#4762=ORIENTED_EDGE('',*,*,#8614,.T.);
#4763=ORIENTED_EDGE('',*,*,#8615,.T.);
#4764=ORIENTED_EDGE('',*,*,#8616,.F.);
#4765=ORIENTED_EDGE('',*,*,#8617,.F.);
#4766=ORIENTED_EDGE('',*,*,#8618,.T.);
#4767=ORIENTED_EDGE('',*,*,#8619,.T.);
#4768=ORIENTED_EDGE('',*,*,#8620,.F.);
#4769=ORIENTED_EDGE('',*,*,#8621,.F.);
#4770=ORIENTED_EDGE('',*,*,#8622,.T.);
#4771=ORIENTED_EDGE('',*,*,#8623,.T.);
#4772=ORIENTED_EDGE('',*,*,#8624,.F.);
#4773=ORIENTED_EDGE('',*,*,#8625,.F.);
#4774=ORIENTED_EDGE('',*,*,#8626,.T.);
#4775=ORIENTED_EDGE('',*,*,#8627,.T.);
#4776=ORIENTED_EDGE('',*,*,#8628,.F.);
#4777=ORIENTED_EDGE('',*,*,#8629,.F.);
#4778=ORIENTED_EDGE('',*,*,#8630,.T.);
#4779=ORIENTED_EDGE('',*,*,#8631,.T.);
#4780=ORIENTED_EDGE('',*,*,#8632,.F.);
#4781=ORIENTED_EDGE('',*,*,#8633,.F.);
#4782=ORIENTED_EDGE('',*,*,#8634,.T.);
#4783=ORIENTED_EDGE('',*,*,#8635,.T.);
#4784=ORIENTED_EDGE('',*,*,#8636,.F.);
#4785=ORIENTED_EDGE('',*,*,#8637,.F.);
#4786=ORIENTED_EDGE('',*,*,#8638,.T.);
#4787=ORIENTED_EDGE('',*,*,#8639,.T.);
#4788=ORIENTED_EDGE('',*,*,#8640,.F.);
#4789=ORIENTED_EDGE('',*,*,#8641,.F.);
#4790=ORIENTED_EDGE('',*,*,#8642,.T.);
#4791=ORIENTED_EDGE('',*,*,#8643,.T.);
#4792=ORIENTED_EDGE('',*,*,#8644,.F.);
#4793=ORIENTED_EDGE('',*,*,#8645,.F.);
#4794=ORIENTED_EDGE('',*,*,#8646,.T.);
#4795=ORIENTED_EDGE('',*,*,#8647,.T.);
#4796=ORIENTED_EDGE('',*,*,#8648,.F.);
#4797=ORIENTED_EDGE('',*,*,#8649,.F.);
#4798=ORIENTED_EDGE('',*,*,#8650,.T.);
#4799=ORIENTED_EDGE('',*,*,#8651,.T.);
#4800=ORIENTED_EDGE('',*,*,#8652,.F.);
#4801=ORIENTED_EDGE('',*,*,#8653,.F.);
#4802=ORIENTED_EDGE('',*,*,#8654,.T.);
#4803=ORIENTED_EDGE('',*,*,#8655,.T.);
#4804=ORIENTED_EDGE('',*,*,#8656,.F.);
#4805=ORIENTED_EDGE('',*,*,#8657,.F.);
#4806=ORIENTED_EDGE('',*,*,#8658,.T.);
#4807=ORIENTED_EDGE('',*,*,#8659,.T.);
#4808=ORIENTED_EDGE('',*,*,#8660,.F.);
#4809=ORIENTED_EDGE('',*,*,#8661,.F.);
#4810=ORIENTED_EDGE('',*,*,#8662,.T.);
#4811=ORIENTED_EDGE('',*,*,#8663,.T.);
#4812=ORIENTED_EDGE('',*,*,#8664,.F.);
#4813=ORIENTED_EDGE('',*,*,#8665,.F.);
#4814=ORIENTED_EDGE('',*,*,#8666,.T.);
#4815=ORIENTED_EDGE('',*,*,#8667,.T.);
#4816=ORIENTED_EDGE('',*,*,#8668,.F.);
#4817=ORIENTED_EDGE('',*,*,#8669,.F.);
#4818=ORIENTED_EDGE('',*,*,#8670,.T.);
#4819=ORIENTED_EDGE('',*,*,#8671,.T.);
#4820=ORIENTED_EDGE('',*,*,#8672,.F.);
#4821=ORIENTED_EDGE('',*,*,#8673,.F.);
#4822=ORIENTED_EDGE('',*,*,#8674,.T.);
#4823=ORIENTED_EDGE('',*,*,#8675,.T.);
#4824=ORIENTED_EDGE('',*,*,#8676,.F.);
#4825=ORIENTED_EDGE('',*,*,#8677,.F.);
#4826=ORIENTED_EDGE('',*,*,#8678,.T.);
#4827=ORIENTED_EDGE('',*,*,#8679,.T.);
#4828=ORIENTED_EDGE('',*,*,#8680,.F.);
#4829=ORIENTED_EDGE('',*,*,#8681,.F.);
#4830=ORIENTED_EDGE('',*,*,#8682,.T.);
#4831=ORIENTED_EDGE('',*,*,#8683,.T.);
#4832=ORIENTED_EDGE('',*,*,#8684,.F.);
#4833=ORIENTED_EDGE('',*,*,#8685,.F.);
#4834=ORIENTED_EDGE('',*,*,#8686,.T.);
#4835=ORIENTED_EDGE('',*,*,#8687,.T.);
#4836=ORIENTED_EDGE('',*,*,#8688,.F.);
#4837=ORIENTED_EDGE('',*,*,#8689,.F.);
#4838=ORIENTED_EDGE('',*,*,#8690,.T.);
#4839=ORIENTED_EDGE('',*,*,#8691,.T.);
#4840=ORIENTED_EDGE('',*,*,#8692,.F.);
#4841=ORIENTED_EDGE('',*,*,#8693,.F.);
#4842=ORIENTED_EDGE('',*,*,#8694,.T.);
#4843=ORIENTED_EDGE('',*,*,#8695,.T.);
#4844=ORIENTED_EDGE('',*,*,#8696,.T.);
#4845=ORIENTED_EDGE('',*,*,#8697,.F.);
#4846=ORIENTED_EDGE('',*,*,#8698,.T.);
#4847=ORIENTED_EDGE('',*,*,#8699,.T.);
#4848=ORIENTED_EDGE('',*,*,#8700,.F.);
#4849=ORIENTED_EDGE('',*,*,#8701,.F.);
#4850=ORIENTED_EDGE('',*,*,#8702,.T.);
#4851=ORIENTED_EDGE('',*,*,#8703,.T.);
#4852=ORIENTED_EDGE('',*,*,#8704,.F.);
#4853=ORIENTED_EDGE('',*,*,#8705,.F.);
#4854=ORIENTED_EDGE('',*,*,#8706,.T.);
#4855=ORIENTED_EDGE('',*,*,#8707,.T.);
#4856=ORIENTED_EDGE('',*,*,#8708,.F.);
#4857=ORIENTED_EDGE('',*,*,#8709,.F.);
#4858=ORIENTED_EDGE('',*,*,#8710,.T.);
#4859=ORIENTED_EDGE('',*,*,#8711,.T.);
#4860=ORIENTED_EDGE('',*,*,#8712,.T.);
#4861=ORIENTED_EDGE('',*,*,#8713,.F.);
#4862=ORIENTED_EDGE('',*,*,#8714,.F.);
#4863=ORIENTED_EDGE('',*,*,#8715,.T.);
#4864=ORIENTED_EDGE('',*,*,#8716,.T.);
#4865=ORIENTED_EDGE('',*,*,#8717,.T.);
#4866=ORIENTED_EDGE('',*,*,#8718,.F.);
#4867=ORIENTED_EDGE('',*,*,#8719,.T.);
#4868=ORIENTED_EDGE('',*,*,#8720,.T.);
#4869=ORIENTED_EDGE('',*,*,#8721,.T.);
#4870=ORIENTED_EDGE('',*,*,#8722,.F.);
#4871=ORIENTED_EDGE('',*,*,#8723,.T.);
#4872=ORIENTED_EDGE('',*,*,#8724,.T.);
#4873=ORIENTED_EDGE('',*,*,#8725,.T.);
#4874=ORIENTED_EDGE('',*,*,#8726,.F.);
#4875=ORIENTED_EDGE('',*,*,#8727,.F.);
#4876=ORIENTED_EDGE('',*,*,#8728,.T.);
#4877=ORIENTED_EDGE('',*,*,#8729,.T.);
#4878=ORIENTED_EDGE('',*,*,#8730,.F.);
#4879=ORIENTED_EDGE('',*,*,#8731,.F.);
#4880=ORIENTED_EDGE('',*,*,#8732,.T.);
#4881=ORIENTED_EDGE('',*,*,#8733,.T.);
#4882=ORIENTED_EDGE('',*,*,#8734,.F.);
#4883=ORIENTED_EDGE('',*,*,#8735,.F.);
#4884=ORIENTED_EDGE('',*,*,#8736,.T.);
#4885=ORIENTED_EDGE('',*,*,#8737,.T.);
#4886=ORIENTED_EDGE('',*,*,#8738,.T.);
#4887=ORIENTED_EDGE('',*,*,#8739,.F.);
#4888=ORIENTED_EDGE('',*,*,#8740,.F.);
#4889=ORIENTED_EDGE('',*,*,#8741,.T.);
#4890=ORIENTED_EDGE('',*,*,#8742,.T.);
#4891=ORIENTED_EDGE('',*,*,#8743,.T.);
#4892=ORIENTED_EDGE('',*,*,#8744,.F.);
#4893=ORIENTED_EDGE('',*,*,#8745,.T.);
#4894=ORIENTED_EDGE('',*,*,#8746,.T.);
#4895=ORIENTED_EDGE('',*,*,#8747,.T.);
#4896=ORIENTED_EDGE('',*,*,#8748,.F.);
#4897=ORIENTED_EDGE('',*,*,#8749,.T.);
#4898=ORIENTED_EDGE('',*,*,#8750,.T.);
#4899=ORIENTED_EDGE('',*,*,#8751,.T.);
#4900=ORIENTED_EDGE('',*,*,#8752,.F.);
#4901=ORIENTED_EDGE('',*,*,#8753,.F.);
#4902=ORIENTED_EDGE('',*,*,#8754,.T.);
#4903=ORIENTED_EDGE('',*,*,#8755,.T.);
#4904=ORIENTED_EDGE('',*,*,#8756,.F.);
#4905=ORIENTED_EDGE('',*,*,#8757,.F.);
#4906=ORIENTED_EDGE('',*,*,#8758,.T.);
#4907=ORIENTED_EDGE('',*,*,#8759,.T.);
#4908=ORIENTED_EDGE('',*,*,#8760,.F.);
#4909=ORIENTED_EDGE('',*,*,#8761,.F.);
#4910=ORIENTED_EDGE('',*,*,#8762,.T.);
#4911=ORIENTED_EDGE('',*,*,#8763,.T.);
#4912=ORIENTED_EDGE('',*,*,#8764,.T.);
#4913=ORIENTED_EDGE('',*,*,#8765,.F.);
#4914=ORIENTED_EDGE('',*,*,#8766,.F.);
#4915=ORIENTED_EDGE('',*,*,#8767,.T.);
#4916=ORIENTED_EDGE('',*,*,#8768,.T.);
#4917=ORIENTED_EDGE('',*,*,#8769,.T.);
#4918=ORIENTED_EDGE('',*,*,#8770,.F.);
#4919=ORIENTED_EDGE('',*,*,#8771,.T.);
#4920=ORIENTED_EDGE('',*,*,#8772,.T.);
#4921=ORIENTED_EDGE('',*,*,#8773,.T.);
#4922=ORIENTED_EDGE('',*,*,#8774,.F.);
#4923=ORIENTED_EDGE('',*,*,#8775,.T.);
#4924=ORIENTED_EDGE('',*,*,#8776,.T.);
#4925=ORIENTED_EDGE('',*,*,#8777,.T.);
#4926=ORIENTED_EDGE('',*,*,#8778,.F.);
#4927=ORIENTED_EDGE('',*,*,#8779,.F.);
#4928=ORIENTED_EDGE('',*,*,#8780,.T.);
#4929=ORIENTED_EDGE('',*,*,#8781,.T.);
#4930=ORIENTED_EDGE('',*,*,#8782,.F.);
#4931=ORIENTED_EDGE('',*,*,#8783,.F.);
#4932=ORIENTED_EDGE('',*,*,#8784,.T.);
#4933=ORIENTED_EDGE('',*,*,#8785,.T.);
#4934=ORIENTED_EDGE('',*,*,#8786,.F.);
#4935=ORIENTED_EDGE('',*,*,#8787,.F.);
#4936=ORIENTED_EDGE('',*,*,#8788,.T.);
#4937=ORIENTED_EDGE('',*,*,#8789,.T.);
#4938=ORIENTED_EDGE('',*,*,#8790,.T.);
#4939=ORIENTED_EDGE('',*,*,#8791,.F.);
#4940=ORIENTED_EDGE('',*,*,#8792,.F.);
#4941=ORIENTED_EDGE('',*,*,#8793,.T.);
#4942=ORIENTED_EDGE('',*,*,#8794,.T.);
#4943=ORIENTED_EDGE('',*,*,#8795,.T.);
#4944=ORIENTED_EDGE('',*,*,#8796,.F.);
#4945=ORIENTED_EDGE('',*,*,#8797,.T.);
#4946=ORIENTED_EDGE('',*,*,#8798,.T.);
#4947=ORIENTED_EDGE('',*,*,#8799,.F.);
#4948=ORIENTED_EDGE('',*,*,#8800,.T.);
#4949=ORIENTED_EDGE('',*,*,#8801,.T.);
#4950=ORIENTED_EDGE('',*,*,#8802,.F.);
#4951=ORIENTED_EDGE('',*,*,#8803,.F.);
#4952=ORIENTED_EDGE('',*,*,#8804,.F.);
#4953=ORIENTED_EDGE('',*,*,#8805,.F.);
#4954=ORIENTED_EDGE('',*,*,#8806,.T.);
#4955=ORIENTED_EDGE('',*,*,#8807,.T.);
#4956=ORIENTED_EDGE('',*,*,#8808,.F.);
#4957=ORIENTED_EDGE('',*,*,#8809,.F.);
#4958=ORIENTED_EDGE('',*,*,#8810,.F.);
#4959=ORIENTED_EDGE('',*,*,#8811,.T.);
#4960=ORIENTED_EDGE('',*,*,#8812,.T.);
#4961=ORIENTED_EDGE('',*,*,#8813,.F.);
#4962=ORIENTED_EDGE('',*,*,#8814,.F.);
#4963=ORIENTED_EDGE('',*,*,#8815,.F.);
#4964=ORIENTED_EDGE('',*,*,#8816,.T.);
#4965=ORIENTED_EDGE('',*,*,#8817,.T.);
#4966=ORIENTED_EDGE('',*,*,#8818,.F.);
#4967=ORIENTED_EDGE('',*,*,#8819,.F.);
#4968=ORIENTED_EDGE('',*,*,#8820,.F.);
#4969=ORIENTED_EDGE('',*,*,#8821,.T.);
#4970=ORIENTED_EDGE('',*,*,#8822,.T.);
#4971=ORIENTED_EDGE('',*,*,#8823,.F.);
#4972=ORIENTED_EDGE('',*,*,#8824,.F.);
#4973=ORIENTED_EDGE('',*,*,#8825,.F.);
#4974=ORIENTED_EDGE('',*,*,#8826,.T.);
#4975=ORIENTED_EDGE('',*,*,#8827,.T.);
#4976=ORIENTED_EDGE('',*,*,#8828,.F.);
#4977=ORIENTED_EDGE('',*,*,#8829,.F.);
#4978=ORIENTED_EDGE('',*,*,#8830,.F.);
#4979=ORIENTED_EDGE('',*,*,#8831,.T.);
#4980=ORIENTED_EDGE('',*,*,#8832,.T.);
#4981=ORIENTED_EDGE('',*,*,#8833,.F.);
#4982=ORIENTED_EDGE('',*,*,#8834,.F.);
#4983=ORIENTED_EDGE('',*,*,#8835,.F.);
#4984=ORIENTED_EDGE('',*,*,#8836,.T.);
#4985=ORIENTED_EDGE('',*,*,#8837,.T.);
#4986=ORIENTED_EDGE('',*,*,#8838,.F.);
#4987=ORIENTED_EDGE('',*,*,#8839,.T.);
#4988=ORIENTED_EDGE('',*,*,#8840,.F.);
#4989=ORIENTED_EDGE('',*,*,#8819,.T.);
#4990=ORIENTED_EDGE('',*,*,#8841,.F.);
#4991=ORIENTED_EDGE('',*,*,#8842,.F.);
#4992=ORIENTED_EDGE('',*,*,#8821,.F.);
#4993=ORIENTED_EDGE('',*,*,#8843,.T.);
#4994=ORIENTED_EDGE('',*,*,#8844,.T.);
#4995=ORIENTED_EDGE('',*,*,#8845,.T.);
#4996=ORIENTED_EDGE('',*,*,#8846,.F.);
#4997=ORIENTED_EDGE('',*,*,#8824,.T.);
#4998=ORIENTED_EDGE('',*,*,#8847,.F.);
#4999=ORIENTED_EDGE('',*,*,#8848,.F.);
#5000=ORIENTED_EDGE('',*,*,#8826,.F.);
#5001=ORIENTED_EDGE('',*,*,#8849,.T.);
#5002=ORIENTED_EDGE('',*,*,#8850,.T.);
#5003=ORIENTED_EDGE('',*,*,#8851,.T.);
#5004=ORIENTED_EDGE('',*,*,#8852,.F.);
#5005=ORIENTED_EDGE('',*,*,#8829,.T.);
#5006=ORIENTED_EDGE('',*,*,#8853,.F.);
#5007=ORIENTED_EDGE('',*,*,#8854,.F.);
#5008=ORIENTED_EDGE('',*,*,#8831,.F.);
#5009=ORIENTED_EDGE('',*,*,#8855,.T.);
#5010=ORIENTED_EDGE('',*,*,#8856,.T.);
#5011=ORIENTED_EDGE('',*,*,#8857,.T.);
#5012=ORIENTED_EDGE('',*,*,#8858,.F.);
#5013=ORIENTED_EDGE('',*,*,#8834,.T.);
#5014=ORIENTED_EDGE('',*,*,#8859,.F.);
#5015=ORIENTED_EDGE('',*,*,#8860,.F.);
#5016=ORIENTED_EDGE('',*,*,#8836,.F.);
#5017=ORIENTED_EDGE('',*,*,#8861,.T.);
#5018=ORIENTED_EDGE('',*,*,#8862,.T.);
#5019=ORIENTED_EDGE('',*,*,#8863,.T.);
#5020=ORIENTED_EDGE('',*,*,#8864,.F.);
#5021=ORIENTED_EDGE('',*,*,#8814,.T.);
#5022=ORIENTED_EDGE('',*,*,#8865,.F.);
#5023=ORIENTED_EDGE('',*,*,#8866,.F.);
#5024=ORIENTED_EDGE('',*,*,#8816,.F.);
#5025=ORIENTED_EDGE('',*,*,#8867,.T.);
#5026=ORIENTED_EDGE('',*,*,#8868,.T.);
#5027=ORIENTED_EDGE('',*,*,#8869,.T.);
#5028=ORIENTED_EDGE('',*,*,#8870,.F.);
#5029=ORIENTED_EDGE('',*,*,#8804,.T.);
#5030=ORIENTED_EDGE('',*,*,#8871,.F.);
#5031=ORIENTED_EDGE('',*,*,#8872,.F.);
#5032=ORIENTED_EDGE('',*,*,#8806,.F.);
#5033=ORIENTED_EDGE('',*,*,#8873,.T.);
#5034=ORIENTED_EDGE('',*,*,#8874,.T.);
#5035=ORIENTED_EDGE('',*,*,#8875,.T.);
#5036=ORIENTED_EDGE('',*,*,#8876,.F.);
#5037=ORIENTED_EDGE('',*,*,#8803,.T.);
#5038=ORIENTED_EDGE('',*,*,#8877,.F.);
#5039=ORIENTED_EDGE('',*,*,#8878,.F.);
#5040=ORIENTED_EDGE('',*,*,#8800,.F.);
#5041=ORIENTED_EDGE('',*,*,#8879,.T.);
#5042=ORIENTED_EDGE('',*,*,#8880,.T.);
#5043=ORIENTED_EDGE('',*,*,#8881,.T.);
#5044=ORIENTED_EDGE('',*,*,#8882,.F.);
#5045=ORIENTED_EDGE('',*,*,#8809,.T.);
#5046=ORIENTED_EDGE('',*,*,#8883,.F.);
#5047=ORIENTED_EDGE('',*,*,#8884,.F.);
#5048=ORIENTED_EDGE('',*,*,#8811,.F.);
#5049=ORIENTED_EDGE('',*,*,#8885,.T.);
#5050=ORIENTED_EDGE('',*,*,#8886,.T.);
#5051=ORIENTED_EDGE('',*,*,#8887,.T.);
#5052=ORIENTED_EDGE('',*,*,#8888,.F.);
#5053=ORIENTED_EDGE('',*,*,#8889,.F.);
#5054=ORIENTED_EDGE('',*,*,#8890,.T.);
#5055=ORIENTED_EDGE('',*,*,#8860,.T.);
#5056=ORIENTED_EDGE('',*,*,#8891,.T.);
#5057=ORIENTED_EDGE('',*,*,#8892,.F.);
#5058=ORIENTED_EDGE('',*,*,#8862,.F.);
#5059=ORIENTED_EDGE('',*,*,#8893,.T.);
#5060=ORIENTED_EDGE('',*,*,#8854,.T.);
#5061=ORIENTED_EDGE('',*,*,#8894,.T.);
#5062=ORIENTED_EDGE('',*,*,#8895,.F.);
#5063=ORIENTED_EDGE('',*,*,#8856,.F.);
#5064=ORIENTED_EDGE('',*,*,#8896,.T.);
#5065=ORIENTED_EDGE('',*,*,#8848,.T.);
#5066=ORIENTED_EDGE('',*,*,#8897,.T.);
#5067=ORIENTED_EDGE('',*,*,#8898,.F.);
#5068=ORIENTED_EDGE('',*,*,#8850,.F.);
#5069=ORIENTED_EDGE('',*,*,#8899,.T.);
#5070=ORIENTED_EDGE('',*,*,#8842,.T.);
#5071=ORIENTED_EDGE('',*,*,#8900,.T.);
#5072=ORIENTED_EDGE('',*,*,#8901,.F.);
#5073=ORIENTED_EDGE('',*,*,#8844,.F.);
#5074=ORIENTED_EDGE('',*,*,#8902,.T.);
#5075=ORIENTED_EDGE('',*,*,#8866,.T.);
#5076=ORIENTED_EDGE('',*,*,#8903,.T.);
#5077=ORIENTED_EDGE('',*,*,#8904,.F.);
#5078=ORIENTED_EDGE('',*,*,#8868,.F.);
#5079=ORIENTED_EDGE('',*,*,#8905,.T.);
#5080=ORIENTED_EDGE('',*,*,#8884,.T.);
#5081=ORIENTED_EDGE('',*,*,#8906,.T.);
#5082=ORIENTED_EDGE('',*,*,#8907,.F.);
#5083=ORIENTED_EDGE('',*,*,#8886,.F.);
#5084=ORIENTED_EDGE('',*,*,#8908,.T.);
#5085=ORIENTED_EDGE('',*,*,#8872,.T.);
#5086=ORIENTED_EDGE('',*,*,#8909,.T.);
#5087=ORIENTED_EDGE('',*,*,#8910,.F.);
#5088=ORIENTED_EDGE('',*,*,#8874,.F.);
#5089=ORIENTED_EDGE('',*,*,#8911,.T.);
#5090=ORIENTED_EDGE('',*,*,#8912,.F.);
#5091=ORIENTED_EDGE('',*,*,#8913,.F.);
#5092=ORIENTED_EDGE('',*,*,#8914,.F.);
#5093=ORIENTED_EDGE('',*,*,#8915,.T.);
#5094=ORIENTED_EDGE('',*,*,#8916,.F.);
#5095=ORIENTED_EDGE('',*,*,#8917,.F.);
#5096=ORIENTED_EDGE('',*,*,#8918,.F.);
#5097=ORIENTED_EDGE('',*,*,#8919,.T.);
#5098=ORIENTED_EDGE('',*,*,#8920,.T.);
#5099=ORIENTED_EDGE('',*,*,#8921,.F.);
#5100=ORIENTED_EDGE('',*,*,#8922,.F.);
#5101=ORIENTED_EDGE('',*,*,#8923,.F.);
#5102=ORIENTED_EDGE('',*,*,#8924,.T.);
#5103=ORIENTED_EDGE('',*,*,#8925,.T.);
#5104=ORIENTED_EDGE('',*,*,#8926,.F.);
#5105=ORIENTED_EDGE('',*,*,#8927,.F.);
#5106=ORIENTED_EDGE('',*,*,#8928,.T.);
#5107=ORIENTED_EDGE('',*,*,#8929,.T.);
#5108=ORIENTED_EDGE('',*,*,#8930,.F.);
#5109=ORIENTED_EDGE('',*,*,#8931,.F.);
#5110=ORIENTED_EDGE('',*,*,#8932,.T.);
#5111=ORIENTED_EDGE('',*,*,#8933,.T.);
#5112=ORIENTED_EDGE('',*,*,#8934,.F.);
#5113=ORIENTED_EDGE('',*,*,#8935,.F.);
#5114=ORIENTED_EDGE('',*,*,#8936,.F.);
#5115=ORIENTED_EDGE('',*,*,#8937,.T.);
#5116=ORIENTED_EDGE('',*,*,#8938,.F.);
#5117=ORIENTED_EDGE('',*,*,#8939,.F.);
#5118=ORIENTED_EDGE('',*,*,#8940,.F.);
#5119=ORIENTED_EDGE('',*,*,#8941,.T.);
#5120=ORIENTED_EDGE('',*,*,#8942,.F.);
#5121=ORIENTED_EDGE('',*,*,#8943,.F.);
#5122=ORIENTED_EDGE('',*,*,#8944,.F.);
#5123=ORIENTED_EDGE('',*,*,#8945,.T.);
#5124=ORIENTED_EDGE('',*,*,#8946,.T.);
#5125=ORIENTED_EDGE('',*,*,#8947,.F.);
#5126=ORIENTED_EDGE('',*,*,#8948,.F.);
#5127=ORIENTED_EDGE('',*,*,#8949,.F.);
#5128=ORIENTED_EDGE('',*,*,#8950,.T.);
#5129=ORIENTED_EDGE('',*,*,#8951,.T.);
#5130=ORIENTED_EDGE('',*,*,#8952,.F.);
#5131=ORIENTED_EDGE('',*,*,#8953,.F.);
#5132=ORIENTED_EDGE('',*,*,#8954,.T.);
#5133=ORIENTED_EDGE('',*,*,#8955,.T.);
#5134=ORIENTED_EDGE('',*,*,#8956,.F.);
#5135=ORIENTED_EDGE('',*,*,#8957,.F.);
#5136=ORIENTED_EDGE('',*,*,#8958,.T.);
#5137=ORIENTED_EDGE('',*,*,#8959,.T.);
#5138=ORIENTED_EDGE('',*,*,#8960,.F.);
#5139=ORIENTED_EDGE('',*,*,#8961,.F.);
#5140=ORIENTED_EDGE('',*,*,#8962,.F.);
#5141=ORIENTED_EDGE('',*,*,#8963,.T.);
#5142=ORIENTED_EDGE('',*,*,#8964,.F.);
#5143=ORIENTED_EDGE('',*,*,#8965,.F.);
#5144=ORIENTED_EDGE('',*,*,#8966,.F.);
#5145=ORIENTED_EDGE('',*,*,#8967,.T.);
#5146=ORIENTED_EDGE('',*,*,#8968,.F.);
#5147=ORIENTED_EDGE('',*,*,#8969,.F.);
#5148=ORIENTED_EDGE('',*,*,#8970,.F.);
#5149=ORIENTED_EDGE('',*,*,#8971,.T.);
#5150=ORIENTED_EDGE('',*,*,#8972,.T.);
#5151=ORIENTED_EDGE('',*,*,#8973,.F.);
#5152=ORIENTED_EDGE('',*,*,#8974,.F.);
#5153=ORIENTED_EDGE('',*,*,#8975,.F.);
#5154=ORIENTED_EDGE('',*,*,#8976,.T.);
#5155=ORIENTED_EDGE('',*,*,#8977,.T.);
#5156=ORIENTED_EDGE('',*,*,#8978,.F.);
#5157=ORIENTED_EDGE('',*,*,#8979,.F.);
#5158=ORIENTED_EDGE('',*,*,#8980,.T.);
#5159=ORIENTED_EDGE('',*,*,#8981,.T.);
#5160=ORIENTED_EDGE('',*,*,#8982,.F.);
#5161=ORIENTED_EDGE('',*,*,#8983,.F.);
#5162=ORIENTED_EDGE('',*,*,#8984,.T.);
#5163=ORIENTED_EDGE('',*,*,#8985,.T.);
#5164=ORIENTED_EDGE('',*,*,#8986,.F.);
#5165=ORIENTED_EDGE('',*,*,#8987,.F.);
#5166=ORIENTED_EDGE('',*,*,#8988,.F.);
#5167=ORIENTED_EDGE('',*,*,#8989,.T.);
#5168=ORIENTED_EDGE('',*,*,#8990,.F.);
#5169=ORIENTED_EDGE('',*,*,#8991,.F.);
#5170=ORIENTED_EDGE('',*,*,#8992,.F.);
#5171=ORIENTED_EDGE('',*,*,#8993,.T.);
#5172=ORIENTED_EDGE('',*,*,#8994,.F.);
#5173=ORIENTED_EDGE('',*,*,#8995,.F.);
#5174=ORIENTED_EDGE('',*,*,#8996,.F.);
#5175=ORIENTED_EDGE('',*,*,#8997,.T.);
#5176=ORIENTED_EDGE('',*,*,#8998,.T.);
#5177=ORIENTED_EDGE('',*,*,#8999,.F.);
#5178=ORIENTED_EDGE('',*,*,#9000,.F.);
#5179=ORIENTED_EDGE('',*,*,#9001,.F.);
#5180=ORIENTED_EDGE('',*,*,#9002,.T.);
#5181=ORIENTED_EDGE('',*,*,#9003,.T.);
#5182=ORIENTED_EDGE('',*,*,#9004,.F.);
#5183=ORIENTED_EDGE('',*,*,#9005,.F.);
#5184=ORIENTED_EDGE('',*,*,#9006,.T.);
#5185=ORIENTED_EDGE('',*,*,#9007,.T.);
#5186=ORIENTED_EDGE('',*,*,#9008,.F.);
#5187=ORIENTED_EDGE('',*,*,#9009,.F.);
#5188=ORIENTED_EDGE('',*,*,#9010,.T.);
#5189=ORIENTED_EDGE('',*,*,#9011,.F.);
#5190=ORIENTED_EDGE('',*,*,#9012,.F.);
#5191=ORIENTED_EDGE('',*,*,#9013,.F.);
#5192=ORIENTED_EDGE('',*,*,#9014,.T.);
#5193=ORIENTED_EDGE('',*,*,#8889,.T.);
#5194=ORIENTED_EDGE('',*,*,#9015,.T.);
#5195=ORIENTED_EDGE('',*,*,#9016,.F.);
#5196=ORIENTED_EDGE('',*,*,#9017,.F.);
#5197=ORIENTED_EDGE('',*,*,#9018,.T.);
#5198=ORIENTED_EDGE('',*,*,#9019,.T.);
#5199=ORIENTED_EDGE('',*,*,#9020,.F.);
#5200=ORIENTED_EDGE('',*,*,#9021,.F.);
#5201=ORIENTED_EDGE('',*,*,#9022,.T.);
#5202=ORIENTED_EDGE('',*,*,#9023,.T.);
#5203=ORIENTED_EDGE('',*,*,#9024,.F.);
#5204=ORIENTED_EDGE('',*,*,#9025,.F.);
#5205=ORIENTED_EDGE('',*,*,#9026,.T.);
#5206=ORIENTED_EDGE('',*,*,#9027,.T.);
#5207=ORIENTED_EDGE('',*,*,#9028,.F.);
#5208=ORIENTED_EDGE('',*,*,#9029,.F.);
#5209=ORIENTED_EDGE('',*,*,#9030,.T.);
#5210=ORIENTED_EDGE('',*,*,#9031,.T.);
#5211=ORIENTED_EDGE('',*,*,#9032,.F.);
#5212=ORIENTED_EDGE('',*,*,#9033,.F.);
#5213=ORIENTED_EDGE('',*,*,#9034,.T.);
#5214=ORIENTED_EDGE('',*,*,#9035,.T.);
#5215=ORIENTED_EDGE('',*,*,#9036,.F.);
#5216=ORIENTED_EDGE('',*,*,#9037,.F.);
#5217=ORIENTED_EDGE('',*,*,#9038,.T.);
#5218=ORIENTED_EDGE('',*,*,#9039,.T.);
#5219=ORIENTED_EDGE('',*,*,#9040,.F.);
#5220=ORIENTED_EDGE('',*,*,#9041,.F.);
#5221=ORIENTED_EDGE('',*,*,#9042,.T.);
#5222=ORIENTED_EDGE('',*,*,#9043,.T.);
#5223=ORIENTED_EDGE('',*,*,#9044,.F.);
#5224=ORIENTED_EDGE('',*,*,#9045,.F.);
#5225=ORIENTED_EDGE('',*,*,#9046,.T.);
#5226=ORIENTED_EDGE('',*,*,#9047,.T.);
#5227=ORIENTED_EDGE('',*,*,#9048,.F.);
#5228=ORIENTED_EDGE('',*,*,#9049,.F.);
#5229=ORIENTED_EDGE('',*,*,#9050,.T.);
#5230=ORIENTED_EDGE('',*,*,#9051,.T.);
#5231=ORIENTED_EDGE('',*,*,#9052,.F.);
#5232=ORIENTED_EDGE('',*,*,#9053,.F.);
#5233=ORIENTED_EDGE('',*,*,#9054,.T.);
#5234=ORIENTED_EDGE('',*,*,#9055,.T.);
#5235=ORIENTED_EDGE('',*,*,#9056,.F.);
#5236=ORIENTED_EDGE('',*,*,#9057,.F.);
#5237=ORIENTED_EDGE('',*,*,#9058,.T.);
#5238=ORIENTED_EDGE('',*,*,#9059,.T.);
#5239=ORIENTED_EDGE('',*,*,#9060,.F.);
#5240=ORIENTED_EDGE('',*,*,#9061,.F.);
#5241=ORIENTED_EDGE('',*,*,#9062,.T.);
#5242=ORIENTED_EDGE('',*,*,#9063,.T.);
#5243=ORIENTED_EDGE('',*,*,#9064,.F.);
#5244=ORIENTED_EDGE('',*,*,#9065,.F.);
#5245=ORIENTED_EDGE('',*,*,#9066,.T.);
#5246=ORIENTED_EDGE('',*,*,#9067,.T.);
#5247=ORIENTED_EDGE('',*,*,#9068,.F.);
#5248=ORIENTED_EDGE('',*,*,#9069,.F.);
#5249=ORIENTED_EDGE('',*,*,#9070,.T.);
#5250=ORIENTED_EDGE('',*,*,#9071,.T.);
#5251=ORIENTED_EDGE('',*,*,#9072,.F.);
#5252=ORIENTED_EDGE('',*,*,#9073,.F.);
#5253=ORIENTED_EDGE('',*,*,#9074,.T.);
#5254=ORIENTED_EDGE('',*,*,#9075,.T.);
#5255=ORIENTED_EDGE('',*,*,#9076,.F.);
#5256=ORIENTED_EDGE('',*,*,#9077,.F.);
#5257=ORIENTED_EDGE('',*,*,#9078,.T.);
#5258=ORIENTED_EDGE('',*,*,#9079,.T.);
#5259=ORIENTED_EDGE('',*,*,#9080,.F.);
#5260=ORIENTED_EDGE('',*,*,#9081,.F.);
#5261=ORIENTED_EDGE('',*,*,#9082,.T.);
#5262=ORIENTED_EDGE('',*,*,#9083,.T.);
#5263=ORIENTED_EDGE('',*,*,#9084,.F.);
#5264=ORIENTED_EDGE('',*,*,#9085,.F.);
#5265=ORIENTED_EDGE('',*,*,#9086,.T.);
#5266=ORIENTED_EDGE('',*,*,#9087,.T.);
#5267=ORIENTED_EDGE('',*,*,#9088,.F.);
#5268=ORIENTED_EDGE('',*,*,#9089,.F.);
#5269=ORIENTED_EDGE('',*,*,#9090,.T.);
#5270=ORIENTED_EDGE('',*,*,#9091,.T.);
#5271=ORIENTED_EDGE('',*,*,#9092,.F.);
#5272=ORIENTED_EDGE('',*,*,#9093,.F.);
#5273=ORIENTED_EDGE('',*,*,#9094,.T.);
#5274=ORIENTED_EDGE('',*,*,#9095,.T.);
#5275=ORIENTED_EDGE('',*,*,#9096,.F.);
#5276=ORIENTED_EDGE('',*,*,#9097,.F.);
#5277=ORIENTED_EDGE('',*,*,#9098,.T.);
#5278=ORIENTED_EDGE('',*,*,#9099,.T.);
#5279=ORIENTED_EDGE('',*,*,#9100,.F.);
#5280=ORIENTED_EDGE('',*,*,#9101,.F.);
#5281=ORIENTED_EDGE('',*,*,#9102,.T.);
#5282=ORIENTED_EDGE('',*,*,#9103,.T.);
#5283=ORIENTED_EDGE('',*,*,#9104,.F.);
#5284=ORIENTED_EDGE('',*,*,#9105,.F.);
#5285=ORIENTED_EDGE('',*,*,#9106,.T.);
#5286=ORIENTED_EDGE('',*,*,#9107,.T.);
#5287=ORIENTED_EDGE('',*,*,#9108,.F.);
#5288=ORIENTED_EDGE('',*,*,#9109,.F.);
#5289=ORIENTED_EDGE('',*,*,#9110,.T.);
#5290=ORIENTED_EDGE('',*,*,#9111,.T.);
#5291=ORIENTED_EDGE('',*,*,#9112,.F.);
#5292=ORIENTED_EDGE('',*,*,#9113,.F.);
#5293=ORIENTED_EDGE('',*,*,#9114,.T.);
#5294=ORIENTED_EDGE('',*,*,#9115,.T.);
#5295=ORIENTED_EDGE('',*,*,#9116,.F.);
#5296=ORIENTED_EDGE('',*,*,#9117,.F.);
#5297=ORIENTED_EDGE('',*,*,#9118,.T.);
#5298=ORIENTED_EDGE('',*,*,#9119,.T.);
#5299=ORIENTED_EDGE('',*,*,#9120,.F.);
#5300=ORIENTED_EDGE('',*,*,#9121,.F.);
#5301=ORIENTED_EDGE('',*,*,#9122,.T.);
#5302=ORIENTED_EDGE('',*,*,#9123,.T.);
#5303=ORIENTED_EDGE('',*,*,#9124,.F.);
#5304=ORIENTED_EDGE('',*,*,#9125,.F.);
#5305=ORIENTED_EDGE('',*,*,#9126,.T.);
#5306=ORIENTED_EDGE('',*,*,#9127,.T.);
#5307=ORIENTED_EDGE('',*,*,#9128,.F.);
#5308=ORIENTED_EDGE('',*,*,#9129,.F.);
#5309=ORIENTED_EDGE('',*,*,#9130,.T.);
#5310=ORIENTED_EDGE('',*,*,#9131,.T.);
#5311=ORIENTED_EDGE('',*,*,#9132,.T.);
#5312=ORIENTED_EDGE('',*,*,#9133,.F.);
#5313=ORIENTED_EDGE('',*,*,#9134,.F.);
#5314=ORIENTED_EDGE('',*,*,#9135,.T.);
#5315=ORIENTED_EDGE('',*,*,#9136,.T.);
#5316=ORIENTED_EDGE('',*,*,#9137,.F.);
#5317=ORIENTED_EDGE('',*,*,#9138,.F.);
#5318=ORIENTED_EDGE('',*,*,#9139,.T.);
#5319=ORIENTED_EDGE('',*,*,#9140,.T.);
#5320=ORIENTED_EDGE('',*,*,#9141,.F.);
#5321=ORIENTED_EDGE('',*,*,#9142,.F.);
#5322=ORIENTED_EDGE('',*,*,#9143,.T.);
#5323=ORIENTED_EDGE('',*,*,#9144,.T.);
#5324=ORIENTED_EDGE('',*,*,#9145,.F.);
#5325=ORIENTED_EDGE('',*,*,#9146,.F.);
#5326=ORIENTED_EDGE('',*,*,#9147,.T.);
#5327=ORIENTED_EDGE('',*,*,#9148,.T.);
#5328=ORIENTED_EDGE('',*,*,#9149,.F.);
#5329=ORIENTED_EDGE('',*,*,#9150,.F.);
#5330=ORIENTED_EDGE('',*,*,#9151,.T.);
#5331=ORIENTED_EDGE('',*,*,#9152,.T.);
#5332=ORIENTED_EDGE('',*,*,#9153,.F.);
#5333=ORIENTED_EDGE('',*,*,#9154,.F.);
#5334=ORIENTED_EDGE('',*,*,#9155,.T.);
#5335=ORIENTED_EDGE('',*,*,#9156,.T.);
#5336=ORIENTED_EDGE('',*,*,#9157,.F.);
#5337=ORIENTED_EDGE('',*,*,#9158,.F.);
#5338=ORIENTED_EDGE('',*,*,#9159,.T.);
#5339=ORIENTED_EDGE('',*,*,#9160,.T.);
#5340=ORIENTED_EDGE('',*,*,#9161,.F.);
#5341=ORIENTED_EDGE('',*,*,#9162,.F.);
#5342=ORIENTED_EDGE('',*,*,#9163,.T.);
#5343=ORIENTED_EDGE('',*,*,#9164,.T.);
#5344=ORIENTED_EDGE('',*,*,#9165,.F.);
#5345=ORIENTED_EDGE('',*,*,#9166,.F.);
#5346=ORIENTED_EDGE('',*,*,#9167,.T.);
#5347=ORIENTED_EDGE('',*,*,#9168,.F.);
#5348=ORIENTED_EDGE('',*,*,#9169,.F.);
#5349=ORIENTED_EDGE('',*,*,#9170,.T.);
#5350=ORIENTED_EDGE('',*,*,#9171,.T.);
#5351=ORIENTED_EDGE('',*,*,#9172,.F.);
#5352=ORIENTED_EDGE('',*,*,#9173,.F.);
#5353=ORIENTED_EDGE('',*,*,#9174,.T.);
#5354=ORIENTED_EDGE('',*,*,#9175,.T.);
#5355=ORIENTED_EDGE('',*,*,#9176,.F.);
#5356=ORIENTED_EDGE('',*,*,#9177,.F.);
#5357=ORIENTED_EDGE('',*,*,#9178,.T.);
#5358=ORIENTED_EDGE('',*,*,#9179,.T.);
#5359=ORIENTED_EDGE('',*,*,#9180,.F.);
#5360=ORIENTED_EDGE('',*,*,#9181,.F.);
#5361=ORIENTED_EDGE('',*,*,#9182,.T.);
#5362=ORIENTED_EDGE('',*,*,#9183,.T.);
#5363=ORIENTED_EDGE('',*,*,#9184,.F.);
#5364=ORIENTED_EDGE('',*,*,#9185,.F.);
#5365=ORIENTED_EDGE('',*,*,#9186,.T.);
#5366=ORIENTED_EDGE('',*,*,#9187,.T.);
#5367=ORIENTED_EDGE('',*,*,#9188,.F.);
#5368=ORIENTED_EDGE('',*,*,#9189,.F.);
#5369=ORIENTED_EDGE('',*,*,#9190,.T.);
#5370=ORIENTED_EDGE('',*,*,#9191,.T.);
#5371=ORIENTED_EDGE('',*,*,#9192,.F.);
#5372=ORIENTED_EDGE('',*,*,#9193,.F.);
#5373=ORIENTED_EDGE('',*,*,#9194,.T.);
#5374=ORIENTED_EDGE('',*,*,#9195,.T.);
#5375=ORIENTED_EDGE('',*,*,#9196,.F.);
#5376=ORIENTED_EDGE('',*,*,#9197,.F.);
#5377=ORIENTED_EDGE('',*,*,#9198,.T.);
#5378=ORIENTED_EDGE('',*,*,#9199,.T.);
#5379=ORIENTED_EDGE('',*,*,#9200,.F.);
#5380=ORIENTED_EDGE('',*,*,#9201,.F.);
#5381=ORIENTED_EDGE('',*,*,#9202,.T.);
#5382=ORIENTED_EDGE('',*,*,#8880,.F.);
#5383=ORIENTED_EDGE('',*,*,#9203,.T.);
#5384=ORIENTED_EDGE('',*,*,#8878,.T.);
#5385=ORIENTED_EDGE('',*,*,#9204,.T.);
#5386=ORIENTED_EDGE('',*,*,#9205,.F.);
#5387=ORIENTED_EDGE('',*,*,#9206,.T.);
#5388=ORIENTED_EDGE('',*,*,#9207,.T.);
#5389=ORIENTED_EDGE('',*,*,#9208,.F.);
#5390=ORIENTED_EDGE('',*,*,#9209,.F.);
#5391=ORIENTED_EDGE('',*,*,#9210,.T.);
#5392=ORIENTED_EDGE('',*,*,#9211,.T.);
#5393=ORIENTED_EDGE('',*,*,#9212,.F.);
#5394=ORIENTED_EDGE('',*,*,#9213,.F.);
#5395=ORIENTED_EDGE('',*,*,#9214,.T.);
#5396=ORIENTED_EDGE('',*,*,#9215,.T.);
#5397=ORIENTED_EDGE('',*,*,#9216,.F.);
#5398=ORIENTED_EDGE('',*,*,#9217,.F.);
#5399=ORIENTED_EDGE('',*,*,#9218,.T.);
#5400=ORIENTED_EDGE('',*,*,#9219,.F.);
#5401=ORIENTED_EDGE('',*,*,#9220,.F.);
#5402=ORIENTED_EDGE('',*,*,#9221,.T.);
#5403=ORIENTED_EDGE('',*,*,#9222,.T.);
#5404=ORIENTED_EDGE('',*,*,#9223,.F.);
#5405=ORIENTED_EDGE('',*,*,#9224,.F.);
#5406=ORIENTED_EDGE('',*,*,#9225,.T.);
#5407=ORIENTED_EDGE('',*,*,#9226,.T.);
#5408=ORIENTED_EDGE('',*,*,#9227,.F.);
#5409=ORIENTED_EDGE('',*,*,#9228,.F.);
#5410=ORIENTED_EDGE('',*,*,#9229,.T.);
#5411=ORIENTED_EDGE('',*,*,#9230,.T.);
#5412=ORIENTED_EDGE('',*,*,#9231,.F.);
#5413=ORIENTED_EDGE('',*,*,#9232,.F.);
#5414=ORIENTED_EDGE('',*,*,#9233,.T.);
#5415=ORIENTED_EDGE('',*,*,#9234,.T.);
#5416=ORIENTED_EDGE('',*,*,#9235,.F.);
#5417=ORIENTED_EDGE('',*,*,#9236,.F.);
#5418=ORIENTED_EDGE('',*,*,#9237,.T.);
#5419=ORIENTED_EDGE('',*,*,#9238,.T.);
#5420=ORIENTED_EDGE('',*,*,#9239,.T.);
#5421=ORIENTED_EDGE('',*,*,#9240,.F.);
#5422=ORIENTED_EDGE('',*,*,#9241,.F.);
#5423=ORIENTED_EDGE('',*,*,#9242,.T.);
#5424=ORIENTED_EDGE('',*,*,#9243,.F.);
#5425=ORIENTED_EDGE('',*,*,#9244,.F.);
#5426=ORIENTED_EDGE('',*,*,#9245,.T.);
#5427=ORIENTED_EDGE('',*,*,#9246,.T.);
#5428=ORIENTED_EDGE('',*,*,#9247,.F.);
#5429=ORIENTED_EDGE('',*,*,#9248,.F.);
#5430=ORIENTED_EDGE('',*,*,#9249,.T.);
#5431=ORIENTED_EDGE('',*,*,#9250,.T.);
#5432=ORIENTED_EDGE('',*,*,#9251,.T.);
#5433=ORIENTED_EDGE('',*,*,#9252,.F.);
#5434=ORIENTED_EDGE('',*,*,#9253,.F.);
#5435=ORIENTED_EDGE('',*,*,#9254,.T.);
#5436=ORIENTED_EDGE('',*,*,#9255,.T.);
#5437=ORIENTED_EDGE('',*,*,#9256,.F.);
#5438=ORIENTED_EDGE('',*,*,#9257,.F.);
#5439=ORIENTED_EDGE('',*,*,#9258,.T.);
#5440=ORIENTED_EDGE('',*,*,#9259,.T.);
#5441=ORIENTED_EDGE('',*,*,#9260,.F.);
#5442=ORIENTED_EDGE('',*,*,#9261,.F.);
#5443=ORIENTED_EDGE('',*,*,#9262,.T.);
#5444=ORIENTED_EDGE('',*,*,#9263,.T.);
#5445=ORIENTED_EDGE('',*,*,#9264,.F.);
#5446=ORIENTED_EDGE('',*,*,#9265,.F.);
#5447=ORIENTED_EDGE('',*,*,#9266,.T.);
#5448=ORIENTED_EDGE('',*,*,#9267,.T.);
#5449=ORIENTED_EDGE('',*,*,#9268,.F.);
#5450=ORIENTED_EDGE('',*,*,#9269,.F.);
#5451=ORIENTED_EDGE('',*,*,#9270,.T.);
#5452=ORIENTED_EDGE('',*,*,#9271,.T.);
#5453=ORIENTED_EDGE('',*,*,#9272,.F.);
#5454=ORIENTED_EDGE('',*,*,#9273,.F.);
#5455=ORIENTED_EDGE('',*,*,#9274,.T.);
#5456=ORIENTED_EDGE('',*,*,#9275,.T.);
#5457=ORIENTED_EDGE('',*,*,#9276,.F.);
#5458=ORIENTED_EDGE('',*,*,#9277,.F.);
#5459=ORIENTED_EDGE('',*,*,#9278,.T.);
#5460=ORIENTED_EDGE('',*,*,#9279,.T.);
#5461=ORIENTED_EDGE('',*,*,#9280,.F.);
#5462=ORIENTED_EDGE('',*,*,#9281,.F.);
#5463=ORIENTED_EDGE('',*,*,#9282,.T.);
#5464=ORIENTED_EDGE('',*,*,#9283,.T.);
#5465=ORIENTED_EDGE('',*,*,#9284,.F.);
#5466=ORIENTED_EDGE('',*,*,#9285,.F.);
#5467=ORIENTED_EDGE('',*,*,#9286,.T.);
#5468=ORIENTED_EDGE('',*,*,#9287,.T.);
#5469=ORIENTED_EDGE('',*,*,#9288,.F.);
#5470=ORIENTED_EDGE('',*,*,#9289,.F.);
#5471=ORIENTED_EDGE('',*,*,#9290,.T.);
#5472=ORIENTED_EDGE('',*,*,#9291,.T.);
#5473=ORIENTED_EDGE('',*,*,#9292,.F.);
#5474=ORIENTED_EDGE('',*,*,#9293,.F.);
#5475=ORIENTED_EDGE('',*,*,#9294,.T.);
#5476=ORIENTED_EDGE('',*,*,#9295,.F.);
#5477=ORIENTED_EDGE('',*,*,#9296,.F.);
#5478=ORIENTED_EDGE('',*,*,#9297,.T.);
#5479=ORIENTED_EDGE('',*,*,#9298,.T.);
#5480=ORIENTED_EDGE('',*,*,#9299,.F.);
#5481=ORIENTED_EDGE('',*,*,#9300,.F.);
#5482=ORIENTED_EDGE('',*,*,#9301,.T.);
#5483=ORIENTED_EDGE('',*,*,#9302,.T.);
#5484=ORIENTED_EDGE('',*,*,#9303,.F.);
#5485=ORIENTED_EDGE('',*,*,#9304,.F.);
#5486=ORIENTED_EDGE('',*,*,#9305,.T.);
#5487=ORIENTED_EDGE('',*,*,#9306,.T.);
#5488=ORIENTED_EDGE('',*,*,#9307,.F.);
#5489=ORIENTED_EDGE('',*,*,#9308,.F.);
#5490=ORIENTED_EDGE('',*,*,#9309,.T.);
#5491=ORIENTED_EDGE('',*,*,#9310,.T.);
#5492=ORIENTED_EDGE('',*,*,#9311,.F.);
#5493=ORIENTED_EDGE('',*,*,#9312,.F.);
#5494=ORIENTED_EDGE('',*,*,#9313,.T.);
#5495=ORIENTED_EDGE('',*,*,#9314,.T.);
#5496=ORIENTED_EDGE('',*,*,#9315,.F.);
#5497=ORIENTED_EDGE('',*,*,#9316,.F.);
#5498=ORIENTED_EDGE('',*,*,#9317,.T.);
#5499=ORIENTED_EDGE('',*,*,#9318,.T.);
#5500=ORIENTED_EDGE('',*,*,#9319,.T.);
#5501=ORIENTED_EDGE('',*,*,#9320,.F.);
#5502=ORIENTED_EDGE('',*,*,#9321,.F.);
#5503=ORIENTED_EDGE('',*,*,#9322,.T.);
#5504=ORIENTED_EDGE('',*,*,#9323,.T.);
#5505=ORIENTED_EDGE('',*,*,#9324,.F.);
#5506=ORIENTED_EDGE('',*,*,#9325,.F.);
#5507=ORIENTED_EDGE('',*,*,#9326,.T.);
#5508=ORIENTED_EDGE('',*,*,#9327,.T.);
#5509=ORIENTED_EDGE('',*,*,#9328,.F.);
#5510=ORIENTED_EDGE('',*,*,#9329,.F.);
#5511=ORIENTED_EDGE('',*,*,#9330,.T.);
#5512=ORIENTED_EDGE('',*,*,#9331,.T.);
#5513=ORIENTED_EDGE('',*,*,#9332,.F.);
#5514=ORIENTED_EDGE('',*,*,#9333,.F.);
#5515=ORIENTED_EDGE('',*,*,#9334,.T.);
#5516=ORIENTED_EDGE('',*,*,#9335,.T.);
#5517=ORIENTED_EDGE('',*,*,#9336,.F.);
#5518=ORIENTED_EDGE('',*,*,#9337,.F.);
#5519=ORIENTED_EDGE('',*,*,#9338,.T.);
#5520=ORIENTED_EDGE('',*,*,#9339,.T.);
#5521=ORIENTED_EDGE('',*,*,#9340,.F.);
#5522=ORIENTED_EDGE('',*,*,#9341,.F.);
#5523=ORIENTED_EDGE('',*,*,#9342,.T.);
#5524=ORIENTED_EDGE('',*,*,#9343,.T.);
#5525=ORIENTED_EDGE('',*,*,#9344,.F.);
#5526=ORIENTED_EDGE('',*,*,#9345,.F.);
#5527=ORIENTED_EDGE('',*,*,#9346,.T.);
#5528=ORIENTED_EDGE('',*,*,#9347,.T.);
#5529=ORIENTED_EDGE('',*,*,#9348,.F.);
#5530=ORIENTED_EDGE('',*,*,#9349,.F.);
#5531=ORIENTED_EDGE('',*,*,#9350,.T.);
#5532=ORIENTED_EDGE('',*,*,#9351,.T.);
#5533=ORIENTED_EDGE('',*,*,#9352,.F.);
#5534=ORIENTED_EDGE('',*,*,#9353,.F.);
#5535=ORIENTED_EDGE('',*,*,#9354,.T.);
#5536=ORIENTED_EDGE('',*,*,#9355,.T.);
#5537=ORIENTED_EDGE('',*,*,#9356,.F.);
#5538=ORIENTED_EDGE('',*,*,#9357,.F.);
#5539=ORIENTED_EDGE('',*,*,#9358,.T.);
#5540=ORIENTED_EDGE('',*,*,#9359,.T.);
#5541=ORIENTED_EDGE('',*,*,#9360,.F.);
#5542=ORIENTED_EDGE('',*,*,#9361,.F.);
#5543=ORIENTED_EDGE('',*,*,#9362,.T.);
#5544=ORIENTED_EDGE('',*,*,#9363,.F.);
#5545=ORIENTED_EDGE('',*,*,#9364,.F.);
#5546=ORIENTED_EDGE('',*,*,#9365,.T.);
#5547=ORIENTED_EDGE('',*,*,#9366,.T.);
#5548=ORIENTED_EDGE('',*,*,#9367,.T.);
#5549=ORIENTED_EDGE('',*,*,#9368,.F.);
#5550=ORIENTED_EDGE('',*,*,#9369,.F.);
#5551=ORIENTED_EDGE('',*,*,#9370,.T.);
#5552=ORIENTED_EDGE('',*,*,#9371,.T.);
#5553=ORIENTED_EDGE('',*,*,#9372,.F.);
#5554=ORIENTED_EDGE('',*,*,#9373,.F.);
#5555=ORIENTED_EDGE('',*,*,#9374,.T.);
#5556=ORIENTED_EDGE('',*,*,#9375,.T.);
#5557=ORIENTED_EDGE('',*,*,#9376,.F.);
#5558=ORIENTED_EDGE('',*,*,#9377,.F.);
#5559=ORIENTED_EDGE('',*,*,#9378,.T.);
#5560=ORIENTED_EDGE('',*,*,#9379,.T.);
#5561=ORIENTED_EDGE('',*,*,#9380,.F.);
#5562=ORIENTED_EDGE('',*,*,#9381,.F.);
#5563=ORIENTED_EDGE('',*,*,#9382,.T.);
#5564=ORIENTED_EDGE('',*,*,#9383,.T.);
#5565=ORIENTED_EDGE('',*,*,#9384,.F.);
#5566=ORIENTED_EDGE('',*,*,#9385,.F.);
#5567=ORIENTED_EDGE('',*,*,#9386,.T.);
#5568=ORIENTED_EDGE('',*,*,#9387,.T.);
#5569=ORIENTED_EDGE('',*,*,#9388,.F.);
#5570=ORIENTED_EDGE('',*,*,#9389,.F.);
#5571=ORIENTED_EDGE('',*,*,#9390,.T.);
#5572=ORIENTED_EDGE('',*,*,#9391,.T.);
#5573=ORIENTED_EDGE('',*,*,#9392,.F.);
#5574=ORIENTED_EDGE('',*,*,#9393,.F.);
#5575=ORIENTED_EDGE('',*,*,#9394,.T.);
#5576=ORIENTED_EDGE('',*,*,#9395,.T.);
#5577=ORIENTED_EDGE('',*,*,#9396,.F.);
#5578=ORIENTED_EDGE('',*,*,#9397,.F.);
#5579=ORIENTED_EDGE('',*,*,#9398,.T.);
#5580=ORIENTED_EDGE('',*,*,#9399,.T.);
#5581=ORIENTED_EDGE('',*,*,#9400,.F.);
#5582=ORIENTED_EDGE('',*,*,#9401,.F.);
#5583=ORIENTED_EDGE('',*,*,#9402,.T.);
#5584=ORIENTED_EDGE('',*,*,#9403,.T.);
#5585=ORIENTED_EDGE('',*,*,#9404,.F.);
#5586=ORIENTED_EDGE('',*,*,#9405,.F.);
#5587=ORIENTED_EDGE('',*,*,#9406,.T.);
#5588=ORIENTED_EDGE('',*,*,#9407,.T.);
#5589=ORIENTED_EDGE('',*,*,#9408,.F.);
#5590=ORIENTED_EDGE('',*,*,#9409,.F.);
#5591=ORIENTED_EDGE('',*,*,#9410,.T.);
#5592=ORIENTED_EDGE('',*,*,#9411,.T.);
#5593=ORIENTED_EDGE('',*,*,#9412,.F.);
#5594=ORIENTED_EDGE('',*,*,#9413,.F.);
#5595=ORIENTED_EDGE('',*,*,#9414,.T.);
#5596=ORIENTED_EDGE('',*,*,#9415,.F.);
#5597=ORIENTED_EDGE('',*,*,#9416,.F.);
#5598=ORIENTED_EDGE('',*,*,#9417,.T.);
#5599=ORIENTED_EDGE('',*,*,#9418,.T.);
#5600=ORIENTED_EDGE('',*,*,#9419,.F.);
#5601=ORIENTED_EDGE('',*,*,#9420,.F.);
#5602=ORIENTED_EDGE('',*,*,#9421,.T.);
#5603=ORIENTED_EDGE('',*,*,#9422,.T.);
#5604=ORIENTED_EDGE('',*,*,#9423,.F.);
#5605=ORIENTED_EDGE('',*,*,#9424,.F.);
#5606=ORIENTED_EDGE('',*,*,#9425,.T.);
#5607=ORIENTED_EDGE('',*,*,#9426,.T.);
#5608=ORIENTED_EDGE('',*,*,#9427,.T.);
#5609=ORIENTED_EDGE('',*,*,#9428,.F.);
#5610=ORIENTED_EDGE('',*,*,#9429,.F.);
#5611=ORIENTED_EDGE('',*,*,#9430,.T.);
#5612=ORIENTED_EDGE('',*,*,#9431,.T.);
#5613=ORIENTED_EDGE('',*,*,#9432,.F.);
#5614=ORIENTED_EDGE('',*,*,#9433,.F.);
#5615=ORIENTED_EDGE('',*,*,#9434,.T.);
#5616=ORIENTED_EDGE('',*,*,#9435,.T.);
#5617=ORIENTED_EDGE('',*,*,#9436,.F.);
#5618=ORIENTED_EDGE('',*,*,#9437,.F.);
#5619=ORIENTED_EDGE('',*,*,#9438,.T.);
#5620=ORIENTED_EDGE('',*,*,#9439,.F.);
#5621=ORIENTED_EDGE('',*,*,#9440,.F.);
#5622=ORIENTED_EDGE('',*,*,#9441,.T.);
#5623=ORIENTED_EDGE('',*,*,#9442,.T.);
#5624=ORIENTED_EDGE('',*,*,#9443,.F.);
#5625=ORIENTED_EDGE('',*,*,#9444,.F.);
#5626=ORIENTED_EDGE('',*,*,#9445,.T.);
#5627=ORIENTED_EDGE('',*,*,#9446,.T.);
#5628=ORIENTED_EDGE('',*,*,#9447,.F.);
#5629=ORIENTED_EDGE('',*,*,#9448,.F.);
#5630=ORIENTED_EDGE('',*,*,#9449,.T.);
#5631=ORIENTED_EDGE('',*,*,#9450,.T.);
#5632=ORIENTED_EDGE('',*,*,#9451,.F.);
#5633=ORIENTED_EDGE('',*,*,#9452,.F.);
#5634=ORIENTED_EDGE('',*,*,#9453,.T.);
#5635=ORIENTED_EDGE('',*,*,#9454,.T.);
#5636=ORIENTED_EDGE('',*,*,#9455,.F.);
#5637=ORIENTED_EDGE('',*,*,#9456,.F.);
#5638=ORIENTED_EDGE('',*,*,#9457,.T.);
#5639=ORIENTED_EDGE('',*,*,#9458,.T.);
#5640=ORIENTED_EDGE('',*,*,#9459,.F.);
#5641=ORIENTED_EDGE('',*,*,#9460,.F.);
#5642=ORIENTED_EDGE('',*,*,#9461,.T.);
#5643=ORIENTED_EDGE('',*,*,#9462,.T.);
#5644=ORIENTED_EDGE('',*,*,#9463,.F.);
#5645=ORIENTED_EDGE('',*,*,#9464,.F.);
#5646=ORIENTED_EDGE('',*,*,#9465,.T.);
#5647=ORIENTED_EDGE('',*,*,#9466,.T.);
#5648=ORIENTED_EDGE('',*,*,#9467,.F.);
#5649=ORIENTED_EDGE('',*,*,#9468,.F.);
#5650=ORIENTED_EDGE('',*,*,#9469,.T.);
#5651=ORIENTED_EDGE('',*,*,#9470,.T.);
#5652=ORIENTED_EDGE('',*,*,#9471,.T.);
#5653=ORIENTED_EDGE('',*,*,#9472,.F.);
#5654=ORIENTED_EDGE('',*,*,#9473,.F.);
#5655=ORIENTED_EDGE('',*,*,#9474,.T.);
#5656=ORIENTED_EDGE('',*,*,#9475,.T.);
#5657=ORIENTED_EDGE('',*,*,#9476,.F.);
#5658=ORIENTED_EDGE('',*,*,#9477,.F.);
#5659=ORIENTED_EDGE('',*,*,#9478,.T.);
#5660=ORIENTED_EDGE('',*,*,#9479,.T.);
#5661=ORIENTED_EDGE('',*,*,#9480,.F.);
#5662=ORIENTED_EDGE('',*,*,#9481,.F.);
#5663=ORIENTED_EDGE('',*,*,#9482,.T.);
#5664=ORIENTED_EDGE('',*,*,#9483,.T.);
#5665=ORIENTED_EDGE('',*,*,#9484,.F.);
#5666=ORIENTED_EDGE('',*,*,#9485,.F.);
#5667=ORIENTED_EDGE('',*,*,#9486,.T.);
#5668=ORIENTED_EDGE('',*,*,#9487,.T.);
#5669=ORIENTED_EDGE('',*,*,#9488,.F.);
#5670=ORIENTED_EDGE('',*,*,#9489,.F.);
#5671=ORIENTED_EDGE('',*,*,#9490,.T.);
#5672=ORIENTED_EDGE('',*,*,#9491,.T.);
#5673=ORIENTED_EDGE('',*,*,#9492,.F.);
#5674=ORIENTED_EDGE('',*,*,#9493,.F.);
#5675=ORIENTED_EDGE('',*,*,#9494,.T.);
#5676=ORIENTED_EDGE('',*,*,#9495,.T.);
#5677=ORIENTED_EDGE('',*,*,#9496,.F.);
#5678=ORIENTED_EDGE('',*,*,#9497,.F.);
#5679=ORIENTED_EDGE('',*,*,#9498,.T.);
#5680=ORIENTED_EDGE('',*,*,#9499,.T.);
#5681=ORIENTED_EDGE('',*,*,#9500,.F.);
#5682=ORIENTED_EDGE('',*,*,#9501,.F.);
#5683=ORIENTED_EDGE('',*,*,#9502,.T.);
#5684=ORIENTED_EDGE('',*,*,#9503,.T.);
#5685=ORIENTED_EDGE('',*,*,#9504,.F.);
#5686=ORIENTED_EDGE('',*,*,#9505,.F.);
#5687=ORIENTED_EDGE('',*,*,#9506,.T.);
#5688=ORIENTED_EDGE('',*,*,#9507,.T.);
#5689=ORIENTED_EDGE('',*,*,#9508,.F.);
#5690=ORIENTED_EDGE('',*,*,#9509,.F.);
#5691=ORIENTED_EDGE('',*,*,#9510,.T.);
#5692=ORIENTED_EDGE('',*,*,#9511,.T.);
#5693=ORIENTED_EDGE('',*,*,#9512,.F.);
#5694=ORIENTED_EDGE('',*,*,#9513,.F.);
#5695=ORIENTED_EDGE('',*,*,#8196,.F.);
#5696=ORIENTED_EDGE('',*,*,#8692,.T.);
#5697=ORIENTED_EDGE('',*,*,#9514,.F.);
#5698=ORIENTED_EDGE('',*,*,#9015,.F.);
#5699=ORIENTED_EDGE('',*,*,#9515,.T.);
#5700=ORIENTED_EDGE('',*,*,#8693,.T.);
#5701=ORIENTED_EDGE('',*,*,#9515,.F.);
#5702=ORIENTED_EDGE('',*,*,#9018,.F.);
#5703=ORIENTED_EDGE('',*,*,#9516,.T.);
#5704=ORIENTED_EDGE('',*,*,#8694,.F.);
#5705=ORIENTED_EDGE('',*,*,#9516,.F.);
#5706=ORIENTED_EDGE('',*,*,#9017,.T.);
#5707=ORIENTED_EDGE('',*,*,#9517,.T.);
#5708=ORIENTED_EDGE('',*,*,#8691,.F.);
#5709=ORIENTED_EDGE('',*,*,#9517,.F.);
#5710=ORIENTED_EDGE('',*,*,#9016,.T.);
#5711=ORIENTED_EDGE('',*,*,#9514,.T.);
#5712=ORIENTED_EDGE('',*,*,#8688,.T.);
#5713=ORIENTED_EDGE('',*,*,#9518,.F.);
#5714=ORIENTED_EDGE('',*,*,#9019,.F.);
#5715=ORIENTED_EDGE('',*,*,#9519,.T.);
#5716=ORIENTED_EDGE('',*,*,#8689,.T.);
#5717=ORIENTED_EDGE('',*,*,#9519,.F.);
#5718=ORIENTED_EDGE('',*,*,#9022,.F.);
#5719=ORIENTED_EDGE('',*,*,#9520,.T.);
#5720=ORIENTED_EDGE('',*,*,#8690,.F.);
#5721=ORIENTED_EDGE('',*,*,#9520,.F.);
#5722=ORIENTED_EDGE('',*,*,#9021,.T.);
#5723=ORIENTED_EDGE('',*,*,#9521,.T.);
#5724=ORIENTED_EDGE('',*,*,#8687,.F.);
#5725=ORIENTED_EDGE('',*,*,#9521,.F.);
#5726=ORIENTED_EDGE('',*,*,#9020,.T.);
#5727=ORIENTED_EDGE('',*,*,#9518,.T.);
#5728=ORIENTED_EDGE('',*,*,#8684,.T.);
#5729=ORIENTED_EDGE('',*,*,#9522,.F.);
#5730=ORIENTED_EDGE('',*,*,#9023,.F.);
#5731=ORIENTED_EDGE('',*,*,#9523,.T.);
#5732=ORIENTED_EDGE('',*,*,#8685,.T.);
#5733=ORIENTED_EDGE('',*,*,#9523,.F.);
#5734=ORIENTED_EDGE('',*,*,#9026,.F.);
#5735=ORIENTED_EDGE('',*,*,#9524,.T.);
#5736=ORIENTED_EDGE('',*,*,#8686,.F.);
#5737=ORIENTED_EDGE('',*,*,#9524,.F.);
#5738=ORIENTED_EDGE('',*,*,#9025,.T.);
#5739=ORIENTED_EDGE('',*,*,#9525,.T.);
#5740=ORIENTED_EDGE('',*,*,#8683,.F.);
#5741=ORIENTED_EDGE('',*,*,#9525,.F.);
#5742=ORIENTED_EDGE('',*,*,#9024,.T.);
#5743=ORIENTED_EDGE('',*,*,#9522,.T.);
#5744=ORIENTED_EDGE('',*,*,#8680,.T.);
#5745=ORIENTED_EDGE('',*,*,#9526,.F.);
#5746=ORIENTED_EDGE('',*,*,#9027,.F.);
#5747=ORIENTED_EDGE('',*,*,#9527,.T.);
#5748=ORIENTED_EDGE('',*,*,#8681,.T.);
#5749=ORIENTED_EDGE('',*,*,#9527,.F.);
#5750=ORIENTED_EDGE('',*,*,#9030,.F.);
#5751=ORIENTED_EDGE('',*,*,#9528,.T.);
#5752=ORIENTED_EDGE('',*,*,#8682,.F.);
#5753=ORIENTED_EDGE('',*,*,#9528,.F.);
#5754=ORIENTED_EDGE('',*,*,#9029,.T.);
#5755=ORIENTED_EDGE('',*,*,#9529,.T.);
#5756=ORIENTED_EDGE('',*,*,#8679,.F.);
#5757=ORIENTED_EDGE('',*,*,#9529,.F.);
#5758=ORIENTED_EDGE('',*,*,#9028,.T.);
#5759=ORIENTED_EDGE('',*,*,#9526,.T.);
#5760=ORIENTED_EDGE('',*,*,#8676,.T.);
#5761=ORIENTED_EDGE('',*,*,#9530,.F.);
#5762=ORIENTED_EDGE('',*,*,#9031,.F.);
#5763=ORIENTED_EDGE('',*,*,#9531,.T.);
#5764=ORIENTED_EDGE('',*,*,#8677,.T.);
#5765=ORIENTED_EDGE('',*,*,#9531,.F.);
#5766=ORIENTED_EDGE('',*,*,#9034,.F.);
#5767=ORIENTED_EDGE('',*,*,#9532,.T.);
#5768=ORIENTED_EDGE('',*,*,#8678,.F.);
#5769=ORIENTED_EDGE('',*,*,#9532,.F.);
#5770=ORIENTED_EDGE('',*,*,#9033,.T.);
#5771=ORIENTED_EDGE('',*,*,#9533,.T.);
#5772=ORIENTED_EDGE('',*,*,#8675,.F.);
#5773=ORIENTED_EDGE('',*,*,#9533,.F.);
#5774=ORIENTED_EDGE('',*,*,#9032,.T.);
#5775=ORIENTED_EDGE('',*,*,#9530,.T.);
#5776=ORIENTED_EDGE('',*,*,#8672,.T.);
#5777=ORIENTED_EDGE('',*,*,#9534,.F.);
#5778=ORIENTED_EDGE('',*,*,#9035,.F.);
#5779=ORIENTED_EDGE('',*,*,#9535,.T.);
#5780=ORIENTED_EDGE('',*,*,#8673,.T.);
#5781=ORIENTED_EDGE('',*,*,#9535,.F.);
#5782=ORIENTED_EDGE('',*,*,#9038,.F.);
#5783=ORIENTED_EDGE('',*,*,#9536,.T.);
#5784=ORIENTED_EDGE('',*,*,#8674,.F.);
#5785=ORIENTED_EDGE('',*,*,#9536,.F.);
#5786=ORIENTED_EDGE('',*,*,#9037,.T.);
#5787=ORIENTED_EDGE('',*,*,#9537,.T.);
#5788=ORIENTED_EDGE('',*,*,#8671,.F.);
#5789=ORIENTED_EDGE('',*,*,#9537,.F.);
#5790=ORIENTED_EDGE('',*,*,#9036,.T.);
#5791=ORIENTED_EDGE('',*,*,#9534,.T.);
#5792=ORIENTED_EDGE('',*,*,#8668,.T.);
#5793=ORIENTED_EDGE('',*,*,#9538,.F.);
#5794=ORIENTED_EDGE('',*,*,#9039,.F.);
#5795=ORIENTED_EDGE('',*,*,#9539,.T.);
#5796=ORIENTED_EDGE('',*,*,#8669,.T.);
#5797=ORIENTED_EDGE('',*,*,#9539,.F.);
#5798=ORIENTED_EDGE('',*,*,#9042,.F.);
#5799=ORIENTED_EDGE('',*,*,#9540,.T.);
#5800=ORIENTED_EDGE('',*,*,#8670,.F.);
#5801=ORIENTED_EDGE('',*,*,#9540,.F.);
#5802=ORIENTED_EDGE('',*,*,#9041,.T.);
#5803=ORIENTED_EDGE('',*,*,#9541,.T.);
#5804=ORIENTED_EDGE('',*,*,#8667,.F.);
#5805=ORIENTED_EDGE('',*,*,#9541,.F.);
#5806=ORIENTED_EDGE('',*,*,#9040,.T.);
#5807=ORIENTED_EDGE('',*,*,#9538,.T.);
#5808=ORIENTED_EDGE('',*,*,#8664,.T.);
#5809=ORIENTED_EDGE('',*,*,#9542,.F.);
#5810=ORIENTED_EDGE('',*,*,#9043,.F.);
#5811=ORIENTED_EDGE('',*,*,#9543,.T.);
#5812=ORIENTED_EDGE('',*,*,#8665,.T.);
#5813=ORIENTED_EDGE('',*,*,#9543,.F.);
#5814=ORIENTED_EDGE('',*,*,#9046,.F.);
#5815=ORIENTED_EDGE('',*,*,#9544,.T.);
#5816=ORIENTED_EDGE('',*,*,#8666,.F.);
#5817=ORIENTED_EDGE('',*,*,#9544,.F.);
#5818=ORIENTED_EDGE('',*,*,#9045,.T.);
#5819=ORIENTED_EDGE('',*,*,#9545,.T.);
#5820=ORIENTED_EDGE('',*,*,#8663,.F.);
#5821=ORIENTED_EDGE('',*,*,#9545,.F.);
#5822=ORIENTED_EDGE('',*,*,#9044,.T.);
#5823=ORIENTED_EDGE('',*,*,#9542,.T.);
#5824=ORIENTED_EDGE('',*,*,#8660,.T.);
#5825=ORIENTED_EDGE('',*,*,#9546,.F.);
#5826=ORIENTED_EDGE('',*,*,#9047,.F.);
#5827=ORIENTED_EDGE('',*,*,#9547,.T.);
#5828=ORIENTED_EDGE('',*,*,#8661,.T.);
#5829=ORIENTED_EDGE('',*,*,#9547,.F.);
#5830=ORIENTED_EDGE('',*,*,#9050,.F.);
#5831=ORIENTED_EDGE('',*,*,#9548,.T.);
#5832=ORIENTED_EDGE('',*,*,#8662,.F.);
#5833=ORIENTED_EDGE('',*,*,#9548,.F.);
#5834=ORIENTED_EDGE('',*,*,#9049,.T.);
#5835=ORIENTED_EDGE('',*,*,#9549,.T.);
#5836=ORIENTED_EDGE('',*,*,#8659,.F.);
#5837=ORIENTED_EDGE('',*,*,#9549,.F.);
#5838=ORIENTED_EDGE('',*,*,#9048,.T.);
#5839=ORIENTED_EDGE('',*,*,#9546,.T.);
#5840=ORIENTED_EDGE('',*,*,#8656,.T.);
#5841=ORIENTED_EDGE('',*,*,#9550,.F.);
#5842=ORIENTED_EDGE('',*,*,#9051,.F.);
#5843=ORIENTED_EDGE('',*,*,#9551,.T.);
#5844=ORIENTED_EDGE('',*,*,#8657,.T.);
#5845=ORIENTED_EDGE('',*,*,#9551,.F.);
#5846=ORIENTED_EDGE('',*,*,#9054,.F.);
#5847=ORIENTED_EDGE('',*,*,#9552,.T.);
#5848=ORIENTED_EDGE('',*,*,#8658,.F.);
#5849=ORIENTED_EDGE('',*,*,#9552,.F.);
#5850=ORIENTED_EDGE('',*,*,#9053,.T.);
#5851=ORIENTED_EDGE('',*,*,#9553,.T.);
#5852=ORIENTED_EDGE('',*,*,#8655,.F.);
#5853=ORIENTED_EDGE('',*,*,#9553,.F.);
#5854=ORIENTED_EDGE('',*,*,#9052,.T.);
#5855=ORIENTED_EDGE('',*,*,#9550,.T.);
#5856=ORIENTED_EDGE('',*,*,#8652,.T.);
#5857=ORIENTED_EDGE('',*,*,#9554,.F.);
#5858=ORIENTED_EDGE('',*,*,#9055,.F.);
#5859=ORIENTED_EDGE('',*,*,#9555,.T.);
#5860=ORIENTED_EDGE('',*,*,#8653,.T.);
#5861=ORIENTED_EDGE('',*,*,#9555,.F.);
#5862=ORIENTED_EDGE('',*,*,#9058,.F.);
#5863=ORIENTED_EDGE('',*,*,#9556,.T.);
#5864=ORIENTED_EDGE('',*,*,#8654,.F.);
#5865=ORIENTED_EDGE('',*,*,#9556,.F.);
#5866=ORIENTED_EDGE('',*,*,#9057,.T.);
#5867=ORIENTED_EDGE('',*,*,#9557,.T.);
#5868=ORIENTED_EDGE('',*,*,#8651,.F.);
#5869=ORIENTED_EDGE('',*,*,#9557,.F.);
#5870=ORIENTED_EDGE('',*,*,#9056,.T.);
#5871=ORIENTED_EDGE('',*,*,#9554,.T.);
#5872=ORIENTED_EDGE('',*,*,#8739,.T.);
#5873=ORIENTED_EDGE('',*,*,#9558,.T.);
#5874=ORIENTED_EDGE('',*,*,#8967,.F.);
#5875=ORIENTED_EDGE('',*,*,#9559,.T.);
#5876=ORIENTED_EDGE('',*,*,#8740,.T.);
#5877=ORIENTED_EDGE('',*,*,#9559,.F.);
#5878=ORIENTED_EDGE('',*,*,#8971,.F.);
#5879=ORIENTED_EDGE('',*,*,#9560,.T.);
#5880=ORIENTED_EDGE('',*,*,#8741,.F.);
#5881=ORIENTED_EDGE('',*,*,#9560,.F.);
#5882=ORIENTED_EDGE('',*,*,#8970,.T.);
#5883=ORIENTED_EDGE('',*,*,#9561,.T.);
#5884=ORIENTED_EDGE('',*,*,#9562,.F.);
#5885=ORIENTED_EDGE('',*,*,#8742,.F.);
#5886=ORIENTED_EDGE('',*,*,#9561,.F.);
#5887=ORIENTED_EDGE('',*,*,#8969,.T.);
#5888=ORIENTED_EDGE('',*,*,#8648,.T.);
#5889=ORIENTED_EDGE('',*,*,#9563,.F.);
#5890=ORIENTED_EDGE('',*,*,#9059,.F.);
#5891=ORIENTED_EDGE('',*,*,#9564,.T.);
#5892=ORIENTED_EDGE('',*,*,#8649,.T.);
#5893=ORIENTED_EDGE('',*,*,#9564,.F.);
#5894=ORIENTED_EDGE('',*,*,#9062,.F.);
#5895=ORIENTED_EDGE('',*,*,#9565,.T.);
#5896=ORIENTED_EDGE('',*,*,#8650,.F.);
#5897=ORIENTED_EDGE('',*,*,#9565,.F.);
#5898=ORIENTED_EDGE('',*,*,#9061,.T.);
#5899=ORIENTED_EDGE('',*,*,#9566,.T.);
#5900=ORIENTED_EDGE('',*,*,#8647,.F.);
#5901=ORIENTED_EDGE('',*,*,#9566,.F.);
#5902=ORIENTED_EDGE('',*,*,#9060,.T.);
#5903=ORIENTED_EDGE('',*,*,#9563,.T.);
#5904=ORIENTED_EDGE('',*,*,#8644,.T.);
#5905=ORIENTED_EDGE('',*,*,#9567,.F.);
#5906=ORIENTED_EDGE('',*,*,#9063,.F.);
#5907=ORIENTED_EDGE('',*,*,#9568,.T.);
#5908=ORIENTED_EDGE('',*,*,#8645,.T.);
#5909=ORIENTED_EDGE('',*,*,#9568,.F.);
#5910=ORIENTED_EDGE('',*,*,#9066,.F.);
#5911=ORIENTED_EDGE('',*,*,#9569,.T.);
#5912=ORIENTED_EDGE('',*,*,#8646,.F.);
#5913=ORIENTED_EDGE('',*,*,#9569,.F.);
#5914=ORIENTED_EDGE('',*,*,#9065,.T.);
#5915=ORIENTED_EDGE('',*,*,#9570,.T.);
#5916=ORIENTED_EDGE('',*,*,#8643,.F.);
#5917=ORIENTED_EDGE('',*,*,#9570,.F.);
#5918=ORIENTED_EDGE('',*,*,#9064,.T.);
#5919=ORIENTED_EDGE('',*,*,#9567,.T.);
#5920=ORIENTED_EDGE('',*,*,#8640,.T.);
#5921=ORIENTED_EDGE('',*,*,#9571,.F.);
#5922=ORIENTED_EDGE('',*,*,#9067,.F.);
#5923=ORIENTED_EDGE('',*,*,#9572,.T.);
#5924=ORIENTED_EDGE('',*,*,#8641,.T.);
#5925=ORIENTED_EDGE('',*,*,#9572,.F.);
#5926=ORIENTED_EDGE('',*,*,#9070,.F.);
#5927=ORIENTED_EDGE('',*,*,#9573,.T.);
#5928=ORIENTED_EDGE('',*,*,#8642,.F.);
#5929=ORIENTED_EDGE('',*,*,#9573,.F.);
#5930=ORIENTED_EDGE('',*,*,#9069,.T.);
#5931=ORIENTED_EDGE('',*,*,#9574,.T.);
#5932=ORIENTED_EDGE('',*,*,#8639,.F.);
#5933=ORIENTED_EDGE('',*,*,#9574,.F.);
#5934=ORIENTED_EDGE('',*,*,#9068,.T.);
#5935=ORIENTED_EDGE('',*,*,#9571,.T.);
#5936=ORIENTED_EDGE('',*,*,#8636,.T.);
#5937=ORIENTED_EDGE('',*,*,#9575,.F.);
#5938=ORIENTED_EDGE('',*,*,#9071,.F.);
#5939=ORIENTED_EDGE('',*,*,#9576,.T.);
#5940=ORIENTED_EDGE('',*,*,#8637,.T.);
#5941=ORIENTED_EDGE('',*,*,#9576,.F.);
#5942=ORIENTED_EDGE('',*,*,#9074,.F.);
#5943=ORIENTED_EDGE('',*,*,#9577,.T.);
#5944=ORIENTED_EDGE('',*,*,#8638,.F.);
#5945=ORIENTED_EDGE('',*,*,#9577,.F.);
#5946=ORIENTED_EDGE('',*,*,#9073,.T.);
#5947=ORIENTED_EDGE('',*,*,#9578,.T.);
#5948=ORIENTED_EDGE('',*,*,#8635,.F.);
#5949=ORIENTED_EDGE('',*,*,#9578,.F.);
#5950=ORIENTED_EDGE('',*,*,#9072,.T.);
#5951=ORIENTED_EDGE('',*,*,#9575,.T.);
#5952=ORIENTED_EDGE('',*,*,#8632,.T.);
#5953=ORIENTED_EDGE('',*,*,#9579,.F.);
#5954=ORIENTED_EDGE('',*,*,#9075,.F.);
#5955=ORIENTED_EDGE('',*,*,#9580,.T.);
#5956=ORIENTED_EDGE('',*,*,#8633,.T.);
#5957=ORIENTED_EDGE('',*,*,#9580,.F.);
#5958=ORIENTED_EDGE('',*,*,#9078,.F.);
#5959=ORIENTED_EDGE('',*,*,#9581,.T.);
#5960=ORIENTED_EDGE('',*,*,#8634,.F.);
#5961=ORIENTED_EDGE('',*,*,#9581,.F.);
#5962=ORIENTED_EDGE('',*,*,#9077,.T.);
#5963=ORIENTED_EDGE('',*,*,#9582,.T.);
#5964=ORIENTED_EDGE('',*,*,#8631,.F.);
#5965=ORIENTED_EDGE('',*,*,#9582,.F.);
#5966=ORIENTED_EDGE('',*,*,#9076,.T.);
#5967=ORIENTED_EDGE('',*,*,#9579,.T.);
#5968=ORIENTED_EDGE('',*,*,#8783,.T.);
#5969=ORIENTED_EDGE('',*,*,#9583,.F.);
#5970=ORIENTED_EDGE('',*,*,#8928,.F.);
#5971=ORIENTED_EDGE('',*,*,#9584,.T.);
#5972=ORIENTED_EDGE('',*,*,#9585,.F.);
#5973=ORIENTED_EDGE('',*,*,#8784,.F.);
#5974=ORIENTED_EDGE('',*,*,#9584,.F.);
#5975=ORIENTED_EDGE('',*,*,#8927,.T.);
#5976=ORIENTED_EDGE('',*,*,#8782,.T.);
#5977=ORIENTED_EDGE('',*,*,#9586,.T.);
#5978=ORIENTED_EDGE('',*,*,#8925,.F.);
#5979=ORIENTED_EDGE('',*,*,#9583,.T.);
#5980=ORIENTED_EDGE('',*,*,#8770,.T.);
#5981=ORIENTED_EDGE('',*,*,#9587,.T.);
#5982=ORIENTED_EDGE('',*,*,#8937,.F.);
#5983=ORIENTED_EDGE('',*,*,#9588,.T.);
#5984=ORIENTED_EDGE('',*,*,#8771,.F.);
#5985=ORIENTED_EDGE('',*,*,#9588,.F.);
#5986=ORIENTED_EDGE('',*,*,#8940,.T.);
#5987=ORIENTED_EDGE('',*,*,#9589,.T.);
#5988=ORIENTED_EDGE('',*,*,#9590,.F.);
#5989=ORIENTED_EDGE('',*,*,#8772,.F.);
#5990=ORIENTED_EDGE('',*,*,#9589,.F.);
#5991=ORIENTED_EDGE('',*,*,#8939,.T.);
#5992=ORIENTED_EDGE('',*,*,#8628,.T.);
#5993=ORIENTED_EDGE('',*,*,#9591,.F.);
#5994=ORIENTED_EDGE('',*,*,#9079,.F.);
#5995=ORIENTED_EDGE('',*,*,#9592,.T.);
#5996=ORIENTED_EDGE('',*,*,#8629,.T.);
#5997=ORIENTED_EDGE('',*,*,#9592,.F.);
#5998=ORIENTED_EDGE('',*,*,#9082,.F.);
#5999=ORIENTED_EDGE('',*,*,#9593,.T.);
#6000=ORIENTED_EDGE('',*,*,#8630,.F.);
#6001=ORIENTED_EDGE('',*,*,#9593,.F.);
#6002=ORIENTED_EDGE('',*,*,#9081,.T.);
#6003=ORIENTED_EDGE('',*,*,#9594,.T.);
#6004=ORIENTED_EDGE('',*,*,#8627,.F.);
#6005=ORIENTED_EDGE('',*,*,#9594,.F.);
#6006=ORIENTED_EDGE('',*,*,#9080,.T.);
#6007=ORIENTED_EDGE('',*,*,#9591,.T.);
#6008=ORIENTED_EDGE('',*,*,#8624,.T.);
#6009=ORIENTED_EDGE('',*,*,#9595,.F.);
#6010=ORIENTED_EDGE('',*,*,#9083,.F.);
#6011=ORIENTED_EDGE('',*,*,#9596,.T.);
#6012=ORIENTED_EDGE('',*,*,#8625,.T.);
#6013=ORIENTED_EDGE('',*,*,#9596,.F.);
#6014=ORIENTED_EDGE('',*,*,#9086,.F.);
#6015=ORIENTED_EDGE('',*,*,#9597,.T.);
#6016=ORIENTED_EDGE('',*,*,#8626,.F.);
#6017=ORIENTED_EDGE('',*,*,#9597,.F.);
#6018=ORIENTED_EDGE('',*,*,#9085,.T.);
#6019=ORIENTED_EDGE('',*,*,#9598,.T.);
#6020=ORIENTED_EDGE('',*,*,#8623,.F.);
#6021=ORIENTED_EDGE('',*,*,#9598,.F.);
#6022=ORIENTED_EDGE('',*,*,#9084,.T.);
#6023=ORIENTED_EDGE('',*,*,#9595,.T.);
#6024=ORIENTED_EDGE('',*,*,#8620,.T.);
#6025=ORIENTED_EDGE('',*,*,#9599,.F.);
#6026=ORIENTED_EDGE('',*,*,#9087,.F.);
#6027=ORIENTED_EDGE('',*,*,#9600,.T.);
#6028=ORIENTED_EDGE('',*,*,#8621,.T.);
#6029=ORIENTED_EDGE('',*,*,#9600,.F.);
#6030=ORIENTED_EDGE('',*,*,#9090,.F.);
#6031=ORIENTED_EDGE('',*,*,#9601,.T.);
#6032=ORIENTED_EDGE('',*,*,#8622,.F.);
#6033=ORIENTED_EDGE('',*,*,#9601,.F.);
#6034=ORIENTED_EDGE('',*,*,#9089,.T.);
#6035=ORIENTED_EDGE('',*,*,#9602,.T.);
#6036=ORIENTED_EDGE('',*,*,#8619,.F.);
#6037=ORIENTED_EDGE('',*,*,#9602,.F.);
#6038=ORIENTED_EDGE('',*,*,#9088,.T.);
#6039=ORIENTED_EDGE('',*,*,#9599,.T.);
#6040=ORIENTED_EDGE('',*,*,#8616,.T.);
#6041=ORIENTED_EDGE('',*,*,#9603,.F.);
#6042=ORIENTED_EDGE('',*,*,#9091,.F.);
#6043=ORIENTED_EDGE('',*,*,#9604,.T.);
#6044=ORIENTED_EDGE('',*,*,#8617,.T.);
#6045=ORIENTED_EDGE('',*,*,#9604,.F.);
#6046=ORIENTED_EDGE('',*,*,#9094,.F.);
#6047=ORIENTED_EDGE('',*,*,#9605,.T.);
#6048=ORIENTED_EDGE('',*,*,#8618,.F.);
#6049=ORIENTED_EDGE('',*,*,#9605,.F.);
#6050=ORIENTED_EDGE('',*,*,#9093,.T.);
#6051=ORIENTED_EDGE('',*,*,#9606,.T.);
#6052=ORIENTED_EDGE('',*,*,#8615,.F.);
#6053=ORIENTED_EDGE('',*,*,#9606,.F.);
#6054=ORIENTED_EDGE('',*,*,#9092,.T.);
#6055=ORIENTED_EDGE('',*,*,#9603,.T.);
#6056=ORIENTED_EDGE('',*,*,#8823,.T.);
#6057=ORIENTED_EDGE('',*,*,#9607,.F.);
#6058=ORIENTED_EDGE('',*,*,#8900,.F.);
#6059=ORIENTED_EDGE('',*,*,#8841,.T.);
#6060=ORIENTED_EDGE('',*,*,#8822,.F.);
#6061=ORIENTED_EDGE('',*,*,#8845,.F.);
#6062=ORIENTED_EDGE('',*,*,#8901,.T.);
#6063=ORIENTED_EDGE('',*,*,#9607,.T.);
#6064=ORIENTED_EDGE('',*,*,#8612,.T.);
#6065=ORIENTED_EDGE('',*,*,#9608,.F.);
#6066=ORIENTED_EDGE('',*,*,#9095,.F.);
#6067=ORIENTED_EDGE('',*,*,#9609,.T.);
#6068=ORIENTED_EDGE('',*,*,#8613,.T.);
#6069=ORIENTED_EDGE('',*,*,#9609,.F.);
#6070=ORIENTED_EDGE('',*,*,#9098,.F.);
#6071=ORIENTED_EDGE('',*,*,#9610,.T.);
#6072=ORIENTED_EDGE('',*,*,#8614,.F.);
#6073=ORIENTED_EDGE('',*,*,#9610,.F.);
#6074=ORIENTED_EDGE('',*,*,#9097,.T.);
#6075=ORIENTED_EDGE('',*,*,#9611,.T.);
#6076=ORIENTED_EDGE('',*,*,#8611,.F.);
#6077=ORIENTED_EDGE('',*,*,#9611,.F.);
#6078=ORIENTED_EDGE('',*,*,#9096,.T.);
#6079=ORIENTED_EDGE('',*,*,#9608,.T.);
#6080=ORIENTED_EDGE('',*,*,#8608,.T.);
#6081=ORIENTED_EDGE('',*,*,#9612,.F.);
#6082=ORIENTED_EDGE('',*,*,#9099,.F.);
#6083=ORIENTED_EDGE('',*,*,#9613,.T.);
#6084=ORIENTED_EDGE('',*,*,#8609,.T.);
#6085=ORIENTED_EDGE('',*,*,#9613,.F.);
#6086=ORIENTED_EDGE('',*,*,#9102,.F.);
#6087=ORIENTED_EDGE('',*,*,#9614,.T.);
#6088=ORIENTED_EDGE('',*,*,#8610,.F.);
#6089=ORIENTED_EDGE('',*,*,#9614,.F.);
#6090=ORIENTED_EDGE('',*,*,#9101,.T.);
#6091=ORIENTED_EDGE('',*,*,#9615,.T.);
#6092=ORIENTED_EDGE('',*,*,#8607,.F.);
#6093=ORIENTED_EDGE('',*,*,#9615,.F.);
#6094=ORIENTED_EDGE('',*,*,#9100,.T.);
#6095=ORIENTED_EDGE('',*,*,#9612,.T.);
#6096=ORIENTED_EDGE('',*,*,#8604,.T.);
#6097=ORIENTED_EDGE('',*,*,#9616,.F.);
#6098=ORIENTED_EDGE('',*,*,#9103,.F.);
#6099=ORIENTED_EDGE('',*,*,#9617,.T.);
#6100=ORIENTED_EDGE('',*,*,#8605,.T.);
#6101=ORIENTED_EDGE('',*,*,#9617,.F.);
#6102=ORIENTED_EDGE('',*,*,#9106,.F.);
#6103=ORIENTED_EDGE('',*,*,#9618,.T.);
#6104=ORIENTED_EDGE('',*,*,#8606,.F.);
#6105=ORIENTED_EDGE('',*,*,#9618,.F.);
#6106=ORIENTED_EDGE('',*,*,#9105,.T.);
#6107=ORIENTED_EDGE('',*,*,#9619,.T.);
#6108=ORIENTED_EDGE('',*,*,#8603,.F.);
#6109=ORIENTED_EDGE('',*,*,#9619,.F.);
#6110=ORIENTED_EDGE('',*,*,#9104,.T.);
#6111=ORIENTED_EDGE('',*,*,#9616,.T.);
#6112=ORIENTED_EDGE('',*,*,#8828,.T.);
#6113=ORIENTED_EDGE('',*,*,#9620,.F.);
#6114=ORIENTED_EDGE('',*,*,#8897,.F.);
#6115=ORIENTED_EDGE('',*,*,#8847,.T.);
#6116=ORIENTED_EDGE('',*,*,#8827,.F.);
#6117=ORIENTED_EDGE('',*,*,#8851,.F.);
#6118=ORIENTED_EDGE('',*,*,#8898,.T.);
#6119=ORIENTED_EDGE('',*,*,#9620,.T.);
#6120=ORIENTED_EDGE('',*,*,#8600,.T.);
#6121=ORIENTED_EDGE('',*,*,#9621,.F.);
#6122=ORIENTED_EDGE('',*,*,#9107,.F.);
#6123=ORIENTED_EDGE('',*,*,#9622,.T.);
#6124=ORIENTED_EDGE('',*,*,#8601,.T.);
#6125=ORIENTED_EDGE('',*,*,#9622,.F.);
#6126=ORIENTED_EDGE('',*,*,#9110,.F.);
#6127=ORIENTED_EDGE('',*,*,#9623,.T.);
#6128=ORIENTED_EDGE('',*,*,#8602,.F.);
#6129=ORIENTED_EDGE('',*,*,#9623,.F.);
#6130=ORIENTED_EDGE('',*,*,#9109,.T.);
#6131=ORIENTED_EDGE('',*,*,#9624,.T.);
#6132=ORIENTED_EDGE('',*,*,#8599,.F.);
#6133=ORIENTED_EDGE('',*,*,#9624,.F.);
#6134=ORIENTED_EDGE('',*,*,#9108,.T.);
#6135=ORIENTED_EDGE('',*,*,#9621,.T.);
#6136=ORIENTED_EDGE('',*,*,#8596,.T.);
#6137=ORIENTED_EDGE('',*,*,#9625,.F.);
#6138=ORIENTED_EDGE('',*,*,#9111,.F.);
#6139=ORIENTED_EDGE('',*,*,#9626,.T.);
#6140=ORIENTED_EDGE('',*,*,#8597,.T.);
#6141=ORIENTED_EDGE('',*,*,#9626,.F.);
#6142=ORIENTED_EDGE('',*,*,#9114,.F.);
#6143=ORIENTED_EDGE('',*,*,#9627,.T.);
#6144=ORIENTED_EDGE('',*,*,#8598,.F.);
#6145=ORIENTED_EDGE('',*,*,#9627,.F.);
#6146=ORIENTED_EDGE('',*,*,#9113,.T.);
#6147=ORIENTED_EDGE('',*,*,#9628,.T.);
#6148=ORIENTED_EDGE('',*,*,#8595,.F.);
#6149=ORIENTED_EDGE('',*,*,#9628,.F.);
#6150=ORIENTED_EDGE('',*,*,#9112,.T.);
#6151=ORIENTED_EDGE('',*,*,#9625,.T.);
#6152=ORIENTED_EDGE('',*,*,#8592,.T.);
#6153=ORIENTED_EDGE('',*,*,#9629,.F.);
#6154=ORIENTED_EDGE('',*,*,#9115,.F.);
#6155=ORIENTED_EDGE('',*,*,#9630,.T.);
#6156=ORIENTED_EDGE('',*,*,#8593,.T.);
#6157=ORIENTED_EDGE('',*,*,#9630,.F.);
#6158=ORIENTED_EDGE('',*,*,#9118,.F.);
#6159=ORIENTED_EDGE('',*,*,#9631,.T.);
#6160=ORIENTED_EDGE('',*,*,#8594,.F.);
#6161=ORIENTED_EDGE('',*,*,#9631,.F.);
#6162=ORIENTED_EDGE('',*,*,#9117,.T.);
#6163=ORIENTED_EDGE('',*,*,#9632,.T.);
#6164=ORIENTED_EDGE('',*,*,#8591,.F.);
#6165=ORIENTED_EDGE('',*,*,#9632,.F.);
#6166=ORIENTED_EDGE('',*,*,#9116,.T.);
#6167=ORIENTED_EDGE('',*,*,#9629,.T.);
#6168=ORIENTED_EDGE('',*,*,#8588,.T.);
#6169=ORIENTED_EDGE('',*,*,#9633,.F.);
#6170=ORIENTED_EDGE('',*,*,#9119,.F.);
#6171=ORIENTED_EDGE('',*,*,#9634,.T.);
#6172=ORIENTED_EDGE('',*,*,#8589,.T.);
#6173=ORIENTED_EDGE('',*,*,#9634,.F.);
#6174=ORIENTED_EDGE('',*,*,#9122,.F.);
#6175=ORIENTED_EDGE('',*,*,#9635,.T.);
#6176=ORIENTED_EDGE('',*,*,#8590,.F.);
#6177=ORIENTED_EDGE('',*,*,#9635,.F.);
#6178=ORIENTED_EDGE('',*,*,#9121,.T.);
#6179=ORIENTED_EDGE('',*,*,#9636,.T.);
#6180=ORIENTED_EDGE('',*,*,#8587,.F.);
#6181=ORIENTED_EDGE('',*,*,#9636,.F.);
#6182=ORIENTED_EDGE('',*,*,#9120,.T.);
#6183=ORIENTED_EDGE('',*,*,#9633,.T.);
#6184=ORIENTED_EDGE('',*,*,#8584,.T.);
#6185=ORIENTED_EDGE('',*,*,#9637,.F.);
#6186=ORIENTED_EDGE('',*,*,#9123,.F.);
#6187=ORIENTED_EDGE('',*,*,#9638,.T.);
#6188=ORIENTED_EDGE('',*,*,#8585,.T.);
#6189=ORIENTED_EDGE('',*,*,#9638,.F.);
#6190=ORIENTED_EDGE('',*,*,#9126,.F.);
#6191=ORIENTED_EDGE('',*,*,#9639,.T.);
#6192=ORIENTED_EDGE('',*,*,#8586,.F.);
#6193=ORIENTED_EDGE('',*,*,#9639,.F.);
#6194=ORIENTED_EDGE('',*,*,#9125,.T.);
#6195=ORIENTED_EDGE('',*,*,#9640,.T.);
#6196=ORIENTED_EDGE('',*,*,#8583,.F.);
#6197=ORIENTED_EDGE('',*,*,#9640,.F.);
#6198=ORIENTED_EDGE('',*,*,#9124,.T.);
#6199=ORIENTED_EDGE('',*,*,#9637,.T.);
#6200=ORIENTED_EDGE('',*,*,#8580,.T.);
#6201=ORIENTED_EDGE('',*,*,#9641,.F.);
#6202=ORIENTED_EDGE('',*,*,#9127,.F.);
#6203=ORIENTED_EDGE('',*,*,#9642,.T.);
#6204=ORIENTED_EDGE('',*,*,#8581,.T.);
#6205=ORIENTED_EDGE('',*,*,#9642,.F.);
#6206=ORIENTED_EDGE('',*,*,#9130,.F.);
#6207=ORIENTED_EDGE('',*,*,#9643,.T.);
#6208=ORIENTED_EDGE('',*,*,#8582,.F.);
#6209=ORIENTED_EDGE('',*,*,#9643,.F.);
#6210=ORIENTED_EDGE('',*,*,#9129,.T.);
#6211=ORIENTED_EDGE('',*,*,#9644,.T.);
#6212=ORIENTED_EDGE('',*,*,#8579,.F.);
#6213=ORIENTED_EDGE('',*,*,#9644,.F.);
#6214=ORIENTED_EDGE('',*,*,#9128,.T.);
#6215=ORIENTED_EDGE('',*,*,#9641,.T.);
#6216=ORIENTED_EDGE('',*,*,#8576,.T.);
#6217=ORIENTED_EDGE('',*,*,#9645,.F.);
#6218=ORIENTED_EDGE('',*,*,#9131,.F.);
#6219=ORIENTED_EDGE('',*,*,#9646,.T.);
#6220=ORIENTED_EDGE('',*,*,#8577,.F.);
#6221=ORIENTED_EDGE('',*,*,#9646,.F.);
#6222=ORIENTED_EDGE('',*,*,#9134,.T.);
#6223=ORIENTED_EDGE('',*,*,#9647,.T.);
#6224=ORIENTED_EDGE('',*,*,#8578,.F.);
#6225=ORIENTED_EDGE('',*,*,#9647,.F.);
#6226=ORIENTED_EDGE('',*,*,#9133,.T.);
#6227=ORIENTED_EDGE('',*,*,#9648,.T.);
#6228=ORIENTED_EDGE('',*,*,#8575,.T.);
#6229=ORIENTED_EDGE('',*,*,#9648,.F.);
#6230=ORIENTED_EDGE('',*,*,#9132,.F.);
#6231=ORIENTED_EDGE('',*,*,#9645,.T.);
#6232=ORIENTED_EDGE('',*,*,#8572,.T.);
#6233=ORIENTED_EDGE('',*,*,#9649,.F.);
#6234=ORIENTED_EDGE('',*,*,#9135,.F.);
#6235=ORIENTED_EDGE('',*,*,#9650,.T.);
#6236=ORIENTED_EDGE('',*,*,#8573,.F.);
#6237=ORIENTED_EDGE('',*,*,#9650,.F.);
#6238=ORIENTED_EDGE('',*,*,#9138,.T.);
#6239=ORIENTED_EDGE('',*,*,#9651,.T.);
#6240=ORIENTED_EDGE('',*,*,#8574,.F.);
#6241=ORIENTED_EDGE('',*,*,#9651,.F.);
#6242=ORIENTED_EDGE('',*,*,#9137,.T.);
#6243=ORIENTED_EDGE('',*,*,#9652,.T.);
#6244=ORIENTED_EDGE('',*,*,#8571,.T.);
#6245=ORIENTED_EDGE('',*,*,#9652,.F.);
#6246=ORIENTED_EDGE('',*,*,#9136,.F.);
#6247=ORIENTED_EDGE('',*,*,#9649,.T.);
#6248=ORIENTED_EDGE('',*,*,#8568,.T.);
#6249=ORIENTED_EDGE('',*,*,#9653,.F.);
#6250=ORIENTED_EDGE('',*,*,#9139,.F.);
#6251=ORIENTED_EDGE('',*,*,#9654,.T.);
#6252=ORIENTED_EDGE('',*,*,#8569,.F.);
#6253=ORIENTED_EDGE('',*,*,#9654,.F.);
#6254=ORIENTED_EDGE('',*,*,#9142,.T.);
#6255=ORIENTED_EDGE('',*,*,#9655,.T.);
#6256=ORIENTED_EDGE('',*,*,#8570,.F.);
#6257=ORIENTED_EDGE('',*,*,#9655,.F.);
#6258=ORIENTED_EDGE('',*,*,#9141,.T.);
#6259=ORIENTED_EDGE('',*,*,#9656,.T.);
#6260=ORIENTED_EDGE('',*,*,#8567,.T.);
#6261=ORIENTED_EDGE('',*,*,#9656,.F.);
#6262=ORIENTED_EDGE('',*,*,#9140,.F.);
#6263=ORIENTED_EDGE('',*,*,#9653,.T.);
#6264=ORIENTED_EDGE('',*,*,#8564,.T.);
#6265=ORIENTED_EDGE('',*,*,#9657,.F.);
#6266=ORIENTED_EDGE('',*,*,#9143,.F.);
#6267=ORIENTED_EDGE('',*,*,#9658,.T.);
#6268=ORIENTED_EDGE('',*,*,#8565,.F.);
#6269=ORIENTED_EDGE('',*,*,#9658,.F.);
#6270=ORIENTED_EDGE('',*,*,#9146,.T.);
#6271=ORIENTED_EDGE('',*,*,#9659,.T.);
#6272=ORIENTED_EDGE('',*,*,#8566,.F.);
#6273=ORIENTED_EDGE('',*,*,#9659,.F.);
#6274=ORIENTED_EDGE('',*,*,#9145,.T.);
#6275=ORIENTED_EDGE('',*,*,#9660,.T.);
#6276=ORIENTED_EDGE('',*,*,#8563,.T.);
#6277=ORIENTED_EDGE('',*,*,#9660,.F.);
#6278=ORIENTED_EDGE('',*,*,#9144,.F.);
#6279=ORIENTED_EDGE('',*,*,#9657,.T.);
#6280=ORIENTED_EDGE('',*,*,#8560,.T.);
#6281=ORIENTED_EDGE('',*,*,#9661,.F.);
#6282=ORIENTED_EDGE('',*,*,#9147,.F.);
#6283=ORIENTED_EDGE('',*,*,#9662,.T.);
#6284=ORIENTED_EDGE('',*,*,#8561,.F.);
#6285=ORIENTED_EDGE('',*,*,#9662,.F.);
#6286=ORIENTED_EDGE('',*,*,#9150,.T.);
#6287=ORIENTED_EDGE('',*,*,#9663,.T.);
#6288=ORIENTED_EDGE('',*,*,#8562,.F.);
#6289=ORIENTED_EDGE('',*,*,#9663,.F.);
#6290=ORIENTED_EDGE('',*,*,#9149,.T.);
#6291=ORIENTED_EDGE('',*,*,#9664,.T.);
#6292=ORIENTED_EDGE('',*,*,#8559,.T.);
#6293=ORIENTED_EDGE('',*,*,#9664,.F.);
#6294=ORIENTED_EDGE('',*,*,#9148,.F.);
#6295=ORIENTED_EDGE('',*,*,#9661,.T.);
#6296=ORIENTED_EDGE('',*,*,#8792,.T.);
#6297=ORIENTED_EDGE('',*,*,#9665,.F.);
#6298=ORIENTED_EDGE('',*,*,#8919,.F.);
#6299=ORIENTED_EDGE('',*,*,#9666,.T.);
#6300=ORIENTED_EDGE('',*,*,#8793,.F.);
#6301=ORIENTED_EDGE('',*,*,#9666,.F.);
#6302=ORIENTED_EDGE('',*,*,#8918,.T.);
#6303=ORIENTED_EDGE('',*,*,#9667,.T.);
#6304=ORIENTED_EDGE('',*,*,#9668,.F.);
#6305=ORIENTED_EDGE('',*,*,#8794,.F.);
#6306=ORIENTED_EDGE('',*,*,#9667,.F.);
#6307=ORIENTED_EDGE('',*,*,#8917,.T.);
#6308=ORIENTED_EDGE('',*,*,#8791,.T.);
#6309=ORIENTED_EDGE('',*,*,#9669,.T.);
#6310=ORIENTED_EDGE('',*,*,#8915,.F.);
#6311=ORIENTED_EDGE('',*,*,#9665,.T.);
#6312=ORIENTED_EDGE('',*,*,#8556,.T.);
#6313=ORIENTED_EDGE('',*,*,#9670,.F.);
#6314=ORIENTED_EDGE('',*,*,#9151,.F.);
#6315=ORIENTED_EDGE('',*,*,#9671,.T.);
#6316=ORIENTED_EDGE('',*,*,#8557,.F.);
#6317=ORIENTED_EDGE('',*,*,#9671,.F.);
#6318=ORIENTED_EDGE('',*,*,#9154,.T.);
#6319=ORIENTED_EDGE('',*,*,#9672,.T.);
#6320=ORIENTED_EDGE('',*,*,#8558,.F.);
#6321=ORIENTED_EDGE('',*,*,#9672,.F.);
#6322=ORIENTED_EDGE('',*,*,#9153,.T.);
#6323=ORIENTED_EDGE('',*,*,#9673,.T.);
#6324=ORIENTED_EDGE('',*,*,#8555,.T.);
#6325=ORIENTED_EDGE('',*,*,#9673,.F.);
#6326=ORIENTED_EDGE('',*,*,#9152,.F.);
#6327=ORIENTED_EDGE('',*,*,#9670,.T.);
#6328=ORIENTED_EDGE('',*,*,#8552,.T.);
#6329=ORIENTED_EDGE('',*,*,#9674,.F.);
#6330=ORIENTED_EDGE('',*,*,#9155,.F.);
#6331=ORIENTED_EDGE('',*,*,#9675,.T.);
#6332=ORIENTED_EDGE('',*,*,#8553,.F.);
#6333=ORIENTED_EDGE('',*,*,#9675,.F.);
#6334=ORIENTED_EDGE('',*,*,#9158,.T.);
#6335=ORIENTED_EDGE('',*,*,#9676,.T.);
#6336=ORIENTED_EDGE('',*,*,#8554,.F.);
#6337=ORIENTED_EDGE('',*,*,#9676,.F.);
#6338=ORIENTED_EDGE('',*,*,#9157,.T.);
#6339=ORIENTED_EDGE('',*,*,#9677,.T.);
#6340=ORIENTED_EDGE('',*,*,#8551,.T.);
#6341=ORIENTED_EDGE('',*,*,#9677,.F.);
#6342=ORIENTED_EDGE('',*,*,#9156,.F.);
#6343=ORIENTED_EDGE('',*,*,#9674,.T.);
#6344=ORIENTED_EDGE('',*,*,#8548,.T.);
#6345=ORIENTED_EDGE('',*,*,#9678,.F.);
#6346=ORIENTED_EDGE('',*,*,#9159,.F.);
#6347=ORIENTED_EDGE('',*,*,#9679,.T.);
#6348=ORIENTED_EDGE('',*,*,#8549,.F.);
#6349=ORIENTED_EDGE('',*,*,#9679,.F.);
#6350=ORIENTED_EDGE('',*,*,#9162,.T.);
#6351=ORIENTED_EDGE('',*,*,#9680,.T.);
#6352=ORIENTED_EDGE('',*,*,#8550,.F.);
#6353=ORIENTED_EDGE('',*,*,#9680,.F.);
#6354=ORIENTED_EDGE('',*,*,#9161,.T.);
#6355=ORIENTED_EDGE('',*,*,#9681,.T.);
#6356=ORIENTED_EDGE('',*,*,#8547,.T.);
#6357=ORIENTED_EDGE('',*,*,#9681,.F.);
#6358=ORIENTED_EDGE('',*,*,#9160,.F.);
#6359=ORIENTED_EDGE('',*,*,#9678,.T.);
#6360=ORIENTED_EDGE('',*,*,#8544,.T.);
#6361=ORIENTED_EDGE('',*,*,#9682,.F.);
#6362=ORIENTED_EDGE('',*,*,#9163,.F.);
#6363=ORIENTED_EDGE('',*,*,#9683,.T.);
#6364=ORIENTED_EDGE('',*,*,#8545,.F.);
#6365=ORIENTED_EDGE('',*,*,#9683,.F.);
#6366=ORIENTED_EDGE('',*,*,#9166,.T.);
#6367=ORIENTED_EDGE('',*,*,#9684,.T.);
#6368=ORIENTED_EDGE('',*,*,#8546,.F.);
#6369=ORIENTED_EDGE('',*,*,#9684,.F.);
#6370=ORIENTED_EDGE('',*,*,#9165,.T.);
#6371=ORIENTED_EDGE('',*,*,#9685,.T.);
#6372=ORIENTED_EDGE('',*,*,#8543,.T.);
#6373=ORIENTED_EDGE('',*,*,#9685,.F.);
#6374=ORIENTED_EDGE('',*,*,#9164,.F.);
#6375=ORIENTED_EDGE('',*,*,#9682,.T.);
#6376=ORIENTED_EDGE('',*,*,#8540,.T.);
#6377=ORIENTED_EDGE('',*,*,#9686,.F.);
#6378=ORIENTED_EDGE('',*,*,#9167,.F.);
#6379=ORIENTED_EDGE('',*,*,#9687,.T.);
#6380=ORIENTED_EDGE('',*,*,#8541,.T.);
#6381=ORIENTED_EDGE('',*,*,#9687,.F.);
#6382=ORIENTED_EDGE('',*,*,#9170,.F.);
#6383=ORIENTED_EDGE('',*,*,#9688,.T.);
#6384=ORIENTED_EDGE('',*,*,#8542,.F.);
#6385=ORIENTED_EDGE('',*,*,#9688,.F.);
#6386=ORIENTED_EDGE('',*,*,#9169,.T.);
#6387=ORIENTED_EDGE('',*,*,#9689,.T.);
#6388=ORIENTED_EDGE('',*,*,#8539,.F.);
#6389=ORIENTED_EDGE('',*,*,#9689,.F.);
#6390=ORIENTED_EDGE('',*,*,#9168,.T.);
#6391=ORIENTED_EDGE('',*,*,#9686,.T.);
#6392=ORIENTED_EDGE('',*,*,#8744,.T.);
#6393=ORIENTED_EDGE('',*,*,#9690,.T.);
#6394=ORIENTED_EDGE('',*,*,#8963,.F.);
#6395=ORIENTED_EDGE('',*,*,#9691,.T.);
#6396=ORIENTED_EDGE('',*,*,#8745,.F.);
#6397=ORIENTED_EDGE('',*,*,#9691,.F.);
#6398=ORIENTED_EDGE('',*,*,#8966,.T.);
#6399=ORIENTED_EDGE('',*,*,#9692,.T.);
#6400=ORIENTED_EDGE('',*,*,#9693,.F.);
#6401=ORIENTED_EDGE('',*,*,#8746,.F.);
#6402=ORIENTED_EDGE('',*,*,#9692,.F.);
#6403=ORIENTED_EDGE('',*,*,#8965,.T.);
#6404=ORIENTED_EDGE('',*,*,#8748,.T.);
#6405=ORIENTED_EDGE('',*,*,#9694,.T.);
#6406=ORIENTED_EDGE('',*,*,#8959,.F.);
#6407=ORIENTED_EDGE('',*,*,#9695,.T.);
#6408=ORIENTED_EDGE('',*,*,#8749,.F.);
#6409=ORIENTED_EDGE('',*,*,#9695,.F.);
#6410=ORIENTED_EDGE('',*,*,#8962,.T.);
#6411=ORIENTED_EDGE('',*,*,#9696,.T.);
#6412=ORIENTED_EDGE('',*,*,#9697,.F.);
#6413=ORIENTED_EDGE('',*,*,#8750,.F.);
#6414=ORIENTED_EDGE('',*,*,#9696,.F.);
#6415=ORIENTED_EDGE('',*,*,#8961,.T.);
#6416=ORIENTED_EDGE('',*,*,#8752,.T.);
#6417=ORIENTED_EDGE('',*,*,#9698,.T.);
#6418=ORIENTED_EDGE('',*,*,#8955,.F.);
#6419=ORIENTED_EDGE('',*,*,#9699,.T.);
#6420=ORIENTED_EDGE('',*,*,#8753,.T.);
#6421=ORIENTED_EDGE('',*,*,#9699,.F.);
#6422=ORIENTED_EDGE('',*,*,#8958,.F.);
#6423=ORIENTED_EDGE('',*,*,#9700,.T.);
#6424=ORIENTED_EDGE('',*,*,#9701,.F.);
#6425=ORIENTED_EDGE('',*,*,#8754,.F.);
#6426=ORIENTED_EDGE('',*,*,#9700,.F.);
#6427=ORIENTED_EDGE('',*,*,#8957,.T.);
#6428=ORIENTED_EDGE('',*,*,#8536,.T.);
#6429=ORIENTED_EDGE('',*,*,#9702,.F.);
#6430=ORIENTED_EDGE('',*,*,#9171,.F.);
#6431=ORIENTED_EDGE('',*,*,#9703,.T.);
#6432=ORIENTED_EDGE('',*,*,#8537,.T.);
#6433=ORIENTED_EDGE('',*,*,#9703,.F.);
#6434=ORIENTED_EDGE('',*,*,#9174,.F.);
#6435=ORIENTED_EDGE('',*,*,#9704,.T.);
#6436=ORIENTED_EDGE('',*,*,#8538,.F.);
#6437=ORIENTED_EDGE('',*,*,#9704,.F.);
#6438=ORIENTED_EDGE('',*,*,#9173,.T.);
#6439=ORIENTED_EDGE('',*,*,#9705,.T.);
#6440=ORIENTED_EDGE('',*,*,#8535,.F.);
#6441=ORIENTED_EDGE('',*,*,#9705,.F.);
#6442=ORIENTED_EDGE('',*,*,#9172,.T.);
#6443=ORIENTED_EDGE('',*,*,#9702,.T.);
#6444=ORIENTED_EDGE('',*,*,#8532,.T.);
#6445=ORIENTED_EDGE('',*,*,#9706,.F.);
#6446=ORIENTED_EDGE('',*,*,#9175,.F.);
#6447=ORIENTED_EDGE('',*,*,#9707,.T.);
#6448=ORIENTED_EDGE('',*,*,#8533,.T.);
#6449=ORIENTED_EDGE('',*,*,#9707,.F.);
#6450=ORIENTED_EDGE('',*,*,#9178,.F.);
#6451=ORIENTED_EDGE('',*,*,#9708,.T.);
#6452=ORIENTED_EDGE('',*,*,#8534,.F.);
#6453=ORIENTED_EDGE('',*,*,#9708,.F.);
#6454=ORIENTED_EDGE('',*,*,#9177,.T.);
#6455=ORIENTED_EDGE('',*,*,#9709,.T.);
#6456=ORIENTED_EDGE('',*,*,#8531,.F.);
#6457=ORIENTED_EDGE('',*,*,#9709,.F.);
#6458=ORIENTED_EDGE('',*,*,#9176,.T.);
#6459=ORIENTED_EDGE('',*,*,#9706,.T.);
#6460=ORIENTED_EDGE('',*,*,#8528,.T.);
#6461=ORIENTED_EDGE('',*,*,#9710,.F.);
#6462=ORIENTED_EDGE('',*,*,#9179,.F.);
#6463=ORIENTED_EDGE('',*,*,#9711,.T.);
#6464=ORIENTED_EDGE('',*,*,#8529,.T.);
#6465=ORIENTED_EDGE('',*,*,#9711,.F.);
#6466=ORIENTED_EDGE('',*,*,#9182,.F.);
#6467=ORIENTED_EDGE('',*,*,#9712,.T.);
#6468=ORIENTED_EDGE('',*,*,#8530,.F.);
#6469=ORIENTED_EDGE('',*,*,#9712,.F.);
#6470=ORIENTED_EDGE('',*,*,#9181,.T.);
#6471=ORIENTED_EDGE('',*,*,#9713,.T.);
#6472=ORIENTED_EDGE('',*,*,#8527,.F.);
#6473=ORIENTED_EDGE('',*,*,#9713,.F.);
#6474=ORIENTED_EDGE('',*,*,#9180,.T.);
#6475=ORIENTED_EDGE('',*,*,#9710,.T.);
#6476=ORIENTED_EDGE('',*,*,#8524,.T.);
#6477=ORIENTED_EDGE('',*,*,#9714,.F.);
#6478=ORIENTED_EDGE('',*,*,#9183,.F.);
#6479=ORIENTED_EDGE('',*,*,#9715,.T.);
#6480=ORIENTED_EDGE('',*,*,#8525,.T.);
#6481=ORIENTED_EDGE('',*,*,#9715,.F.);
#6482=ORIENTED_EDGE('',*,*,#9186,.F.);
#6483=ORIENTED_EDGE('',*,*,#9716,.T.);
#6484=ORIENTED_EDGE('',*,*,#8526,.F.);
#6485=ORIENTED_EDGE('',*,*,#9716,.F.);
#6486=ORIENTED_EDGE('',*,*,#9185,.T.);
#6487=ORIENTED_EDGE('',*,*,#9717,.T.);
#6488=ORIENTED_EDGE('',*,*,#8523,.F.);
#6489=ORIENTED_EDGE('',*,*,#9717,.F.);
#6490=ORIENTED_EDGE('',*,*,#9184,.T.);
#6491=ORIENTED_EDGE('',*,*,#9714,.T.);
#6492=ORIENTED_EDGE('',*,*,#8756,.T.);
#6493=ORIENTED_EDGE('',*,*,#9718,.T.);
#6494=ORIENTED_EDGE('',*,*,#8951,.F.);
#6495=ORIENTED_EDGE('',*,*,#9719,.T.);
#6496=ORIENTED_EDGE('',*,*,#8757,.T.);
#6497=ORIENTED_EDGE('',*,*,#9719,.F.);
#6498=ORIENTED_EDGE('',*,*,#8954,.F.);
#6499=ORIENTED_EDGE('',*,*,#9720,.T.);
#6500=ORIENTED_EDGE('',*,*,#9721,.F.);
#6501=ORIENTED_EDGE('',*,*,#8758,.F.);
#6502=ORIENTED_EDGE('',*,*,#9720,.F.);
#6503=ORIENTED_EDGE('',*,*,#8953,.T.);
#6504=ORIENTED_EDGE('',*,*,#8520,.T.);
#6505=ORIENTED_EDGE('',*,*,#9722,.F.);
#6506=ORIENTED_EDGE('',*,*,#9187,.F.);
#6507=ORIENTED_EDGE('',*,*,#9723,.T.);
#6508=ORIENTED_EDGE('',*,*,#8521,.T.);
#6509=ORIENTED_EDGE('',*,*,#9723,.F.);
#6510=ORIENTED_EDGE('',*,*,#9190,.F.);
#6511=ORIENTED_EDGE('',*,*,#9724,.T.);
#6512=ORIENTED_EDGE('',*,*,#8522,.F.);
#6513=ORIENTED_EDGE('',*,*,#9724,.F.);
#6514=ORIENTED_EDGE('',*,*,#9189,.T.);
#6515=ORIENTED_EDGE('',*,*,#9725,.T.);
#6516=ORIENTED_EDGE('',*,*,#8519,.F.);
#6517=ORIENTED_EDGE('',*,*,#9725,.F.);
#6518=ORIENTED_EDGE('',*,*,#9188,.T.);
#6519=ORIENTED_EDGE('',*,*,#9722,.T.);
#6520=ORIENTED_EDGE('',*,*,#8516,.T.);
#6521=ORIENTED_EDGE('',*,*,#9726,.F.);
#6522=ORIENTED_EDGE('',*,*,#9191,.F.);
#6523=ORIENTED_EDGE('',*,*,#9727,.T.);
#6524=ORIENTED_EDGE('',*,*,#8517,.T.);
#6525=ORIENTED_EDGE('',*,*,#9727,.F.);
#6526=ORIENTED_EDGE('',*,*,#9194,.F.);
#6527=ORIENTED_EDGE('',*,*,#9728,.T.);
#6528=ORIENTED_EDGE('',*,*,#8518,.F.);
#6529=ORIENTED_EDGE('',*,*,#9728,.F.);
#6530=ORIENTED_EDGE('',*,*,#9193,.T.);
#6531=ORIENTED_EDGE('',*,*,#9729,.T.);
#6532=ORIENTED_EDGE('',*,*,#8515,.F.);
#6533=ORIENTED_EDGE('',*,*,#9729,.F.);
#6534=ORIENTED_EDGE('',*,*,#9192,.T.);
#6535=ORIENTED_EDGE('',*,*,#9726,.T.);
#6536=ORIENTED_EDGE('',*,*,#8512,.T.);
#6537=ORIENTED_EDGE('',*,*,#9730,.F.);
#6538=ORIENTED_EDGE('',*,*,#9195,.F.);
#6539=ORIENTED_EDGE('',*,*,#9731,.T.);
#6540=ORIENTED_EDGE('',*,*,#8513,.T.);
#6541=ORIENTED_EDGE('',*,*,#9731,.F.);
#6542=ORIENTED_EDGE('',*,*,#9198,.F.);
#6543=ORIENTED_EDGE('',*,*,#9732,.T.);
#6544=ORIENTED_EDGE('',*,*,#8514,.F.);
#6545=ORIENTED_EDGE('',*,*,#9732,.F.);
#6546=ORIENTED_EDGE('',*,*,#9197,.T.);
#6547=ORIENTED_EDGE('',*,*,#9733,.T.);
#6548=ORIENTED_EDGE('',*,*,#8511,.F.);
#6549=ORIENTED_EDGE('',*,*,#9733,.F.);
#6550=ORIENTED_EDGE('',*,*,#9196,.T.);
#6551=ORIENTED_EDGE('',*,*,#9730,.T.);
#6552=ORIENTED_EDGE('',*,*,#8508,.T.);
#6553=ORIENTED_EDGE('',*,*,#9734,.F.);
#6554=ORIENTED_EDGE('',*,*,#9199,.F.);
#6555=ORIENTED_EDGE('',*,*,#9735,.T.);
#6556=ORIENTED_EDGE('',*,*,#8509,.T.);
#6557=ORIENTED_EDGE('',*,*,#9735,.F.);
#6558=ORIENTED_EDGE('',*,*,#9202,.F.);
#6559=ORIENTED_EDGE('',*,*,#9736,.T.);
#6560=ORIENTED_EDGE('',*,*,#8510,.F.);
#6561=ORIENTED_EDGE('',*,*,#9736,.F.);
#6562=ORIENTED_EDGE('',*,*,#9201,.T.);
#6563=ORIENTED_EDGE('',*,*,#9737,.T.);
#6564=ORIENTED_EDGE('',*,*,#8507,.F.);
#6565=ORIENTED_EDGE('',*,*,#9737,.F.);
#6566=ORIENTED_EDGE('',*,*,#9200,.T.);
#6567=ORIENTED_EDGE('',*,*,#9734,.T.);
#6568=ORIENTED_EDGE('',*,*,#8833,.T.);
#6569=ORIENTED_EDGE('',*,*,#9738,.F.);
#6570=ORIENTED_EDGE('',*,*,#8894,.F.);
#6571=ORIENTED_EDGE('',*,*,#8853,.T.);
#6572=ORIENTED_EDGE('',*,*,#8832,.F.);
#6573=ORIENTED_EDGE('',*,*,#8857,.F.);
#6574=ORIENTED_EDGE('',*,*,#8895,.T.);
#6575=ORIENTED_EDGE('',*,*,#9738,.T.);
#6576=ORIENTED_EDGE('',*,*,#8837,.F.);
#6577=ORIENTED_EDGE('',*,*,#8863,.F.);
#6578=ORIENTED_EDGE('',*,*,#8892,.T.);
#6579=ORIENTED_EDGE('',*,*,#9739,.T.);
#6580=ORIENTED_EDGE('',*,*,#8838,.T.);
#6581=ORIENTED_EDGE('',*,*,#9739,.F.);
#6582=ORIENTED_EDGE('',*,*,#8891,.F.);
#6583=ORIENTED_EDGE('',*,*,#8859,.T.);
#6584=ORIENTED_EDGE('',*,*,#8504,.T.);
#6585=ORIENTED_EDGE('',*,*,#9740,.F.);
#6586=ORIENTED_EDGE('',*,*,#9206,.F.);
#6587=ORIENTED_EDGE('',*,*,#9741,.T.);
#6588=ORIENTED_EDGE('',*,*,#8505,.F.);
#6589=ORIENTED_EDGE('',*,*,#9741,.F.);
#6590=ORIENTED_EDGE('',*,*,#9209,.T.);
#6591=ORIENTED_EDGE('',*,*,#9742,.T.);
#6592=ORIENTED_EDGE('',*,*,#8506,.F.);
#6593=ORIENTED_EDGE('',*,*,#9742,.F.);
#6594=ORIENTED_EDGE('',*,*,#9208,.T.);
#6595=ORIENTED_EDGE('',*,*,#9743,.T.);
#6596=ORIENTED_EDGE('',*,*,#8503,.T.);
#6597=ORIENTED_EDGE('',*,*,#9743,.F.);
#6598=ORIENTED_EDGE('',*,*,#9207,.F.);
#6599=ORIENTED_EDGE('',*,*,#9740,.T.);
#6600=ORIENTED_EDGE('',*,*,#8500,.T.);
#6601=ORIENTED_EDGE('',*,*,#9744,.F.);
#6602=ORIENTED_EDGE('',*,*,#9210,.F.);
#6603=ORIENTED_EDGE('',*,*,#9745,.T.);
#6604=ORIENTED_EDGE('',*,*,#8501,.F.);
#6605=ORIENTED_EDGE('',*,*,#9745,.F.);
#6606=ORIENTED_EDGE('',*,*,#9213,.T.);
#6607=ORIENTED_EDGE('',*,*,#9746,.T.);
#6608=ORIENTED_EDGE('',*,*,#8502,.F.);
#6609=ORIENTED_EDGE('',*,*,#9746,.F.);
#6610=ORIENTED_EDGE('',*,*,#9212,.T.);
#6611=ORIENTED_EDGE('',*,*,#9747,.T.);
#6612=ORIENTED_EDGE('',*,*,#8499,.T.);
#6613=ORIENTED_EDGE('',*,*,#9747,.F.);
#6614=ORIENTED_EDGE('',*,*,#9211,.F.);
#6615=ORIENTED_EDGE('',*,*,#9744,.T.);
#6616=ORIENTED_EDGE('',*,*,#8496,.T.);
#6617=ORIENTED_EDGE('',*,*,#9748,.F.);
#6618=ORIENTED_EDGE('',*,*,#9214,.F.);
#6619=ORIENTED_EDGE('',*,*,#9749,.T.);
#6620=ORIENTED_EDGE('',*,*,#8497,.F.);
#6621=ORIENTED_EDGE('',*,*,#9749,.F.);
#6622=ORIENTED_EDGE('',*,*,#9217,.T.);
#6623=ORIENTED_EDGE('',*,*,#9750,.T.);
#6624=ORIENTED_EDGE('',*,*,#8498,.F.);
#6625=ORIENTED_EDGE('',*,*,#9750,.F.);
#6626=ORIENTED_EDGE('',*,*,#9216,.T.);
#6627=ORIENTED_EDGE('',*,*,#9751,.T.);
#6628=ORIENTED_EDGE('',*,*,#8495,.T.);
#6629=ORIENTED_EDGE('',*,*,#9751,.F.);
#6630=ORIENTED_EDGE('',*,*,#9215,.F.);
#6631=ORIENTED_EDGE('',*,*,#9748,.T.);
#6632=ORIENTED_EDGE('',*,*,#8492,.T.);
#6633=ORIENTED_EDGE('',*,*,#9752,.F.);
#6634=ORIENTED_EDGE('',*,*,#9218,.F.);
#6635=ORIENTED_EDGE('',*,*,#9753,.T.);
#6636=ORIENTED_EDGE('',*,*,#8493,.T.);
#6637=ORIENTED_EDGE('',*,*,#9753,.F.);
#6638=ORIENTED_EDGE('',*,*,#9221,.F.);
#6639=ORIENTED_EDGE('',*,*,#9754,.T.);
#6640=ORIENTED_EDGE('',*,*,#8494,.F.);
#6641=ORIENTED_EDGE('',*,*,#9754,.F.);
#6642=ORIENTED_EDGE('',*,*,#9220,.T.);
#6643=ORIENTED_EDGE('',*,*,#9755,.T.);
#6644=ORIENTED_EDGE('',*,*,#8491,.F.);
#6645=ORIENTED_EDGE('',*,*,#9755,.F.);
#6646=ORIENTED_EDGE('',*,*,#9219,.T.);
#6647=ORIENTED_EDGE('',*,*,#9752,.T.);
#6648=ORIENTED_EDGE('',*,*,#8488,.T.);
#6649=ORIENTED_EDGE('',*,*,#9756,.F.);
#6650=ORIENTED_EDGE('',*,*,#9222,.F.);
#6651=ORIENTED_EDGE('',*,*,#9757,.T.);
#6652=ORIENTED_EDGE('',*,*,#8489,.T.);
#6653=ORIENTED_EDGE('',*,*,#9757,.F.);
#6654=ORIENTED_EDGE('',*,*,#9225,.F.);
#6655=ORIENTED_EDGE('',*,*,#9758,.T.);
#6656=ORIENTED_EDGE('',*,*,#8490,.F.);
#6657=ORIENTED_EDGE('',*,*,#9758,.F.);
#6658=ORIENTED_EDGE('',*,*,#9224,.T.);
#6659=ORIENTED_EDGE('',*,*,#9759,.T.);
#6660=ORIENTED_EDGE('',*,*,#8487,.F.);
#6661=ORIENTED_EDGE('',*,*,#9759,.F.);
#6662=ORIENTED_EDGE('',*,*,#9223,.T.);
#6663=ORIENTED_EDGE('',*,*,#9756,.T.);
#6664=ORIENTED_EDGE('',*,*,#8765,.T.);
#6665=ORIENTED_EDGE('',*,*,#9760,.T.);
#6666=ORIENTED_EDGE('',*,*,#8941,.F.);
#6667=ORIENTED_EDGE('',*,*,#9761,.T.);
#6668=ORIENTED_EDGE('',*,*,#8766,.T.);
#6669=ORIENTED_EDGE('',*,*,#9761,.F.);
#6670=ORIENTED_EDGE('',*,*,#8945,.F.);
#6671=ORIENTED_EDGE('',*,*,#9762,.T.);
#6672=ORIENTED_EDGE('',*,*,#8767,.F.);
#6673=ORIENTED_EDGE('',*,*,#9762,.F.);
#6674=ORIENTED_EDGE('',*,*,#8944,.T.);
#6675=ORIENTED_EDGE('',*,*,#9763,.T.);
#6676=ORIENTED_EDGE('',*,*,#9764,.F.);
#6677=ORIENTED_EDGE('',*,*,#8768,.F.);
#6678=ORIENTED_EDGE('',*,*,#9763,.F.);
#6679=ORIENTED_EDGE('',*,*,#8943,.T.);
#6680=ORIENTED_EDGE('',*,*,#8484,.T.);
#6681=ORIENTED_EDGE('',*,*,#9765,.F.);
#6682=ORIENTED_EDGE('',*,*,#9226,.F.);
#6683=ORIENTED_EDGE('',*,*,#9766,.T.);
#6684=ORIENTED_EDGE('',*,*,#8485,.T.);
#6685=ORIENTED_EDGE('',*,*,#9766,.F.);
#6686=ORIENTED_EDGE('',*,*,#9229,.F.);
#6687=ORIENTED_EDGE('',*,*,#9767,.T.);
#6688=ORIENTED_EDGE('',*,*,#8486,.F.);
#6689=ORIENTED_EDGE('',*,*,#9767,.F.);
#6690=ORIENTED_EDGE('',*,*,#9228,.T.);
#6691=ORIENTED_EDGE('',*,*,#9768,.T.);
#6692=ORIENTED_EDGE('',*,*,#8483,.F.);
#6693=ORIENTED_EDGE('',*,*,#9768,.F.);
#6694=ORIENTED_EDGE('',*,*,#9227,.T.);
#6695=ORIENTED_EDGE('',*,*,#9765,.T.);
#6696=ORIENTED_EDGE('',*,*,#8480,.T.);
#6697=ORIENTED_EDGE('',*,*,#9769,.F.);
#6698=ORIENTED_EDGE('',*,*,#9230,.F.);
#6699=ORIENTED_EDGE('',*,*,#9770,.T.);
#6700=ORIENTED_EDGE('',*,*,#8481,.T.);
#6701=ORIENTED_EDGE('',*,*,#9770,.F.);
#6702=ORIENTED_EDGE('',*,*,#9233,.F.);
#6703=ORIENTED_EDGE('',*,*,#9771,.T.);
#6704=ORIENTED_EDGE('',*,*,#8482,.F.);
#6705=ORIENTED_EDGE('',*,*,#9771,.F.);
#6706=ORIENTED_EDGE('',*,*,#9232,.T.);
#6707=ORIENTED_EDGE('',*,*,#9772,.T.);
#6708=ORIENTED_EDGE('',*,*,#8479,.F.);
#6709=ORIENTED_EDGE('',*,*,#9772,.F.);
#6710=ORIENTED_EDGE('',*,*,#9231,.T.);
#6711=ORIENTED_EDGE('',*,*,#9769,.T.);
#6712=ORIENTED_EDGE('',*,*,#8476,.T.);
#6713=ORIENTED_EDGE('',*,*,#9773,.F.);
#6714=ORIENTED_EDGE('',*,*,#9234,.F.);
#6715=ORIENTED_EDGE('',*,*,#9774,.T.);
#6716=ORIENTED_EDGE('',*,*,#8477,.T.);
#6717=ORIENTED_EDGE('',*,*,#9774,.F.);
#6718=ORIENTED_EDGE('',*,*,#9237,.F.);
#6719=ORIENTED_EDGE('',*,*,#9775,.T.);
#6720=ORIENTED_EDGE('',*,*,#8478,.F.);
#6721=ORIENTED_EDGE('',*,*,#9775,.F.);
#6722=ORIENTED_EDGE('',*,*,#9236,.T.);
#6723=ORIENTED_EDGE('',*,*,#9776,.T.);
#6724=ORIENTED_EDGE('',*,*,#8475,.F.);
#6725=ORIENTED_EDGE('',*,*,#9776,.F.);
#6726=ORIENTED_EDGE('',*,*,#9235,.T.);
#6727=ORIENTED_EDGE('',*,*,#9773,.T.);
#6728=ORIENTED_EDGE('',*,*,#8774,.T.);
#6729=ORIENTED_EDGE('',*,*,#9777,.T.);
#6730=ORIENTED_EDGE('',*,*,#8933,.F.);
#6731=ORIENTED_EDGE('',*,*,#9778,.T.);
#6732=ORIENTED_EDGE('',*,*,#8775,.F.);
#6733=ORIENTED_EDGE('',*,*,#9778,.F.);
#6734=ORIENTED_EDGE('',*,*,#8936,.T.);
#6735=ORIENTED_EDGE('',*,*,#9779,.T.);
#6736=ORIENTED_EDGE('',*,*,#9780,.F.);
#6737=ORIENTED_EDGE('',*,*,#8776,.F.);
#6738=ORIENTED_EDGE('',*,*,#9779,.F.);
#6739=ORIENTED_EDGE('',*,*,#8935,.T.);
#6740=ORIENTED_EDGE('',*,*,#8472,.T.);
#6741=ORIENTED_EDGE('',*,*,#9781,.F.);
#6742=ORIENTED_EDGE('',*,*,#9238,.F.);
#6743=ORIENTED_EDGE('',*,*,#9782,.T.);
#6744=ORIENTED_EDGE('',*,*,#8473,.F.);
#6745=ORIENTED_EDGE('',*,*,#9782,.F.);
#6746=ORIENTED_EDGE('',*,*,#9241,.T.);
#6747=ORIENTED_EDGE('',*,*,#9783,.T.);
#6748=ORIENTED_EDGE('',*,*,#8474,.F.);
#6749=ORIENTED_EDGE('',*,*,#9783,.F.);
#6750=ORIENTED_EDGE('',*,*,#9240,.T.);
#6751=ORIENTED_EDGE('',*,*,#9784,.T.);
#6752=ORIENTED_EDGE('',*,*,#8471,.T.);
#6753=ORIENTED_EDGE('',*,*,#9784,.F.);
#6754=ORIENTED_EDGE('',*,*,#9239,.F.);
#6755=ORIENTED_EDGE('',*,*,#9781,.T.);
#6756=ORIENTED_EDGE('',*,*,#8468,.T.);
#6757=ORIENTED_EDGE('',*,*,#9785,.F.);
#6758=ORIENTED_EDGE('',*,*,#9242,.F.);
#6759=ORIENTED_EDGE('',*,*,#9786,.T.);
#6760=ORIENTED_EDGE('',*,*,#8469,.T.);
#6761=ORIENTED_EDGE('',*,*,#9786,.F.);
#6762=ORIENTED_EDGE('',*,*,#9245,.F.);
#6763=ORIENTED_EDGE('',*,*,#9787,.T.);
#6764=ORIENTED_EDGE('',*,*,#8470,.F.);
#6765=ORIENTED_EDGE('',*,*,#9787,.F.);
#6766=ORIENTED_EDGE('',*,*,#9244,.T.);
#6767=ORIENTED_EDGE('',*,*,#9788,.T.);
#6768=ORIENTED_EDGE('',*,*,#8467,.F.);
#6769=ORIENTED_EDGE('',*,*,#9788,.F.);
#6770=ORIENTED_EDGE('',*,*,#9243,.T.);
#6771=ORIENTED_EDGE('',*,*,#9785,.T.);
#6772=ORIENTED_EDGE('',*,*,#8464,.T.);
#6773=ORIENTED_EDGE('',*,*,#9789,.F.);
#6774=ORIENTED_EDGE('',*,*,#9246,.F.);
#6775=ORIENTED_EDGE('',*,*,#9790,.T.);
#6776=ORIENTED_EDGE('',*,*,#8465,.T.);
#6777=ORIENTED_EDGE('',*,*,#9790,.F.);
#6778=ORIENTED_EDGE('',*,*,#9249,.F.);
#6779=ORIENTED_EDGE('',*,*,#9791,.T.);
#6780=ORIENTED_EDGE('',*,*,#8466,.F.);
#6781=ORIENTED_EDGE('',*,*,#9791,.F.);
#6782=ORIENTED_EDGE('',*,*,#9248,.T.);
#6783=ORIENTED_EDGE('',*,*,#9792,.T.);
#6784=ORIENTED_EDGE('',*,*,#8463,.F.);
#6785=ORIENTED_EDGE('',*,*,#9792,.F.);
#6786=ORIENTED_EDGE('',*,*,#9247,.T.);
#6787=ORIENTED_EDGE('',*,*,#9789,.T.);
#6788=ORIENTED_EDGE('',*,*,#8779,.T.);
#6789=ORIENTED_EDGE('',*,*,#9793,.F.);
#6790=ORIENTED_EDGE('',*,*,#8932,.F.);
#6791=ORIENTED_EDGE('',*,*,#9794,.T.);
#6792=ORIENTED_EDGE('',*,*,#9795,.F.);
#6793=ORIENTED_EDGE('',*,*,#8780,.F.);
#6794=ORIENTED_EDGE('',*,*,#9794,.F.);
#6795=ORIENTED_EDGE('',*,*,#8931,.T.);
#6796=ORIENTED_EDGE('',*,*,#8778,.T.);
#6797=ORIENTED_EDGE('',*,*,#9796,.T.);
#6798=ORIENTED_EDGE('',*,*,#8929,.F.);
#6799=ORIENTED_EDGE('',*,*,#9793,.T.);
#6800=ORIENTED_EDGE('',*,*,#8460,.T.);
#6801=ORIENTED_EDGE('',*,*,#9797,.F.);
#6802=ORIENTED_EDGE('',*,*,#9250,.F.);
#6803=ORIENTED_EDGE('',*,*,#9798,.T.);
#6804=ORIENTED_EDGE('',*,*,#8461,.F.);
#6805=ORIENTED_EDGE('',*,*,#9798,.F.);
#6806=ORIENTED_EDGE('',*,*,#9253,.T.);
#6807=ORIENTED_EDGE('',*,*,#9799,.T.);
#6808=ORIENTED_EDGE('',*,*,#8462,.F.);
#6809=ORIENTED_EDGE('',*,*,#9799,.F.);
#6810=ORIENTED_EDGE('',*,*,#9252,.T.);
#6811=ORIENTED_EDGE('',*,*,#9800,.T.);
#6812=ORIENTED_EDGE('',*,*,#8459,.T.);
#6813=ORIENTED_EDGE('',*,*,#9800,.F.);
#6814=ORIENTED_EDGE('',*,*,#9251,.F.);
#6815=ORIENTED_EDGE('',*,*,#9797,.T.);
#6816=ORIENTED_EDGE('',*,*,#8456,.T.);
#6817=ORIENTED_EDGE('',*,*,#9801,.F.);
#6818=ORIENTED_EDGE('',*,*,#9254,.F.);
#6819=ORIENTED_EDGE('',*,*,#9802,.T.);
#6820=ORIENTED_EDGE('',*,*,#8457,.F.);
#6821=ORIENTED_EDGE('',*,*,#9802,.F.);
#6822=ORIENTED_EDGE('',*,*,#9257,.T.);
#6823=ORIENTED_EDGE('',*,*,#9803,.T.);
#6824=ORIENTED_EDGE('',*,*,#8458,.F.);
#6825=ORIENTED_EDGE('',*,*,#9803,.F.);
#6826=ORIENTED_EDGE('',*,*,#9256,.T.);
#6827=ORIENTED_EDGE('',*,*,#9804,.T.);
#6828=ORIENTED_EDGE('',*,*,#8455,.T.);
#6829=ORIENTED_EDGE('',*,*,#9804,.F.);
#6830=ORIENTED_EDGE('',*,*,#9255,.F.);
#6831=ORIENTED_EDGE('',*,*,#9801,.T.);
#6832=ORIENTED_EDGE('',*,*,#8787,.T.);
#6833=ORIENTED_EDGE('',*,*,#9805,.F.);
#6834=ORIENTED_EDGE('',*,*,#8924,.F.);
#6835=ORIENTED_EDGE('',*,*,#9806,.T.);
#6836=ORIENTED_EDGE('',*,*,#8788,.F.);
#6837=ORIENTED_EDGE('',*,*,#9806,.F.);
#6838=ORIENTED_EDGE('',*,*,#8923,.T.);
#6839=ORIENTED_EDGE('',*,*,#9807,.T.);
#6840=ORIENTED_EDGE('',*,*,#9808,.F.);
#6841=ORIENTED_EDGE('',*,*,#8789,.F.);
#6842=ORIENTED_EDGE('',*,*,#9807,.F.);
#6843=ORIENTED_EDGE('',*,*,#8922,.T.);
#6844=ORIENTED_EDGE('',*,*,#8786,.T.);
#6845=ORIENTED_EDGE('',*,*,#9809,.T.);
#6846=ORIENTED_EDGE('',*,*,#8920,.F.);
#6847=ORIENTED_EDGE('',*,*,#9805,.T.);
#6848=ORIENTED_EDGE('',*,*,#8452,.T.);
#6849=ORIENTED_EDGE('',*,*,#9810,.F.);
#6850=ORIENTED_EDGE('',*,*,#9258,.F.);
#6851=ORIENTED_EDGE('',*,*,#9811,.T.);
#6852=ORIENTED_EDGE('',*,*,#8453,.F.);
#6853=ORIENTED_EDGE('',*,*,#9811,.F.);
#6854=ORIENTED_EDGE('',*,*,#9261,.T.);
#6855=ORIENTED_EDGE('',*,*,#9812,.T.);
#6856=ORIENTED_EDGE('',*,*,#8454,.F.);
#6857=ORIENTED_EDGE('',*,*,#9812,.F.);
#6858=ORIENTED_EDGE('',*,*,#9260,.T.);
#6859=ORIENTED_EDGE('',*,*,#9813,.T.);
#6860=ORIENTED_EDGE('',*,*,#8451,.T.);
#6861=ORIENTED_EDGE('',*,*,#9813,.F.);
#6862=ORIENTED_EDGE('',*,*,#9259,.F.);
#6863=ORIENTED_EDGE('',*,*,#9810,.T.);
#6864=ORIENTED_EDGE('',*,*,#8448,.T.);
#6865=ORIENTED_EDGE('',*,*,#9814,.F.);
#6866=ORIENTED_EDGE('',*,*,#9262,.F.);
#6867=ORIENTED_EDGE('',*,*,#9815,.T.);
#6868=ORIENTED_EDGE('',*,*,#8449,.F.);
#6869=ORIENTED_EDGE('',*,*,#9815,.F.);
#6870=ORIENTED_EDGE('',*,*,#9265,.T.);
#6871=ORIENTED_EDGE('',*,*,#9816,.T.);
#6872=ORIENTED_EDGE('',*,*,#8450,.F.);
#6873=ORIENTED_EDGE('',*,*,#9816,.F.);
#6874=ORIENTED_EDGE('',*,*,#9264,.T.);
#6875=ORIENTED_EDGE('',*,*,#9817,.T.);
#6876=ORIENTED_EDGE('',*,*,#8447,.T.);
#6877=ORIENTED_EDGE('',*,*,#9817,.F.);
#6878=ORIENTED_EDGE('',*,*,#9263,.F.);
#6879=ORIENTED_EDGE('',*,*,#9814,.T.);
#6880=ORIENTED_EDGE('',*,*,#8444,.T.);
#6881=ORIENTED_EDGE('',*,*,#9818,.F.);
#6882=ORIENTED_EDGE('',*,*,#9266,.F.);
#6883=ORIENTED_EDGE('',*,*,#9819,.T.);
#6884=ORIENTED_EDGE('',*,*,#8445,.F.);
#6885=ORIENTED_EDGE('',*,*,#9819,.F.);
#6886=ORIENTED_EDGE('',*,*,#9269,.T.);
#6887=ORIENTED_EDGE('',*,*,#9820,.T.);
#6888=ORIENTED_EDGE('',*,*,#8446,.F.);
#6889=ORIENTED_EDGE('',*,*,#9820,.F.);
#6890=ORIENTED_EDGE('',*,*,#9268,.T.);
#6891=ORIENTED_EDGE('',*,*,#9821,.T.);
#6892=ORIENTED_EDGE('',*,*,#8443,.T.);
#6893=ORIENTED_EDGE('',*,*,#9821,.F.);
#6894=ORIENTED_EDGE('',*,*,#9267,.F.);
#6895=ORIENTED_EDGE('',*,*,#9818,.T.);
#6896=ORIENTED_EDGE('',*,*,#8440,.T.);
#6897=ORIENTED_EDGE('',*,*,#9822,.F.);
#6898=ORIENTED_EDGE('',*,*,#9270,.F.);
#6899=ORIENTED_EDGE('',*,*,#9823,.T.);
#6900=ORIENTED_EDGE('',*,*,#8441,.F.);
#6901=ORIENTED_EDGE('',*,*,#9823,.F.);
#6902=ORIENTED_EDGE('',*,*,#9273,.T.);
#6903=ORIENTED_EDGE('',*,*,#9824,.T.);
#6904=ORIENTED_EDGE('',*,*,#8442,.F.);
#6905=ORIENTED_EDGE('',*,*,#9824,.F.);
#6906=ORIENTED_EDGE('',*,*,#9272,.T.);
#6907=ORIENTED_EDGE('',*,*,#9825,.T.);
#6908=ORIENTED_EDGE('',*,*,#8439,.T.);
#6909=ORIENTED_EDGE('',*,*,#9825,.F.);
#6910=ORIENTED_EDGE('',*,*,#9271,.F.);
#6911=ORIENTED_EDGE('',*,*,#9822,.T.);
#6912=ORIENTED_EDGE('',*,*,#8436,.T.);
#6913=ORIENTED_EDGE('',*,*,#9826,.F.);
#6914=ORIENTED_EDGE('',*,*,#9274,.F.);
#6915=ORIENTED_EDGE('',*,*,#9827,.T.);
#6916=ORIENTED_EDGE('',*,*,#8437,.F.);
#6917=ORIENTED_EDGE('',*,*,#9827,.F.);
#6918=ORIENTED_EDGE('',*,*,#9277,.T.);
#6919=ORIENTED_EDGE('',*,*,#9828,.T.);
#6920=ORIENTED_EDGE('',*,*,#8438,.F.);
#6921=ORIENTED_EDGE('',*,*,#9828,.F.);
#6922=ORIENTED_EDGE('',*,*,#9276,.T.);
#6923=ORIENTED_EDGE('',*,*,#9829,.T.);
#6924=ORIENTED_EDGE('',*,*,#8435,.T.);
#6925=ORIENTED_EDGE('',*,*,#9829,.F.);
#6926=ORIENTED_EDGE('',*,*,#9275,.F.);
#6927=ORIENTED_EDGE('',*,*,#9826,.T.);
#6928=ORIENTED_EDGE('',*,*,#8432,.T.);
#6929=ORIENTED_EDGE('',*,*,#9830,.F.);
#6930=ORIENTED_EDGE('',*,*,#9278,.F.);
#6931=ORIENTED_EDGE('',*,*,#9831,.T.);
#6932=ORIENTED_EDGE('',*,*,#8433,.F.);
#6933=ORIENTED_EDGE('',*,*,#9831,.F.);
#6934=ORIENTED_EDGE('',*,*,#9281,.T.);
#6935=ORIENTED_EDGE('',*,*,#9832,.T.);
#6936=ORIENTED_EDGE('',*,*,#8434,.F.);
#6937=ORIENTED_EDGE('',*,*,#9832,.F.);
#6938=ORIENTED_EDGE('',*,*,#9280,.T.);
#6939=ORIENTED_EDGE('',*,*,#9833,.T.);
#6940=ORIENTED_EDGE('',*,*,#8431,.T.);
#6941=ORIENTED_EDGE('',*,*,#9833,.F.);
#6942=ORIENTED_EDGE('',*,*,#9279,.F.);
#6943=ORIENTED_EDGE('',*,*,#9830,.T.);
#6944=ORIENTED_EDGE('',*,*,#8428,.T.);
#6945=ORIENTED_EDGE('',*,*,#9834,.F.);
#6946=ORIENTED_EDGE('',*,*,#9282,.F.);
#6947=ORIENTED_EDGE('',*,*,#9835,.T.);
#6948=ORIENTED_EDGE('',*,*,#8429,.F.);
#6949=ORIENTED_EDGE('',*,*,#9835,.F.);
#6950=ORIENTED_EDGE('',*,*,#9285,.T.);
#6951=ORIENTED_EDGE('',*,*,#9836,.T.);
#6952=ORIENTED_EDGE('',*,*,#8430,.F.);
#6953=ORIENTED_EDGE('',*,*,#9836,.F.);
#6954=ORIENTED_EDGE('',*,*,#9284,.T.);
#6955=ORIENTED_EDGE('',*,*,#9837,.T.);
#6956=ORIENTED_EDGE('',*,*,#8427,.T.);
#6957=ORIENTED_EDGE('',*,*,#9837,.F.);
#6958=ORIENTED_EDGE('',*,*,#9283,.F.);
#6959=ORIENTED_EDGE('',*,*,#9834,.T.);
#6960=ORIENTED_EDGE('',*,*,#8424,.T.);
#6961=ORIENTED_EDGE('',*,*,#9838,.F.);
#6962=ORIENTED_EDGE('',*,*,#9286,.F.);
#6963=ORIENTED_EDGE('',*,*,#9839,.T.);
#6964=ORIENTED_EDGE('',*,*,#8425,.F.);
#6965=ORIENTED_EDGE('',*,*,#9839,.F.);
#6966=ORIENTED_EDGE('',*,*,#9289,.T.);
#6967=ORIENTED_EDGE('',*,*,#9840,.T.);
#6968=ORIENTED_EDGE('',*,*,#8426,.F.);
#6969=ORIENTED_EDGE('',*,*,#9840,.F.);
#6970=ORIENTED_EDGE('',*,*,#9288,.T.);
#6971=ORIENTED_EDGE('',*,*,#9841,.T.);
#6972=ORIENTED_EDGE('',*,*,#8423,.T.);
#6973=ORIENTED_EDGE('',*,*,#9841,.F.);
#6974=ORIENTED_EDGE('',*,*,#9287,.F.);
#6975=ORIENTED_EDGE('',*,*,#9838,.T.);
#6976=ORIENTED_EDGE('',*,*,#8420,.T.);
#6977=ORIENTED_EDGE('',*,*,#9842,.F.);
#6978=ORIENTED_EDGE('',*,*,#9290,.F.);
#6979=ORIENTED_EDGE('',*,*,#9843,.T.);
#6980=ORIENTED_EDGE('',*,*,#8421,.F.);
#6981=ORIENTED_EDGE('',*,*,#9843,.F.);
#6982=ORIENTED_EDGE('',*,*,#9293,.T.);
#6983=ORIENTED_EDGE('',*,*,#9844,.T.);
#6984=ORIENTED_EDGE('',*,*,#8422,.F.);
#6985=ORIENTED_EDGE('',*,*,#9844,.F.);
#6986=ORIENTED_EDGE('',*,*,#9292,.T.);
#6987=ORIENTED_EDGE('',*,*,#9845,.T.);
#6988=ORIENTED_EDGE('',*,*,#8419,.T.);
#6989=ORIENTED_EDGE('',*,*,#9845,.F.);
#6990=ORIENTED_EDGE('',*,*,#9291,.F.);
#6991=ORIENTED_EDGE('',*,*,#9842,.T.);
#6992=ORIENTED_EDGE('',*,*,#8416,.T.);
#6993=ORIENTED_EDGE('',*,*,#9846,.F.);
#6994=ORIENTED_EDGE('',*,*,#9294,.F.);
#6995=ORIENTED_EDGE('',*,*,#9847,.T.);
#6996=ORIENTED_EDGE('',*,*,#8417,.T.);
#6997=ORIENTED_EDGE('',*,*,#9847,.F.);
#6998=ORIENTED_EDGE('',*,*,#9297,.F.);
#6999=ORIENTED_EDGE('',*,*,#9848,.T.);
#7000=ORIENTED_EDGE('',*,*,#8418,.F.);
#7001=ORIENTED_EDGE('',*,*,#9848,.F.);
#7002=ORIENTED_EDGE('',*,*,#9296,.T.);
#7003=ORIENTED_EDGE('',*,*,#9849,.T.);
#7004=ORIENTED_EDGE('',*,*,#8415,.F.);
#7005=ORIENTED_EDGE('',*,*,#9849,.F.);
#7006=ORIENTED_EDGE('',*,*,#9295,.T.);
#7007=ORIENTED_EDGE('',*,*,#9846,.T.);
#7008=ORIENTED_EDGE('',*,*,#8412,.T.);
#7009=ORIENTED_EDGE('',*,*,#9850,.F.);
#7010=ORIENTED_EDGE('',*,*,#9298,.F.);
#7011=ORIENTED_EDGE('',*,*,#9851,.T.);
#7012=ORIENTED_EDGE('',*,*,#8413,.T.);
#7013=ORIENTED_EDGE('',*,*,#9851,.F.);
#7014=ORIENTED_EDGE('',*,*,#9301,.F.);
#7015=ORIENTED_EDGE('',*,*,#9852,.T.);
#7016=ORIENTED_EDGE('',*,*,#8414,.F.);
#7017=ORIENTED_EDGE('',*,*,#9852,.F.);
#7018=ORIENTED_EDGE('',*,*,#9300,.T.);
#7019=ORIENTED_EDGE('',*,*,#9853,.T.);
#7020=ORIENTED_EDGE('',*,*,#8411,.F.);
#7021=ORIENTED_EDGE('',*,*,#9853,.F.);
#7022=ORIENTED_EDGE('',*,*,#9299,.T.);
#7023=ORIENTED_EDGE('',*,*,#9850,.T.);
#7024=ORIENTED_EDGE('',*,*,#8408,.T.);
#7025=ORIENTED_EDGE('',*,*,#9854,.F.);
#7026=ORIENTED_EDGE('',*,*,#9302,.F.);
#7027=ORIENTED_EDGE('',*,*,#9855,.T.);
#7028=ORIENTED_EDGE('',*,*,#8409,.T.);
#7029=ORIENTED_EDGE('',*,*,#9855,.F.);
#7030=ORIENTED_EDGE('',*,*,#9305,.F.);
#7031=ORIENTED_EDGE('',*,*,#9856,.T.);
#7032=ORIENTED_EDGE('',*,*,#8410,.F.);
#7033=ORIENTED_EDGE('',*,*,#9856,.F.);
#7034=ORIENTED_EDGE('',*,*,#9304,.T.);
#7035=ORIENTED_EDGE('',*,*,#9857,.T.);
#7036=ORIENTED_EDGE('',*,*,#8407,.F.);
#7037=ORIENTED_EDGE('',*,*,#9857,.F.);
#7038=ORIENTED_EDGE('',*,*,#9303,.T.);
#7039=ORIENTED_EDGE('',*,*,#9854,.T.);
#7040=ORIENTED_EDGE('',*,*,#8404,.T.);
#7041=ORIENTED_EDGE('',*,*,#9858,.F.);
#7042=ORIENTED_EDGE('',*,*,#9306,.F.);
#7043=ORIENTED_EDGE('',*,*,#9859,.T.);
#7044=ORIENTED_EDGE('',*,*,#8405,.T.);
#7045=ORIENTED_EDGE('',*,*,#9859,.F.);
#7046=ORIENTED_EDGE('',*,*,#9309,.F.);
#7047=ORIENTED_EDGE('',*,*,#9860,.T.);
#7048=ORIENTED_EDGE('',*,*,#8406,.F.);
#7049=ORIENTED_EDGE('',*,*,#9860,.F.);
#7050=ORIENTED_EDGE('',*,*,#9308,.T.);
#7051=ORIENTED_EDGE('',*,*,#9861,.T.);
#7052=ORIENTED_EDGE('',*,*,#8403,.F.);
#7053=ORIENTED_EDGE('',*,*,#9861,.F.);
#7054=ORIENTED_EDGE('',*,*,#9307,.T.);
#7055=ORIENTED_EDGE('',*,*,#9858,.T.);
#7056=ORIENTED_EDGE('',*,*,#8400,.T.);
#7057=ORIENTED_EDGE('',*,*,#9862,.F.);
#7058=ORIENTED_EDGE('',*,*,#9310,.F.);
#7059=ORIENTED_EDGE('',*,*,#9863,.T.);
#7060=ORIENTED_EDGE('',*,*,#8401,.T.);
#7061=ORIENTED_EDGE('',*,*,#9863,.F.);
#7062=ORIENTED_EDGE('',*,*,#9313,.F.);
#7063=ORIENTED_EDGE('',*,*,#9864,.T.);
#7064=ORIENTED_EDGE('',*,*,#8402,.F.);
#7065=ORIENTED_EDGE('',*,*,#9864,.F.);
#7066=ORIENTED_EDGE('',*,*,#9312,.T.);
#7067=ORIENTED_EDGE('',*,*,#9865,.T.);
#7068=ORIENTED_EDGE('',*,*,#8399,.F.);
#7069=ORIENTED_EDGE('',*,*,#9865,.F.);
#7070=ORIENTED_EDGE('',*,*,#9311,.T.);
#7071=ORIENTED_EDGE('',*,*,#9862,.T.);
#7072=ORIENTED_EDGE('',*,*,#8396,.T.);
#7073=ORIENTED_EDGE('',*,*,#9866,.F.);
#7074=ORIENTED_EDGE('',*,*,#9314,.F.);
#7075=ORIENTED_EDGE('',*,*,#9867,.T.);
#7076=ORIENTED_EDGE('',*,*,#8397,.T.);
#7077=ORIENTED_EDGE('',*,*,#9867,.F.);
#7078=ORIENTED_EDGE('',*,*,#9317,.F.);
#7079=ORIENTED_EDGE('',*,*,#9868,.T.);
#7080=ORIENTED_EDGE('',*,*,#8398,.F.);
#7081=ORIENTED_EDGE('',*,*,#9868,.F.);
#7082=ORIENTED_EDGE('',*,*,#9316,.T.);
#7083=ORIENTED_EDGE('',*,*,#9869,.T.);
#7084=ORIENTED_EDGE('',*,*,#8395,.F.);
#7085=ORIENTED_EDGE('',*,*,#9869,.F.);
#7086=ORIENTED_EDGE('',*,*,#9315,.T.);
#7087=ORIENTED_EDGE('',*,*,#9866,.T.);
#7088=ORIENTED_EDGE('',*,*,#8760,.T.);
#7089=ORIENTED_EDGE('',*,*,#9870,.T.);
#7090=ORIENTED_EDGE('',*,*,#8946,.F.);
#7091=ORIENTED_EDGE('',*,*,#9871,.T.);
#7092=ORIENTED_EDGE('',*,*,#8761,.T.);
#7093=ORIENTED_EDGE('',*,*,#9871,.F.);
#7094=ORIENTED_EDGE('',*,*,#8950,.F.);
#7095=ORIENTED_EDGE('',*,*,#9872,.T.);
#7096=ORIENTED_EDGE('',*,*,#8762,.F.);
#7097=ORIENTED_EDGE('',*,*,#9872,.F.);
#7098=ORIENTED_EDGE('',*,*,#8949,.T.);
#7099=ORIENTED_EDGE('',*,*,#9873,.T.);
#7100=ORIENTED_EDGE('',*,*,#9874,.F.);
#7101=ORIENTED_EDGE('',*,*,#8763,.F.);
#7102=ORIENTED_EDGE('',*,*,#9873,.F.);
#7103=ORIENTED_EDGE('',*,*,#8948,.T.);
#7104=ORIENTED_EDGE('',*,*,#8392,.T.);
#7105=ORIENTED_EDGE('',*,*,#9875,.F.);
#7106=ORIENTED_EDGE('',*,*,#9318,.F.);
#7107=ORIENTED_EDGE('',*,*,#9876,.T.);
#7108=ORIENTED_EDGE('',*,*,#8393,.F.);
#7109=ORIENTED_EDGE('',*,*,#9876,.F.);
#7110=ORIENTED_EDGE('',*,*,#9321,.T.);
#7111=ORIENTED_EDGE('',*,*,#9877,.T.);
#7112=ORIENTED_EDGE('',*,*,#8394,.F.);
#7113=ORIENTED_EDGE('',*,*,#9877,.F.);
#7114=ORIENTED_EDGE('',*,*,#9320,.T.);
#7115=ORIENTED_EDGE('',*,*,#9878,.T.);
#7116=ORIENTED_EDGE('',*,*,#8391,.T.);
#7117=ORIENTED_EDGE('',*,*,#9878,.F.);
#7118=ORIENTED_EDGE('',*,*,#9319,.F.);
#7119=ORIENTED_EDGE('',*,*,#9875,.T.);
#7120=ORIENTED_EDGE('',*,*,#8388,.T.);
#7121=ORIENTED_EDGE('',*,*,#9879,.F.);
#7122=ORIENTED_EDGE('',*,*,#9322,.F.);
#7123=ORIENTED_EDGE('',*,*,#9880,.T.);
#7124=ORIENTED_EDGE('',*,*,#8389,.F.);
#7125=ORIENTED_EDGE('',*,*,#9880,.F.);
#7126=ORIENTED_EDGE('',*,*,#9325,.T.);
#7127=ORIENTED_EDGE('',*,*,#9881,.T.);
#7128=ORIENTED_EDGE('',*,*,#8390,.F.);
#7129=ORIENTED_EDGE('',*,*,#9881,.F.);
#7130=ORIENTED_EDGE('',*,*,#9324,.T.);
#7131=ORIENTED_EDGE('',*,*,#9882,.T.);
#7132=ORIENTED_EDGE('',*,*,#8387,.T.);
#7133=ORIENTED_EDGE('',*,*,#9882,.F.);
#7134=ORIENTED_EDGE('',*,*,#9323,.F.);
#7135=ORIENTED_EDGE('',*,*,#9879,.T.);
#7136=ORIENTED_EDGE('',*,*,#8384,.T.);
#7137=ORIENTED_EDGE('',*,*,#9883,.F.);
#7138=ORIENTED_EDGE('',*,*,#9326,.F.);
#7139=ORIENTED_EDGE('',*,*,#9884,.T.);
#7140=ORIENTED_EDGE('',*,*,#8385,.F.);
#7141=ORIENTED_EDGE('',*,*,#9884,.F.);
#7142=ORIENTED_EDGE('',*,*,#9329,.T.);
#7143=ORIENTED_EDGE('',*,*,#9885,.T.);
#7144=ORIENTED_EDGE('',*,*,#8386,.F.);
#7145=ORIENTED_EDGE('',*,*,#9885,.F.);
#7146=ORIENTED_EDGE('',*,*,#9328,.T.);
#7147=ORIENTED_EDGE('',*,*,#9886,.T.);
#7148=ORIENTED_EDGE('',*,*,#8383,.T.);
#7149=ORIENTED_EDGE('',*,*,#9886,.F.);
#7150=ORIENTED_EDGE('',*,*,#9327,.F.);
#7151=ORIENTED_EDGE('',*,*,#9883,.T.);
#7152=ORIENTED_EDGE('',*,*,#8380,.T.);
#7153=ORIENTED_EDGE('',*,*,#9887,.F.);
#7154=ORIENTED_EDGE('',*,*,#9330,.F.);
#7155=ORIENTED_EDGE('',*,*,#9888,.T.);
#7156=ORIENTED_EDGE('',*,*,#8381,.F.);
#7157=ORIENTED_EDGE('',*,*,#9888,.F.);
#7158=ORIENTED_EDGE('',*,*,#9333,.T.);
#7159=ORIENTED_EDGE('',*,*,#9889,.T.);
#7160=ORIENTED_EDGE('',*,*,#8382,.F.);
#7161=ORIENTED_EDGE('',*,*,#9889,.F.);
#7162=ORIENTED_EDGE('',*,*,#9332,.T.);
#7163=ORIENTED_EDGE('',*,*,#9890,.T.);
#7164=ORIENTED_EDGE('',*,*,#8379,.T.);
#7165=ORIENTED_EDGE('',*,*,#9890,.F.);
#7166=ORIENTED_EDGE('',*,*,#9331,.F.);
#7167=ORIENTED_EDGE('',*,*,#9887,.T.);
#7168=ORIENTED_EDGE('',*,*,#8709,.T.);
#7169=ORIENTED_EDGE('',*,*,#9891,.F.);
#7170=ORIENTED_EDGE('',*,*,#9002,.F.);
#7171=ORIENTED_EDGE('',*,*,#9892,.T.);
#7172=ORIENTED_EDGE('',*,*,#8710,.F.);
#7173=ORIENTED_EDGE('',*,*,#9892,.F.);
#7174=ORIENTED_EDGE('',*,*,#9001,.T.);
#7175=ORIENTED_EDGE('',*,*,#9893,.T.);
#7176=ORIENTED_EDGE('',*,*,#9894,.F.);
#7177=ORIENTED_EDGE('',*,*,#8711,.F.);
#7178=ORIENTED_EDGE('',*,*,#9893,.F.);
#7179=ORIENTED_EDGE('',*,*,#9000,.T.);
#7180=ORIENTED_EDGE('',*,*,#8708,.T.);
#7181=ORIENTED_EDGE('',*,*,#9895,.T.);
#7182=ORIENTED_EDGE('',*,*,#8998,.F.);
#7183=ORIENTED_EDGE('',*,*,#9891,.T.);
#7184=ORIENTED_EDGE('',*,*,#8376,.T.);
#7185=ORIENTED_EDGE('',*,*,#9896,.F.);
#7186=ORIENTED_EDGE('',*,*,#9334,.F.);
#7187=ORIENTED_EDGE('',*,*,#9897,.T.);
#7188=ORIENTED_EDGE('',*,*,#8377,.F.);
#7189=ORIENTED_EDGE('',*,*,#9897,.F.);
#7190=ORIENTED_EDGE('',*,*,#9337,.T.);
#7191=ORIENTED_EDGE('',*,*,#9898,.T.);
#7192=ORIENTED_EDGE('',*,*,#8378,.F.);
#7193=ORIENTED_EDGE('',*,*,#9898,.F.);
#7194=ORIENTED_EDGE('',*,*,#9336,.T.);
#7195=ORIENTED_EDGE('',*,*,#9899,.T.);
#7196=ORIENTED_EDGE('',*,*,#8375,.T.);
#7197=ORIENTED_EDGE('',*,*,#9899,.F.);
#7198=ORIENTED_EDGE('',*,*,#9335,.F.);
#7199=ORIENTED_EDGE('',*,*,#9896,.T.);
#7200=ORIENTED_EDGE('',*,*,#8372,.T.);
#7201=ORIENTED_EDGE('',*,*,#9900,.F.);
#7202=ORIENTED_EDGE('',*,*,#9338,.F.);
#7203=ORIENTED_EDGE('',*,*,#9901,.T.);
#7204=ORIENTED_EDGE('',*,*,#8373,.F.);
#7205=ORIENTED_EDGE('',*,*,#9901,.F.);
#7206=ORIENTED_EDGE('',*,*,#9341,.T.);
#7207=ORIENTED_EDGE('',*,*,#9902,.T.);
#7208=ORIENTED_EDGE('',*,*,#8374,.F.);
#7209=ORIENTED_EDGE('',*,*,#9902,.F.);
#7210=ORIENTED_EDGE('',*,*,#9340,.T.);
#7211=ORIENTED_EDGE('',*,*,#9903,.T.);
#7212=ORIENTED_EDGE('',*,*,#8371,.T.);
#7213=ORIENTED_EDGE('',*,*,#9903,.F.);
#7214=ORIENTED_EDGE('',*,*,#9339,.F.);
#7215=ORIENTED_EDGE('',*,*,#9900,.T.);
#7216=ORIENTED_EDGE('',*,*,#8714,.T.);
#7217=ORIENTED_EDGE('',*,*,#9904,.F.);
#7218=ORIENTED_EDGE('',*,*,#8997,.F.);
#7219=ORIENTED_EDGE('',*,*,#9905,.T.);
#7220=ORIENTED_EDGE('',*,*,#8715,.F.);
#7221=ORIENTED_EDGE('',*,*,#9905,.F.);
#7222=ORIENTED_EDGE('',*,*,#8996,.T.);
#7223=ORIENTED_EDGE('',*,*,#9906,.T.);
#7224=ORIENTED_EDGE('',*,*,#9907,.F.);
#7225=ORIENTED_EDGE('',*,*,#8716,.F.);
#7226=ORIENTED_EDGE('',*,*,#9906,.F.);
#7227=ORIENTED_EDGE('',*,*,#8995,.T.);
#7228=ORIENTED_EDGE('',*,*,#8713,.T.);
#7229=ORIENTED_EDGE('',*,*,#9908,.T.);
#7230=ORIENTED_EDGE('',*,*,#8993,.F.);
#7231=ORIENTED_EDGE('',*,*,#9904,.T.);
#7232=ORIENTED_EDGE('',*,*,#8368,.T.);
#7233=ORIENTED_EDGE('',*,*,#9909,.F.);
#7234=ORIENTED_EDGE('',*,*,#9342,.F.);
#7235=ORIENTED_EDGE('',*,*,#9910,.T.);
#7236=ORIENTED_EDGE('',*,*,#8369,.F.);
#7237=ORIENTED_EDGE('',*,*,#9910,.F.);
#7238=ORIENTED_EDGE('',*,*,#9345,.T.);
#7239=ORIENTED_EDGE('',*,*,#9911,.T.);
#7240=ORIENTED_EDGE('',*,*,#8370,.F.);
#7241=ORIENTED_EDGE('',*,*,#9911,.F.);
#7242=ORIENTED_EDGE('',*,*,#9344,.T.);
#7243=ORIENTED_EDGE('',*,*,#9912,.T.);
#7244=ORIENTED_EDGE('',*,*,#8367,.T.);
#7245=ORIENTED_EDGE('',*,*,#9912,.F.);
#7246=ORIENTED_EDGE('',*,*,#9343,.F.);
#7247=ORIENTED_EDGE('',*,*,#9909,.T.);
#7248=ORIENTED_EDGE('',*,*,#8718,.T.);
#7249=ORIENTED_EDGE('',*,*,#9913,.T.);
#7250=ORIENTED_EDGE('',*,*,#8989,.F.);
#7251=ORIENTED_EDGE('',*,*,#9914,.T.);
#7252=ORIENTED_EDGE('',*,*,#8719,.F.);
#7253=ORIENTED_EDGE('',*,*,#9914,.F.);
#7254=ORIENTED_EDGE('',*,*,#8992,.T.);
#7255=ORIENTED_EDGE('',*,*,#9915,.T.);
#7256=ORIENTED_EDGE('',*,*,#9916,.F.);
#7257=ORIENTED_EDGE('',*,*,#8720,.F.);
#7258=ORIENTED_EDGE('',*,*,#9915,.F.);
#7259=ORIENTED_EDGE('',*,*,#8991,.T.);
#7260=ORIENTED_EDGE('',*,*,#8722,.T.);
#7261=ORIENTED_EDGE('',*,*,#9917,.T.);
#7262=ORIENTED_EDGE('',*,*,#8985,.F.);
#7263=ORIENTED_EDGE('',*,*,#9918,.T.);
#7264=ORIENTED_EDGE('',*,*,#8723,.F.);
#7265=ORIENTED_EDGE('',*,*,#9918,.F.);
#7266=ORIENTED_EDGE('',*,*,#8988,.T.);
#7267=ORIENTED_EDGE('',*,*,#9919,.T.);
#7268=ORIENTED_EDGE('',*,*,#9920,.F.);
#7269=ORIENTED_EDGE('',*,*,#8724,.F.);
#7270=ORIENTED_EDGE('',*,*,#9919,.F.);
#7271=ORIENTED_EDGE('',*,*,#8987,.T.);
#7272=ORIENTED_EDGE('',*,*,#8364,.T.);
#7273=ORIENTED_EDGE('',*,*,#9921,.F.);
#7274=ORIENTED_EDGE('',*,*,#9346,.F.);
#7275=ORIENTED_EDGE('',*,*,#9922,.T.);
#7276=ORIENTED_EDGE('',*,*,#8365,.F.);
#7277=ORIENTED_EDGE('',*,*,#9922,.F.);
#7278=ORIENTED_EDGE('',*,*,#9349,.T.);
#7279=ORIENTED_EDGE('',*,*,#9923,.T.);
#7280=ORIENTED_EDGE('',*,*,#8366,.F.);
#7281=ORIENTED_EDGE('',*,*,#9923,.F.);
#7282=ORIENTED_EDGE('',*,*,#9348,.T.);
#7283=ORIENTED_EDGE('',*,*,#9924,.T.);
#7284=ORIENTED_EDGE('',*,*,#8363,.T.);
#7285=ORIENTED_EDGE('',*,*,#9924,.F.);
#7286=ORIENTED_EDGE('',*,*,#9347,.F.);
#7287=ORIENTED_EDGE('',*,*,#9921,.T.);
#7288=ORIENTED_EDGE('',*,*,#8360,.T.);
#7289=ORIENTED_EDGE('',*,*,#9925,.F.);
#7290=ORIENTED_EDGE('',*,*,#9350,.F.);
#7291=ORIENTED_EDGE('',*,*,#9926,.T.);
#7292=ORIENTED_EDGE('',*,*,#8361,.F.);
#7293=ORIENTED_EDGE('',*,*,#9926,.F.);
#7294=ORIENTED_EDGE('',*,*,#9353,.T.);
#7295=ORIENTED_EDGE('',*,*,#9927,.T.);
#7296=ORIENTED_EDGE('',*,*,#8362,.F.);
#7297=ORIENTED_EDGE('',*,*,#9927,.F.);
#7298=ORIENTED_EDGE('',*,*,#9352,.T.);
#7299=ORIENTED_EDGE('',*,*,#9928,.T.);
#7300=ORIENTED_EDGE('',*,*,#8359,.T.);
#7301=ORIENTED_EDGE('',*,*,#9928,.F.);
#7302=ORIENTED_EDGE('',*,*,#9351,.F.);
#7303=ORIENTED_EDGE('',*,*,#9925,.T.);
#7304=ORIENTED_EDGE('',*,*,#8356,.T.);
#7305=ORIENTED_EDGE('',*,*,#9929,.F.);
#7306=ORIENTED_EDGE('',*,*,#9354,.F.);
#7307=ORIENTED_EDGE('',*,*,#9930,.T.);
#7308=ORIENTED_EDGE('',*,*,#8357,.F.);
#7309=ORIENTED_EDGE('',*,*,#9930,.F.);
#7310=ORIENTED_EDGE('',*,*,#9357,.T.);
#7311=ORIENTED_EDGE('',*,*,#9931,.T.);
#7312=ORIENTED_EDGE('',*,*,#8358,.F.);
#7313=ORIENTED_EDGE('',*,*,#9931,.F.);
#7314=ORIENTED_EDGE('',*,*,#9356,.T.);
#7315=ORIENTED_EDGE('',*,*,#9932,.T.);
#7316=ORIENTED_EDGE('',*,*,#8355,.T.);
#7317=ORIENTED_EDGE('',*,*,#9932,.F.);
#7318=ORIENTED_EDGE('',*,*,#9355,.F.);
#7319=ORIENTED_EDGE('',*,*,#9929,.T.);
#7320=ORIENTED_EDGE('',*,*,#8817,.F.);
#7321=ORIENTED_EDGE('',*,*,#8869,.F.);
#7322=ORIENTED_EDGE('',*,*,#8904,.T.);
#7323=ORIENTED_EDGE('',*,*,#9933,.T.);
#7324=ORIENTED_EDGE('',*,*,#8818,.T.);
#7325=ORIENTED_EDGE('',*,*,#9933,.F.);
#7326=ORIENTED_EDGE('',*,*,#8903,.F.);
#7327=ORIENTED_EDGE('',*,*,#8865,.T.);
#7328=ORIENTED_EDGE('',*,*,#8352,.T.);
#7329=ORIENTED_EDGE('',*,*,#9934,.F.);
#7330=ORIENTED_EDGE('',*,*,#9358,.F.);
#7331=ORIENTED_EDGE('',*,*,#9935,.T.);
#7332=ORIENTED_EDGE('',*,*,#8353,.F.);
#7333=ORIENTED_EDGE('',*,*,#9935,.F.);
#7334=ORIENTED_EDGE('',*,*,#9361,.T.);
#7335=ORIENTED_EDGE('',*,*,#9936,.T.);
#7336=ORIENTED_EDGE('',*,*,#8354,.F.);
#7337=ORIENTED_EDGE('',*,*,#9936,.F.);
#7338=ORIENTED_EDGE('',*,*,#9360,.T.);
#7339=ORIENTED_EDGE('',*,*,#9937,.T.);
#7340=ORIENTED_EDGE('',*,*,#8351,.T.);
#7341=ORIENTED_EDGE('',*,*,#9937,.F.);
#7342=ORIENTED_EDGE('',*,*,#9359,.F.);
#7343=ORIENTED_EDGE('',*,*,#9934,.T.);
#7344=ORIENTED_EDGE('',*,*,#8734,.T.);
#7345=ORIENTED_EDGE('',*,*,#9938,.T.);
#7346=ORIENTED_EDGE('',*,*,#8972,.F.);
#7347=ORIENTED_EDGE('',*,*,#9939,.T.);
#7348=ORIENTED_EDGE('',*,*,#8735,.T.);
#7349=ORIENTED_EDGE('',*,*,#9939,.F.);
#7350=ORIENTED_EDGE('',*,*,#8976,.F.);
#7351=ORIENTED_EDGE('',*,*,#9940,.T.);
#7352=ORIENTED_EDGE('',*,*,#8736,.F.);
#7353=ORIENTED_EDGE('',*,*,#9940,.F.);
#7354=ORIENTED_EDGE('',*,*,#8975,.T.);
#7355=ORIENTED_EDGE('',*,*,#9941,.T.);
#7356=ORIENTED_EDGE('',*,*,#9942,.F.);
#7357=ORIENTED_EDGE('',*,*,#8737,.F.);
#7358=ORIENTED_EDGE('',*,*,#9941,.F.);
#7359=ORIENTED_EDGE('',*,*,#8974,.T.);
#7360=ORIENTED_EDGE('',*,*,#8348,.T.);
#7361=ORIENTED_EDGE('',*,*,#9943,.F.);
#7362=ORIENTED_EDGE('',*,*,#9362,.F.);
#7363=ORIENTED_EDGE('',*,*,#9944,.T.);
#7364=ORIENTED_EDGE('',*,*,#8349,.T.);
#7365=ORIENTED_EDGE('',*,*,#9944,.F.);
#7366=ORIENTED_EDGE('',*,*,#9365,.F.);
#7367=ORIENTED_EDGE('',*,*,#9945,.T.);
#7368=ORIENTED_EDGE('',*,*,#8350,.F.);
#7369=ORIENTED_EDGE('',*,*,#9945,.F.);
#7370=ORIENTED_EDGE('',*,*,#9364,.T.);
#7371=ORIENTED_EDGE('',*,*,#9946,.T.);
#7372=ORIENTED_EDGE('',*,*,#8347,.F.);
#7373=ORIENTED_EDGE('',*,*,#9946,.F.);
#7374=ORIENTED_EDGE('',*,*,#9363,.T.);
#7375=ORIENTED_EDGE('',*,*,#9943,.T.);
#7376=ORIENTED_EDGE('',*,*,#8730,.T.);
#7377=ORIENTED_EDGE('',*,*,#9947,.T.);
#7378=ORIENTED_EDGE('',*,*,#8977,.F.);
#7379=ORIENTED_EDGE('',*,*,#9948,.T.);
#7380=ORIENTED_EDGE('',*,*,#8731,.T.);
#7381=ORIENTED_EDGE('',*,*,#9948,.F.);
#7382=ORIENTED_EDGE('',*,*,#8980,.F.);
#7383=ORIENTED_EDGE('',*,*,#9949,.T.);
#7384=ORIENTED_EDGE('',*,*,#9950,.F.);
#7385=ORIENTED_EDGE('',*,*,#8732,.F.);
#7386=ORIENTED_EDGE('',*,*,#9949,.F.);
#7387=ORIENTED_EDGE('',*,*,#8979,.T.);
#7388=ORIENTED_EDGE('',*,*,#8726,.T.);
#7389=ORIENTED_EDGE('',*,*,#9951,.T.);
#7390=ORIENTED_EDGE('',*,*,#8981,.F.);
#7391=ORIENTED_EDGE('',*,*,#9952,.T.);
#7392=ORIENTED_EDGE('',*,*,#8727,.T.);
#7393=ORIENTED_EDGE('',*,*,#9952,.F.);
#7394=ORIENTED_EDGE('',*,*,#8984,.F.);
#7395=ORIENTED_EDGE('',*,*,#9953,.T.);
#7396=ORIENTED_EDGE('',*,*,#9954,.F.);
#7397=ORIENTED_EDGE('',*,*,#8728,.F.);
#7398=ORIENTED_EDGE('',*,*,#9953,.F.);
#7399=ORIENTED_EDGE('',*,*,#8983,.T.);
#7400=ORIENTED_EDGE('',*,*,#8344,.T.);
#7401=ORIENTED_EDGE('',*,*,#9955,.F.);
#7402=ORIENTED_EDGE('',*,*,#9366,.F.);
#7403=ORIENTED_EDGE('',*,*,#9956,.T.);
#7404=ORIENTED_EDGE('',*,*,#8345,.F.);
#7405=ORIENTED_EDGE('',*,*,#9956,.F.);
#7406=ORIENTED_EDGE('',*,*,#9369,.T.);
#7407=ORIENTED_EDGE('',*,*,#9957,.T.);
#7408=ORIENTED_EDGE('',*,*,#8346,.F.);
#7409=ORIENTED_EDGE('',*,*,#9957,.F.);
#7410=ORIENTED_EDGE('',*,*,#9368,.T.);
#7411=ORIENTED_EDGE('',*,*,#9958,.T.);
#7412=ORIENTED_EDGE('',*,*,#8343,.T.);
#7413=ORIENTED_EDGE('',*,*,#9958,.F.);
#7414=ORIENTED_EDGE('',*,*,#9367,.F.);
#7415=ORIENTED_EDGE('',*,*,#9955,.T.);
#7416=ORIENTED_EDGE('',*,*,#8340,.T.);
#7417=ORIENTED_EDGE('',*,*,#9959,.F.);
#7418=ORIENTED_EDGE('',*,*,#9370,.F.);
#7419=ORIENTED_EDGE('',*,*,#9960,.T.);
#7420=ORIENTED_EDGE('',*,*,#8341,.F.);
#7421=ORIENTED_EDGE('',*,*,#9960,.F.);
#7422=ORIENTED_EDGE('',*,*,#9373,.T.);
#7423=ORIENTED_EDGE('',*,*,#9961,.T.);
#7424=ORIENTED_EDGE('',*,*,#8342,.F.);
#7425=ORIENTED_EDGE('',*,*,#9961,.F.);
#7426=ORIENTED_EDGE('',*,*,#9372,.T.);
#7427=ORIENTED_EDGE('',*,*,#9962,.T.);
#7428=ORIENTED_EDGE('',*,*,#8339,.T.);
#7429=ORIENTED_EDGE('',*,*,#9962,.F.);
#7430=ORIENTED_EDGE('',*,*,#9371,.F.);
#7431=ORIENTED_EDGE('',*,*,#9959,.T.);
#7432=ORIENTED_EDGE('',*,*,#8336,.T.);
#7433=ORIENTED_EDGE('',*,*,#9963,.F.);
#7434=ORIENTED_EDGE('',*,*,#9374,.F.);
#7435=ORIENTED_EDGE('',*,*,#9964,.T.);
#7436=ORIENTED_EDGE('',*,*,#8337,.F.);
#7437=ORIENTED_EDGE('',*,*,#9964,.F.);
#7438=ORIENTED_EDGE('',*,*,#9377,.T.);
#7439=ORIENTED_EDGE('',*,*,#9965,.T.);
#7440=ORIENTED_EDGE('',*,*,#8338,.F.);
#7441=ORIENTED_EDGE('',*,*,#9965,.F.);
#7442=ORIENTED_EDGE('',*,*,#9376,.T.);
#7443=ORIENTED_EDGE('',*,*,#9966,.T.);
#7444=ORIENTED_EDGE('',*,*,#8335,.T.);
#7445=ORIENTED_EDGE('',*,*,#9966,.F.);
#7446=ORIENTED_EDGE('',*,*,#9375,.F.);
#7447=ORIENTED_EDGE('',*,*,#9963,.T.);
#7448=ORIENTED_EDGE('',*,*,#8332,.T.);
#7449=ORIENTED_EDGE('',*,*,#9967,.F.);
#7450=ORIENTED_EDGE('',*,*,#9378,.F.);
#7451=ORIENTED_EDGE('',*,*,#9968,.T.);
#7452=ORIENTED_EDGE('',*,*,#8333,.F.);
#7453=ORIENTED_EDGE('',*,*,#9968,.F.);
#7454=ORIENTED_EDGE('',*,*,#9381,.T.);
#7455=ORIENTED_EDGE('',*,*,#9969,.T.);
#7456=ORIENTED_EDGE('',*,*,#8334,.F.);
#7457=ORIENTED_EDGE('',*,*,#9969,.F.);
#7458=ORIENTED_EDGE('',*,*,#9380,.T.);
#7459=ORIENTED_EDGE('',*,*,#9970,.T.);
#7460=ORIENTED_EDGE('',*,*,#8331,.T.);
#7461=ORIENTED_EDGE('',*,*,#9970,.F.);
#7462=ORIENTED_EDGE('',*,*,#9379,.F.);
#7463=ORIENTED_EDGE('',*,*,#9967,.T.);
#7464=ORIENTED_EDGE('',*,*,#8328,.T.);
#7465=ORIENTED_EDGE('',*,*,#9971,.F.);
#7466=ORIENTED_EDGE('',*,*,#9382,.F.);
#7467=ORIENTED_EDGE('',*,*,#9972,.T.);
#7468=ORIENTED_EDGE('',*,*,#8329,.F.);
#7469=ORIENTED_EDGE('',*,*,#9972,.F.);
#7470=ORIENTED_EDGE('',*,*,#9385,.T.);
#7471=ORIENTED_EDGE('',*,*,#9973,.T.);
#7472=ORIENTED_EDGE('',*,*,#8330,.F.);
#7473=ORIENTED_EDGE('',*,*,#9973,.F.);
#7474=ORIENTED_EDGE('',*,*,#9384,.T.);
#7475=ORIENTED_EDGE('',*,*,#9974,.T.);
#7476=ORIENTED_EDGE('',*,*,#8327,.T.);
#7477=ORIENTED_EDGE('',*,*,#9974,.F.);
#7478=ORIENTED_EDGE('',*,*,#9383,.F.);
#7479=ORIENTED_EDGE('',*,*,#9971,.T.);
#7480=ORIENTED_EDGE('',*,*,#8324,.T.);
#7481=ORIENTED_EDGE('',*,*,#9975,.F.);
#7482=ORIENTED_EDGE('',*,*,#9386,.F.);
#7483=ORIENTED_EDGE('',*,*,#9976,.T.);
#7484=ORIENTED_EDGE('',*,*,#8325,.F.);
#7485=ORIENTED_EDGE('',*,*,#9976,.F.);
#7486=ORIENTED_EDGE('',*,*,#9389,.T.);
#7487=ORIENTED_EDGE('',*,*,#9977,.T.);
#7488=ORIENTED_EDGE('',*,*,#8326,.F.);
#7489=ORIENTED_EDGE('',*,*,#9977,.F.);
#7490=ORIENTED_EDGE('',*,*,#9388,.T.);
#7491=ORIENTED_EDGE('',*,*,#9978,.T.);
#7492=ORIENTED_EDGE('',*,*,#8323,.T.);
#7493=ORIENTED_EDGE('',*,*,#9978,.F.);
#7494=ORIENTED_EDGE('',*,*,#9387,.F.);
#7495=ORIENTED_EDGE('',*,*,#9975,.T.);
#7496=ORIENTED_EDGE('',*,*,#8320,.T.);
#7497=ORIENTED_EDGE('',*,*,#9979,.F.);
#7498=ORIENTED_EDGE('',*,*,#9390,.F.);
#7499=ORIENTED_EDGE('',*,*,#9980,.T.);
#7500=ORIENTED_EDGE('',*,*,#8321,.F.);
#7501=ORIENTED_EDGE('',*,*,#9980,.F.);
#7502=ORIENTED_EDGE('',*,*,#9393,.T.);
#7503=ORIENTED_EDGE('',*,*,#9981,.T.);
#7504=ORIENTED_EDGE('',*,*,#8322,.F.);
#7505=ORIENTED_EDGE('',*,*,#9981,.F.);
#7506=ORIENTED_EDGE('',*,*,#9392,.T.);
#7507=ORIENTED_EDGE('',*,*,#9982,.T.);
#7508=ORIENTED_EDGE('',*,*,#8319,.T.);
#7509=ORIENTED_EDGE('',*,*,#9982,.F.);
#7510=ORIENTED_EDGE('',*,*,#9391,.F.);
#7511=ORIENTED_EDGE('',*,*,#9979,.T.);
#7512=ORIENTED_EDGE('',*,*,#8316,.T.);
#7513=ORIENTED_EDGE('',*,*,#9983,.F.);
#7514=ORIENTED_EDGE('',*,*,#9394,.F.);
#7515=ORIENTED_EDGE('',*,*,#9984,.T.);
#7516=ORIENTED_EDGE('',*,*,#8317,.F.);
#7517=ORIENTED_EDGE('',*,*,#9984,.F.);
#7518=ORIENTED_EDGE('',*,*,#9397,.T.);
#7519=ORIENTED_EDGE('',*,*,#9985,.T.);
#7520=ORIENTED_EDGE('',*,*,#8318,.F.);
#7521=ORIENTED_EDGE('',*,*,#9985,.F.);
#7522=ORIENTED_EDGE('',*,*,#9396,.T.);
#7523=ORIENTED_EDGE('',*,*,#9986,.T.);
#7524=ORIENTED_EDGE('',*,*,#8315,.T.);
#7525=ORIENTED_EDGE('',*,*,#9986,.F.);
#7526=ORIENTED_EDGE('',*,*,#9395,.F.);
#7527=ORIENTED_EDGE('',*,*,#9983,.T.);
#7528=ORIENTED_EDGE('',*,*,#8312,.T.);
#7529=ORIENTED_EDGE('',*,*,#9987,.F.);
#7530=ORIENTED_EDGE('',*,*,#9398,.F.);
#7531=ORIENTED_EDGE('',*,*,#9988,.T.);
#7532=ORIENTED_EDGE('',*,*,#8313,.F.);
#7533=ORIENTED_EDGE('',*,*,#9988,.F.);
#7534=ORIENTED_EDGE('',*,*,#9401,.T.);
#7535=ORIENTED_EDGE('',*,*,#9989,.T.);
#7536=ORIENTED_EDGE('',*,*,#8314,.F.);
#7537=ORIENTED_EDGE('',*,*,#9989,.F.);
#7538=ORIENTED_EDGE('',*,*,#9400,.T.);
#7539=ORIENTED_EDGE('',*,*,#9990,.T.);
#7540=ORIENTED_EDGE('',*,*,#8311,.T.);
#7541=ORIENTED_EDGE('',*,*,#9990,.F.);
#7542=ORIENTED_EDGE('',*,*,#9399,.F.);
#7543=ORIENTED_EDGE('',*,*,#9987,.T.);
#7544=ORIENTED_EDGE('',*,*,#8308,.T.);
#7545=ORIENTED_EDGE('',*,*,#9991,.F.);
#7546=ORIENTED_EDGE('',*,*,#9402,.F.);
#7547=ORIENTED_EDGE('',*,*,#9992,.T.);
#7548=ORIENTED_EDGE('',*,*,#8309,.F.);
#7549=ORIENTED_EDGE('',*,*,#9992,.F.);
#7550=ORIENTED_EDGE('',*,*,#9405,.T.);
#7551=ORIENTED_EDGE('',*,*,#9993,.T.);
#7552=ORIENTED_EDGE('',*,*,#8310,.F.);
#7553=ORIENTED_EDGE('',*,*,#9993,.F.);
#7554=ORIENTED_EDGE('',*,*,#9404,.T.);
#7555=ORIENTED_EDGE('',*,*,#9994,.T.);
#7556=ORIENTED_EDGE('',*,*,#8307,.T.);
#7557=ORIENTED_EDGE('',*,*,#9994,.F.);
#7558=ORIENTED_EDGE('',*,*,#9403,.F.);
#7559=ORIENTED_EDGE('',*,*,#9991,.T.);
#7560=ORIENTED_EDGE('',*,*,#8304,.T.);
#7561=ORIENTED_EDGE('',*,*,#9995,.F.);
#7562=ORIENTED_EDGE('',*,*,#9406,.F.);
#7563=ORIENTED_EDGE('',*,*,#9996,.T.);
#7564=ORIENTED_EDGE('',*,*,#8305,.F.);
#7565=ORIENTED_EDGE('',*,*,#9996,.F.);
#7566=ORIENTED_EDGE('',*,*,#9409,.T.);
#7567=ORIENTED_EDGE('',*,*,#9997,.T.);
#7568=ORIENTED_EDGE('',*,*,#8306,.F.);
#7569=ORIENTED_EDGE('',*,*,#9997,.F.);
#7570=ORIENTED_EDGE('',*,*,#9408,.T.);
#7571=ORIENTED_EDGE('',*,*,#9998,.T.);
#7572=ORIENTED_EDGE('',*,*,#8303,.T.);
#7573=ORIENTED_EDGE('',*,*,#9998,.F.);
#7574=ORIENTED_EDGE('',*,*,#9407,.F.);
#7575=ORIENTED_EDGE('',*,*,#9995,.T.);
#7576=ORIENTED_EDGE('',*,*,#8300,.T.);
#7577=ORIENTED_EDGE('',*,*,#9999,.F.);
#7578=ORIENTED_EDGE('',*,*,#9410,.F.);
#7579=ORIENTED_EDGE('',*,*,#10000,.T.);
#7580=ORIENTED_EDGE('',*,*,#8301,.F.);
#7581=ORIENTED_EDGE('',*,*,#10000,.F.);
#7582=ORIENTED_EDGE('',*,*,#9413,.T.);
#7583=ORIENTED_EDGE('',*,*,#10001,.T.);
#7584=ORIENTED_EDGE('',*,*,#8302,.F.);
#7585=ORIENTED_EDGE('',*,*,#10001,.F.);
#7586=ORIENTED_EDGE('',*,*,#9412,.T.);
#7587=ORIENTED_EDGE('',*,*,#10002,.T.);
#7588=ORIENTED_EDGE('',*,*,#8299,.T.);
#7589=ORIENTED_EDGE('',*,*,#10002,.F.);
#7590=ORIENTED_EDGE('',*,*,#9411,.F.);
#7591=ORIENTED_EDGE('',*,*,#9999,.T.);
#7592=ORIENTED_EDGE('',*,*,#8296,.T.);
#7593=ORIENTED_EDGE('',*,*,#10003,.F.);
#7594=ORIENTED_EDGE('',*,*,#9414,.F.);
#7595=ORIENTED_EDGE('',*,*,#10004,.T.);
#7596=ORIENTED_EDGE('',*,*,#8297,.T.);
#7597=ORIENTED_EDGE('',*,*,#10004,.F.);
#7598=ORIENTED_EDGE('',*,*,#9417,.F.);
#7599=ORIENTED_EDGE('',*,*,#10005,.T.);
#7600=ORIENTED_EDGE('',*,*,#8298,.F.);
#7601=ORIENTED_EDGE('',*,*,#10005,.F.);
#7602=ORIENTED_EDGE('',*,*,#9416,.T.);
#7603=ORIENTED_EDGE('',*,*,#10006,.T.);
#7604=ORIENTED_EDGE('',*,*,#8295,.F.);
#7605=ORIENTED_EDGE('',*,*,#10006,.F.);
#7606=ORIENTED_EDGE('',*,*,#9415,.T.);
#7607=ORIENTED_EDGE('',*,*,#10003,.T.);
#7608=ORIENTED_EDGE('',*,*,#8292,.T.);
#7609=ORIENTED_EDGE('',*,*,#10007,.F.);
#7610=ORIENTED_EDGE('',*,*,#9418,.F.);
#7611=ORIENTED_EDGE('',*,*,#10008,.T.);
#7612=ORIENTED_EDGE('',*,*,#8293,.T.);
#7613=ORIENTED_EDGE('',*,*,#10008,.F.);
#7614=ORIENTED_EDGE('',*,*,#9421,.F.);
#7615=ORIENTED_EDGE('',*,*,#10009,.T.);
#7616=ORIENTED_EDGE('',*,*,#8294,.F.);
#7617=ORIENTED_EDGE('',*,*,#10009,.F.);
#7618=ORIENTED_EDGE('',*,*,#9420,.T.);
#7619=ORIENTED_EDGE('',*,*,#10010,.T.);
#7620=ORIENTED_EDGE('',*,*,#8291,.F.);
#7621=ORIENTED_EDGE('',*,*,#10010,.F.);
#7622=ORIENTED_EDGE('',*,*,#9419,.T.);
#7623=ORIENTED_EDGE('',*,*,#10007,.T.);
#7624=ORIENTED_EDGE('',*,*,#8288,.T.);
#7625=ORIENTED_EDGE('',*,*,#10011,.F.);
#7626=ORIENTED_EDGE('',*,*,#9422,.F.);
#7627=ORIENTED_EDGE('',*,*,#10012,.T.);
#7628=ORIENTED_EDGE('',*,*,#8289,.T.);
#7629=ORIENTED_EDGE('',*,*,#10012,.F.);
#7630=ORIENTED_EDGE('',*,*,#9425,.F.);
#7631=ORIENTED_EDGE('',*,*,#10013,.T.);
#7632=ORIENTED_EDGE('',*,*,#8290,.F.);
#7633=ORIENTED_EDGE('',*,*,#10013,.F.);
#7634=ORIENTED_EDGE('',*,*,#9424,.T.);
#7635=ORIENTED_EDGE('',*,*,#10014,.T.);
#7636=ORIENTED_EDGE('',*,*,#8287,.F.);
#7637=ORIENTED_EDGE('',*,*,#10014,.F.);
#7638=ORIENTED_EDGE('',*,*,#9423,.T.);
#7639=ORIENTED_EDGE('',*,*,#10011,.T.);
#7640=ORIENTED_EDGE('',*,*,#8284,.T.);
#7641=ORIENTED_EDGE('',*,*,#10015,.F.);
#7642=ORIENTED_EDGE('',*,*,#9426,.F.);
#7643=ORIENTED_EDGE('',*,*,#10016,.T.);
#7644=ORIENTED_EDGE('',*,*,#8285,.F.);
#7645=ORIENTED_EDGE('',*,*,#10016,.F.);
#7646=ORIENTED_EDGE('',*,*,#9429,.T.);
#7647=ORIENTED_EDGE('',*,*,#10017,.T.);
#7648=ORIENTED_EDGE('',*,*,#8286,.F.);
#7649=ORIENTED_EDGE('',*,*,#10017,.F.);
#7650=ORIENTED_EDGE('',*,*,#9428,.T.);
#7651=ORIENTED_EDGE('',*,*,#10018,.T.);
#7652=ORIENTED_EDGE('',*,*,#8283,.T.);
#7653=ORIENTED_EDGE('',*,*,#10018,.F.);
#7654=ORIENTED_EDGE('',*,*,#9427,.F.);
#7655=ORIENTED_EDGE('',*,*,#10015,.T.);
#7656=ORIENTED_EDGE('',*,*,#8280,.T.);
#7657=ORIENTED_EDGE('',*,*,#10019,.F.);
#7658=ORIENTED_EDGE('',*,*,#9430,.F.);
#7659=ORIENTED_EDGE('',*,*,#10020,.T.);
#7660=ORIENTED_EDGE('',*,*,#8281,.F.);
#7661=ORIENTED_EDGE('',*,*,#10020,.F.);
#7662=ORIENTED_EDGE('',*,*,#9433,.T.);
#7663=ORIENTED_EDGE('',*,*,#10021,.T.);
#7664=ORIENTED_EDGE('',*,*,#8282,.F.);
#7665=ORIENTED_EDGE('',*,*,#10021,.F.);
#7666=ORIENTED_EDGE('',*,*,#9432,.T.);
#7667=ORIENTED_EDGE('',*,*,#10022,.T.);
#7668=ORIENTED_EDGE('',*,*,#8279,.T.);
#7669=ORIENTED_EDGE('',*,*,#10022,.F.);
#7670=ORIENTED_EDGE('',*,*,#9431,.F.);
#7671=ORIENTED_EDGE('',*,*,#10019,.T.);
#7672=ORIENTED_EDGE('',*,*,#8807,.F.);
#7673=ORIENTED_EDGE('',*,*,#8875,.F.);
#7674=ORIENTED_EDGE('',*,*,#8910,.T.);
#7675=ORIENTED_EDGE('',*,*,#10023,.T.);
#7676=ORIENTED_EDGE('',*,*,#8808,.T.);
#7677=ORIENTED_EDGE('',*,*,#10023,.F.);
#7678=ORIENTED_EDGE('',*,*,#8909,.F.);
#7679=ORIENTED_EDGE('',*,*,#8871,.T.);
#7680=ORIENTED_EDGE('',*,*,#8276,.T.);
#7681=ORIENTED_EDGE('',*,*,#10024,.F.);
#7682=ORIENTED_EDGE('',*,*,#9434,.F.);
#7683=ORIENTED_EDGE('',*,*,#10025,.T.);
#7684=ORIENTED_EDGE('',*,*,#8277,.F.);
#7685=ORIENTED_EDGE('',*,*,#10025,.F.);
#7686=ORIENTED_EDGE('',*,*,#9437,.T.);
#7687=ORIENTED_EDGE('',*,*,#10026,.T.);
#7688=ORIENTED_EDGE('',*,*,#8278,.F.);
#7689=ORIENTED_EDGE('',*,*,#10026,.F.);
#7690=ORIENTED_EDGE('',*,*,#9436,.T.);
#7691=ORIENTED_EDGE('',*,*,#10027,.T.);
#7692=ORIENTED_EDGE('',*,*,#8275,.T.);
#7693=ORIENTED_EDGE('',*,*,#10027,.F.);
#7694=ORIENTED_EDGE('',*,*,#9435,.F.);
#7695=ORIENTED_EDGE('',*,*,#10024,.T.);
#7696=ORIENTED_EDGE('',*,*,#8801,.F.);
#7697=ORIENTED_EDGE('',*,*,#8881,.F.);
#7698=ORIENTED_EDGE('',*,*,#9205,.T.);
#7699=ORIENTED_EDGE('',*,*,#10028,.T.);
#7700=ORIENTED_EDGE('',*,*,#8802,.T.);
#7701=ORIENTED_EDGE('',*,*,#10028,.F.);
#7702=ORIENTED_EDGE('',*,*,#9204,.F.);
#7703=ORIENTED_EDGE('',*,*,#8877,.T.);
#7704=ORIENTED_EDGE('',*,*,#8272,.T.);
#7705=ORIENTED_EDGE('',*,*,#10029,.F.);
#7706=ORIENTED_EDGE('',*,*,#9438,.F.);
#7707=ORIENTED_EDGE('',*,*,#10030,.T.);
#7708=ORIENTED_EDGE('',*,*,#8273,.T.);
#7709=ORIENTED_EDGE('',*,*,#10030,.F.);
#7710=ORIENTED_EDGE('',*,*,#9441,.F.);
#7711=ORIENTED_EDGE('',*,*,#10031,.T.);
#7712=ORIENTED_EDGE('',*,*,#8274,.F.);
#7713=ORIENTED_EDGE('',*,*,#10031,.F.);
#7714=ORIENTED_EDGE('',*,*,#9440,.T.);
#7715=ORIENTED_EDGE('',*,*,#10032,.T.);
#7716=ORIENTED_EDGE('',*,*,#8271,.F.);
#7717=ORIENTED_EDGE('',*,*,#10032,.F.);
#7718=ORIENTED_EDGE('',*,*,#9439,.T.);
#7719=ORIENTED_EDGE('',*,*,#10029,.T.);
#7720=ORIENTED_EDGE('',*,*,#8268,.T.);
#7721=ORIENTED_EDGE('',*,*,#10033,.F.);
#7722=ORIENTED_EDGE('',*,*,#9442,.F.);
#7723=ORIENTED_EDGE('',*,*,#10034,.T.);
#7724=ORIENTED_EDGE('',*,*,#8269,.T.);
#7725=ORIENTED_EDGE('',*,*,#10034,.F.);
#7726=ORIENTED_EDGE('',*,*,#9445,.F.);
#7727=ORIENTED_EDGE('',*,*,#10035,.T.);
#7728=ORIENTED_EDGE('',*,*,#8270,.F.);
#7729=ORIENTED_EDGE('',*,*,#10035,.F.);
#7730=ORIENTED_EDGE('',*,*,#9444,.T.);
#7731=ORIENTED_EDGE('',*,*,#10036,.T.);
#7732=ORIENTED_EDGE('',*,*,#8267,.F.);
#7733=ORIENTED_EDGE('',*,*,#10036,.F.);
#7734=ORIENTED_EDGE('',*,*,#9443,.T.);
#7735=ORIENTED_EDGE('',*,*,#10033,.T.);
#7736=ORIENTED_EDGE('',*,*,#8264,.T.);
#7737=ORIENTED_EDGE('',*,*,#10037,.F.);
#7738=ORIENTED_EDGE('',*,*,#9446,.F.);
#7739=ORIENTED_EDGE('',*,*,#10038,.T.);
#7740=ORIENTED_EDGE('',*,*,#8265,.T.);
#7741=ORIENTED_EDGE('',*,*,#10038,.F.);
#7742=ORIENTED_EDGE('',*,*,#9449,.F.);
#7743=ORIENTED_EDGE('',*,*,#10039,.T.);
#7744=ORIENTED_EDGE('',*,*,#8266,.F.);
#7745=ORIENTED_EDGE('',*,*,#10039,.F.);
#7746=ORIENTED_EDGE('',*,*,#9448,.T.);
#7747=ORIENTED_EDGE('',*,*,#10040,.T.);
#7748=ORIENTED_EDGE('',*,*,#8263,.F.);
#7749=ORIENTED_EDGE('',*,*,#10040,.F.);
#7750=ORIENTED_EDGE('',*,*,#9447,.T.);
#7751=ORIENTED_EDGE('',*,*,#10037,.T.);
#7752=ORIENTED_EDGE('',*,*,#8260,.T.);
#7753=ORIENTED_EDGE('',*,*,#10041,.F.);
#7754=ORIENTED_EDGE('',*,*,#9450,.F.);
#7755=ORIENTED_EDGE('',*,*,#10042,.T.);
#7756=ORIENTED_EDGE('',*,*,#8261,.T.);
#7757=ORIENTED_EDGE('',*,*,#10042,.F.);
#7758=ORIENTED_EDGE('',*,*,#9453,.F.);
#7759=ORIENTED_EDGE('',*,*,#10043,.T.);
#7760=ORIENTED_EDGE('',*,*,#8262,.F.);
#7761=ORIENTED_EDGE('',*,*,#10043,.F.);
#7762=ORIENTED_EDGE('',*,*,#9452,.T.);
#7763=ORIENTED_EDGE('',*,*,#10044,.T.);
#7764=ORIENTED_EDGE('',*,*,#8259,.F.);
#7765=ORIENTED_EDGE('',*,*,#10044,.F.);
#7766=ORIENTED_EDGE('',*,*,#9451,.T.);
#7767=ORIENTED_EDGE('',*,*,#10041,.T.);
#7768=ORIENTED_EDGE('',*,*,#8256,.T.);
#7769=ORIENTED_EDGE('',*,*,#10045,.F.);
#7770=ORIENTED_EDGE('',*,*,#9454,.F.);
#7771=ORIENTED_EDGE('',*,*,#10046,.T.);
#7772=ORIENTED_EDGE('',*,*,#8257,.T.);
#7773=ORIENTED_EDGE('',*,*,#10046,.F.);
#7774=ORIENTED_EDGE('',*,*,#9457,.F.);
#7775=ORIENTED_EDGE('',*,*,#10047,.T.);
#7776=ORIENTED_EDGE('',*,*,#8258,.F.);
#7777=ORIENTED_EDGE('',*,*,#10047,.F.);
#7778=ORIENTED_EDGE('',*,*,#9456,.T.);
#7779=ORIENTED_EDGE('',*,*,#10048,.T.);
#7780=ORIENTED_EDGE('',*,*,#8255,.F.);
#7781=ORIENTED_EDGE('',*,*,#10048,.F.);
#7782=ORIENTED_EDGE('',*,*,#9455,.T.);
#7783=ORIENTED_EDGE('',*,*,#10045,.T.);
#7784=ORIENTED_EDGE('',*,*,#8252,.T.);
#7785=ORIENTED_EDGE('',*,*,#10049,.F.);
#7786=ORIENTED_EDGE('',*,*,#9458,.F.);
#7787=ORIENTED_EDGE('',*,*,#10050,.T.);
#7788=ORIENTED_EDGE('',*,*,#8253,.T.);
#7789=ORIENTED_EDGE('',*,*,#10050,.F.);
#7790=ORIENTED_EDGE('',*,*,#9461,.F.);
#7791=ORIENTED_EDGE('',*,*,#10051,.T.);
#7792=ORIENTED_EDGE('',*,*,#8254,.F.);
#7793=ORIENTED_EDGE('',*,*,#10051,.F.);
#7794=ORIENTED_EDGE('',*,*,#9460,.T.);
#7795=ORIENTED_EDGE('',*,*,#10052,.T.);
#7796=ORIENTED_EDGE('',*,*,#8251,.F.);
#7797=ORIENTED_EDGE('',*,*,#10052,.F.);
#7798=ORIENTED_EDGE('',*,*,#9459,.T.);
#7799=ORIENTED_EDGE('',*,*,#10049,.T.);
#7800=ORIENTED_EDGE('',*,*,#8248,.T.);
#7801=ORIENTED_EDGE('',*,*,#10053,.F.);
#7802=ORIENTED_EDGE('',*,*,#9462,.F.);
#7803=ORIENTED_EDGE('',*,*,#10054,.T.);
#7804=ORIENTED_EDGE('',*,*,#8249,.T.);
#7805=ORIENTED_EDGE('',*,*,#10054,.F.);
#7806=ORIENTED_EDGE('',*,*,#9465,.F.);
#7807=ORIENTED_EDGE('',*,*,#10055,.T.);
#7808=ORIENTED_EDGE('',*,*,#8250,.F.);
#7809=ORIENTED_EDGE('',*,*,#10055,.F.);
#7810=ORIENTED_EDGE('',*,*,#9464,.T.);
#7811=ORIENTED_EDGE('',*,*,#10056,.T.);
#7812=ORIENTED_EDGE('',*,*,#8247,.F.);
#7813=ORIENTED_EDGE('',*,*,#10056,.F.);
#7814=ORIENTED_EDGE('',*,*,#9463,.T.);
#7815=ORIENTED_EDGE('',*,*,#10053,.T.);
#7816=ORIENTED_EDGE('',*,*,#8244,.T.);
#7817=ORIENTED_EDGE('',*,*,#10057,.F.);
#7818=ORIENTED_EDGE('',*,*,#9466,.F.);
#7819=ORIENTED_EDGE('',*,*,#10058,.T.);
#7820=ORIENTED_EDGE('',*,*,#8245,.T.);
#7821=ORIENTED_EDGE('',*,*,#10058,.F.);
#7822=ORIENTED_EDGE('',*,*,#9469,.F.);
#7823=ORIENTED_EDGE('',*,*,#10059,.T.);
#7824=ORIENTED_EDGE('',*,*,#8246,.F.);
#7825=ORIENTED_EDGE('',*,*,#10059,.F.);
#7826=ORIENTED_EDGE('',*,*,#9468,.T.);
#7827=ORIENTED_EDGE('',*,*,#10060,.T.);
#7828=ORIENTED_EDGE('',*,*,#8243,.F.);
#7829=ORIENTED_EDGE('',*,*,#10060,.F.);
#7830=ORIENTED_EDGE('',*,*,#9467,.T.);
#7831=ORIENTED_EDGE('',*,*,#10057,.T.);
#7832=ORIENTED_EDGE('',*,*,#8240,.T.);
#7833=ORIENTED_EDGE('',*,*,#10061,.F.);
#7834=ORIENTED_EDGE('',*,*,#9470,.F.);
#7835=ORIENTED_EDGE('',*,*,#10062,.T.);
#7836=ORIENTED_EDGE('',*,*,#8241,.F.);
#7837=ORIENTED_EDGE('',*,*,#10062,.F.);
#7838=ORIENTED_EDGE('',*,*,#9473,.T.);
#7839=ORIENTED_EDGE('',*,*,#10063,.T.);
#7840=ORIENTED_EDGE('',*,*,#8242,.F.);
#7841=ORIENTED_EDGE('',*,*,#10063,.F.);
#7842=ORIENTED_EDGE('',*,*,#9472,.T.);
#7843=ORIENTED_EDGE('',*,*,#10064,.T.);
#7844=ORIENTED_EDGE('',*,*,#8239,.T.);
#7845=ORIENTED_EDGE('',*,*,#10064,.F.);
#7846=ORIENTED_EDGE('',*,*,#9471,.F.);
#7847=ORIENTED_EDGE('',*,*,#10061,.T.);
#7848=ORIENTED_EDGE('',*,*,#8236,.T.);
#7849=ORIENTED_EDGE('',*,*,#10065,.F.);
#7850=ORIENTED_EDGE('',*,*,#9474,.F.);
#7851=ORIENTED_EDGE('',*,*,#10066,.T.);
#7852=ORIENTED_EDGE('',*,*,#8237,.F.);
#7853=ORIENTED_EDGE('',*,*,#10066,.F.);
#7854=ORIENTED_EDGE('',*,*,#9477,.T.);
#7855=ORIENTED_EDGE('',*,*,#10067,.T.);
#7856=ORIENTED_EDGE('',*,*,#8238,.F.);
#7857=ORIENTED_EDGE('',*,*,#10067,.F.);
#7858=ORIENTED_EDGE('',*,*,#9476,.T.);
#7859=ORIENTED_EDGE('',*,*,#10068,.T.);
#7860=ORIENTED_EDGE('',*,*,#8235,.T.);
#7861=ORIENTED_EDGE('',*,*,#10068,.F.);
#7862=ORIENTED_EDGE('',*,*,#9475,.F.);
#7863=ORIENTED_EDGE('',*,*,#10065,.T.);
#7864=ORIENTED_EDGE('',*,*,#8701,.T.);
#7865=ORIENTED_EDGE('',*,*,#10069,.F.);
#7866=ORIENTED_EDGE('',*,*,#9010,.F.);
#7867=ORIENTED_EDGE('',*,*,#10070,.T.);
#7868=ORIENTED_EDGE('',*,*,#10071,.F.);
#7869=ORIENTED_EDGE('',*,*,#8702,.F.);
#7870=ORIENTED_EDGE('',*,*,#10070,.F.);
#7871=ORIENTED_EDGE('',*,*,#9009,.T.);
#7872=ORIENTED_EDGE('',*,*,#8700,.T.);
#7873=ORIENTED_EDGE('',*,*,#10072,.T.);
#7874=ORIENTED_EDGE('',*,*,#9007,.F.);
#7875=ORIENTED_EDGE('',*,*,#10069,.T.);
#7876=ORIENTED_EDGE('',*,*,#8705,.T.);
#7877=ORIENTED_EDGE('',*,*,#10073,.F.);
#7878=ORIENTED_EDGE('',*,*,#9006,.F.);
#7879=ORIENTED_EDGE('',*,*,#10074,.T.);
#7880=ORIENTED_EDGE('',*,*,#10075,.F.);
#7881=ORIENTED_EDGE('',*,*,#8706,.F.);
#7882=ORIENTED_EDGE('',*,*,#10074,.F.);
#7883=ORIENTED_EDGE('',*,*,#9005,.T.);
#7884=ORIENTED_EDGE('',*,*,#8704,.T.);
#7885=ORIENTED_EDGE('',*,*,#10076,.T.);
#7886=ORIENTED_EDGE('',*,*,#9003,.F.);
#7887=ORIENTED_EDGE('',*,*,#10073,.T.);
#7888=ORIENTED_EDGE('',*,*,#8812,.F.);
#7889=ORIENTED_EDGE('',*,*,#8887,.F.);
#7890=ORIENTED_EDGE('',*,*,#8907,.T.);
#7891=ORIENTED_EDGE('',*,*,#10077,.T.);
#7892=ORIENTED_EDGE('',*,*,#8813,.T.);
#7893=ORIENTED_EDGE('',*,*,#10077,.F.);
#7894=ORIENTED_EDGE('',*,*,#8906,.F.);
#7895=ORIENTED_EDGE('',*,*,#8883,.T.);
#7896=ORIENTED_EDGE('',*,*,#8232,.T.);
#7897=ORIENTED_EDGE('',*,*,#10078,.F.);
#7898=ORIENTED_EDGE('',*,*,#9478,.F.);
#7899=ORIENTED_EDGE('',*,*,#10079,.T.);
#7900=ORIENTED_EDGE('',*,*,#8233,.F.);
#7901=ORIENTED_EDGE('',*,*,#10079,.F.);
#7902=ORIENTED_EDGE('',*,*,#9481,.T.);
#7903=ORIENTED_EDGE('',*,*,#10080,.T.);
#7904=ORIENTED_EDGE('',*,*,#8234,.F.);
#7905=ORIENTED_EDGE('',*,*,#10080,.F.);
#7906=ORIENTED_EDGE('',*,*,#9480,.T.);
#7907=ORIENTED_EDGE('',*,*,#10081,.T.);
#7908=ORIENTED_EDGE('',*,*,#8231,.T.);
#7909=ORIENTED_EDGE('',*,*,#10081,.F.);
#7910=ORIENTED_EDGE('',*,*,#9479,.F.);
#7911=ORIENTED_EDGE('',*,*,#10078,.T.);
#7912=ORIENTED_EDGE('',*,*,#8228,.T.);
#7913=ORIENTED_EDGE('',*,*,#10082,.F.);
#7914=ORIENTED_EDGE('',*,*,#9482,.F.);
#7915=ORIENTED_EDGE('',*,*,#10083,.T.);
#7916=ORIENTED_EDGE('',*,*,#8229,.F.);
#7917=ORIENTED_EDGE('',*,*,#10083,.F.);
#7918=ORIENTED_EDGE('',*,*,#9485,.T.);
#7919=ORIENTED_EDGE('',*,*,#10084,.T.);
#7920=ORIENTED_EDGE('',*,*,#8230,.F.);
#7921=ORIENTED_EDGE('',*,*,#10084,.F.);
#7922=ORIENTED_EDGE('',*,*,#9484,.T.);
#7923=ORIENTED_EDGE('',*,*,#10085,.T.);
#7924=ORIENTED_EDGE('',*,*,#8227,.T.);
#7925=ORIENTED_EDGE('',*,*,#10085,.F.);
#7926=ORIENTED_EDGE('',*,*,#9483,.F.);
#7927=ORIENTED_EDGE('',*,*,#10082,.T.);
#7928=ORIENTED_EDGE('',*,*,#8224,.T.);
#7929=ORIENTED_EDGE('',*,*,#10086,.F.);
#7930=ORIENTED_EDGE('',*,*,#9486,.F.);
#7931=ORIENTED_EDGE('',*,*,#10087,.T.);
#7932=ORIENTED_EDGE('',*,*,#8225,.F.);
#7933=ORIENTED_EDGE('',*,*,#10087,.F.);
#7934=ORIENTED_EDGE('',*,*,#9489,.T.);
#7935=ORIENTED_EDGE('',*,*,#10088,.T.);
#7936=ORIENTED_EDGE('',*,*,#8226,.F.);
#7937=ORIENTED_EDGE('',*,*,#10088,.F.);
#7938=ORIENTED_EDGE('',*,*,#9488,.T.);
#7939=ORIENTED_EDGE('',*,*,#10089,.T.);
#7940=ORIENTED_EDGE('',*,*,#8223,.T.);
#7941=ORIENTED_EDGE('',*,*,#10089,.F.);
#7942=ORIENTED_EDGE('',*,*,#9487,.F.);
#7943=ORIENTED_EDGE('',*,*,#10086,.T.);
#7944=ORIENTED_EDGE('',*,*,#8220,.T.);
#7945=ORIENTED_EDGE('',*,*,#10090,.F.);
#7946=ORIENTED_EDGE('',*,*,#9490,.F.);
#7947=ORIENTED_EDGE('',*,*,#10091,.T.);
#7948=ORIENTED_EDGE('',*,*,#8221,.F.);
#7949=ORIENTED_EDGE('',*,*,#10091,.F.);
#7950=ORIENTED_EDGE('',*,*,#9493,.T.);
#7951=ORIENTED_EDGE('',*,*,#10092,.T.);
#7952=ORIENTED_EDGE('',*,*,#8222,.F.);
#7953=ORIENTED_EDGE('',*,*,#10092,.F.);
#7954=ORIENTED_EDGE('',*,*,#9492,.T.);
#7955=ORIENTED_EDGE('',*,*,#10093,.T.);
#7956=ORIENTED_EDGE('',*,*,#8219,.T.);
#7957=ORIENTED_EDGE('',*,*,#10093,.F.);
#7958=ORIENTED_EDGE('',*,*,#9491,.F.);
#7959=ORIENTED_EDGE('',*,*,#10090,.T.);
#7960=ORIENTED_EDGE('',*,*,#8216,.T.);
#7961=ORIENTED_EDGE('',*,*,#10094,.F.);
#7962=ORIENTED_EDGE('',*,*,#9494,.F.);
#7963=ORIENTED_EDGE('',*,*,#10095,.T.);
#7964=ORIENTED_EDGE('',*,*,#8217,.F.);
#7965=ORIENTED_EDGE('',*,*,#10095,.F.);
#7966=ORIENTED_EDGE('',*,*,#9497,.T.);
#7967=ORIENTED_EDGE('',*,*,#10096,.T.);
#7968=ORIENTED_EDGE('',*,*,#8218,.F.);
#7969=ORIENTED_EDGE('',*,*,#10096,.F.);
#7970=ORIENTED_EDGE('',*,*,#9496,.T.);
#7971=ORIENTED_EDGE('',*,*,#10097,.T.);
#7972=ORIENTED_EDGE('',*,*,#8215,.T.);
#7973=ORIENTED_EDGE('',*,*,#10097,.F.);
#7974=ORIENTED_EDGE('',*,*,#9495,.F.);
#7975=ORIENTED_EDGE('',*,*,#10094,.T.);
#7976=ORIENTED_EDGE('',*,*,#8796,.T.);
#7977=ORIENTED_EDGE('',*,*,#10098,.T.);
#7978=ORIENTED_EDGE('',*,*,#8911,.F.);
#7979=ORIENTED_EDGE('',*,*,#10099,.T.);
#7980=ORIENTED_EDGE('',*,*,#8797,.F.);
#7981=ORIENTED_EDGE('',*,*,#10099,.F.);
#7982=ORIENTED_EDGE('',*,*,#8914,.T.);
#7983=ORIENTED_EDGE('',*,*,#10100,.T.);
#7984=ORIENTED_EDGE('',*,*,#10101,.F.);
#7985=ORIENTED_EDGE('',*,*,#8798,.F.);
#7986=ORIENTED_EDGE('',*,*,#10100,.F.);
#7987=ORIENTED_EDGE('',*,*,#8913,.T.);
#7988=ORIENTED_EDGE('',*,*,#8697,.T.);
#7989=ORIENTED_EDGE('',*,*,#10102,.T.);
#7990=ORIENTED_EDGE('',*,*,#9014,.F.);
#7991=ORIENTED_EDGE('',*,*,#10103,.T.);
#7992=ORIENTED_EDGE('',*,*,#8698,.F.);
#7993=ORIENTED_EDGE('',*,*,#10103,.F.);
#7994=ORIENTED_EDGE('',*,*,#9013,.T.);
#7995=ORIENTED_EDGE('',*,*,#10104,.T.);
#7996=ORIENTED_EDGE('',*,*,#10105,.F.);
#7997=ORIENTED_EDGE('',*,*,#8695,.F.);
#7998=ORIENTED_EDGE('',*,*,#10104,.F.);
#7999=ORIENTED_EDGE('',*,*,#9012,.T.);
#8000=ORIENTED_EDGE('',*,*,#8212,.T.);
#8001=ORIENTED_EDGE('',*,*,#10106,.F.);
#8002=ORIENTED_EDGE('',*,*,#9498,.F.);
#8003=ORIENTED_EDGE('',*,*,#10107,.T.);
#8004=ORIENTED_EDGE('',*,*,#8213,.F.);
#8005=ORIENTED_EDGE('',*,*,#10107,.F.);
#8006=ORIENTED_EDGE('',*,*,#9501,.T.);
#8007=ORIENTED_EDGE('',*,*,#10108,.T.);
#8008=ORIENTED_EDGE('',*,*,#8214,.F.);
#8009=ORIENTED_EDGE('',*,*,#10108,.F.);
#8010=ORIENTED_EDGE('',*,*,#9500,.T.);
#8011=ORIENTED_EDGE('',*,*,#10109,.T.);
#8012=ORIENTED_EDGE('',*,*,#8211,.T.);
#8013=ORIENTED_EDGE('',*,*,#10109,.F.);
#8014=ORIENTED_EDGE('',*,*,#9499,.F.);
#8015=ORIENTED_EDGE('',*,*,#10106,.T.);
#8016=ORIENTED_EDGE('',*,*,#8208,.T.);
#8017=ORIENTED_EDGE('',*,*,#10110,.F.);
#8018=ORIENTED_EDGE('',*,*,#9502,.F.);
#8019=ORIENTED_EDGE('',*,*,#10111,.T.);
#8020=ORIENTED_EDGE('',*,*,#8209,.F.);
#8021=ORIENTED_EDGE('',*,*,#10111,.F.);
#8022=ORIENTED_EDGE('',*,*,#9505,.T.);
#8023=ORIENTED_EDGE('',*,*,#10112,.T.);
#8024=ORIENTED_EDGE('',*,*,#8210,.F.);
#8025=ORIENTED_EDGE('',*,*,#10112,.F.);
#8026=ORIENTED_EDGE('',*,*,#9504,.T.);
#8027=ORIENTED_EDGE('',*,*,#10113,.T.);
#8028=ORIENTED_EDGE('',*,*,#8207,.T.);
#8029=ORIENTED_EDGE('',*,*,#10113,.F.);
#8030=ORIENTED_EDGE('',*,*,#9503,.F.);
#8031=ORIENTED_EDGE('',*,*,#10110,.T.);
#8032=ORIENTED_EDGE('',*,*,#8204,.T.);
#8033=ORIENTED_EDGE('',*,*,#10114,.F.);
#8034=ORIENTED_EDGE('',*,*,#9506,.F.);
#8035=ORIENTED_EDGE('',*,*,#10115,.T.);
#8036=ORIENTED_EDGE('',*,*,#8205,.F.);
#8037=ORIENTED_EDGE('',*,*,#10115,.F.);
#8038=ORIENTED_EDGE('',*,*,#9509,.T.);
#8039=ORIENTED_EDGE('',*,*,#10116,.T.);
#8040=ORIENTED_EDGE('',*,*,#8206,.F.);
#8041=ORIENTED_EDGE('',*,*,#10116,.F.);
#8042=ORIENTED_EDGE('',*,*,#9508,.T.);
#8043=ORIENTED_EDGE('',*,*,#10117,.T.);
#8044=ORIENTED_EDGE('',*,*,#8203,.T.);
#8045=ORIENTED_EDGE('',*,*,#10117,.F.);
#8046=ORIENTED_EDGE('',*,*,#9507,.F.);
#8047=ORIENTED_EDGE('',*,*,#10114,.T.);
#8048=ORIENTED_EDGE('',*,*,#8200,.T.);
#8049=ORIENTED_EDGE('',*,*,#10118,.F.);
#8050=ORIENTED_EDGE('',*,*,#9510,.F.);
#8051=ORIENTED_EDGE('',*,*,#10119,.T.);
#8052=ORIENTED_EDGE('',*,*,#8201,.F.);
#8053=ORIENTED_EDGE('',*,*,#10119,.F.);
#8054=ORIENTED_EDGE('',*,*,#9513,.T.);
#8055=ORIENTED_EDGE('',*,*,#10120,.T.);
#8056=ORIENTED_EDGE('',*,*,#8202,.F.);
#8057=ORIENTED_EDGE('',*,*,#10120,.F.);
#8058=ORIENTED_EDGE('',*,*,#9512,.T.);
#8059=ORIENTED_EDGE('',*,*,#10121,.T.);
#8060=ORIENTED_EDGE('',*,*,#8199,.T.);
#8061=ORIENTED_EDGE('',*,*,#10121,.F.);
#8062=ORIENTED_EDGE('',*,*,#9511,.F.);
#8063=ORIENTED_EDGE('',*,*,#10118,.T.);
#8064=ORIENTED_EDGE('',*,*,#10102,.F.);
#8065=ORIENTED_EDGE('',*,*,#8696,.F.);
#8066=ORIENTED_EDGE('',*,*,#10105,.T.);
#8067=ORIENTED_EDGE('',*,*,#9011,.T.);
#8068=ORIENTED_EDGE('',*,*,#10098,.F.);
#8069=ORIENTED_EDGE('',*,*,#8795,.F.);
#8070=ORIENTED_EDGE('',*,*,#10101,.T.);
#8071=ORIENTED_EDGE('',*,*,#8912,.T.);
#8072=ORIENTED_EDGE('',*,*,#8703,.F.);
#8073=ORIENTED_EDGE('',*,*,#10075,.T.);
#8074=ORIENTED_EDGE('',*,*,#9004,.T.);
#8075=ORIENTED_EDGE('',*,*,#10076,.F.);
#8076=ORIENTED_EDGE('',*,*,#8699,.F.);
#8077=ORIENTED_EDGE('',*,*,#10071,.T.);
#8078=ORIENTED_EDGE('',*,*,#9008,.T.);
#8079=ORIENTED_EDGE('',*,*,#10072,.F.);
#8080=ORIENTED_EDGE('',*,*,#9951,.F.);
#8081=ORIENTED_EDGE('',*,*,#8725,.F.);
#8082=ORIENTED_EDGE('',*,*,#9954,.T.);
#8083=ORIENTED_EDGE('',*,*,#8982,.T.);
#8084=ORIENTED_EDGE('',*,*,#9947,.F.);
#8085=ORIENTED_EDGE('',*,*,#8729,.F.);
#8086=ORIENTED_EDGE('',*,*,#9950,.T.);
#8087=ORIENTED_EDGE('',*,*,#8978,.T.);
#8088=ORIENTED_EDGE('',*,*,#9938,.F.);
#8089=ORIENTED_EDGE('',*,*,#8733,.F.);
#8090=ORIENTED_EDGE('',*,*,#9942,.T.);
#8091=ORIENTED_EDGE('',*,*,#8973,.T.);
#8092=ORIENTED_EDGE('',*,*,#9917,.F.);
#8093=ORIENTED_EDGE('',*,*,#8721,.F.);
#8094=ORIENTED_EDGE('',*,*,#9920,.T.);
#8095=ORIENTED_EDGE('',*,*,#8986,.T.);
#8096=ORIENTED_EDGE('',*,*,#9913,.F.);
#8097=ORIENTED_EDGE('',*,*,#8717,.F.);
#8098=ORIENTED_EDGE('',*,*,#9916,.T.);
#8099=ORIENTED_EDGE('',*,*,#8990,.T.);
#8100=ORIENTED_EDGE('',*,*,#8712,.F.);
#8101=ORIENTED_EDGE('',*,*,#9907,.T.);
#8102=ORIENTED_EDGE('',*,*,#8994,.T.);
#8103=ORIENTED_EDGE('',*,*,#9908,.F.);
#8104=ORIENTED_EDGE('',*,*,#8707,.F.);
#8105=ORIENTED_EDGE('',*,*,#9894,.T.);
#8106=ORIENTED_EDGE('',*,*,#8999,.T.);
#8107=ORIENTED_EDGE('',*,*,#9895,.F.);
#8108=ORIENTED_EDGE('',*,*,#9870,.F.);
#8109=ORIENTED_EDGE('',*,*,#8759,.F.);
#8110=ORIENTED_EDGE('',*,*,#9874,.T.);
#8111=ORIENTED_EDGE('',*,*,#8947,.T.);
#8112=ORIENTED_EDGE('',*,*,#8785,.F.);
#8113=ORIENTED_EDGE('',*,*,#9808,.T.);
#8114=ORIENTED_EDGE('',*,*,#8921,.T.);
#8115=ORIENTED_EDGE('',*,*,#9809,.F.);
#8116=ORIENTED_EDGE('',*,*,#8777,.F.);
#8117=ORIENTED_EDGE('',*,*,#9795,.T.);
#8118=ORIENTED_EDGE('',*,*,#8930,.T.);
#8119=ORIENTED_EDGE('',*,*,#9796,.F.);
#8120=ORIENTED_EDGE('',*,*,#9777,.F.);
#8121=ORIENTED_EDGE('',*,*,#8773,.F.);
#8122=ORIENTED_EDGE('',*,*,#9780,.T.);
#8123=ORIENTED_EDGE('',*,*,#8934,.T.);
#8124=ORIENTED_EDGE('',*,*,#9760,.F.);
#8125=ORIENTED_EDGE('',*,*,#8764,.F.);
#8126=ORIENTED_EDGE('',*,*,#9764,.T.);
#8127=ORIENTED_EDGE('',*,*,#8942,.T.);
#8128=ORIENTED_EDGE('',*,*,#9718,.F.);
#8129=ORIENTED_EDGE('',*,*,#8755,.F.);
#8130=ORIENTED_EDGE('',*,*,#9721,.T.);
#8131=ORIENTED_EDGE('',*,*,#8952,.T.);
#8132=ORIENTED_EDGE('',*,*,#9698,.F.);
#8133=ORIENTED_EDGE('',*,*,#8751,.F.);
#8134=ORIENTED_EDGE('',*,*,#9701,.T.);
#8135=ORIENTED_EDGE('',*,*,#8956,.T.);
#8136=ORIENTED_EDGE('',*,*,#9694,.F.);
#8137=ORIENTED_EDGE('',*,*,#8747,.F.);
#8138=ORIENTED_EDGE('',*,*,#9697,.T.);
#8139=ORIENTED_EDGE('',*,*,#8960,.T.);
#8140=ORIENTED_EDGE('',*,*,#9690,.F.);
#8141=ORIENTED_EDGE('',*,*,#8743,.F.);
#8142=ORIENTED_EDGE('',*,*,#9693,.T.);
#8143=ORIENTED_EDGE('',*,*,#8964,.T.);
#8144=ORIENTED_EDGE('',*,*,#8790,.F.);
#8145=ORIENTED_EDGE('',*,*,#9668,.T.);
#8146=ORIENTED_EDGE('',*,*,#8916,.T.);
#8147=ORIENTED_EDGE('',*,*,#9669,.F.);
#8148=ORIENTED_EDGE('',*,*,#9587,.F.);
#8149=ORIENTED_EDGE('',*,*,#8769,.F.);
#8150=ORIENTED_EDGE('',*,*,#9590,.T.);
#8151=ORIENTED_EDGE('',*,*,#8938,.T.);
#8152=ORIENTED_EDGE('',*,*,#8781,.F.);
#8153=ORIENTED_EDGE('',*,*,#9585,.T.);
#8154=ORIENTED_EDGE('',*,*,#8926,.T.);
#8155=ORIENTED_EDGE('',*,*,#9586,.F.);
#8156=ORIENTED_EDGE('',*,*,#9558,.F.);
#8157=ORIENTED_EDGE('',*,*,#8738,.F.);
#8158=ORIENTED_EDGE('',*,*,#9562,.T.);
#8159=ORIENTED_EDGE('',*,*,#8968,.T.);
#8160=ORIENTED_EDGE('',*,*,#8810,.T.);
#8161=ORIENTED_EDGE('',*,*,#8882,.T.);
#8162=ORIENTED_EDGE('',*,*,#8905,.F.);
#8163=ORIENTED_EDGE('',*,*,#8885,.F.);
#8164=ORIENTED_EDGE('',*,*,#8799,.T.);
#8165=ORIENTED_EDGE('',*,*,#8876,.T.);
#8166=ORIENTED_EDGE('',*,*,#9203,.F.);
#8167=ORIENTED_EDGE('',*,*,#8879,.F.);
#8168=ORIENTED_EDGE('',*,*,#8805,.T.);
#8169=ORIENTED_EDGE('',*,*,#8870,.T.);
#8170=ORIENTED_EDGE('',*,*,#8908,.F.);
#8171=ORIENTED_EDGE('',*,*,#8873,.F.);
#8172=ORIENTED_EDGE('',*,*,#8815,.T.);
#8173=ORIENTED_EDGE('',*,*,#8864,.T.);
#8174=ORIENTED_EDGE('',*,*,#8902,.F.);
#8175=ORIENTED_EDGE('',*,*,#8867,.F.);
#8176=ORIENTED_EDGE('',*,*,#8835,.T.);
#8177=ORIENTED_EDGE('',*,*,#8858,.T.);
#8178=ORIENTED_EDGE('',*,*,#8890,.F.);
#8179=ORIENTED_EDGE('',*,*,#8861,.F.);
#8180=ORIENTED_EDGE('',*,*,#8830,.T.);
#8181=ORIENTED_EDGE('',*,*,#8852,.T.);
#8182=ORIENTED_EDGE('',*,*,#8893,.F.);
#8183=ORIENTED_EDGE('',*,*,#8855,.F.);
#8184=ORIENTED_EDGE('',*,*,#8825,.T.);
#8185=ORIENTED_EDGE('',*,*,#8846,.T.);
#8186=ORIENTED_EDGE('',*,*,#8896,.F.);
#8187=ORIENTED_EDGE('',*,*,#8849,.F.);
#8188=ORIENTED_EDGE('',*,*,#8820,.T.);
#8189=ORIENTED_EDGE('',*,*,#8840,.T.);
#8190=ORIENTED_EDGE('',*,*,#8899,.F.);
#8191=ORIENTED_EDGE('',*,*,#8843,.F.);
#8192=ORIENTED_EDGE('',*,*,#8839,.F.);
#8193=ORIENTED_EDGE('',*,*,#8888,.T.);
#8194=ORIENTED_EDGE('',*,*,#8198,.T.);
#8195=ORIENTED_EDGE('',*,*,#8197,.F.);
#8196=EDGE_CURVE('',#10122,#10122,#11408,.T.);
#8197=EDGE_CURVE('',#10123,#10123,#11409,.T.);
#8198=EDGE_CURVE('',#10124,#10124,#11410,.T.);
#8199=EDGE_CURVE('',#10125,#10126,#22,.T.);
#8200=EDGE_CURVE('',#10127,#10125,#23,.T.);
#8201=EDGE_CURVE('',#10127,#10128,#24,.T.);
#8202=EDGE_CURVE('',#10128,#10126,#25,.T.);
#8203=EDGE_CURVE('',#10129,#10130,#26,.T.);
#8204=EDGE_CURVE('',#10131,#10129,#27,.T.);
#8205=EDGE_CURVE('',#10131,#10132,#28,.T.);
#8206=EDGE_CURVE('',#10132,#10130,#29,.T.);
#8207=EDGE_CURVE('',#10133,#10134,#30,.T.);
#8208=EDGE_CURVE('',#10135,#10133,#31,.T.);
#8209=EDGE_CURVE('',#10135,#10136,#32,.T.);
#8210=EDGE_CURVE('',#10136,#10134,#33,.T.);
#8211=EDGE_CURVE('',#10137,#10138,#34,.T.);
#8212=EDGE_CURVE('',#10139,#10137,#35,.T.);
#8213=EDGE_CURVE('',#10139,#10140,#36,.T.);
#8214=EDGE_CURVE('',#10140,#10138,#37,.T.);
#8215=EDGE_CURVE('',#10141,#10142,#38,.T.);
#8216=EDGE_CURVE('',#10143,#10141,#39,.T.);
#8217=EDGE_CURVE('',#10143,#10144,#40,.T.);
#8218=EDGE_CURVE('',#10144,#10142,#41,.T.);
#8219=EDGE_CURVE('',#10145,#10146,#42,.T.);
#8220=EDGE_CURVE('',#10147,#10145,#43,.T.);
#8221=EDGE_CURVE('',#10147,#10148,#44,.T.);
#8222=EDGE_CURVE('',#10148,#10146,#45,.T.);
#8223=EDGE_CURVE('',#10149,#10150,#46,.T.);
#8224=EDGE_CURVE('',#10151,#10149,#47,.T.);
#8225=EDGE_CURVE('',#10151,#10152,#48,.T.);
#8226=EDGE_CURVE('',#10152,#10150,#49,.T.);
#8227=EDGE_CURVE('',#10153,#10154,#50,.T.);
#8228=EDGE_CURVE('',#10155,#10153,#51,.T.);
#8229=EDGE_CURVE('',#10155,#10156,#52,.T.);
#8230=EDGE_CURVE('',#10156,#10154,#53,.T.);
#8231=EDGE_CURVE('',#10157,#10158,#54,.T.);
#8232=EDGE_CURVE('',#10159,#10157,#55,.T.);
#8233=EDGE_CURVE('',#10159,#10160,#56,.T.);
#8234=EDGE_CURVE('',#10160,#10158,#57,.T.);
#8235=EDGE_CURVE('',#10161,#10162,#58,.T.);
#8236=EDGE_CURVE('',#10163,#10161,#59,.T.);
#8237=EDGE_CURVE('',#10163,#10164,#60,.T.);
#8238=EDGE_CURVE('',#10164,#10162,#61,.T.);
#8239=EDGE_CURVE('',#10165,#10166,#62,.T.);
#8240=EDGE_CURVE('',#10167,#10165,#63,.T.);
#8241=EDGE_CURVE('',#10167,#10168,#64,.T.);
#8242=EDGE_CURVE('',#10168,#10166,#65,.T.);
#8243=EDGE_CURVE('',#10169,#10170,#66,.T.);
#8244=EDGE_CURVE('',#10171,#10170,#67,.T.);
#8245=EDGE_CURVE('',#10172,#10171,#68,.T.);
#8246=EDGE_CURVE('',#10172,#10169,#69,.T.);
#8247=EDGE_CURVE('',#10173,#10174,#70,.T.);
#8248=EDGE_CURVE('',#10175,#10174,#71,.T.);
#8249=EDGE_CURVE('',#10176,#10175,#72,.T.);
#8250=EDGE_CURVE('',#10176,#10173,#73,.T.);
#8251=EDGE_CURVE('',#10177,#10178,#74,.T.);
#8252=EDGE_CURVE('',#10179,#10178,#75,.T.);
#8253=EDGE_CURVE('',#10180,#10179,#76,.T.);
#8254=EDGE_CURVE('',#10180,#10177,#77,.T.);
#8255=EDGE_CURVE('',#10181,#10182,#78,.T.);
#8256=EDGE_CURVE('',#10183,#10182,#79,.T.);
#8257=EDGE_CURVE('',#10184,#10183,#80,.T.);
#8258=EDGE_CURVE('',#10184,#10181,#81,.T.);
#8259=EDGE_CURVE('',#10185,#10186,#82,.T.);
#8260=EDGE_CURVE('',#10187,#10186,#83,.T.);
#8261=EDGE_CURVE('',#10188,#10187,#84,.T.);
#8262=EDGE_CURVE('',#10188,#10185,#85,.T.);
#8263=EDGE_CURVE('',#10189,#10190,#86,.T.);
#8264=EDGE_CURVE('',#10191,#10190,#87,.T.);
#8265=EDGE_CURVE('',#10192,#10191,#88,.T.);
#8266=EDGE_CURVE('',#10192,#10189,#89,.T.);
#8267=EDGE_CURVE('',#10193,#10194,#90,.T.);
#8268=EDGE_CURVE('',#10195,#10194,#91,.T.);
#8269=EDGE_CURVE('',#10196,#10195,#92,.T.);
#8270=EDGE_CURVE('',#10196,#10193,#93,.T.);
#8271=EDGE_CURVE('',#10197,#10198,#94,.T.);
#8272=EDGE_CURVE('',#10199,#10198,#95,.T.);
#8273=EDGE_CURVE('',#10200,#10199,#96,.T.);
#8274=EDGE_CURVE('',#10200,#10197,#97,.T.);
#8275=EDGE_CURVE('',#10201,#10202,#98,.T.);
#8276=EDGE_CURVE('',#10203,#10201,#99,.T.);
#8277=EDGE_CURVE('',#10203,#10204,#100,.T.);
#8278=EDGE_CURVE('',#10204,#10202,#101,.T.);
#8279=EDGE_CURVE('',#10205,#10206,#102,.T.);
#8280=EDGE_CURVE('',#10207,#10205,#103,.T.);
#8281=EDGE_CURVE('',#10207,#10208,#104,.T.);
#8282=EDGE_CURVE('',#10208,#10206,#105,.T.);
#8283=EDGE_CURVE('',#10209,#10210,#106,.T.);
#8284=EDGE_CURVE('',#10211,#10209,#107,.T.);
#8285=EDGE_CURVE('',#10211,#10212,#108,.T.);
#8286=EDGE_CURVE('',#10212,#10210,#109,.T.);
#8287=EDGE_CURVE('',#10213,#10214,#110,.T.);
#8288=EDGE_CURVE('',#10215,#10214,#111,.T.);
#8289=EDGE_CURVE('',#10216,#10215,#112,.T.);
#8290=EDGE_CURVE('',#10216,#10213,#113,.T.);
#8291=EDGE_CURVE('',#10217,#10218,#114,.T.);
#8292=EDGE_CURVE('',#10219,#10218,#115,.T.);
#8293=EDGE_CURVE('',#10220,#10219,#116,.T.);
#8294=EDGE_CURVE('',#10220,#10217,#117,.T.);
#8295=EDGE_CURVE('',#10221,#10222,#118,.T.);
#8296=EDGE_CURVE('',#10223,#10222,#119,.T.);
#8297=EDGE_CURVE('',#10224,#10223,#120,.T.);
#8298=EDGE_CURVE('',#10224,#10221,#121,.T.);
#8299=EDGE_CURVE('',#10225,#10226,#122,.T.);
#8300=EDGE_CURVE('',#10227,#10225,#123,.T.);
#8301=EDGE_CURVE('',#10227,#10228,#124,.T.);
#8302=EDGE_CURVE('',#10228,#10226,#125,.T.);
#8303=EDGE_CURVE('',#10229,#10230,#126,.T.);
#8304=EDGE_CURVE('',#10231,#10229,#127,.T.);
#8305=EDGE_CURVE('',#10231,#10232,#128,.T.);
#8306=EDGE_CURVE('',#10232,#10230,#129,.T.);
#8307=EDGE_CURVE('',#10233,#10234,#130,.T.);
#8308=EDGE_CURVE('',#10235,#10233,#131,.T.);
#8309=EDGE_CURVE('',#10235,#10236,#132,.T.);
#8310=EDGE_CURVE('',#10236,#10234,#133,.T.);
#8311=EDGE_CURVE('',#10237,#10238,#134,.T.);
#8312=EDGE_CURVE('',#10239,#10237,#135,.T.);
#8313=EDGE_CURVE('',#10239,#10240,#136,.T.);
#8314=EDGE_CURVE('',#10240,#10238,#137,.T.);
#8315=EDGE_CURVE('',#10241,#10242,#138,.T.);
#8316=EDGE_CURVE('',#10243,#10241,#139,.T.);
#8317=EDGE_CURVE('',#10243,#10244,#140,.T.);
#8318=EDGE_CURVE('',#10244,#10242,#141,.T.);
#8319=EDGE_CURVE('',#10245,#10246,#142,.T.);
#8320=EDGE_CURVE('',#10247,#10245,#143,.T.);
#8321=EDGE_CURVE('',#10247,#10248,#144,.T.);
#8322=EDGE_CURVE('',#10248,#10246,#145,.T.);
#8323=EDGE_CURVE('',#10249,#10250,#146,.T.);
#8324=EDGE_CURVE('',#10251,#10249,#147,.T.);
#8325=EDGE_CURVE('',#10251,#10252,#148,.T.);
#8326=EDGE_CURVE('',#10252,#10250,#149,.T.);
#8327=EDGE_CURVE('',#10253,#10254,#150,.T.);
#8328=EDGE_CURVE('',#10255,#10253,#151,.T.);
#8329=EDGE_CURVE('',#10255,#10256,#152,.T.);
#8330=EDGE_CURVE('',#10256,#10254,#153,.T.);
#8331=EDGE_CURVE('',#10257,#10258,#154,.T.);
#8332=EDGE_CURVE('',#10259,#10257,#155,.T.);
#8333=EDGE_CURVE('',#10259,#10260,#156,.T.);
#8334=EDGE_CURVE('',#10260,#10258,#157,.T.);
#8335=EDGE_CURVE('',#10261,#10262,#158,.T.);
#8336=EDGE_CURVE('',#10263,#10261,#159,.T.);
#8337=EDGE_CURVE('',#10263,#10264,#160,.T.);
#8338=EDGE_CURVE('',#10264,#10262,#161,.T.);
#8339=EDGE_CURVE('',#10265,#10266,#162,.T.);
#8340=EDGE_CURVE('',#10267,#10265,#163,.T.);
#8341=EDGE_CURVE('',#10267,#10268,#164,.T.);
#8342=EDGE_CURVE('',#10268,#10266,#165,.T.);
#8343=EDGE_CURVE('',#10269,#10270,#166,.T.);
#8344=EDGE_CURVE('',#10271,#10269,#167,.T.);
#8345=EDGE_CURVE('',#10271,#10272,#168,.T.);
#8346=EDGE_CURVE('',#10272,#10270,#169,.T.);
#8347=EDGE_CURVE('',#10273,#10274,#170,.T.);
#8348=EDGE_CURVE('',#10275,#10274,#171,.T.);
#8349=EDGE_CURVE('',#10276,#10275,#172,.T.);
#8350=EDGE_CURVE('',#10276,#10273,#173,.T.);
#8351=EDGE_CURVE('',#10277,#10278,#174,.T.);
#8352=EDGE_CURVE('',#10279,#10277,#175,.T.);
#8353=EDGE_CURVE('',#10279,#10280,#176,.T.);
#8354=EDGE_CURVE('',#10280,#10278,#177,.T.);
#8355=EDGE_CURVE('',#10281,#10282,#178,.T.);
#8356=EDGE_CURVE('',#10283,#10281,#179,.T.);
#8357=EDGE_CURVE('',#10283,#10284,#180,.T.);
#8358=EDGE_CURVE('',#10284,#10282,#181,.T.);
#8359=EDGE_CURVE('',#10285,#10286,#182,.T.);
#8360=EDGE_CURVE('',#10287,#10285,#183,.T.);
#8361=EDGE_CURVE('',#10287,#10288,#184,.T.);
#8362=EDGE_CURVE('',#10288,#10286,#185,.T.);
#8363=EDGE_CURVE('',#10289,#10290,#186,.T.);
#8364=EDGE_CURVE('',#10291,#10289,#187,.T.);
#8365=EDGE_CURVE('',#10291,#10292,#188,.T.);
#8366=EDGE_CURVE('',#10292,#10290,#189,.T.);
#8367=EDGE_CURVE('',#10293,#10294,#190,.T.);
#8368=EDGE_CURVE('',#10295,#10293,#191,.T.);
#8369=EDGE_CURVE('',#10295,#10296,#192,.T.);
#8370=EDGE_CURVE('',#10296,#10294,#193,.T.);
#8371=EDGE_CURVE('',#10297,#10298,#194,.T.);
#8372=EDGE_CURVE('',#10299,#10297,#195,.T.);
#8373=EDGE_CURVE('',#10299,#10300,#196,.T.);
#8374=EDGE_CURVE('',#10300,#10298,#197,.T.);
#8375=EDGE_CURVE('',#10301,#10302,#198,.T.);
#8376=EDGE_CURVE('',#10303,#10301,#199,.T.);
#8377=EDGE_CURVE('',#10303,#10304,#200,.T.);
#8378=EDGE_CURVE('',#10304,#10302,#201,.T.);
#8379=EDGE_CURVE('',#10305,#10306,#202,.T.);
#8380=EDGE_CURVE('',#10307,#10305,#203,.T.);
#8381=EDGE_CURVE('',#10307,#10308,#204,.T.);
#8382=EDGE_CURVE('',#10308,#10306,#205,.T.);
#8383=EDGE_CURVE('',#10309,#10310,#206,.T.);
#8384=EDGE_CURVE('',#10311,#10309,#207,.T.);
#8385=EDGE_CURVE('',#10311,#10312,#208,.T.);
#8386=EDGE_CURVE('',#10312,#10310,#209,.T.);
#8387=EDGE_CURVE('',#10313,#10314,#210,.T.);
#8388=EDGE_CURVE('',#10315,#10313,#211,.T.);
#8389=EDGE_CURVE('',#10315,#10316,#212,.T.);
#8390=EDGE_CURVE('',#10316,#10314,#213,.T.);
#8391=EDGE_CURVE('',#10317,#10318,#214,.T.);
#8392=EDGE_CURVE('',#10319,#10317,#215,.T.);
#8393=EDGE_CURVE('',#10319,#10320,#216,.T.);
#8394=EDGE_CURVE('',#10320,#10318,#217,.T.);
#8395=EDGE_CURVE('',#10321,#10322,#218,.T.);
#8396=EDGE_CURVE('',#10323,#10322,#219,.T.);
#8397=EDGE_CURVE('',#10324,#10323,#220,.T.);
#8398=EDGE_CURVE('',#10324,#10321,#221,.T.);
#8399=EDGE_CURVE('',#10325,#10326,#222,.T.);
#8400=EDGE_CURVE('',#10327,#10326,#223,.T.);
#8401=EDGE_CURVE('',#10328,#10327,#224,.T.);
#8402=EDGE_CURVE('',#10328,#10325,#225,.T.);
#8403=EDGE_CURVE('',#10329,#10330,#226,.T.);
#8404=EDGE_CURVE('',#10331,#10330,#227,.T.);
#8405=EDGE_CURVE('',#10332,#10331,#228,.T.);
#8406=EDGE_CURVE('',#10332,#10329,#229,.T.);
#8407=EDGE_CURVE('',#10333,#10334,#230,.T.);
#8408=EDGE_CURVE('',#10335,#10334,#231,.T.);
#8409=EDGE_CURVE('',#10336,#10335,#232,.T.);
#8410=EDGE_CURVE('',#10336,#10333,#233,.T.);
#8411=EDGE_CURVE('',#10337,#10338,#234,.T.);
#8412=EDGE_CURVE('',#10339,#10338,#235,.T.);
#8413=EDGE_CURVE('',#10340,#10339,#236,.T.);
#8414=EDGE_CURVE('',#10340,#10337,#237,.T.);
#8415=EDGE_CURVE('',#10341,#10342,#238,.T.);
#8416=EDGE_CURVE('',#10343,#10342,#239,.T.);
#8417=EDGE_CURVE('',#10344,#10343,#240,.T.);
#8418=EDGE_CURVE('',#10344,#10341,#241,.T.);
#8419=EDGE_CURVE('',#10345,#10346,#242,.T.);
#8420=EDGE_CURVE('',#10347,#10345,#243,.T.);
#8421=EDGE_CURVE('',#10347,#10348,#244,.T.);
#8422=EDGE_CURVE('',#10348,#10346,#245,.T.);
#8423=EDGE_CURVE('',#10349,#10350,#246,.T.);
#8424=EDGE_CURVE('',#10351,#10349,#247,.T.);
#8425=EDGE_CURVE('',#10351,#10352,#248,.T.);
#8426=EDGE_CURVE('',#10352,#10350,#249,.T.);
#8427=EDGE_CURVE('',#10353,#10354,#250,.T.);
#8428=EDGE_CURVE('',#10355,#10353,#251,.T.);
#8429=EDGE_CURVE('',#10355,#10356,#252,.T.);
#8430=EDGE_CURVE('',#10356,#10354,#253,.T.);
#8431=EDGE_CURVE('',#10357,#10358,#254,.T.);
#8432=EDGE_CURVE('',#10359,#10357,#255,.T.);
#8433=EDGE_CURVE('',#10359,#10360,#256,.T.);
#8434=EDGE_CURVE('',#10360,#10358,#257,.T.);
#8435=EDGE_CURVE('',#10361,#10362,#258,.T.);
#8436=EDGE_CURVE('',#10363,#10361,#259,.T.);
#8437=EDGE_CURVE('',#10363,#10364,#260,.T.);
#8438=EDGE_CURVE('',#10364,#10362,#261,.T.);
#8439=EDGE_CURVE('',#10365,#10366,#262,.T.);
#8440=EDGE_CURVE('',#10367,#10365,#263,.T.);
#8441=EDGE_CURVE('',#10367,#10368,#264,.T.);
#8442=EDGE_CURVE('',#10368,#10366,#265,.T.);
#8443=EDGE_CURVE('',#10369,#10370,#266,.T.);
#8444=EDGE_CURVE('',#10371,#10369,#267,.T.);
#8445=EDGE_CURVE('',#10371,#10372,#268,.T.);
#8446=EDGE_CURVE('',#10372,#10370,#269,.T.);
#8447=EDGE_CURVE('',#10373,#10374,#270,.T.);
#8448=EDGE_CURVE('',#10375,#10373,#271,.T.);
#8449=EDGE_CURVE('',#10375,#10376,#272,.T.);
#8450=EDGE_CURVE('',#10376,#10374,#273,.T.);
#8451=EDGE_CURVE('',#10377,#10378,#274,.T.);
#8452=EDGE_CURVE('',#10379,#10377,#275,.T.);
#8453=EDGE_CURVE('',#10379,#10380,#276,.T.);
#8454=EDGE_CURVE('',#10380,#10378,#277,.T.);
#8455=EDGE_CURVE('',#10381,#10382,#278,.T.);
#8456=EDGE_CURVE('',#10383,#10381,#279,.T.);
#8457=EDGE_CURVE('',#10383,#10384,#280,.T.);
#8458=EDGE_CURVE('',#10384,#10382,#281,.T.);
#8459=EDGE_CURVE('',#10385,#10386,#282,.T.);
#8460=EDGE_CURVE('',#10387,#10385,#283,.T.);
#8461=EDGE_CURVE('',#10387,#10388,#284,.T.);
#8462=EDGE_CURVE('',#10388,#10386,#285,.T.);
#8463=EDGE_CURVE('',#10389,#10390,#286,.T.);
#8464=EDGE_CURVE('',#10391,#10390,#287,.T.);
#8465=EDGE_CURVE('',#10392,#10391,#288,.T.);
#8466=EDGE_CURVE('',#10392,#10389,#289,.T.);
#8467=EDGE_CURVE('',#10393,#10394,#290,.T.);
#8468=EDGE_CURVE('',#10395,#10394,#291,.T.);
#8469=EDGE_CURVE('',#10396,#10395,#292,.T.);
#8470=EDGE_CURVE('',#10396,#10393,#293,.T.);
#8471=EDGE_CURVE('',#10397,#10398,#294,.T.);
#8472=EDGE_CURVE('',#10399,#10397,#295,.T.);
#8473=EDGE_CURVE('',#10399,#10400,#296,.T.);
#8474=EDGE_CURVE('',#10400,#10398,#297,.T.);
#8475=EDGE_CURVE('',#10401,#10402,#298,.T.);
#8476=EDGE_CURVE('',#10403,#10402,#299,.T.);
#8477=EDGE_CURVE('',#10404,#10403,#300,.T.);
#8478=EDGE_CURVE('',#10404,#10401,#301,.T.);
#8479=EDGE_CURVE('',#10405,#10406,#302,.T.);
#8480=EDGE_CURVE('',#10407,#10406,#303,.T.);
#8481=EDGE_CURVE('',#10408,#10407,#304,.T.);
#8482=EDGE_CURVE('',#10408,#10405,#305,.T.);
#8483=EDGE_CURVE('',#10409,#10410,#306,.T.);
#8484=EDGE_CURVE('',#10411,#10410,#307,.T.);
#8485=EDGE_CURVE('',#10412,#10411,#308,.T.);
#8486=EDGE_CURVE('',#10412,#10409,#309,.T.);
#8487=EDGE_CURVE('',#10413,#10414,#310,.T.);
#8488=EDGE_CURVE('',#10415,#10414,#311,.T.);
#8489=EDGE_CURVE('',#10416,#10415,#312,.T.);
#8490=EDGE_CURVE('',#10416,#10413,#313,.T.);
#8491=EDGE_CURVE('',#10417,#10418,#314,.T.);
#8492=EDGE_CURVE('',#10419,#10418,#315,.T.);
#8493=EDGE_CURVE('',#10420,#10419,#316,.T.);
#8494=EDGE_CURVE('',#10420,#10417,#317,.T.);
#8495=EDGE_CURVE('',#10421,#10422,#318,.T.);
#8496=EDGE_CURVE('',#10423,#10421,#319,.T.);
#8497=EDGE_CURVE('',#10423,#10424,#320,.T.);
#8498=EDGE_CURVE('',#10424,#10422,#321,.T.);
#8499=EDGE_CURVE('',#10425,#10426,#322,.T.);
#8500=EDGE_CURVE('',#10427,#10425,#323,.T.);
#8501=EDGE_CURVE('',#10427,#10428,#324,.T.);
#8502=EDGE_CURVE('',#10428,#10426,#325,.T.);
#8503=EDGE_CURVE('',#10429,#10430,#326,.T.);
#8504=EDGE_CURVE('',#10431,#10429,#327,.T.);
#8505=EDGE_CURVE('',#10431,#10432,#328,.T.);
#8506=EDGE_CURVE('',#10432,#10430,#329,.T.);
#8507=EDGE_CURVE('',#10433,#10434,#330,.T.);
#8508=EDGE_CURVE('',#10435,#10434,#331,.T.);
#8509=EDGE_CURVE('',#10436,#10435,#332,.T.);
#8510=EDGE_CURVE('',#10436,#10433,#333,.T.);
#8511=EDGE_CURVE('',#10437,#10438,#334,.T.);
#8512=EDGE_CURVE('',#10439,#10438,#335,.T.);
#8513=EDGE_CURVE('',#10440,#10439,#336,.T.);
#8514=EDGE_CURVE('',#10440,#10437,#337,.T.);
#8515=EDGE_CURVE('',#10441,#10442,#338,.T.);
#8516=EDGE_CURVE('',#10443,#10442,#339,.T.);
#8517=EDGE_CURVE('',#10444,#10443,#340,.T.);
#8518=EDGE_CURVE('',#10444,#10441,#341,.T.);
#8519=EDGE_CURVE('',#10445,#10446,#342,.T.);
#8520=EDGE_CURVE('',#10447,#10446,#343,.T.);
#8521=EDGE_CURVE('',#10448,#10447,#344,.T.);
#8522=EDGE_CURVE('',#10448,#10445,#345,.T.);
#8523=EDGE_CURVE('',#10449,#10450,#346,.T.);
#8524=EDGE_CURVE('',#10451,#10450,#347,.T.);
#8525=EDGE_CURVE('',#10452,#10451,#348,.T.);
#8526=EDGE_CURVE('',#10452,#10449,#349,.T.);
#8527=EDGE_CURVE('',#10453,#10454,#350,.T.);
#8528=EDGE_CURVE('',#10455,#10454,#351,.T.);
#8529=EDGE_CURVE('',#10456,#10455,#352,.T.);
#8530=EDGE_CURVE('',#10456,#10453,#353,.T.);
#8531=EDGE_CURVE('',#10457,#10458,#354,.T.);
#8532=EDGE_CURVE('',#10459,#10458,#355,.T.);
#8533=EDGE_CURVE('',#10460,#10459,#356,.T.);
#8534=EDGE_CURVE('',#10460,#10457,#357,.T.);
#8535=EDGE_CURVE('',#10461,#10462,#358,.T.);
#8536=EDGE_CURVE('',#10463,#10462,#359,.T.);
#8537=EDGE_CURVE('',#10464,#10463,#360,.T.);
#8538=EDGE_CURVE('',#10464,#10461,#361,.T.);
#8539=EDGE_CURVE('',#10465,#10466,#362,.T.);
#8540=EDGE_CURVE('',#10467,#10466,#363,.T.);
#8541=EDGE_CURVE('',#10468,#10467,#364,.T.);
#8542=EDGE_CURVE('',#10468,#10465,#365,.T.);
#8543=EDGE_CURVE('',#10469,#10470,#366,.T.);
#8544=EDGE_CURVE('',#10471,#10469,#367,.T.);
#8545=EDGE_CURVE('',#10471,#10472,#368,.T.);
#8546=EDGE_CURVE('',#10472,#10470,#369,.T.);
#8547=EDGE_CURVE('',#10473,#10474,#370,.T.);
#8548=EDGE_CURVE('',#10475,#10473,#371,.T.);
#8549=EDGE_CURVE('',#10475,#10476,#372,.T.);
#8550=EDGE_CURVE('',#10476,#10474,#373,.T.);
#8551=EDGE_CURVE('',#10477,#10478,#374,.T.);
#8552=EDGE_CURVE('',#10479,#10477,#375,.T.);
#8553=EDGE_CURVE('',#10479,#10480,#376,.T.);
#8554=EDGE_CURVE('',#10480,#10478,#377,.T.);
#8555=EDGE_CURVE('',#10481,#10482,#378,.T.);
#8556=EDGE_CURVE('',#10483,#10481,#379,.T.);
#8557=EDGE_CURVE('',#10483,#10484,#380,.T.);
#8558=EDGE_CURVE('',#10484,#10482,#381,.T.);
#8559=EDGE_CURVE('',#10485,#10486,#382,.T.);
#8560=EDGE_CURVE('',#10487,#10485,#383,.T.);
#8561=EDGE_CURVE('',#10487,#10488,#384,.T.);
#8562=EDGE_CURVE('',#10488,#10486,#385,.T.);
#8563=EDGE_CURVE('',#10489,#10490,#386,.T.);
#8564=EDGE_CURVE('',#10491,#10489,#387,.T.);
#8565=EDGE_CURVE('',#10491,#10492,#388,.T.);
#8566=EDGE_CURVE('',#10492,#10490,#389,.T.);
#8567=EDGE_CURVE('',#10493,#10494,#390,.T.);
#8568=EDGE_CURVE('',#10495,#10493,#391,.T.);
#8569=EDGE_CURVE('',#10495,#10496,#392,.T.);
#8570=EDGE_CURVE('',#10496,#10494,#393,.T.);
#8571=EDGE_CURVE('',#10497,#10498,#394,.T.);
#8572=EDGE_CURVE('',#10499,#10497,#395,.T.);
#8573=EDGE_CURVE('',#10499,#10500,#396,.T.);
#8574=EDGE_CURVE('',#10500,#10498,#397,.T.);
#8575=EDGE_CURVE('',#10501,#10502,#398,.T.);
#8576=EDGE_CURVE('',#10503,#10501,#399,.T.);
#8577=EDGE_CURVE('',#10503,#10504,#400,.T.);
#8578=EDGE_CURVE('',#10504,#10502,#401,.T.);
#8579=EDGE_CURVE('',#10505,#10506,#402,.T.);
#8580=EDGE_CURVE('',#10507,#10506,#403,.T.);
#8581=EDGE_CURVE('',#10508,#10507,#404,.T.);
#8582=EDGE_CURVE('',#10508,#10505,#405,.T.);
#8583=EDGE_CURVE('',#10509,#10510,#406,.T.);
#8584=EDGE_CURVE('',#10511,#10510,#407,.T.);
#8585=EDGE_CURVE('',#10512,#10511,#408,.T.);
#8586=EDGE_CURVE('',#10512,#10509,#409,.T.);
#8587=EDGE_CURVE('',#10513,#10514,#410,.T.);
#8588=EDGE_CURVE('',#10515,#10514,#411,.T.);
#8589=EDGE_CURVE('',#10516,#10515,#412,.T.);
#8590=EDGE_CURVE('',#10516,#10513,#413,.T.);
#8591=EDGE_CURVE('',#10517,#10518,#414,.T.);
#8592=EDGE_CURVE('',#10519,#10518,#415,.T.);
#8593=EDGE_CURVE('',#10520,#10519,#416,.T.);
#8594=EDGE_CURVE('',#10520,#10517,#417,.T.);
#8595=EDGE_CURVE('',#10521,#10522,#418,.T.);
#8596=EDGE_CURVE('',#10523,#10522,#419,.T.);
#8597=EDGE_CURVE('',#10524,#10523,#420,.T.);
#8598=EDGE_CURVE('',#10524,#10521,#421,.T.);
#8599=EDGE_CURVE('',#10525,#10526,#422,.T.);
#8600=EDGE_CURVE('',#10527,#10526,#423,.T.);
#8601=EDGE_CURVE('',#10528,#10527,#424,.T.);
#8602=EDGE_CURVE('',#10528,#10525,#425,.T.);
#8603=EDGE_CURVE('',#10529,#10530,#426,.T.);
#8604=EDGE_CURVE('',#10531,#10530,#427,.T.);
#8605=EDGE_CURVE('',#10532,#10531,#428,.T.);
#8606=EDGE_CURVE('',#10532,#10529,#429,.T.);
#8607=EDGE_CURVE('',#10533,#10534,#430,.T.);
#8608=EDGE_CURVE('',#10535,#10534,#431,.T.);
#8609=EDGE_CURVE('',#10536,#10535,#432,.T.);
#8610=EDGE_CURVE('',#10536,#10533,#433,.T.);
#8611=EDGE_CURVE('',#10537,#10538,#434,.T.);
#8612=EDGE_CURVE('',#10539,#10538,#435,.T.);
#8613=EDGE_CURVE('',#10540,#10539,#436,.T.);
#8614=EDGE_CURVE('',#10540,#10537,#437,.T.);
#8615=EDGE_CURVE('',#10541,#10542,#438,.T.);
#8616=EDGE_CURVE('',#10543,#10542,#439,.T.);
#8617=EDGE_CURVE('',#10544,#10543,#440,.T.);
#8618=EDGE_CURVE('',#10544,#10541,#441,.T.);
#8619=EDGE_CURVE('',#10545,#10546,#442,.T.);
#8620=EDGE_CURVE('',#10547,#10546,#443,.T.);
#8621=EDGE_CURVE('',#10548,#10547,#444,.T.);
#8622=EDGE_CURVE('',#10548,#10545,#445,.T.);
#8623=EDGE_CURVE('',#10549,#10550,#446,.T.);
#8624=EDGE_CURVE('',#10551,#10550,#447,.T.);
#8625=EDGE_CURVE('',#10552,#10551,#448,.T.);
#8626=EDGE_CURVE('',#10552,#10549,#449,.T.);
#8627=EDGE_CURVE('',#10553,#10554,#450,.T.);
#8628=EDGE_CURVE('',#10555,#10554,#451,.T.);
#8629=EDGE_CURVE('',#10556,#10555,#452,.T.);
#8630=EDGE_CURVE('',#10556,#10553,#453,.T.);
#8631=EDGE_CURVE('',#10557,#10558,#454,.T.);
#8632=EDGE_CURVE('',#10559,#10558,#455,.T.);
#8633=EDGE_CURVE('',#10560,#10559,#456,.T.);
#8634=EDGE_CURVE('',#10560,#10557,#457,.T.);
#8635=EDGE_CURVE('',#10561,#10562,#458,.T.);
#8636=EDGE_CURVE('',#10563,#10562,#459,.T.);
#8637=EDGE_CURVE('',#10564,#10563,#460,.T.);
#8638=EDGE_CURVE('',#10564,#10561,#461,.T.);
#8639=EDGE_CURVE('',#10565,#10566,#462,.T.);
#8640=EDGE_CURVE('',#10567,#10566,#463,.T.);
#8641=EDGE_CURVE('',#10568,#10567,#464,.T.);
#8642=EDGE_CURVE('',#10568,#10565,#465,.T.);
#8643=EDGE_CURVE('',#10569,#10570,#466,.T.);
#8644=EDGE_CURVE('',#10571,#10570,#467,.T.);
#8645=EDGE_CURVE('',#10572,#10571,#468,.T.);
#8646=EDGE_CURVE('',#10572,#10569,#469,.T.);
#8647=EDGE_CURVE('',#10573,#10574,#470,.T.);
#8648=EDGE_CURVE('',#10575,#10574,#471,.T.);
#8649=EDGE_CURVE('',#10576,#10575,#472,.T.);
#8650=EDGE_CURVE('',#10576,#10573,#473,.T.);
#8651=EDGE_CURVE('',#10577,#10578,#474,.T.);
#8652=EDGE_CURVE('',#10579,#10578,#475,.T.);
#8653=EDGE_CURVE('',#10580,#10579,#476,.T.);
#8654=EDGE_CURVE('',#10580,#10577,#477,.T.);
#8655=EDGE_CURVE('',#10581,#10582,#478,.T.);
#8656=EDGE_CURVE('',#10583,#10582,#479,.T.);
#8657=EDGE_CURVE('',#10584,#10583,#480,.T.);
#8658=EDGE_CURVE('',#10584,#10581,#481,.T.);
#8659=EDGE_CURVE('',#10585,#10586,#482,.T.);
#8660=EDGE_CURVE('',#10587,#10586,#483,.T.);
#8661=EDGE_CURVE('',#10588,#10587,#484,.T.);
#8662=EDGE_CURVE('',#10588,#10585,#485,.T.);
#8663=EDGE_CURVE('',#10589,#10590,#486,.T.);
#8664=EDGE_CURVE('',#10591,#10590,#487,.T.);
#8665=EDGE_CURVE('',#10592,#10591,#488,.T.);
#8666=EDGE_CURVE('',#10592,#10589,#489,.T.);
#8667=EDGE_CURVE('',#10593,#10594,#490,.T.);
#8668=EDGE_CURVE('',#10595,#10594,#491,.T.);
#8669=EDGE_CURVE('',#10596,#10595,#492,.T.);
#8670=EDGE_CURVE('',#10596,#10593,#493,.T.);
#8671=EDGE_CURVE('',#10597,#10598,#494,.T.);
#8672=EDGE_CURVE('',#10599,#10598,#495,.T.);
#8673=EDGE_CURVE('',#10600,#10599,#496,.T.);
#8674=EDGE_CURVE('',#10600,#10597,#497,.T.);
#8675=EDGE_CURVE('',#10601,#10602,#498,.T.);
#8676=EDGE_CURVE('',#10603,#10602,#499,.T.);
#8677=EDGE_CURVE('',#10604,#10603,#500,.T.);
#8678=EDGE_CURVE('',#10604,#10601,#501,.T.);
#8679=EDGE_CURVE('',#10605,#10606,#502,.T.);
#8680=EDGE_CURVE('',#10607,#10606,#503,.T.);
#8681=EDGE_CURVE('',#10608,#10607,#504,.T.);
#8682=EDGE_CURVE('',#10608,#10605,#505,.T.);
#8683=EDGE_CURVE('',#10609,#10610,#506,.T.);
#8684=EDGE_CURVE('',#10611,#10610,#507,.T.);
#8685=EDGE_CURVE('',#10612,#10611,#508,.T.);
#8686=EDGE_CURVE('',#10612,#10609,#509,.T.);
#8687=EDGE_CURVE('',#10613,#10614,#510,.T.);
#8688=EDGE_CURVE('',#10615,#10614,#511,.T.);
#8689=EDGE_CURVE('',#10616,#10615,#512,.T.);
#8690=EDGE_CURVE('',#10616,#10613,#513,.T.);
#8691=EDGE_CURVE('',#10617,#10618,#514,.T.);
#8692=EDGE_CURVE('',#10619,#10618,#515,.T.);
#8693=EDGE_CURVE('',#10620,#10619,#516,.T.);
#8694=EDGE_CURVE('',#10620,#10617,#517,.T.);
#8695=EDGE_CURVE('',#10621,#10622,#518,.T.);
#8696=EDGE_CURVE('',#10622,#10623,#11411,.T.);
#8697=EDGE_CURVE('',#10624,#10623,#519,.T.);
#8698=EDGE_CURVE('',#10624,#10621,#520,.T.);
#8699=EDGE_CURVE('',#10625,#10626,#11412,.T.);
#8700=EDGE_CURVE('',#10627,#10626,#521,.T.);
#8701=EDGE_CURVE('',#10628,#10627,#522,.T.);
#8702=EDGE_CURVE('',#10628,#10625,#523,.T.);
#8703=EDGE_CURVE('',#10629,#10630,#11413,.T.);
#8704=EDGE_CURVE('',#10631,#10630,#524,.T.);
#8705=EDGE_CURVE('',#10632,#10631,#525,.T.);
#8706=EDGE_CURVE('',#10632,#10629,#526,.T.);
#8707=EDGE_CURVE('',#10633,#10634,#11414,.T.);
#8708=EDGE_CURVE('',#10635,#10634,#527,.T.);
#8709=EDGE_CURVE('',#10636,#10635,#528,.T.);
#8710=EDGE_CURVE('',#10636,#10637,#529,.T.);
#8711=EDGE_CURVE('',#10637,#10633,#530,.T.);
#8712=EDGE_CURVE('',#10638,#10639,#11415,.T.);
#8713=EDGE_CURVE('',#10640,#10639,#531,.T.);
#8714=EDGE_CURVE('',#10641,#10640,#532,.T.);
#8715=EDGE_CURVE('',#10641,#10642,#533,.T.);
#8716=EDGE_CURVE('',#10642,#10638,#534,.T.);
#8717=EDGE_CURVE('',#10643,#10644,#11416,.T.);
#8718=EDGE_CURVE('',#10645,#10644,#535,.T.);
#8719=EDGE_CURVE('',#10645,#10646,#536,.T.);
#8720=EDGE_CURVE('',#10646,#10643,#537,.T.);
#8721=EDGE_CURVE('',#10647,#10648,#11417,.T.);
#8722=EDGE_CURVE('',#10649,#10648,#538,.T.);
#8723=EDGE_CURVE('',#10649,#10650,#539,.T.);
#8724=EDGE_CURVE('',#10650,#10647,#540,.T.);
#8725=EDGE_CURVE('',#10651,#10652,#11418,.T.);
#8726=EDGE_CURVE('',#10653,#10652,#541,.T.);
#8727=EDGE_CURVE('',#10654,#10653,#542,.T.);
#8728=EDGE_CURVE('',#10654,#10651,#543,.T.);
#8729=EDGE_CURVE('',#10655,#10656,#11419,.T.);
#8730=EDGE_CURVE('',#10657,#10656,#544,.T.);
#8731=EDGE_CURVE('',#10658,#10657,#545,.T.);
#8732=EDGE_CURVE('',#10658,#10655,#546,.T.);
#8733=EDGE_CURVE('',#10659,#10660,#11420,.T.);
#8734=EDGE_CURVE('',#10661,#10660,#547,.T.);
#8735=EDGE_CURVE('',#10662,#10661,#548,.T.);
#8736=EDGE_CURVE('',#10662,#10663,#549,.T.);
#8737=EDGE_CURVE('',#10663,#10659,#550,.T.);
#8738=EDGE_CURVE('',#10664,#10665,#11421,.T.);
#8739=EDGE_CURVE('',#10666,#10665,#551,.T.);
#8740=EDGE_CURVE('',#10667,#10666,#552,.T.);
#8741=EDGE_CURVE('',#10667,#10668,#553,.T.);
#8742=EDGE_CURVE('',#10668,#10664,#554,.T.);
#8743=EDGE_CURVE('',#10669,#10670,#11422,.T.);
#8744=EDGE_CURVE('',#10671,#10670,#555,.T.);
#8745=EDGE_CURVE('',#10671,#10672,#556,.T.);
#8746=EDGE_CURVE('',#10672,#10669,#557,.T.);
#8747=EDGE_CURVE('',#10673,#10674,#11423,.T.);
#8748=EDGE_CURVE('',#10675,#10674,#558,.T.);
#8749=EDGE_CURVE('',#10675,#10676,#559,.T.);
#8750=EDGE_CURVE('',#10676,#10673,#560,.T.);
#8751=EDGE_CURVE('',#10677,#10678,#11424,.T.);
#8752=EDGE_CURVE('',#10679,#10678,#561,.T.);
#8753=EDGE_CURVE('',#10680,#10679,#562,.T.);
#8754=EDGE_CURVE('',#10680,#10677,#563,.T.);
#8755=EDGE_CURVE('',#10681,#10682,#11425,.T.);
#8756=EDGE_CURVE('',#10683,#10682,#564,.T.);
#8757=EDGE_CURVE('',#10684,#10683,#565,.T.);
#8758=EDGE_CURVE('',#10684,#10681,#566,.T.);
#8759=EDGE_CURVE('',#10685,#10686,#11426,.T.);
#8760=EDGE_CURVE('',#10687,#10686,#567,.T.);
#8761=EDGE_CURVE('',#10688,#10687,#568,.T.);
#8762=EDGE_CURVE('',#10688,#10689,#569,.T.);
#8763=EDGE_CURVE('',#10689,#10685,#570,.T.);
#8764=EDGE_CURVE('',#10690,#10691,#11427,.T.);
#8765=EDGE_CURVE('',#10692,#10691,#571,.T.);
#8766=EDGE_CURVE('',#10693,#10692,#572,.T.);
#8767=EDGE_CURVE('',#10693,#10694,#573,.T.);
#8768=EDGE_CURVE('',#10694,#10690,#574,.T.);
#8769=EDGE_CURVE('',#10695,#10696,#11428,.T.);
#8770=EDGE_CURVE('',#10697,#10696,#575,.T.);
#8771=EDGE_CURVE('',#10697,#10698,#576,.T.);
#8772=EDGE_CURVE('',#10698,#10695,#577,.T.);
#8773=EDGE_CURVE('',#10699,#10700,#11429,.T.);
#8774=EDGE_CURVE('',#10701,#10700,#578,.T.);
#8775=EDGE_CURVE('',#10701,#10702,#579,.T.);
#8776=EDGE_CURVE('',#10702,#10699,#580,.T.);
#8777=EDGE_CURVE('',#10703,#10704,#11430,.T.);
#8778=EDGE_CURVE('',#10705,#10704,#581,.T.);
#8779=EDGE_CURVE('',#10706,#10705,#582,.T.);
#8780=EDGE_CURVE('',#10706,#10703,#583,.T.);
#8781=EDGE_CURVE('',#10707,#10708,#11431,.T.);
#8782=EDGE_CURVE('',#10709,#10708,#584,.T.);
#8783=EDGE_CURVE('',#10710,#10709,#585,.T.);
#8784=EDGE_CURVE('',#10710,#10707,#586,.T.);
#8785=EDGE_CURVE('',#10711,#10712,#11432,.T.);
#8786=EDGE_CURVE('',#10713,#10712,#587,.T.);
#8787=EDGE_CURVE('',#10714,#10713,#588,.T.);
#8788=EDGE_CURVE('',#10714,#10715,#589,.T.);
#8789=EDGE_CURVE('',#10715,#10711,#590,.T.);
#8790=EDGE_CURVE('',#10716,#10717,#11433,.T.);
#8791=EDGE_CURVE('',#10718,#10717,#591,.T.);
#8792=EDGE_CURVE('',#10719,#10718,#592,.T.);
#8793=EDGE_CURVE('',#10719,#10720,#593,.T.);
#8794=EDGE_CURVE('',#10720,#10716,#594,.T.);
#8795=EDGE_CURVE('',#10721,#10722,#11434,.T.);
#8796=EDGE_CURVE('',#10723,#10722,#595,.T.);
#8797=EDGE_CURVE('',#10723,#10724,#596,.T.);
#8798=EDGE_CURVE('',#10724,#10721,#597,.T.);
#8799=EDGE_CURVE('',#10725,#10726,#11435,.T.);
#8800=EDGE_CURVE('',#10725,#10727,#598,.T.);
#8801=EDGE_CURVE('',#10727,#10728,#599,.T.);
#8802=EDGE_CURVE('',#10729,#10728,#600,.T.);
#8803=EDGE_CURVE('',#10726,#10729,#601,.T.);
#8804=EDGE_CURVE('',#10730,#10731,#602,.T.);
#8805=EDGE_CURVE('',#10732,#10730,#11436,.T.);
#8806=EDGE_CURVE('',#10732,#10733,#603,.T.);
#8807=EDGE_CURVE('',#10733,#10734,#604,.T.);
#8808=EDGE_CURVE('',#10731,#10734,#605,.T.);
#8809=EDGE_CURVE('',#10735,#10736,#606,.T.);
#8810=EDGE_CURVE('',#10737,#10735,#11437,.T.);
#8811=EDGE_CURVE('',#10737,#10738,#607,.T.);
#8812=EDGE_CURVE('',#10738,#10739,#608,.T.);
#8813=EDGE_CURVE('',#10736,#10739,#609,.T.);
#8814=EDGE_CURVE('',#10740,#10741,#610,.T.);
#8815=EDGE_CURVE('',#10742,#10740,#11438,.T.);
#8816=EDGE_CURVE('',#10742,#10743,#611,.T.);
#8817=EDGE_CURVE('',#10743,#10744,#612,.T.);
#8818=EDGE_CURVE('',#10741,#10744,#613,.T.);
#8819=EDGE_CURVE('',#10745,#10746,#614,.T.);
#8820=EDGE_CURVE('',#10747,#10745,#11439,.T.);
#8821=EDGE_CURVE('',#10747,#10748,#615,.T.);
#8822=EDGE_CURVE('',#10748,#10749,#616,.T.);
#8823=EDGE_CURVE('',#10746,#10749,#617,.T.);
#8824=EDGE_CURVE('',#10750,#10751,#618,.T.);
#8825=EDGE_CURVE('',#10752,#10750,#11440,.T.);
#8826=EDGE_CURVE('',#10752,#10753,#619,.T.);
#8827=EDGE_CURVE('',#10753,#10754,#620,.T.);
#8828=EDGE_CURVE('',#10751,#10754,#621,.T.);
#8829=EDGE_CURVE('',#10755,#10756,#622,.T.);
#8830=EDGE_CURVE('',#10757,#10755,#11441,.T.);
#8831=EDGE_CURVE('',#10757,#10758,#623,.T.);
#8832=EDGE_CURVE('',#10758,#10759,#624,.T.);
#8833=EDGE_CURVE('',#10756,#10759,#625,.T.);
#8834=EDGE_CURVE('',#10760,#10761,#626,.T.);
#8835=EDGE_CURVE('',#10762,#10760,#11442,.T.);
#8836=EDGE_CURVE('',#10762,#10763,#627,.T.);
#8837=EDGE_CURVE('',#10763,#10764,#628,.T.);
#8838=EDGE_CURVE('',#10761,#10764,#629,.T.);
#8839=EDGE_CURVE('',#10765,#10765,#11443,.T.);
#8840=EDGE_CURVE('',#10745,#10766,#630,.F.);
#8841=EDGE_CURVE('',#10767,#10746,#631,.T.);
#8842=EDGE_CURVE('',#10766,#10767,#632,.T.);
#8843=EDGE_CURVE('',#10747,#10768,#633,.F.);
#8844=EDGE_CURVE('',#10768,#10769,#634,.T.);
#8845=EDGE_CURVE('',#10769,#10748,#635,.T.);
#8846=EDGE_CURVE('',#10750,#10770,#636,.F.);
#8847=EDGE_CURVE('',#10771,#10751,#637,.T.);
#8848=EDGE_CURVE('',#10770,#10771,#638,.T.);
#8849=EDGE_CURVE('',#10752,#10772,#639,.F.);
#8850=EDGE_CURVE('',#10772,#10773,#640,.T.);
#8851=EDGE_CURVE('',#10773,#10753,#641,.T.);
#8852=EDGE_CURVE('',#10755,#10774,#642,.F.);
#8853=EDGE_CURVE('',#10775,#10756,#643,.T.);
#8854=EDGE_CURVE('',#10774,#10775,#644,.T.);
#8855=EDGE_CURVE('',#10757,#10776,#645,.F.);
#8856=EDGE_CURVE('',#10776,#10777,#646,.T.);
#8857=EDGE_CURVE('',#10777,#10758,#647,.T.);
#8858=EDGE_CURVE('',#10760,#10778,#648,.F.);
#8859=EDGE_CURVE('',#10779,#10761,#649,.T.);
#8860=EDGE_CURVE('',#10778,#10779,#650,.T.);
#8861=EDGE_CURVE('',#10762,#10780,#651,.F.);
#8862=EDGE_CURVE('',#10780,#10781,#652,.T.);
#8863=EDGE_CURVE('',#10781,#10763,#653,.T.);
#8864=EDGE_CURVE('',#10740,#10782,#654,.F.);
#8865=EDGE_CURVE('',#10783,#10741,#655,.T.);
#8866=EDGE_CURVE('',#10782,#10783,#656,.T.);
#8867=EDGE_CURVE('',#10742,#10784,#657,.F.);
#8868=EDGE_CURVE('',#10784,#10785,#658,.T.);
#8869=EDGE_CURVE('',#10785,#10743,#659,.T.);
#8870=EDGE_CURVE('',#10730,#10786,#660,.F.);
#8871=EDGE_CURVE('',#10787,#10731,#661,.T.);
#8872=EDGE_CURVE('',#10786,#10787,#662,.T.);
#8873=EDGE_CURVE('',#10732,#10788,#663,.F.);
#8874=EDGE_CURVE('',#10788,#10789,#664,.T.);
#8875=EDGE_CURVE('',#10789,#10733,#665,.T.);
#8876=EDGE_CURVE('',#10726,#10790,#666,.F.);
#8877=EDGE_CURVE('',#10791,#10729,#667,.T.);
#8878=EDGE_CURVE('',#10790,#10791,#668,.T.);
#8879=EDGE_CURVE('',#10725,#10792,#669,.F.);
#8880=EDGE_CURVE('',#10792,#10793,#670,.T.);
#8881=EDGE_CURVE('',#10793,#10727,#671,.T.);
#8882=EDGE_CURVE('',#10735,#10794,#672,.F.);
#8883=EDGE_CURVE('',#10795,#10736,#673,.T.);
#8884=EDGE_CURVE('',#10794,#10795,#674,.T.);
#8885=EDGE_CURVE('',#10737,#10796,#675,.F.);
#8886=EDGE_CURVE('',#10796,#10797,#676,.T.);
#8887=EDGE_CURVE('',#10797,#10738,#677,.T.);
#8888=EDGE_CURVE('',#10798,#10798,#11444,.T.);
#8889=EDGE_CURVE('',#10799,#10799,#11445,.T.);
#8890=EDGE_CURVE('',#10780,#10778,#11446,.T.);
#8891=EDGE_CURVE('',#10779,#10800,#678,.T.);
#8892=EDGE_CURVE('',#10781,#10800,#679,.T.);
#8893=EDGE_CURVE('',#10776,#10774,#11447,.T.);
#8894=EDGE_CURVE('',#10775,#10801,#680,.T.);
#8895=EDGE_CURVE('',#10777,#10801,#681,.T.);
#8896=EDGE_CURVE('',#10772,#10770,#11448,.T.);
#8897=EDGE_CURVE('',#10771,#10802,#682,.T.);
#8898=EDGE_CURVE('',#10773,#10802,#683,.T.);
#8899=EDGE_CURVE('',#10768,#10766,#11449,.T.);
#8900=EDGE_CURVE('',#10767,#10803,#684,.T.);
#8901=EDGE_CURVE('',#10769,#10803,#685,.T.);
#8902=EDGE_CURVE('',#10784,#10782,#11450,.T.);
#8903=EDGE_CURVE('',#10783,#10804,#686,.T.);
#8904=EDGE_CURVE('',#10785,#10804,#687,.T.);
#8905=EDGE_CURVE('',#10796,#10794,#11451,.T.);
#8906=EDGE_CURVE('',#10795,#10805,#688,.T.);
#8907=EDGE_CURVE('',#10797,#10805,#689,.T.);
#8908=EDGE_CURVE('',#10788,#10786,#11452,.T.);
#8909=EDGE_CURVE('',#10787,#10806,#690,.T.);
#8910=EDGE_CURVE('',#10789,#10806,#691,.T.);
#8911=EDGE_CURVE('',#10807,#10808,#692,.T.);
#8912=EDGE_CURVE('',#10809,#10808,#11453,.T.);
#8913=EDGE_CURVE('',#10810,#10809,#693,.T.);
#8914=EDGE_CURVE('',#10807,#10810,#694,.T.);
#8915=EDGE_CURVE('',#10811,#10812,#695,.T.);
#8916=EDGE_CURVE('',#10813,#10812,#11454,.T.);
#8917=EDGE_CURVE('',#10814,#10813,#696,.T.);
#8918=EDGE_CURVE('',#10815,#10814,#697,.T.);
#8919=EDGE_CURVE('',#10815,#10811,#698,.T.);
#8920=EDGE_CURVE('',#10816,#10817,#699,.T.);
#8921=EDGE_CURVE('',#10818,#10817,#11455,.T.);
#8922=EDGE_CURVE('',#10819,#10818,#700,.T.);
#8923=EDGE_CURVE('',#10820,#10819,#701,.T.);
#8924=EDGE_CURVE('',#10820,#10816,#702,.T.);
#8925=EDGE_CURVE('',#10821,#10822,#703,.T.);
#8926=EDGE_CURVE('',#10823,#10822,#11456,.T.);
#8927=EDGE_CURVE('',#10824,#10823,#704,.T.);
#8928=EDGE_CURVE('',#10824,#10821,#705,.T.);
#8929=EDGE_CURVE('',#10825,#10826,#706,.T.);
#8930=EDGE_CURVE('',#10827,#10826,#11457,.T.);
#8931=EDGE_CURVE('',#10828,#10827,#707,.T.);
#8932=EDGE_CURVE('',#10828,#10825,#708,.T.);
#8933=EDGE_CURVE('',#10829,#10830,#709,.T.);
#8934=EDGE_CURVE('',#10831,#10830,#11458,.T.);
#8935=EDGE_CURVE('',#10832,#10831,#710,.T.);
#8936=EDGE_CURVE('',#10829,#10832,#711,.T.);
#8937=EDGE_CURVE('',#10833,#10834,#712,.T.);
#8938=EDGE_CURVE('',#10835,#10834,#11459,.T.);
#8939=EDGE_CURVE('',#10836,#10835,#713,.T.);
#8940=EDGE_CURVE('',#10833,#10836,#714,.T.);
#8941=EDGE_CURVE('',#10837,#10838,#715,.T.);
#8942=EDGE_CURVE('',#10839,#10838,#11460,.T.);
#8943=EDGE_CURVE('',#10840,#10839,#716,.T.);
#8944=EDGE_CURVE('',#10841,#10840,#717,.T.);
#8945=EDGE_CURVE('',#10841,#10837,#718,.T.);
#8946=EDGE_CURVE('',#10842,#10843,#719,.T.);
#8947=EDGE_CURVE('',#10844,#10843,#11461,.T.);
#8948=EDGE_CURVE('',#10845,#10844,#720,.T.);
#8949=EDGE_CURVE('',#10846,#10845,#721,.T.);
#8950=EDGE_CURVE('',#10846,#10842,#722,.T.);
#8951=EDGE_CURVE('',#10847,#10848,#723,.T.);
#8952=EDGE_CURVE('',#10849,#10848,#11462,.T.);
#8953=EDGE_CURVE('',#10850,#10849,#724,.T.);
#8954=EDGE_CURVE('',#10850,#10847,#725,.T.);
#8955=EDGE_CURVE('',#10851,#10852,#726,.T.);
#8956=EDGE_CURVE('',#10853,#10852,#11463,.T.);
#8957=EDGE_CURVE('',#10854,#10853,#727,.T.);
#8958=EDGE_CURVE('',#10854,#10851,#728,.T.);
#8959=EDGE_CURVE('',#10855,#10856,#729,.T.);
#8960=EDGE_CURVE('',#10857,#10856,#11464,.T.);
#8961=EDGE_CURVE('',#10858,#10857,#730,.T.);
#8962=EDGE_CURVE('',#10855,#10858,#731,.T.);
#8963=EDGE_CURVE('',#10859,#10860,#732,.T.);
#8964=EDGE_CURVE('',#10861,#10860,#11465,.T.);
#8965=EDGE_CURVE('',#10862,#10861,#733,.T.);
#8966=EDGE_CURVE('',#10859,#10862,#734,.T.);
#8967=EDGE_CURVE('',#10863,#10864,#735,.T.);
#8968=EDGE_CURVE('',#10865,#10864,#11466,.T.);
#8969=EDGE_CURVE('',#10866,#10865,#736,.T.);
#8970=EDGE_CURVE('',#10867,#10866,#737,.T.);
#8971=EDGE_CURVE('',#10867,#10863,#738,.T.);
#8972=EDGE_CURVE('',#10868,#10869,#739,.T.);
#8973=EDGE_CURVE('',#10870,#10869,#11467,.T.);
#8974=EDGE_CURVE('',#10871,#10870,#740,.T.);
#8975=EDGE_CURVE('',#10872,#10871,#741,.T.);
#8976=EDGE_CURVE('',#10872,#10868,#742,.T.);
#8977=EDGE_CURVE('',#10873,#10874,#743,.T.);
#8978=EDGE_CURVE('',#10875,#10874,#11468,.T.);
#8979=EDGE_CURVE('',#10876,#10875,#744,.T.);
#8980=EDGE_CURVE('',#10876,#10873,#745,.T.);
#8981=EDGE_CURVE('',#10877,#10878,#746,.T.);
#8982=EDGE_CURVE('',#10879,#10878,#11469,.T.);
#8983=EDGE_CURVE('',#10880,#10879,#747,.T.);
#8984=EDGE_CURVE('',#10880,#10877,#748,.T.);
#8985=EDGE_CURVE('',#10881,#10882,#749,.T.);
#8986=EDGE_CURVE('',#10883,#10882,#11470,.T.);
#8987=EDGE_CURVE('',#10884,#10883,#750,.T.);
#8988=EDGE_CURVE('',#10881,#10884,#751,.T.);
#8989=EDGE_CURVE('',#10885,#10886,#752,.T.);
#8990=EDGE_CURVE('',#10887,#10886,#11471,.T.);
#8991=EDGE_CURVE('',#10888,#10887,#753,.T.);
#8992=EDGE_CURVE('',#10885,#10888,#754,.T.);
#8993=EDGE_CURVE('',#10889,#10890,#755,.T.);
#8994=EDGE_CURVE('',#10891,#10890,#11472,.T.);
#8995=EDGE_CURVE('',#10892,#10891,#756,.T.);
#8996=EDGE_CURVE('',#10893,#10892,#757,.T.);
#8997=EDGE_CURVE('',#10893,#10889,#758,.T.);
#8998=EDGE_CURVE('',#10894,#10895,#759,.T.);
#8999=EDGE_CURVE('',#10896,#10895,#11473,.T.);
#9000=EDGE_CURVE('',#10897,#10896,#760,.T.);
#9001=EDGE_CURVE('',#10898,#10897,#761,.T.);
#9002=EDGE_CURVE('',#10898,#10894,#762,.T.);
#9003=EDGE_CURVE('',#10899,#10900,#763,.T.);
#9004=EDGE_CURVE('',#10901,#10900,#11474,.T.);
#9005=EDGE_CURVE('',#10902,#10901,#764,.T.);
#9006=EDGE_CURVE('',#10902,#10899,#765,.T.);
#9007=EDGE_CURVE('',#10903,#10904,#766,.T.);
#9008=EDGE_CURVE('',#10905,#10904,#11475,.T.);
#9009=EDGE_CURVE('',#10906,#10905,#767,.T.);
#9010=EDGE_CURVE('',#10906,#10903,#768,.T.);
#9011=EDGE_CURVE('',#10907,#10908,#11476,.T.);
#9012=EDGE_CURVE('',#10909,#10907,#769,.T.);
#9013=EDGE_CURVE('',#10910,#10909,#770,.T.);
#9014=EDGE_CURVE('',#10910,#10908,#771,.T.);
#9015=EDGE_CURVE('',#10911,#10912,#772,.T.);
#9016=EDGE_CURVE('',#10913,#10912,#773,.T.);
#9017=EDGE_CURVE('',#10914,#10913,#774,.T.);
#9018=EDGE_CURVE('',#10914,#10911,#775,.T.);
#9019=EDGE_CURVE('',#10915,#10916,#776,.T.);
#9020=EDGE_CURVE('',#10917,#10916,#777,.T.);
#9021=EDGE_CURVE('',#10918,#10917,#778,.T.);
#9022=EDGE_CURVE('',#10918,#10915,#779,.T.);
#9023=EDGE_CURVE('',#10919,#10920,#780,.T.);
#9024=EDGE_CURVE('',#10921,#10920,#781,.T.);
#9025=EDGE_CURVE('',#10922,#10921,#782,.T.);
#9026=EDGE_CURVE('',#10922,#10919,#783,.T.);
#9027=EDGE_CURVE('',#10923,#10924,#784,.T.);
#9028=EDGE_CURVE('',#10925,#10924,#785,.T.);
#9029=EDGE_CURVE('',#10926,#10925,#786,.T.);
#9030=EDGE_CURVE('',#10926,#10923,#787,.T.);
#9031=EDGE_CURVE('',#10927,#10928,#788,.T.);
#9032=EDGE_CURVE('',#10929,#10928,#789,.T.);
#9033=EDGE_CURVE('',#10930,#10929,#790,.T.);
#9034=EDGE_CURVE('',#10930,#10927,#791,.T.);
#9035=EDGE_CURVE('',#10931,#10932,#792,.T.);
#9036=EDGE_CURVE('',#10933,#10932,#793,.T.);
#9037=EDGE_CURVE('',#10934,#10933,#794,.T.);
#9038=EDGE_CURVE('',#10934,#10931,#795,.T.);
#9039=EDGE_CURVE('',#10935,#10936,#796,.T.);
#9040=EDGE_CURVE('',#10937,#10936,#797,.T.);
#9041=EDGE_CURVE('',#10938,#10937,#798,.T.);
#9042=EDGE_CURVE('',#10938,#10935,#799,.T.);
#9043=EDGE_CURVE('',#10939,#10940,#800,.T.);
#9044=EDGE_CURVE('',#10941,#10940,#801,.T.);
#9045=EDGE_CURVE('',#10942,#10941,#802,.T.);
#9046=EDGE_CURVE('',#10942,#10939,#803,.T.);
#9047=EDGE_CURVE('',#10943,#10944,#804,.T.);
#9048=EDGE_CURVE('',#10945,#10944,#805,.T.);
#9049=EDGE_CURVE('',#10946,#10945,#806,.T.);
#9050=EDGE_CURVE('',#10946,#10943,#807,.T.);
#9051=EDGE_CURVE('',#10947,#10948,#808,.T.);
#9052=EDGE_CURVE('',#10949,#10948,#809,.T.);
#9053=EDGE_CURVE('',#10950,#10949,#810,.T.);
#9054=EDGE_CURVE('',#10950,#10947,#811,.T.);
#9055=EDGE_CURVE('',#10951,#10952,#812,.T.);
#9056=EDGE_CURVE('',#10953,#10952,#813,.T.);
#9057=EDGE_CURVE('',#10954,#10953,#814,.T.);
#9058=EDGE_CURVE('',#10954,#10951,#815,.T.);
#9059=EDGE_CURVE('',#10955,#10956,#816,.T.);
#9060=EDGE_CURVE('',#10957,#10956,#817,.T.);
#9061=EDGE_CURVE('',#10958,#10957,#818,.T.);
#9062=EDGE_CURVE('',#10958,#10955,#819,.T.);
#9063=EDGE_CURVE('',#10959,#10960,#820,.T.);
#9064=EDGE_CURVE('',#10961,#10960,#821,.T.);
#9065=EDGE_CURVE('',#10962,#10961,#822,.T.);
#9066=EDGE_CURVE('',#10962,#10959,#823,.T.);
#9067=EDGE_CURVE('',#10963,#10964,#824,.T.);
#9068=EDGE_CURVE('',#10965,#10964,#825,.T.);
#9069=EDGE_CURVE('',#10966,#10965,#826,.T.);
#9070=EDGE_CURVE('',#10966,#10963,#827,.T.);
#9071=EDGE_CURVE('',#10967,#10968,#828,.T.);
#9072=EDGE_CURVE('',#10969,#10968,#829,.T.);
#9073=EDGE_CURVE('',#10970,#10969,#830,.T.);
#9074=EDGE_CURVE('',#10970,#10967,#831,.T.);
#9075=EDGE_CURVE('',#10971,#10972,#832,.T.);
#9076=EDGE_CURVE('',#10973,#10972,#833,.T.);
#9077=EDGE_CURVE('',#10974,#10973,#834,.T.);
#9078=EDGE_CURVE('',#10974,#10971,#835,.T.);
#9079=EDGE_CURVE('',#10975,#10976,#836,.T.);
#9080=EDGE_CURVE('',#10977,#10976,#837,.T.);
#9081=EDGE_CURVE('',#10978,#10977,#838,.T.);
#9082=EDGE_CURVE('',#10978,#10975,#839,.T.);
#9083=EDGE_CURVE('',#10979,#10980,#840,.T.);
#9084=EDGE_CURVE('',#10981,#10980,#841,.T.);
#9085=EDGE_CURVE('',#10982,#10981,#842,.T.);
#9086=EDGE_CURVE('',#10982,#10979,#843,.T.);
#9087=EDGE_CURVE('',#10983,#10984,#844,.T.);
#9088=EDGE_CURVE('',#10985,#10984,#845,.T.);
#9089=EDGE_CURVE('',#10986,#10985,#846,.T.);
#9090=EDGE_CURVE('',#10986,#10983,#847,.T.);
#9091=EDGE_CURVE('',#10987,#10988,#848,.T.);
#9092=EDGE_CURVE('',#10989,#10988,#849,.T.);
#9093=EDGE_CURVE('',#10990,#10989,#850,.T.);
#9094=EDGE_CURVE('',#10990,#10987,#851,.T.);
#9095=EDGE_CURVE('',#10991,#10992,#852,.T.);
#9096=EDGE_CURVE('',#10993,#10992,#853,.T.);
#9097=EDGE_CURVE('',#10994,#10993,#854,.T.);
#9098=EDGE_CURVE('',#10994,#10991,#855,.T.);
#9099=EDGE_CURVE('',#10995,#10996,#856,.T.);
#9100=EDGE_CURVE('',#10997,#10996,#857,.T.);
#9101=EDGE_CURVE('',#10998,#10997,#858,.T.);
#9102=EDGE_CURVE('',#10998,#10995,#859,.T.);
#9103=EDGE_CURVE('',#10999,#11000,#860,.T.);
#9104=EDGE_CURVE('',#11001,#11000,#861,.T.);
#9105=EDGE_CURVE('',#11002,#11001,#862,.T.);
#9106=EDGE_CURVE('',#11002,#10999,#863,.T.);
#9107=EDGE_CURVE('',#11003,#11004,#864,.T.);
#9108=EDGE_CURVE('',#11005,#11004,#865,.T.);
#9109=EDGE_CURVE('',#11006,#11005,#866,.T.);
#9110=EDGE_CURVE('',#11006,#11003,#867,.T.);
#9111=EDGE_CURVE('',#11007,#11008,#868,.T.);
#9112=EDGE_CURVE('',#11009,#11008,#869,.T.);
#9113=EDGE_CURVE('',#11010,#11009,#870,.T.);
#9114=EDGE_CURVE('',#11010,#11007,#871,.T.);
#9115=EDGE_CURVE('',#11011,#11012,#872,.T.);
#9116=EDGE_CURVE('',#11013,#11012,#873,.T.);
#9117=EDGE_CURVE('',#11014,#11013,#874,.T.);
#9118=EDGE_CURVE('',#11014,#11011,#875,.T.);
#9119=EDGE_CURVE('',#11015,#11016,#876,.T.);
#9120=EDGE_CURVE('',#11017,#11016,#877,.T.);
#9121=EDGE_CURVE('',#11018,#11017,#878,.T.);
#9122=EDGE_CURVE('',#11018,#11015,#879,.T.);
#9123=EDGE_CURVE('',#11019,#11020,#880,.T.);
#9124=EDGE_CURVE('',#11021,#11020,#881,.T.);
#9125=EDGE_CURVE('',#11022,#11021,#882,.T.);
#9126=EDGE_CURVE('',#11022,#11019,#883,.T.);
#9127=EDGE_CURVE('',#11023,#11024,#884,.T.);
#9128=EDGE_CURVE('',#11025,#11024,#885,.T.);
#9129=EDGE_CURVE('',#11026,#11025,#886,.T.);
#9130=EDGE_CURVE('',#11026,#11023,#887,.T.);
#9131=EDGE_CURVE('',#11027,#11028,#888,.T.);
#9132=EDGE_CURVE('',#11028,#11029,#889,.T.);
#9133=EDGE_CURVE('',#11030,#11029,#890,.T.);
#9134=EDGE_CURVE('',#11027,#11030,#891,.T.);
#9135=EDGE_CURVE('',#11031,#11032,#892,.T.);
#9136=EDGE_CURVE('',#11032,#11033,#893,.T.);
#9137=EDGE_CURVE('',#11034,#11033,#894,.T.);
#9138=EDGE_CURVE('',#11031,#11034,#895,.T.);
#9139=EDGE_CURVE('',#11035,#11036,#896,.T.);
#9140=EDGE_CURVE('',#11036,#11037,#897,.T.);
#9141=EDGE_CURVE('',#11038,#11037,#898,.T.);
#9142=EDGE_CURVE('',#11035,#11038,#899,.T.);
#9143=EDGE_CURVE('',#11039,#11040,#900,.T.);
#9144=EDGE_CURVE('',#11040,#11041,#901,.T.);
#9145=EDGE_CURVE('',#11042,#11041,#902,.T.);
#9146=EDGE_CURVE('',#11039,#11042,#903,.T.);
#9147=EDGE_CURVE('',#11043,#11044,#904,.T.);
#9148=EDGE_CURVE('',#11044,#11045,#905,.T.);
#9149=EDGE_CURVE('',#11046,#11045,#906,.T.);
#9150=EDGE_CURVE('',#11043,#11046,#907,.T.);
#9151=EDGE_CURVE('',#11047,#11048,#908,.T.);
#9152=EDGE_CURVE('',#11048,#11049,#909,.T.);
#9153=EDGE_CURVE('',#11050,#11049,#910,.T.);
#9154=EDGE_CURVE('',#11047,#11050,#911,.T.);
#9155=EDGE_CURVE('',#11051,#11052,#912,.T.);
#9156=EDGE_CURVE('',#11052,#11053,#913,.T.);
#9157=EDGE_CURVE('',#11054,#11053,#914,.T.);
#9158=EDGE_CURVE('',#11051,#11054,#915,.T.);
#9159=EDGE_CURVE('',#11055,#11056,#916,.T.);
#9160=EDGE_CURVE('',#11056,#11057,#917,.T.);
#9161=EDGE_CURVE('',#11058,#11057,#918,.T.);
#9162=EDGE_CURVE('',#11055,#11058,#919,.T.);
#9163=EDGE_CURVE('',#11059,#11060,#920,.T.);
#9164=EDGE_CURVE('',#11060,#11061,#921,.T.);
#9165=EDGE_CURVE('',#11062,#11061,#922,.T.);
#9166=EDGE_CURVE('',#11059,#11062,#923,.T.);
#9167=EDGE_CURVE('',#11063,#11064,#924,.T.);
#9168=EDGE_CURVE('',#11065,#11064,#925,.T.);
#9169=EDGE_CURVE('',#11066,#11065,#926,.T.);
#9170=EDGE_CURVE('',#11066,#11063,#927,.T.);
#9171=EDGE_CURVE('',#11067,#11068,#928,.T.);
#9172=EDGE_CURVE('',#11069,#11068,#929,.T.);
#9173=EDGE_CURVE('',#11070,#11069,#930,.T.);
#9174=EDGE_CURVE('',#11070,#11067,#931,.T.);
#9175=EDGE_CURVE('',#11071,#11072,#932,.T.);
#9176=EDGE_CURVE('',#11073,#11072,#933,.T.);
#9177=EDGE_CURVE('',#11074,#11073,#934,.T.);
#9178=EDGE_CURVE('',#11074,#11071,#935,.T.);
#9179=EDGE_CURVE('',#11075,#11076,#936,.T.);
#9180=EDGE_CURVE('',#11077,#11076,#937,.T.);
#9181=EDGE_CURVE('',#11078,#11077,#938,.T.);
#9182=EDGE_CURVE('',#11078,#11075,#939,.T.);
#9183=EDGE_CURVE('',#11079,#11080,#940,.T.);
#9184=EDGE_CURVE('',#11081,#11080,#941,.T.);
#9185=EDGE_CURVE('',#11082,#11081,#942,.T.);
#9186=EDGE_CURVE('',#11082,#11079,#943,.T.);
#9187=EDGE_CURVE('',#11083,#11084,#944,.T.);
#9188=EDGE_CURVE('',#11085,#11084,#945,.T.);
#9189=EDGE_CURVE('',#11086,#11085,#946,.T.);
#9190=EDGE_CURVE('',#11086,#11083,#947,.T.);
#9191=EDGE_CURVE('',#11087,#11088,#948,.T.);
#9192=EDGE_CURVE('',#11089,#11088,#949,.T.);
#9193=EDGE_CURVE('',#11090,#11089,#950,.T.);
#9194=EDGE_CURVE('',#11090,#11087,#951,.T.);
#9195=EDGE_CURVE('',#11091,#11092,#952,.T.);
#9196=EDGE_CURVE('',#11093,#11092,#953,.T.);
#9197=EDGE_CURVE('',#11094,#11093,#954,.T.);
#9198=EDGE_CURVE('',#11094,#11091,#955,.T.);
#9199=EDGE_CURVE('',#11095,#11096,#956,.T.);
#9200=EDGE_CURVE('',#11097,#11096,#957,.T.);
#9201=EDGE_CURVE('',#11098,#11097,#958,.T.);
#9202=EDGE_CURVE('',#11098,#11095,#959,.T.);
#9203=EDGE_CURVE('',#10792,#10790,#11477,.T.);
#9204=EDGE_CURVE('',#10791,#11099,#960,.T.);
#9205=EDGE_CURVE('',#10793,#11099,#961,.T.);
#9206=EDGE_CURVE('',#11100,#11101,#962,.T.);
#9207=EDGE_CURVE('',#11101,#11102,#963,.T.);
#9208=EDGE_CURVE('',#11103,#11102,#964,.T.);
#9209=EDGE_CURVE('',#11100,#11103,#965,.T.);
#9210=EDGE_CURVE('',#11104,#11105,#966,.T.);
#9211=EDGE_CURVE('',#11105,#11106,#967,.T.);
#9212=EDGE_CURVE('',#11107,#11106,#968,.T.);
#9213=EDGE_CURVE('',#11104,#11107,#969,.T.);
#9214=EDGE_CURVE('',#11108,#11109,#970,.T.);
#9215=EDGE_CURVE('',#11109,#11110,#971,.T.);
#9216=EDGE_CURVE('',#11111,#11110,#972,.T.);
#9217=EDGE_CURVE('',#11108,#11111,#973,.T.);
#9218=EDGE_CURVE('',#11112,#11113,#974,.T.);
#9219=EDGE_CURVE('',#11114,#11113,#975,.T.);
#9220=EDGE_CURVE('',#11115,#11114,#976,.T.);
#9221=EDGE_CURVE('',#11115,#11112,#977,.T.);
#9222=EDGE_CURVE('',#11116,#11117,#978,.T.);
#9223=EDGE_CURVE('',#11118,#11117,#979,.T.);
#9224=EDGE_CURVE('',#11119,#11118,#980,.T.);
#9225=EDGE_CURVE('',#11119,#11116,#981,.T.);
#9226=EDGE_CURVE('',#11120,#11121,#982,.T.);
#9227=EDGE_CURVE('',#11122,#11121,#983,.T.);
#9228=EDGE_CURVE('',#11123,#11122,#984,.T.);
#9229=EDGE_CURVE('',#11123,#11120,#985,.T.);
#9230=EDGE_CURVE('',#11124,#11125,#986,.T.);
#9231=EDGE_CURVE('',#11126,#11125,#987,.T.);
#9232=EDGE_CURVE('',#11127,#11126,#988,.T.);
#9233=EDGE_CURVE('',#11127,#11124,#989,.T.);
#9234=EDGE_CURVE('',#11128,#11129,#990,.T.);
#9235=EDGE_CURVE('',#11130,#11129,#991,.T.);
#9236=EDGE_CURVE('',#11131,#11130,#992,.T.);
#9237=EDGE_CURVE('',#11131,#11128,#993,.T.);
#9238=EDGE_CURVE('',#11132,#11133,#994,.T.);
#9239=EDGE_CURVE('',#11133,#11134,#995,.T.);
#9240=EDGE_CURVE('',#11135,#11134,#996,.T.);
#9241=EDGE_CURVE('',#11132,#11135,#997,.T.);
#9242=EDGE_CURVE('',#11136,#11137,#998,.T.);
#9243=EDGE_CURVE('',#11138,#11137,#999,.T.);
#9244=EDGE_CURVE('',#11139,#11138,#1000,.T.);
#9245=EDGE_CURVE('',#11139,#11136,#1001,.T.);
#9246=EDGE_CURVE('',#11140,#11141,#1002,.T.);
#9247=EDGE_CURVE('',#11142,#11141,#1003,.T.);
#9248=EDGE_CURVE('',#11143,#11142,#1004,.T.);
#9249=EDGE_CURVE('',#11143,#11140,#1005,.T.);
#9250=EDGE_CURVE('',#11144,#11145,#1006,.T.);
#9251=EDGE_CURVE('',#11145,#11146,#1007,.T.);
#9252=EDGE_CURVE('',#11147,#11146,#1008,.T.);
#9253=EDGE_CURVE('',#11144,#11147,#1009,.T.);
#9254=EDGE_CURVE('',#11148,#11149,#1010,.T.);
#9255=EDGE_CURVE('',#11149,#11150,#1011,.T.);
#9256=EDGE_CURVE('',#11151,#11150,#1012,.T.);
#9257=EDGE_CURVE('',#11148,#11151,#1013,.T.);
#9258=EDGE_CURVE('',#11152,#11153,#1014,.T.);
#9259=EDGE_CURVE('',#11153,#11154,#1015,.T.);
#9260=EDGE_CURVE('',#11155,#11154,#1016,.T.);
#9261=EDGE_CURVE('',#11152,#11155,#1017,.T.);
#9262=EDGE_CURVE('',#11156,#11157,#1018,.T.);
#9263=EDGE_CURVE('',#11157,#11158,#1019,.T.);
#9264=EDGE_CURVE('',#11159,#11158,#1020,.T.);
#9265=EDGE_CURVE('',#11156,#11159,#1021,.T.);
#9266=EDGE_CURVE('',#11160,#11161,#1022,.T.);
#9267=EDGE_CURVE('',#11161,#11162,#1023,.T.);
#9268=EDGE_CURVE('',#11163,#11162,#1024,.T.);
#9269=EDGE_CURVE('',#11160,#11163,#1025,.T.);
#9270=EDGE_CURVE('',#11164,#11165,#1026,.T.);
#9271=EDGE_CURVE('',#11165,#11166,#1027,.T.);
#9272=EDGE_CURVE('',#11167,#11166,#1028,.T.);
#9273=EDGE_CURVE('',#11164,#11167,#1029,.T.);
#9274=EDGE_CURVE('',#11168,#11169,#1030,.T.);
#9275=EDGE_CURVE('',#11169,#11170,#1031,.T.);
#9276=EDGE_CURVE('',#11171,#11170,#1032,.T.);
#9277=EDGE_CURVE('',#11168,#11171,#1033,.T.);
#9278=EDGE_CURVE('',#11172,#11173,#1034,.T.);
#9279=EDGE_CURVE('',#11173,#11174,#1035,.T.);
#9280=EDGE_CURVE('',#11175,#11174,#1036,.T.);
#9281=EDGE_CURVE('',#11172,#11175,#1037,.T.);
#9282=EDGE_CURVE('',#11176,#11177,#1038,.T.);
#9283=EDGE_CURVE('',#11177,#11178,#1039,.T.);
#9284=EDGE_CURVE('',#11179,#11178,#1040,.T.);
#9285=EDGE_CURVE('',#11176,#11179,#1041,.T.);
#9286=EDGE_CURVE('',#11180,#11181,#1042,.T.);
#9287=EDGE_CURVE('',#11181,#11182,#1043,.T.);
#9288=EDGE_CURVE('',#11183,#11182,#1044,.T.);
#9289=EDGE_CURVE('',#11180,#11183,#1045,.T.);
#9290=EDGE_CURVE('',#11184,#11185,#1046,.T.);
#9291=EDGE_CURVE('',#11185,#11186,#1047,.T.);
#9292=EDGE_CURVE('',#11187,#11186,#1048,.T.);
#9293=EDGE_CURVE('',#11184,#11187,#1049,.T.);
#9294=EDGE_CURVE('',#11188,#11189,#1050,.T.);
#9295=EDGE_CURVE('',#11190,#11189,#1051,.T.);
#9296=EDGE_CURVE('',#11191,#11190,#1052,.T.);
#9297=EDGE_CURVE('',#11191,#11188,#1053,.T.);
#9298=EDGE_CURVE('',#11192,#11193,#1054,.T.);
#9299=EDGE_CURVE('',#11194,#11193,#1055,.T.);
#9300=EDGE_CURVE('',#11195,#11194,#1056,.T.);
#9301=EDGE_CURVE('',#11195,#11192,#1057,.T.);
#9302=EDGE_CURVE('',#11196,#11197,#1058,.T.);
#9303=EDGE_CURVE('',#11198,#11197,#1059,.T.);
#9304=EDGE_CURVE('',#11199,#11198,#1060,.T.);
#9305=EDGE_CURVE('',#11199,#11196,#1061,.T.);
#9306=EDGE_CURVE('',#11200,#11201,#1062,.T.);
#9307=EDGE_CURVE('',#11202,#11201,#1063,.T.);
#9308=EDGE_CURVE('',#11203,#11202,#1064,.T.);
#9309=EDGE_CURVE('',#11203,#11200,#1065,.T.);
#9310=EDGE_CURVE('',#11204,#11205,#1066,.T.);
#9311=EDGE_CURVE('',#11206,#11205,#1067,.T.);
#9312=EDGE_CURVE('',#11207,#11206,#1068,.T.);
#9313=EDGE_CURVE('',#11207,#11204,#1069,.T.);
#9314=EDGE_CURVE('',#11208,#11209,#1070,.T.);
#9315=EDGE_CURVE('',#11210,#11209,#1071,.T.);
#9316=EDGE_CURVE('',#11211,#11210,#1072,.T.);
#9317=EDGE_CURVE('',#11211,#11208,#1073,.T.);
#9318=EDGE_CURVE('',#11212,#11213,#1074,.T.);
#9319=EDGE_CURVE('',#11213,#11214,#1075,.T.);
#9320=EDGE_CURVE('',#11215,#11214,#1076,.T.);
#9321=EDGE_CURVE('',#11212,#11215,#1077,.T.);
#9322=EDGE_CURVE('',#11216,#11217,#1078,.T.);
#9323=EDGE_CURVE('',#11217,#11218,#1079,.T.);
#9324=EDGE_CURVE('',#11219,#11218,#1080,.T.);
#9325=EDGE_CURVE('',#11216,#11219,#1081,.T.);
#9326=EDGE_CURVE('',#11220,#11221,#1082,.T.);
#9327=EDGE_CURVE('',#11221,#11222,#1083,.T.);
#9328=EDGE_CURVE('',#11223,#11222,#1084,.T.);
#9329=EDGE_CURVE('',#11220,#11223,#1085,.T.);
#9330=EDGE_CURVE('',#11224,#11225,#1086,.T.);
#9331=EDGE_CURVE('',#11225,#11226,#1087,.T.);
#9332=EDGE_CURVE('',#11227,#11226,#1088,.T.);
#9333=EDGE_CURVE('',#11224,#11227,#1089,.T.);
#9334=EDGE_CURVE('',#11228,#11229,#1090,.T.);
#9335=EDGE_CURVE('',#11229,#11230,#1091,.T.);
#9336=EDGE_CURVE('',#11231,#11230,#1092,.T.);
#9337=EDGE_CURVE('',#11228,#11231,#1093,.T.);
#9338=EDGE_CURVE('',#11232,#11233,#1094,.T.);
#9339=EDGE_CURVE('',#11233,#11234,#1095,.T.);
#9340=EDGE_CURVE('',#11235,#11234,#1096,.T.);
#9341=EDGE_CURVE('',#11232,#11235,#1097,.T.);
#9342=EDGE_CURVE('',#11236,#11237,#1098,.T.);
#9343=EDGE_CURVE('',#11237,#11238,#1099,.T.);
#9344=EDGE_CURVE('',#11239,#11238,#1100,.T.);
#9345=EDGE_CURVE('',#11236,#11239,#1101,.T.);
#9346=EDGE_CURVE('',#11240,#11241,#1102,.T.);
#9347=EDGE_CURVE('',#11241,#11242,#1103,.T.);
#9348=EDGE_CURVE('',#11243,#11242,#1104,.T.);
#9349=EDGE_CURVE('',#11240,#11243,#1105,.T.);
#9350=EDGE_CURVE('',#11244,#11245,#1106,.T.);
#9351=EDGE_CURVE('',#11245,#11246,#1107,.T.);
#9352=EDGE_CURVE('',#11247,#11246,#1108,.T.);
#9353=EDGE_CURVE('',#11244,#11247,#1109,.T.);
#9354=EDGE_CURVE('',#11248,#11249,#1110,.T.);
#9355=EDGE_CURVE('',#11249,#11250,#1111,.T.);
#9356=EDGE_CURVE('',#11251,#11250,#1112,.T.);
#9357=EDGE_CURVE('',#11248,#11251,#1113,.T.);
#9358=EDGE_CURVE('',#11252,#11253,#1114,.T.);
#9359=EDGE_CURVE('',#11253,#11254,#1115,.T.);
#9360=EDGE_CURVE('',#11255,#11254,#1116,.T.);
#9361=EDGE_CURVE('',#11252,#11255,#1117,.T.);
#9362=EDGE_CURVE('',#11256,#11257,#1118,.T.);
#9363=EDGE_CURVE('',#11258,#11257,#1119,.T.);
#9364=EDGE_CURVE('',#11259,#11258,#1120,.T.);
#9365=EDGE_CURVE('',#11259,#11256,#1121,.T.);
#9366=EDGE_CURVE('',#11260,#11261,#1122,.T.);
#9367=EDGE_CURVE('',#11261,#11262,#1123,.T.);
#9368=EDGE_CURVE('',#11263,#11262,#1124,.T.);
#9369=EDGE_CURVE('',#11260,#11263,#1125,.T.);
#9370=EDGE_CURVE('',#11264,#11265,#1126,.T.);
#9371=EDGE_CURVE('',#11265,#11266,#1127,.T.);
#9372=EDGE_CURVE('',#11267,#11266,#1128,.T.);
#9373=EDGE_CURVE('',#11264,#11267,#1129,.T.);
#9374=EDGE_CURVE('',#11268,#11269,#1130,.T.);
#9375=EDGE_CURVE('',#11269,#11270,#1131,.T.);
#9376=EDGE_CURVE('',#11271,#11270,#1132,.T.);
#9377=EDGE_CURVE('',#11268,#11271,#1133,.T.);
#9378=EDGE_CURVE('',#11272,#11273,#1134,.T.);
#9379=EDGE_CURVE('',#11273,#11274,#1135,.T.);
#9380=EDGE_CURVE('',#11275,#11274,#1136,.T.);
#9381=EDGE_CURVE('',#11272,#11275,#1137,.T.);
#9382=EDGE_CURVE('',#11276,#11277,#1138,.T.);
#9383=EDGE_CURVE('',#11277,#11278,#1139,.T.);
#9384=EDGE_CURVE('',#11279,#11278,#1140,.T.);
#9385=EDGE_CURVE('',#11276,#11279,#1141,.T.);
#9386=EDGE_CURVE('',#11280,#11281,#1142,.T.);
#9387=EDGE_CURVE('',#11281,#11282,#1143,.T.);
#9388=EDGE_CURVE('',#11283,#11282,#1144,.T.);
#9389=EDGE_CURVE('',#11280,#11283,#1145,.T.);
#9390=EDGE_CURVE('',#11284,#11285,#1146,.T.);
#9391=EDGE_CURVE('',#11285,#11286,#1147,.T.);
#9392=EDGE_CURVE('',#11287,#11286,#1148,.T.);
#9393=EDGE_CURVE('',#11284,#11287,#1149,.T.);
#9394=EDGE_CURVE('',#11288,#11289,#1150,.T.);
#9395=EDGE_CURVE('',#11289,#11290,#1151,.T.);
#9396=EDGE_CURVE('',#11291,#11290,#1152,.T.);
#9397=EDGE_CURVE('',#11288,#11291,#1153,.T.);
#9398=EDGE_CURVE('',#11292,#11293,#1154,.T.);
#9399=EDGE_CURVE('',#11293,#11294,#1155,.T.);
#9400=EDGE_CURVE('',#11295,#11294,#1156,.T.);
#9401=EDGE_CURVE('',#11292,#11295,#1157,.T.);
#9402=EDGE_CURVE('',#11296,#11297,#1158,.T.);
#9403=EDGE_CURVE('',#11297,#11298,#1159,.T.);
#9404=EDGE_CURVE('',#11299,#11298,#1160,.T.);
#9405=EDGE_CURVE('',#11296,#11299,#1161,.T.);
#9406=EDGE_CURVE('',#11300,#11301,#1162,.T.);
#9407=EDGE_CURVE('',#11301,#11302,#1163,.T.);
#9408=EDGE_CURVE('',#11303,#11302,#1164,.T.);
#9409=EDGE_CURVE('',#11300,#11303,#1165,.T.);
#9410=EDGE_CURVE('',#11304,#11305,#1166,.T.);
#9411=EDGE_CURVE('',#11305,#11306,#1167,.T.);
#9412=EDGE_CURVE('',#11307,#11306,#1168,.T.);
#9413=EDGE_CURVE('',#11304,#11307,#1169,.T.);
#9414=EDGE_CURVE('',#11308,#11309,#1170,.T.);
#9415=EDGE_CURVE('',#11310,#11309,#1171,.T.);
#9416=EDGE_CURVE('',#11311,#11310,#1172,.T.);
#9417=EDGE_CURVE('',#11311,#11308,#1173,.T.);
#9418=EDGE_CURVE('',#11312,#11313,#1174,.T.);
#9419=EDGE_CURVE('',#11314,#11313,#1175,.T.);
#9420=EDGE_CURVE('',#11315,#11314,#1176,.T.);
#9421=EDGE_CURVE('',#11315,#11312,#1177,.T.);
#9422=EDGE_CURVE('',#11316,#11317,#1178,.T.);
#9423=EDGE_CURVE('',#11318,#11317,#1179,.T.);
#9424=EDGE_CURVE('',#11319,#11318,#1180,.T.);
#9425=EDGE_CURVE('',#11319,#11316,#1181,.T.);
#9426=EDGE_CURVE('',#11320,#11321,#1182,.T.);
#9427=EDGE_CURVE('',#11321,#11322,#1183,.T.);
#9428=EDGE_CURVE('',#11323,#11322,#1184,.T.);
#9429=EDGE_CURVE('',#11320,#11323,#1185,.T.);
#9430=EDGE_CURVE('',#11324,#11325,#1186,.T.);
#9431=EDGE_CURVE('',#11325,#11326,#1187,.T.);
#9432=EDGE_CURVE('',#11327,#11326,#1188,.T.);
#9433=EDGE_CURVE('',#11324,#11327,#1189,.T.);
#9434=EDGE_CURVE('',#11328,#11329,#1190,.T.);
#9435=EDGE_CURVE('',#11329,#11330,#1191,.T.);
#9436=EDGE_CURVE('',#11331,#11330,#1192,.T.);
#9437=EDGE_CURVE('',#11328,#11331,#1193,.T.);
#9438=EDGE_CURVE('',#11332,#11333,#1194,.T.);
#9439=EDGE_CURVE('',#11334,#11333,#1195,.T.);
#9440=EDGE_CURVE('',#11335,#11334,#1196,.T.);
#9441=EDGE_CURVE('',#11335,#11332,#1197,.T.);
#9442=EDGE_CURVE('',#11336,#11337,#1198,.T.);
#9443=EDGE_CURVE('',#11338,#11337,#1199,.T.);
#9444=EDGE_CURVE('',#11339,#11338,#1200,.T.);
#9445=EDGE_CURVE('',#11339,#11336,#1201,.T.);
#9446=EDGE_CURVE('',#11340,#11341,#1202,.T.);
#9447=EDGE_CURVE('',#11342,#11341,#1203,.T.);
#9448=EDGE_CURVE('',#11343,#11342,#1204,.T.);
#9449=EDGE_CURVE('',#11343,#11340,#1205,.T.);
#9450=EDGE_CURVE('',#11344,#11345,#1206,.T.);
#9451=EDGE_CURVE('',#11346,#11345,#1207,.T.);
#9452=EDGE_CURVE('',#11347,#11346,#1208,.T.);
#9453=EDGE_CURVE('',#11347,#11344,#1209,.T.);
#9454=EDGE_CURVE('',#11348,#11349,#1210,.T.);
#9455=EDGE_CURVE('',#11350,#11349,#1211,.T.);
#9456=EDGE_CURVE('',#11351,#11350,#1212,.T.);
#9457=EDGE_CURVE('',#11351,#11348,#1213,.T.);
#9458=EDGE_CURVE('',#11352,#11353,#1214,.T.);
#9459=EDGE_CURVE('',#11354,#11353,#1215,.T.);
#9460=EDGE_CURVE('',#11355,#11354,#1216,.T.);
#9461=EDGE_CURVE('',#11355,#11352,#1217,.T.);
#9462=EDGE_CURVE('',#11356,#11357,#1218,.T.);
#9463=EDGE_CURVE('',#11358,#11357,#1219,.T.);
#9464=EDGE_CURVE('',#11359,#11358,#1220,.T.);
#9465=EDGE_CURVE('',#11359,#11356,#1221,.T.);
#9466=EDGE_CURVE('',#11360,#11361,#1222,.T.);
#9467=EDGE_CURVE('',#11362,#11361,#1223,.T.);
#9468=EDGE_CURVE('',#11363,#11362,#1224,.T.);
#9469=EDGE_CURVE('',#11363,#11360,#1225,.T.);
#9470=EDGE_CURVE('',#11364,#11365,#1226,.T.);
#9471=EDGE_CURVE('',#11365,#11366,#1227,.T.);
#9472=EDGE_CURVE('',#11367,#11366,#1228,.T.);
#9473=EDGE_CURVE('',#11364,#11367,#1229,.T.);
#9474=EDGE_CURVE('',#11368,#11369,#1230,.T.);
#9475=EDGE_CURVE('',#11369,#11370,#1231,.T.);
#9476=EDGE_CURVE('',#11371,#11370,#1232,.T.);
#9477=EDGE_CURVE('',#11368,#11371,#1233,.T.);
#9478=EDGE_CURVE('',#11372,#11373,#1234,.T.);
#9479=EDGE_CURVE('',#11373,#11374,#1235,.T.);
#9480=EDGE_CURVE('',#11375,#11374,#1236,.T.);
#9481=EDGE_CURVE('',#11372,#11375,#1237,.T.);
#9482=EDGE_CURVE('',#11376,#11377,#1238,.T.);
#9483=EDGE_CURVE('',#11377,#11378,#1239,.T.);
#9484=EDGE_CURVE('',#11379,#11378,#1240,.T.);
#9485=EDGE_CURVE('',#11376,#11379,#1241,.T.);
#9486=EDGE_CURVE('',#11380,#11381,#1242,.T.);
#9487=EDGE_CURVE('',#11381,#11382,#1243,.T.);
#9488=EDGE_CURVE('',#11383,#11382,#1244,.T.);
#9489=EDGE_CURVE('',#11380,#11383,#1245,.T.);
#9490=EDGE_CURVE('',#11384,#11385,#1246,.T.);
#9491=EDGE_CURVE('',#11385,#11386,#1247,.T.);
#9492=EDGE_CURVE('',#11387,#11386,#1248,.T.);
#9493=EDGE_CURVE('',#11384,#11387,#1249,.T.);
#9494=EDGE_CURVE('',#11388,#11389,#1250,.T.);
#9495=EDGE_CURVE('',#11389,#11390,#1251,.T.);
#9496=EDGE_CURVE('',#11391,#11390,#1252,.T.);
#9497=EDGE_CURVE('',#11388,#11391,#1253,.T.);
#9498=EDGE_CURVE('',#11392,#11393,#1254,.T.);
#9499=EDGE_CURVE('',#11393,#11394,#1255,.T.);
#9500=EDGE_CURVE('',#11395,#11394,#1256,.T.);
#9501=EDGE_CURVE('',#11392,#11395,#1257,.T.);
#9502=EDGE_CURVE('',#11396,#11397,#1258,.T.);
#9503=EDGE_CURVE('',#11397,#11398,#1259,.T.);
#9504=EDGE_CURVE('',#11399,#11398,#1260,.T.);
#9505=EDGE_CURVE('',#11396,#11399,#1261,.T.);
#9506=EDGE_CURVE('',#11400,#11401,#1262,.T.);
#9507=EDGE_CURVE('',#11401,#11402,#1263,.T.);
#9508=EDGE_CURVE('',#11403,#11402,#1264,.T.);
#9509=EDGE_CURVE('',#11400,#11403,#1265,.T.);
#9510=EDGE_CURVE('',#11404,#11405,#1266,.T.);
#9511=EDGE_CURVE('',#11405,#11406,#1267,.T.);
#9512=EDGE_CURVE('',#11407,#11406,#1268,.T.);
#9513=EDGE_CURVE('',#11404,#11407,#1269,.T.);
#9514=EDGE_CURVE('',#10912,#10618,#1270,.T.);
#9515=EDGE_CURVE('',#10911,#10619,#1271,.T.);
#9516=EDGE_CURVE('',#10914,#10620,#1272,.T.);
#9517=EDGE_CURVE('',#10913,#10617,#1273,.T.);
#9518=EDGE_CURVE('',#10916,#10614,#1274,.T.);
#9519=EDGE_CURVE('',#10915,#10615,#1275,.T.);
#9520=EDGE_CURVE('',#10918,#10616,#1276,.T.);
#9521=EDGE_CURVE('',#10917,#10613,#1277,.T.);
#9522=EDGE_CURVE('',#10920,#10610,#1278,.T.);
#9523=EDGE_CURVE('',#10919,#10611,#1279,.T.);
#9524=EDGE_CURVE('',#10922,#10612,#1280,.T.);
#9525=EDGE_CURVE('',#10921,#10609,#1281,.T.);
#9526=EDGE_CURVE('',#10924,#10606,#1282,.T.);
#9527=EDGE_CURVE('',#10923,#10607,#1283,.T.);
#9528=EDGE_CURVE('',#10926,#10608,#1284,.T.);
#9529=EDGE_CURVE('',#10925,#10605,#1285,.T.);
#9530=EDGE_CURVE('',#10928,#10602,#1286,.T.);
#9531=EDGE_CURVE('',#10927,#10603,#1287,.T.);
#9532=EDGE_CURVE('',#10930,#10604,#1288,.T.);
#9533=EDGE_CURVE('',#10929,#10601,#1289,.T.);
#9534=EDGE_CURVE('',#10932,#10598,#1290,.T.);
#9535=EDGE_CURVE('',#10931,#10599,#1291,.T.);
#9536=EDGE_CURVE('',#10934,#10600,#1292,.T.);
#9537=EDGE_CURVE('',#10933,#10597,#1293,.T.);
#9538=EDGE_CURVE('',#10936,#10594,#1294,.T.);
#9539=EDGE_CURVE('',#10935,#10595,#1295,.T.);
#9540=EDGE_CURVE('',#10938,#10596,#1296,.T.);
#9541=EDGE_CURVE('',#10937,#10593,#1297,.T.);
#9542=EDGE_CURVE('',#10940,#10590,#1298,.T.);
#9543=EDGE_CURVE('',#10939,#10591,#1299,.T.);
#9544=EDGE_CURVE('',#10942,#10592,#1300,.T.);
#9545=EDGE_CURVE('',#10941,#10589,#1301,.T.);
#9546=EDGE_CURVE('',#10944,#10586,#1302,.T.);
#9547=EDGE_CURVE('',#10943,#10587,#1303,.T.);
#9548=EDGE_CURVE('',#10946,#10588,#1304,.T.);
#9549=EDGE_CURVE('',#10945,#10585,#1305,.T.);
#9550=EDGE_CURVE('',#10948,#10582,#1306,.T.);
#9551=EDGE_CURVE('',#10947,#10583,#1307,.T.);
#9552=EDGE_CURVE('',#10950,#10584,#1308,.T.);
#9553=EDGE_CURVE('',#10949,#10581,#1309,.T.);
#9554=EDGE_CURVE('',#10952,#10578,#1310,.T.);
#9555=EDGE_CURVE('',#10951,#10579,#1311,.T.);
#9556=EDGE_CURVE('',#10954,#10580,#1312,.T.);
#9557=EDGE_CURVE('',#10953,#10577,#1313,.T.);
#9558=EDGE_CURVE('',#10665,#10864,#1314,.F.);
#9559=EDGE_CURVE('',#10863,#10666,#1315,.T.);
#9560=EDGE_CURVE('',#10867,#10667,#1316,.T.);
#9561=EDGE_CURVE('',#10866,#10668,#1317,.T.);
#9562=EDGE_CURVE('',#10664,#10865,#1318,.F.);
#9563=EDGE_CURVE('',#10956,#10574,#1319,.T.);
#9564=EDGE_CURVE('',#10955,#10575,#1320,.T.);
#9565=EDGE_CURVE('',#10958,#10576,#1321,.T.);
#9566=EDGE_CURVE('',#10957,#10573,#1322,.T.);
#9567=EDGE_CURVE('',#10960,#10570,#1323,.T.);
#9568=EDGE_CURVE('',#10959,#10571,#1324,.T.);
#9569=EDGE_CURVE('',#10962,#10572,#1325,.T.);
#9570=EDGE_CURVE('',#10961,#10569,#1326,.T.);
#9571=EDGE_CURVE('',#10964,#10566,#1327,.T.);
#9572=EDGE_CURVE('',#10963,#10567,#1328,.T.);
#9573=EDGE_CURVE('',#10966,#10568,#1329,.T.);
#9574=EDGE_CURVE('',#10965,#10565,#1330,.T.);
#9575=EDGE_CURVE('',#10968,#10562,#1331,.T.);
#9576=EDGE_CURVE('',#10967,#10563,#1332,.T.);
#9577=EDGE_CURVE('',#10970,#10564,#1333,.T.);
#9578=EDGE_CURVE('',#10969,#10561,#1334,.T.);
#9579=EDGE_CURVE('',#10972,#10558,#1335,.T.);
#9580=EDGE_CURVE('',#10971,#10559,#1336,.T.);
#9581=EDGE_CURVE('',#10974,#10560,#1337,.T.);
#9582=EDGE_CURVE('',#10973,#10557,#1338,.T.);
#9583=EDGE_CURVE('',#10821,#10709,#1339,.T.);
#9584=EDGE_CURVE('',#10824,#10710,#1340,.T.);
#9585=EDGE_CURVE('',#10707,#10823,#1341,.F.);
#9586=EDGE_CURVE('',#10708,#10822,#1342,.F.);
#9587=EDGE_CURVE('',#10696,#10834,#1343,.F.);
#9588=EDGE_CURVE('',#10833,#10697,#1344,.T.);
#9589=EDGE_CURVE('',#10836,#10698,#1345,.T.);
#9590=EDGE_CURVE('',#10695,#10835,#1346,.F.);
#9591=EDGE_CURVE('',#10976,#10554,#1347,.T.);
#9592=EDGE_CURVE('',#10975,#10555,#1348,.T.);
#9593=EDGE_CURVE('',#10978,#10556,#1349,.T.);
#9594=EDGE_CURVE('',#10977,#10553,#1350,.T.);
#9595=EDGE_CURVE('',#10980,#10550,#1351,.T.);
#9596=EDGE_CURVE('',#10979,#10551,#1352,.T.);
#9597=EDGE_CURVE('',#10982,#10552,#1353,.T.);
#9598=EDGE_CURVE('',#10981,#10549,#1354,.T.);
#9599=EDGE_CURVE('',#10984,#10546,#1355,.T.);
#9600=EDGE_CURVE('',#10983,#10547,#1356,.T.);
#9601=EDGE_CURVE('',#10986,#10548,#1357,.T.);
#9602=EDGE_CURVE('',#10985,#10545,#1358,.T.);
#9603=EDGE_CURVE('',#10988,#10542,#1359,.T.);
#9604=EDGE_CURVE('',#10987,#10543,#1360,.T.);
#9605=EDGE_CURVE('',#10990,#10544,#1361,.T.);
#9606=EDGE_CURVE('',#10989,#10541,#1362,.T.);
#9607=EDGE_CURVE('',#10803,#10749,#1363,.T.);
#9608=EDGE_CURVE('',#10992,#10538,#1364,.T.);
#9609=EDGE_CURVE('',#10991,#10539,#1365,.T.);
#9610=EDGE_CURVE('',#10994,#10540,#1366,.T.);
#9611=EDGE_CURVE('',#10993,#10537,#1367,.T.);
#9612=EDGE_CURVE('',#10996,#10534,#1368,.T.);
#9613=EDGE_CURVE('',#10995,#10535,#1369,.T.);
#9614=EDGE_CURVE('',#10998,#10536,#1370,.T.);
#9615=EDGE_CURVE('',#10997,#10533,#1371,.T.);
#9616=EDGE_CURVE('',#11000,#10530,#1372,.T.);
#9617=EDGE_CURVE('',#10999,#10531,#1373,.T.);
#9618=EDGE_CURVE('',#11002,#10532,#1374,.T.);
#9619=EDGE_CURVE('',#11001,#10529,#1375,.T.);
#9620=EDGE_CURVE('',#10802,#10754,#1376,.T.);
#9621=EDGE_CURVE('',#11004,#10526,#1377,.T.);
#9622=EDGE_CURVE('',#11003,#10527,#1378,.T.);
#9623=EDGE_CURVE('',#11006,#10528,#1379,.T.);
#9624=EDGE_CURVE('',#11005,#10525,#1380,.T.);
#9625=EDGE_CURVE('',#11008,#10522,#1381,.T.);
#9626=EDGE_CURVE('',#11007,#10523,#1382,.T.);
#9627=EDGE_CURVE('',#11010,#10524,#1383,.T.);
#9628=EDGE_CURVE('',#11009,#10521,#1384,.T.);
#9629=EDGE_CURVE('',#11012,#10518,#1385,.T.);
#9630=EDGE_CURVE('',#11011,#10519,#1386,.T.);
#9631=EDGE_CURVE('',#11014,#10520,#1387,.T.);
#9632=EDGE_CURVE('',#11013,#10517,#1388,.T.);
#9633=EDGE_CURVE('',#11016,#10514,#1389,.T.);
#9634=EDGE_CURVE('',#11015,#10515,#1390,.T.);
#9635=EDGE_CURVE('',#11018,#10516,#1391,.T.);
#9636=EDGE_CURVE('',#11017,#10513,#1392,.T.);
#9637=EDGE_CURVE('',#11020,#10510,#1393,.T.);
#9638=EDGE_CURVE('',#11019,#10511,#1394,.T.);
#9639=EDGE_CURVE('',#11022,#10512,#1395,.T.);
#9640=EDGE_CURVE('',#11021,#10509,#1396,.T.);
#9641=EDGE_CURVE('',#11024,#10506,#1397,.T.);
#9642=EDGE_CURVE('',#11023,#10507,#1398,.T.);
#9643=EDGE_CURVE('',#11026,#10508,#1399,.T.);
#9644=EDGE_CURVE('',#11025,#10505,#1400,.T.);
#9645=EDGE_CURVE('',#11028,#10501,#1401,.T.);
#9646=EDGE_CURVE('',#11027,#10503,#1402,.T.);
#9647=EDGE_CURVE('',#11030,#10504,#1403,.T.);
#9648=EDGE_CURVE('',#11029,#10502,#1404,.T.);
#9649=EDGE_CURVE('',#11032,#10497,#1405,.T.);
#9650=EDGE_CURVE('',#11031,#10499,#1406,.T.);
#9651=EDGE_CURVE('',#11034,#10500,#1407,.T.);
#9652=EDGE_CURVE('',#11033,#10498,#1408,.T.);
#9653=EDGE_CURVE('',#11036,#10493,#1409,.T.);
#9654=EDGE_CURVE('',#11035,#10495,#1410,.T.);
#9655=EDGE_CURVE('',#11038,#10496,#1411,.T.);
#9656=EDGE_CURVE('',#11037,#10494,#1412,.T.);
#9657=EDGE_CURVE('',#11040,#10489,#1413,.T.);
#9658=EDGE_CURVE('',#11039,#10491,#1414,.T.);
#9659=EDGE_CURVE('',#11042,#10492,#1415,.T.);
#9660=EDGE_CURVE('',#11041,#10490,#1416,.T.);
#9661=EDGE_CURVE('',#11044,#10485,#1417,.T.);
#9662=EDGE_CURVE('',#11043,#10487,#1418,.T.);
#9663=EDGE_CURVE('',#11046,#10488,#1419,.T.);
#9664=EDGE_CURVE('',#11045,#10486,#1420,.T.);
#9665=EDGE_CURVE('',#10811,#10718,#1421,.T.);
#9666=EDGE_CURVE('',#10815,#10719,#1422,.T.);
#9667=EDGE_CURVE('',#10814,#10720,#1423,.T.);
#9668=EDGE_CURVE('',#10716,#10813,#1424,.F.);
#9669=EDGE_CURVE('',#10717,#10812,#1425,.F.);
#9670=EDGE_CURVE('',#11048,#10481,#1426,.T.);
#9671=EDGE_CURVE('',#11047,#10483,#1427,.T.);
#9672=EDGE_CURVE('',#11050,#10484,#1428,.T.);
#9673=EDGE_CURVE('',#11049,#10482,#1429,.T.);
#9674=EDGE_CURVE('',#11052,#10477,#1430,.T.);
#9675=EDGE_CURVE('',#11051,#10479,#1431,.T.);
#9676=EDGE_CURVE('',#11054,#10480,#1432,.T.);
#9677=EDGE_CURVE('',#11053,#10478,#1433,.T.);
#9678=EDGE_CURVE('',#11056,#10473,#1434,.T.);
#9679=EDGE_CURVE('',#11055,#10475,#1435,.T.);
#9680=EDGE_CURVE('',#11058,#10476,#1436,.T.);
#9681=EDGE_CURVE('',#11057,#10474,#1437,.T.);
#9682=EDGE_CURVE('',#11060,#10469,#1438,.T.);
#9683=EDGE_CURVE('',#11059,#10471,#1439,.T.);
#9684=EDGE_CURVE('',#11062,#10472,#1440,.T.);
#9685=EDGE_CURVE('',#11061,#10470,#1441,.T.);
#9686=EDGE_CURVE('',#11064,#10466,#1442,.T.);
#9687=EDGE_CURVE('',#11063,#10467,#1443,.T.);
#9688=EDGE_CURVE('',#11066,#10468,#1444,.T.);
#9689=EDGE_CURVE('',#11065,#10465,#1445,.T.);
#9690=EDGE_CURVE('',#10670,#10860,#1446,.F.);
#9691=EDGE_CURVE('',#10859,#10671,#1447,.T.);
#9692=EDGE_CURVE('',#10862,#10672,#1448,.T.);
#9693=EDGE_CURVE('',#10669,#10861,#1449,.F.);
#9694=EDGE_CURVE('',#10674,#10856,#1450,.F.);
#9695=EDGE_CURVE('',#10855,#10675,#1451,.T.);
#9696=EDGE_CURVE('',#10858,#10676,#1452,.T.);
#9697=EDGE_CURVE('',#10673,#10857,#1453,.F.);
#9698=EDGE_CURVE('',#10678,#10852,#1454,.F.);
#9699=EDGE_CURVE('',#10851,#10679,#1455,.T.);
#9700=EDGE_CURVE('',#10854,#10680,#1456,.T.);
#9701=EDGE_CURVE('',#10677,#10853,#1457,.F.);
#9702=EDGE_CURVE('',#11068,#10462,#1458,.T.);
#9703=EDGE_CURVE('',#11067,#10463,#1459,.T.);
#9704=EDGE_CURVE('',#11070,#10464,#1460,.T.);
#9705=EDGE_CURVE('',#11069,#10461,#1461,.T.);
#9706=EDGE_CURVE('',#11072,#10458,#1462,.T.);
#9707=EDGE_CURVE('',#11071,#10459,#1463,.T.);
#9708=EDGE_CURVE('',#11074,#10460,#1464,.T.);
#9709=EDGE_CURVE('',#11073,#10457,#1465,.T.);
#9710=EDGE_CURVE('',#11076,#10454,#1466,.T.);
#9711=EDGE_CURVE('',#11075,#10455,#1467,.T.);
#9712=EDGE_CURVE('',#11078,#10456,#1468,.T.);
#9713=EDGE_CURVE('',#11077,#10453,#1469,.T.);
#9714=EDGE_CURVE('',#11080,#10450,#1470,.T.);
#9715=EDGE_CURVE('',#11079,#10451,#1471,.T.);
#9716=EDGE_CURVE('',#11082,#10452,#1472,.T.);
#9717=EDGE_CURVE('',#11081,#10449,#1473,.T.);
#9718=EDGE_CURVE('',#10682,#10848,#1474,.F.);
#9719=EDGE_CURVE('',#10847,#10683,#1475,.T.);
#9720=EDGE_CURVE('',#10850,#10684,#1476,.T.);
#9721=EDGE_CURVE('',#10681,#10849,#1477,.F.);
#9722=EDGE_CURVE('',#11084,#10446,#1478,.T.);
#9723=EDGE_CURVE('',#11083,#10447,#1479,.T.);
#9724=EDGE_CURVE('',#11086,#10448,#1480,.T.);
#9725=EDGE_CURVE('',#11085,#10445,#1481,.T.);
#9726=EDGE_CURVE('',#11088,#10442,#1482,.T.);
#9727=EDGE_CURVE('',#11087,#10443,#1483,.T.);
#9728=EDGE_CURVE('',#11090,#10444,#1484,.T.);
#9729=EDGE_CURVE('',#11089,#10441,#1485,.T.);
#9730=EDGE_CURVE('',#11092,#10438,#1486,.T.);
#9731=EDGE_CURVE('',#11091,#10439,#1487,.T.);
#9732=EDGE_CURVE('',#11094,#10440,#1488,.T.);
#9733=EDGE_CURVE('',#11093,#10437,#1489,.T.);
#9734=EDGE_CURVE('',#11096,#10434,#1490,.T.);
#9735=EDGE_CURVE('',#11095,#10435,#1491,.T.);
#9736=EDGE_CURVE('',#11098,#10436,#1492,.T.);
#9737=EDGE_CURVE('',#11097,#10433,#1493,.T.);
#9738=EDGE_CURVE('',#10801,#10759,#1494,.T.);
#9739=EDGE_CURVE('',#10800,#10764,#1495,.T.);
#9740=EDGE_CURVE('',#11101,#10429,#1496,.T.);
#9741=EDGE_CURVE('',#11100,#10431,#1497,.T.);
#9742=EDGE_CURVE('',#11103,#10432,#1498,.T.);
#9743=EDGE_CURVE('',#11102,#10430,#1499,.T.);
#9744=EDGE_CURVE('',#11105,#10425,#1500,.T.);
#9745=EDGE_CURVE('',#11104,#10427,#1501,.T.);
#9746=EDGE_CURVE('',#11107,#10428,#1502,.T.);
#9747=EDGE_CURVE('',#11106,#10426,#1503,.T.);
#9748=EDGE_CURVE('',#11109,#10421,#1504,.T.);
#9749=EDGE_CURVE('',#11108,#10423,#1505,.T.);
#9750=EDGE_CURVE('',#11111,#10424,#1506,.T.);
#9751=EDGE_CURVE('',#11110,#10422,#1507,.T.);
#9752=EDGE_CURVE('',#11113,#10418,#1508,.T.);
#9753=EDGE_CURVE('',#11112,#10419,#1509,.T.);
#9754=EDGE_CURVE('',#11115,#10420,#1510,.T.);
#9755=EDGE_CURVE('',#11114,#10417,#1511,.T.);
#9756=EDGE_CURVE('',#11117,#10414,#1512,.T.);
#9757=EDGE_CURVE('',#11116,#10415,#1513,.T.);
#9758=EDGE_CURVE('',#11119,#10416,#1514,.T.);
#9759=EDGE_CURVE('',#11118,#10413,#1515,.T.);
#9760=EDGE_CURVE('',#10691,#10838,#1516,.F.);
#9761=EDGE_CURVE('',#10837,#10692,#1517,.T.);
#9762=EDGE_CURVE('',#10841,#10693,#1518,.T.);
#9763=EDGE_CURVE('',#10840,#10694,#1519,.T.);
#9764=EDGE_CURVE('',#10690,#10839,#1520,.F.);
#9765=EDGE_CURVE('',#11121,#10410,#1521,.T.);
#9766=EDGE_CURVE('',#11120,#10411,#1522,.T.);
#9767=EDGE_CURVE('',#11123,#10412,#1523,.T.);
#9768=EDGE_CURVE('',#11122,#10409,#1524,.T.);
#9769=EDGE_CURVE('',#11125,#10406,#1525,.T.);
#9770=EDGE_CURVE('',#11124,#10407,#1526,.T.);
#9771=EDGE_CURVE('',#11127,#10408,#1527,.T.);
#9772=EDGE_CURVE('',#11126,#10405,#1528,.T.);
#9773=EDGE_CURVE('',#11129,#10402,#1529,.T.);
#9774=EDGE_CURVE('',#11128,#10403,#1530,.T.);
#9775=EDGE_CURVE('',#11131,#10404,#1531,.T.);
#9776=EDGE_CURVE('',#11130,#10401,#1532,.T.);
#9777=EDGE_CURVE('',#10700,#10830,#1533,.F.);
#9778=EDGE_CURVE('',#10829,#10701,#1534,.T.);
#9779=EDGE_CURVE('',#10832,#10702,#1535,.T.);
#9780=EDGE_CURVE('',#10699,#10831,#1536,.F.);
#9781=EDGE_CURVE('',#11133,#10397,#1537,.T.);
#9782=EDGE_CURVE('',#11132,#10399,#1538,.T.);
#9783=EDGE_CURVE('',#11135,#10400,#1539,.T.);
#9784=EDGE_CURVE('',#11134,#10398,#1540,.T.);
#9785=EDGE_CURVE('',#11137,#10394,#1541,.T.);
#9786=EDGE_CURVE('',#11136,#10395,#1542,.T.);
#9787=EDGE_CURVE('',#11139,#10396,#1543,.T.);
#9788=EDGE_CURVE('',#11138,#10393,#1544,.T.);
#9789=EDGE_CURVE('',#11141,#10390,#1545,.T.);
#9790=EDGE_CURVE('',#11140,#10391,#1546,.T.);
#9791=EDGE_CURVE('',#11143,#10392,#1547,.T.);
#9792=EDGE_CURVE('',#11142,#10389,#1548,.T.);
#9793=EDGE_CURVE('',#10825,#10705,#1549,.T.);
#9794=EDGE_CURVE('',#10828,#10706,#1550,.T.);
#9795=EDGE_CURVE('',#10703,#10827,#1551,.F.);
#9796=EDGE_CURVE('',#10704,#10826,#1552,.F.);
#9797=EDGE_CURVE('',#11145,#10385,#1553,.T.);
#9798=EDGE_CURVE('',#11144,#10387,#1554,.T.);
#9799=EDGE_CURVE('',#11147,#10388,#1555,.T.);
#9800=EDGE_CURVE('',#11146,#10386,#1556,.T.);
#9801=EDGE_CURVE('',#11149,#10381,#1557,.T.);
#9802=EDGE_CURVE('',#11148,#10383,#1558,.T.);
#9803=EDGE_CURVE('',#11151,#10384,#1559,.T.);
#9804=EDGE_CURVE('',#11150,#10382,#1560,.T.);
#9805=EDGE_CURVE('',#10816,#10713,#1561,.T.);
#9806=EDGE_CURVE('',#10820,#10714,#1562,.T.);
#9807=EDGE_CURVE('',#10819,#10715,#1563,.T.);
#9808=EDGE_CURVE('',#10711,#10818,#1564,.F.);
#9809=EDGE_CURVE('',#10712,#10817,#1565,.F.);
#9810=EDGE_CURVE('',#11153,#10377,#1566,.T.);
#9811=EDGE_CURVE('',#11152,#10379,#1567,.T.);
#9812=EDGE_CURVE('',#11155,#10380,#1568,.T.);
#9813=EDGE_CURVE('',#11154,#10378,#1569,.T.);
#9814=EDGE_CURVE('',#11157,#10373,#1570,.T.);
#9815=EDGE_CURVE('',#11156,#10375,#1571,.T.);
#9816=EDGE_CURVE('',#11159,#10376,#1572,.T.);
#9817=EDGE_CURVE('',#11158,#10374,#1573,.T.);
#9818=EDGE_CURVE('',#11161,#10369,#1574,.T.);
#9819=EDGE_CURVE('',#11160,#10371,#1575,.T.);
#9820=EDGE_CURVE('',#11163,#10372,#1576,.T.);
#9821=EDGE_CURVE('',#11162,#10370,#1577,.T.);
#9822=EDGE_CURVE('',#11165,#10365,#1578,.T.);
#9823=EDGE_CURVE('',#11164,#10367,#1579,.T.);
#9824=EDGE_CURVE('',#11167,#10368,#1580,.T.);
#9825=EDGE_CURVE('',#11166,#10366,#1581,.T.);
#9826=EDGE_CURVE('',#11169,#10361,#1582,.T.);
#9827=EDGE_CURVE('',#11168,#10363,#1583,.T.);
#9828=EDGE_CURVE('',#11171,#10364,#1584,.T.);
#9829=EDGE_CURVE('',#11170,#10362,#1585,.T.);
#9830=EDGE_CURVE('',#11173,#10357,#1586,.T.);
#9831=EDGE_CURVE('',#11172,#10359,#1587,.T.);
#9832=EDGE_CURVE('',#11175,#10360,#1588,.T.);
#9833=EDGE_CURVE('',#11174,#10358,#1589,.T.);
#9834=EDGE_CURVE('',#11177,#10353,#1590,.T.);
#9835=EDGE_CURVE('',#11176,#10355,#1591,.T.);
#9836=EDGE_CURVE('',#11179,#10356,#1592,.T.);
#9837=EDGE_CURVE('',#11178,#10354,#1593,.T.);
#9838=EDGE_CURVE('',#11181,#10349,#1594,.T.);
#9839=EDGE_CURVE('',#11180,#10351,#1595,.T.);
#9840=EDGE_CURVE('',#11183,#10352,#1596,.T.);
#9841=EDGE_CURVE('',#11182,#10350,#1597,.T.);
#9842=EDGE_CURVE('',#11185,#10345,#1598,.T.);
#9843=EDGE_CURVE('',#11184,#10347,#1599,.T.);
#9844=EDGE_CURVE('',#11187,#10348,#1600,.T.);
#9845=EDGE_CURVE('',#11186,#10346,#1601,.T.);
#9846=EDGE_CURVE('',#11189,#10342,#1602,.T.);
#9847=EDGE_CURVE('',#11188,#10343,#1603,.T.);
#9848=EDGE_CURVE('',#11191,#10344,#1604,.T.);
#9849=EDGE_CURVE('',#11190,#10341,#1605,.T.);
#9850=EDGE_CURVE('',#11193,#10338,#1606,.T.);
#9851=EDGE_CURVE('',#11192,#10339,#1607,.T.);
#9852=EDGE_CURVE('',#11195,#10340,#1608,.T.);
#9853=EDGE_CURVE('',#11194,#10337,#1609,.T.);
#9854=EDGE_CURVE('',#11197,#10334,#1610,.T.);
#9855=EDGE_CURVE('',#11196,#10335,#1611,.T.);
#9856=EDGE_CURVE('',#11199,#10336,#1612,.T.);
#9857=EDGE_CURVE('',#11198,#10333,#1613,.T.);
#9858=EDGE_CURVE('',#11201,#10330,#1614,.T.);
#9859=EDGE_CURVE('',#11200,#10331,#1615,.T.);
#9860=EDGE_CURVE('',#11203,#10332,#1616,.T.);
#9861=EDGE_CURVE('',#11202,#10329,#1617,.T.);
#9862=EDGE_CURVE('',#11205,#10326,#1618,.T.);
#9863=EDGE_CURVE('',#11204,#10327,#1619,.T.);
#9864=EDGE_CURVE('',#11207,#10328,#1620,.T.);
#9865=EDGE_CURVE('',#11206,#10325,#1621,.T.);
#9866=EDGE_CURVE('',#11209,#10322,#1622,.T.);
#9867=EDGE_CURVE('',#11208,#10323,#1623,.T.);
#9868=EDGE_CURVE('',#11211,#10324,#1624,.T.);
#9869=EDGE_CURVE('',#11210,#10321,#1625,.T.);
#9870=EDGE_CURVE('',#10686,#10843,#1626,.F.);
#9871=EDGE_CURVE('',#10842,#10687,#1627,.T.);
#9872=EDGE_CURVE('',#10846,#10688,#1628,.T.);
#9873=EDGE_CURVE('',#10845,#10689,#1629,.T.);
#9874=EDGE_CURVE('',#10685,#10844,#1630,.F.);
#9875=EDGE_CURVE('',#11213,#10317,#1631,.T.);
#9876=EDGE_CURVE('',#11212,#10319,#1632,.T.);
#9877=EDGE_CURVE('',#11215,#10320,#1633,.T.);
#9878=EDGE_CURVE('',#11214,#10318,#1634,.T.);
#9879=EDGE_CURVE('',#11217,#10313,#1635,.T.);
#9880=EDGE_CURVE('',#11216,#10315,#1636,.T.);
#9881=EDGE_CURVE('',#11219,#10316,#1637,.T.);
#9882=EDGE_CURVE('',#11218,#10314,#1638,.T.);
#9883=EDGE_CURVE('',#11221,#10309,#1639,.T.);
#9884=EDGE_CURVE('',#11220,#10311,#1640,.T.);
#9885=EDGE_CURVE('',#11223,#10312,#1641,.T.);
#9886=EDGE_CURVE('',#11222,#10310,#1642,.T.);
#9887=EDGE_CURVE('',#11225,#10305,#1643,.T.);
#9888=EDGE_CURVE('',#11224,#10307,#1644,.T.);
#9889=EDGE_CURVE('',#11227,#10308,#1645,.T.);
#9890=EDGE_CURVE('',#11226,#10306,#1646,.T.);
#9891=EDGE_CURVE('',#10894,#10635,#1647,.T.);
#9892=EDGE_CURVE('',#10898,#10636,#1648,.T.);
#9893=EDGE_CURVE('',#10897,#10637,#1649,.T.);
#9894=EDGE_CURVE('',#10633,#10896,#1650,.F.);
#9895=EDGE_CURVE('',#10634,#10895,#1651,.F.);
#9896=EDGE_CURVE('',#11229,#10301,#1652,.T.);
#9897=EDGE_CURVE('',#11228,#10303,#1653,.T.);
#9898=EDGE_CURVE('',#11231,#10304,#1654,.T.);
#9899=EDGE_CURVE('',#11230,#10302,#1655,.T.);
#9900=EDGE_CURVE('',#11233,#10297,#1656,.T.);
#9901=EDGE_CURVE('',#11232,#10299,#1657,.T.);
#9902=EDGE_CURVE('',#11235,#10300,#1658,.T.);
#9903=EDGE_CURVE('',#11234,#10298,#1659,.T.);
#9904=EDGE_CURVE('',#10889,#10640,#1660,.T.);
#9905=EDGE_CURVE('',#10893,#10641,#1661,.T.);
#9906=EDGE_CURVE('',#10892,#10642,#1662,.T.);
#9907=EDGE_CURVE('',#10638,#10891,#1663,.F.);
#9908=EDGE_CURVE('',#10639,#10890,#1664,.F.);
#9909=EDGE_CURVE('',#11237,#10293,#1665,.T.);
#9910=EDGE_CURVE('',#11236,#10295,#1666,.T.);
#9911=EDGE_CURVE('',#11239,#10296,#1667,.T.);
#9912=EDGE_CURVE('',#11238,#10294,#1668,.T.);
#9913=EDGE_CURVE('',#10644,#10886,#1669,.F.);
#9914=EDGE_CURVE('',#10885,#10645,#1670,.T.);
#9915=EDGE_CURVE('',#10888,#10646,#1671,.T.);
#9916=EDGE_CURVE('',#10643,#10887,#1672,.F.);
#9917=EDGE_CURVE('',#10648,#10882,#1673,.F.);
#9918=EDGE_CURVE('',#10881,#10649,#1674,.T.);
#9919=EDGE_CURVE('',#10884,#10650,#1675,.T.);
#9920=EDGE_CURVE('',#10647,#10883,#1676,.F.);
#9921=EDGE_CURVE('',#11241,#10289,#1677,.T.);
#9922=EDGE_CURVE('',#11240,#10291,#1678,.T.);
#9923=EDGE_CURVE('',#11243,#10292,#1679,.T.);
#9924=EDGE_CURVE('',#11242,#10290,#1680,.T.);
#9925=EDGE_CURVE('',#11245,#10285,#1681,.T.);
#9926=EDGE_CURVE('',#11244,#10287,#1682,.T.);
#9927=EDGE_CURVE('',#11247,#10288,#1683,.T.);
#9928=EDGE_CURVE('',#11246,#10286,#1684,.T.);
#9929=EDGE_CURVE('',#11249,#10281,#1685,.T.);
#9930=EDGE_CURVE('',#11248,#10283,#1686,.T.);
#9931=EDGE_CURVE('',#11251,#10284,#1687,.T.);
#9932=EDGE_CURVE('',#11250,#10282,#1688,.T.);
#9933=EDGE_CURVE('',#10804,#10744,#1689,.T.);
#9934=EDGE_CURVE('',#11253,#10277,#1690,.T.);
#9935=EDGE_CURVE('',#11252,#10279,#1691,.T.);
#9936=EDGE_CURVE('',#11255,#10280,#1692,.T.);
#9937=EDGE_CURVE('',#11254,#10278,#1693,.T.);
#9938=EDGE_CURVE('',#10660,#10869,#1694,.F.);
#9939=EDGE_CURVE('',#10868,#10661,#1695,.T.);
#9940=EDGE_CURVE('',#10872,#10662,#1696,.T.);
#9941=EDGE_CURVE('',#10871,#10663,#1697,.T.);
#9942=EDGE_CURVE('',#10659,#10870,#1698,.F.);
#9943=EDGE_CURVE('',#11257,#10274,#1699,.T.);
#9944=EDGE_CURVE('',#11256,#10275,#1700,.T.);
#9945=EDGE_CURVE('',#11259,#10276,#1701,.T.);
#9946=EDGE_CURVE('',#11258,#10273,#1702,.T.);
#9947=EDGE_CURVE('',#10656,#10874,#1703,.F.);
#9948=EDGE_CURVE('',#10873,#10657,#1704,.T.);
#9949=EDGE_CURVE('',#10876,#10658,#1705,.T.);
#9950=EDGE_CURVE('',#10655,#10875,#1706,.F.);
#9951=EDGE_CURVE('',#10652,#10878,#1707,.F.);
#9952=EDGE_CURVE('',#10877,#10653,#1708,.T.);
#9953=EDGE_CURVE('',#10880,#10654,#1709,.T.);
#9954=EDGE_CURVE('',#10651,#10879,#1710,.F.);
#9955=EDGE_CURVE('',#11261,#10269,#1711,.T.);
#9956=EDGE_CURVE('',#11260,#10271,#1712,.T.);
#9957=EDGE_CURVE('',#11263,#10272,#1713,.T.);
#9958=EDGE_CURVE('',#11262,#10270,#1714,.T.);
#9959=EDGE_CURVE('',#11265,#10265,#1715,.T.);
#9960=EDGE_CURVE('',#11264,#10267,#1716,.T.);
#9961=EDGE_CURVE('',#11267,#10268,#1717,.T.);
#9962=EDGE_CURVE('',#11266,#10266,#1718,.T.);
#9963=EDGE_CURVE('',#11269,#10261,#1719,.T.);
#9964=EDGE_CURVE('',#11268,#10263,#1720,.T.);
#9965=EDGE_CURVE('',#11271,#10264,#1721,.T.);
#9966=EDGE_CURVE('',#11270,#10262,#1722,.T.);
#9967=EDGE_CURVE('',#11273,#10257,#1723,.T.);
#9968=EDGE_CURVE('',#11272,#10259,#1724,.T.);
#9969=EDGE_CURVE('',#11275,#10260,#1725,.T.);
#9970=EDGE_CURVE('',#11274,#10258,#1726,.T.);
#9971=EDGE_CURVE('',#11277,#10253,#1727,.T.);
#9972=EDGE_CURVE('',#11276,#10255,#1728,.T.);
#9973=EDGE_CURVE('',#11279,#10256,#1729,.T.);
#9974=EDGE_CURVE('',#11278,#10254,#1730,.T.);
#9975=EDGE_CURVE('',#11281,#10249,#1731,.T.);
#9976=EDGE_CURVE('',#11280,#10251,#1732,.T.);
#9977=EDGE_CURVE('',#11283,#10252,#1733,.T.);
#9978=EDGE_CURVE('',#11282,#10250,#1734,.T.);
#9979=EDGE_CURVE('',#11285,#10245,#1735,.T.);
#9980=EDGE_CURVE('',#11284,#10247,#1736,.T.);
#9981=EDGE_CURVE('',#11287,#10248,#1737,.T.);
#9982=EDGE_CURVE('',#11286,#10246,#1738,.T.);
#9983=EDGE_CURVE('',#11289,#10241,#1739,.T.);
#9984=EDGE_CURVE('',#11288,#10243,#1740,.T.);
#9985=EDGE_CURVE('',#11291,#10244,#1741,.T.);
#9986=EDGE_CURVE('',#11290,#10242,#1742,.T.);
#9987=EDGE_CURVE('',#11293,#10237,#1743,.T.);
#9988=EDGE_CURVE('',#11292,#10239,#1744,.T.);
#9989=EDGE_CURVE('',#11295,#10240,#1745,.T.);
#9990=EDGE_CURVE('',#11294,#10238,#1746,.T.);
#9991=EDGE_CURVE('',#11297,#10233,#1747,.T.);
#9992=EDGE_CURVE('',#11296,#10235,#1748,.T.);
#9993=EDGE_CURVE('',#11299,#10236,#1749,.T.);
#9994=EDGE_CURVE('',#11298,#10234,#1750,.T.);
#9995=EDGE_CURVE('',#11301,#10229,#1751,.T.);
#9996=EDGE_CURVE('',#11300,#10231,#1752,.T.);
#9997=EDGE_CURVE('',#11303,#10232,#1753,.T.);
#9998=EDGE_CURVE('',#11302,#10230,#1754,.T.);
#9999=EDGE_CURVE('',#11305,#10225,#1755,.T.);
#10000=EDGE_CURVE('',#11304,#10227,#1756,.T.);
#10001=EDGE_CURVE('',#11307,#10228,#1757,.T.);
#10002=EDGE_CURVE('',#11306,#10226,#1758,.T.);
#10003=EDGE_CURVE('',#11309,#10222,#1759,.T.);
#10004=EDGE_CURVE('',#11308,#10223,#1760,.T.);
#10005=EDGE_CURVE('',#11311,#10224,#1761,.T.);
#10006=EDGE_CURVE('',#11310,#10221,#1762,.T.);
#10007=EDGE_CURVE('',#11313,#10218,#1763,.T.);
#10008=EDGE_CURVE('',#11312,#10219,#1764,.T.);
#10009=EDGE_CURVE('',#11315,#10220,#1765,.T.);
#10010=EDGE_CURVE('',#11314,#10217,#1766,.T.);
#10011=EDGE_CURVE('',#11317,#10214,#1767,.T.);
#10012=EDGE_CURVE('',#11316,#10215,#1768,.T.);
#10013=EDGE_CURVE('',#11319,#10216,#1769,.T.);
#10014=EDGE_CURVE('',#11318,#10213,#1770,.T.);
#10015=EDGE_CURVE('',#11321,#10209,#1771,.T.);
#10016=EDGE_CURVE('',#11320,#10211,#1772,.T.);
#10017=EDGE_CURVE('',#11323,#10212,#1773,.T.);
#10018=EDGE_CURVE('',#11322,#10210,#1774,.T.);
#10019=EDGE_CURVE('',#11325,#10205,#1775,.T.);
#10020=EDGE_CURVE('',#11324,#10207,#1776,.T.);
#10021=EDGE_CURVE('',#11327,#10208,#1777,.T.);
#10022=EDGE_CURVE('',#11326,#10206,#1778,.T.);
#10023=EDGE_CURVE('',#10806,#10734,#1779,.T.);
#10024=EDGE_CURVE('',#11329,#10201,#1780,.T.);
#10025=EDGE_CURVE('',#11328,#10203,#1781,.T.);
#10026=EDGE_CURVE('',#11331,#10204,#1782,.T.);
#10027=EDGE_CURVE('',#11330,#10202,#1783,.T.);
#10028=EDGE_CURVE('',#11099,#10728,#1784,.T.);
#10029=EDGE_CURVE('',#11333,#10198,#1785,.T.);
#10030=EDGE_CURVE('',#11332,#10199,#1786,.T.);
#10031=EDGE_CURVE('',#11335,#10200,#1787,.T.);
#10032=EDGE_CURVE('',#11334,#10197,#1788,.T.);
#10033=EDGE_CURVE('',#11337,#10194,#1789,.T.);
#10034=EDGE_CURVE('',#11336,#10195,#1790,.T.);
#10035=EDGE_CURVE('',#11339,#10196,#1791,.T.);
#10036=EDGE_CURVE('',#11338,#10193,#1792,.T.);
#10037=EDGE_CURVE('',#11341,#10190,#1793,.T.);
#10038=EDGE_CURVE('',#11340,#10191,#1794,.T.);
#10039=EDGE_CURVE('',#11343,#10192,#1795,.T.);
#10040=EDGE_CURVE('',#11342,#10189,#1796,.T.);
#10041=EDGE_CURVE('',#11345,#10186,#1797,.T.);
#10042=EDGE_CURVE('',#11344,#10187,#1798,.T.);
#10043=EDGE_CURVE('',#11347,#10188,#1799,.T.);
#10044=EDGE_CURVE('',#11346,#10185,#1800,.T.);
#10045=EDGE_CURVE('',#11349,#10182,#1801,.T.);
#10046=EDGE_CURVE('',#11348,#10183,#1802,.T.);
#10047=EDGE_CURVE('',#11351,#10184,#1803,.T.);
#10048=EDGE_CURVE('',#11350,#10181,#1804,.T.);
#10049=EDGE_CURVE('',#11353,#10178,#1805,.T.);
#10050=EDGE_CURVE('',#11352,#10179,#1806,.T.);
#10051=EDGE_CURVE('',#11355,#10180,#1807,.T.);
#10052=EDGE_CURVE('',#11354,#10177,#1808,.T.);
#10053=EDGE_CURVE('',#11357,#10174,#1809,.T.);
#10054=EDGE_CURVE('',#11356,#10175,#1810,.T.);
#10055=EDGE_CURVE('',#11359,#10176,#1811,.T.);
#10056=EDGE_CURVE('',#11358,#10173,#1812,.T.);
#10057=EDGE_CURVE('',#11361,#10170,#1813,.T.);
#10058=EDGE_CURVE('',#11360,#10171,#1814,.T.);
#10059=EDGE_CURVE('',#11363,#10172,#1815,.T.);
#10060=EDGE_CURVE('',#11362,#10169,#1816,.T.);
#10061=EDGE_CURVE('',#11365,#10165,#1817,.T.);
#10062=EDGE_CURVE('',#11364,#10167,#1818,.T.);
#10063=EDGE_CURVE('',#11367,#10168,#1819,.T.);
#10064=EDGE_CURVE('',#11366,#10166,#1820,.T.);
#10065=EDGE_CURVE('',#11369,#10161,#1821,.T.);
#10066=EDGE_CURVE('',#11368,#10163,#1822,.T.);
#10067=EDGE_CURVE('',#11371,#10164,#1823,.T.);
#10068=EDGE_CURVE('',#11370,#10162,#1824,.T.);
#10069=EDGE_CURVE('',#10903,#10627,#1825,.T.);
#10070=EDGE_CURVE('',#10906,#10628,#1826,.T.);
#10071=EDGE_CURVE('',#10625,#10905,#1827,.F.);
#10072=EDGE_CURVE('',#10626,#10904,#1828,.F.);
#10073=EDGE_CURVE('',#10899,#10631,#1829,.T.);
#10074=EDGE_CURVE('',#10902,#10632,#1830,.T.);
#10075=EDGE_CURVE('',#10629,#10901,#1831,.F.);
#10076=EDGE_CURVE('',#10630,#10900,#1832,.F.);
#10077=EDGE_CURVE('',#10805,#10739,#1833,.T.);
#10078=EDGE_CURVE('',#11373,#10157,#1834,.T.);
#10079=EDGE_CURVE('',#11372,#10159,#1835,.T.);
#10080=EDGE_CURVE('',#11375,#10160,#1836,.T.);
#10081=EDGE_CURVE('',#11374,#10158,#1837,.T.);
#10082=EDGE_CURVE('',#11377,#10153,#1838,.T.);
#10083=EDGE_CURVE('',#11376,#10155,#1839,.T.);
#10084=EDGE_CURVE('',#11379,#10156,#1840,.T.);
#10085=EDGE_CURVE('',#11378,#10154,#1841,.T.);
#10086=EDGE_CURVE('',#11381,#10149,#1842,.T.);
#10087=EDGE_CURVE('',#11380,#10151,#1843,.T.);
#10088=EDGE_CURVE('',#11383,#10152,#1844,.T.);
#10089=EDGE_CURVE('',#11382,#10150,#1845,.T.);
#10090=EDGE_CURVE('',#11385,#10145,#1846,.T.);
#10091=EDGE_CURVE('',#11384,#10147,#1847,.T.);
#10092=EDGE_CURVE('',#11387,#10148,#1848,.T.);
#10093=EDGE_CURVE('',#11386,#10146,#1849,.T.);
#10094=EDGE_CURVE('',#11389,#10141,#1850,.T.);
#10095=EDGE_CURVE('',#11388,#10143,#1851,.T.);
#10096=EDGE_CURVE('',#11391,#10144,#1852,.T.);
#10097=EDGE_CURVE('',#11390,#10142,#1853,.T.);
#10098=EDGE_CURVE('',#10722,#10808,#1854,.F.);
#10099=EDGE_CURVE('',#10807,#10723,#1855,.T.);
#10100=EDGE_CURVE('',#10810,#10724,#1856,.T.);
#10101=EDGE_CURVE('',#10721,#10809,#1857,.F.);
#10102=EDGE_CURVE('',#10623,#10908,#1858,.F.);
#10103=EDGE_CURVE('',#10910,#10624,#1859,.T.);
#10104=EDGE_CURVE('',#10909,#10621,#1860,.T.);
#10105=EDGE_CURVE('',#10622,#10907,#1861,.F.);
#10106=EDGE_CURVE('',#11393,#10137,#1862,.T.);
#10107=EDGE_CURVE('',#11392,#10139,#1863,.T.);
#10108=EDGE_CURVE('',#11395,#10140,#1864,.T.);
#10109=EDGE_CURVE('',#11394,#10138,#1865,.T.);
#10110=EDGE_CURVE('',#11397,#10133,#1866,.T.);
#10111=EDGE_CURVE('',#11396,#10135,#1867,.T.);
#10112=EDGE_CURVE('',#11399,#10136,#1868,.T.);
#10113=EDGE_CURVE('',#11398,#10134,#1869,.T.);
#10114=EDGE_CURVE('',#11401,#10129,#1870,.T.);
#10115=EDGE_CURVE('',#11400,#10131,#1871,.T.);
#10116=EDGE_CURVE('',#11403,#10132,#1872,.T.);
#10117=EDGE_CURVE('',#11402,#10130,#1873,.T.);
#10118=EDGE_CURVE('',#11405,#10125,#1874,.T.);
#10119=EDGE_CURVE('',#11404,#10127,#1875,.T.);
#10120=EDGE_CURVE('',#11407,#10128,#1876,.T.);
#10121=EDGE_CURVE('',#11406,#10126,#1877,.T.);
#10122=VERTEX_POINT('',#18108);
#10123=VERTEX_POINT('',#18110);
#10124=VERTEX_POINT('',#18113);
#10125=VERTEX_POINT('',#18115);
#10126=VERTEX_POINT('',#18116);
#10127=VERTEX_POINT('',#18118);
#10128=VERTEX_POINT('',#18120);
#10129=VERTEX_POINT('',#18123);
#10130=VERTEX_POINT('',#18124);
#10131=VERTEX_POINT('',#18126);
#10132=VERTEX_POINT('',#18128);
#10133=VERTEX_POINT('',#18131);
#10134=VERTEX_POINT('',#18132);
#10135=VERTEX_POINT('',#18134);
#10136=VERTEX_POINT('',#18136);
#10137=VERTEX_POINT('',#18139);
#10138=VERTEX_POINT('',#18140);
#10139=VERTEX_POINT('',#18142);
#10140=VERTEX_POINT('',#18144);
#10141=VERTEX_POINT('',#18147);
#10142=VERTEX_POINT('',#18148);
#10143=VERTEX_POINT('',#18150);
#10144=VERTEX_POINT('',#18152);
#10145=VERTEX_POINT('',#18155);
#10146=VERTEX_POINT('',#18156);
#10147=VERTEX_POINT('',#18158);
#10148=VERTEX_POINT('',#18160);
#10149=VERTEX_POINT('',#18163);
#10150=VERTEX_POINT('',#18164);
#10151=VERTEX_POINT('',#18166);
#10152=VERTEX_POINT('',#18168);
#10153=VERTEX_POINT('',#18171);
#10154=VERTEX_POINT('',#18172);
#10155=VERTEX_POINT('',#18174);
#10156=VERTEX_POINT('',#18176);
#10157=VERTEX_POINT('',#18179);
#10158=VERTEX_POINT('',#18180);
#10159=VERTEX_POINT('',#18182);
#10160=VERTEX_POINT('',#18184);
#10161=VERTEX_POINT('',#18187);
#10162=VERTEX_POINT('',#18188);
#10163=VERTEX_POINT('',#18190);
#10164=VERTEX_POINT('',#18192);
#10165=VERTEX_POINT('',#18195);
#10166=VERTEX_POINT('',#18196);
#10167=VERTEX_POINT('',#18198);
#10168=VERTEX_POINT('',#18200);
#10169=VERTEX_POINT('',#18203);
#10170=VERTEX_POINT('',#18204);
#10171=VERTEX_POINT('',#18206);
#10172=VERTEX_POINT('',#18208);
#10173=VERTEX_POINT('',#18211);
#10174=VERTEX_POINT('',#18212);
#10175=VERTEX_POINT('',#18214);
#10176=VERTEX_POINT('',#18216);
#10177=VERTEX_POINT('',#18219);
#10178=VERTEX_POINT('',#18220);
#10179=VERTEX_POINT('',#18222);
#10180=VERTEX_POINT('',#18224);
#10181=VERTEX_POINT('',#18227);
#10182=VERTEX_POINT('',#18228);
#10183=VERTEX_POINT('',#18230);
#10184=VERTEX_POINT('',#18232);
#10185=VERTEX_POINT('',#18235);
#10186=VERTEX_POINT('',#18236);
#10187=VERTEX_POINT('',#18238);
#10188=VERTEX_POINT('',#18240);
#10189=VERTEX_POINT('',#18243);
#10190=VERTEX_POINT('',#18244);
#10191=VERTEX_POINT('',#18246);
#10192=VERTEX_POINT('',#18248);
#10193=VERTEX_POINT('',#18251);
#10194=VERTEX_POINT('',#18252);
#10195=VERTEX_POINT('',#18254);
#10196=VERTEX_POINT('',#18256);
#10197=VERTEX_POINT('',#18259);
#10198=VERTEX_POINT('',#18260);
#10199=VERTEX_POINT('',#18262);
#10200=VERTEX_POINT('',#18264);
#10201=VERTEX_POINT('',#18267);
#10202=VERTEX_POINT('',#18268);
#10203=VERTEX_POINT('',#18270);
#10204=VERTEX_POINT('',#18272);
#10205=VERTEX_POINT('',#18275);
#10206=VERTEX_POINT('',#18276);
#10207=VERTEX_POINT('',#18278);
#10208=VERTEX_POINT('',#18280);
#10209=VERTEX_POINT('',#18283);
#10210=VERTEX_POINT('',#18284);
#10211=VERTEX_POINT('',#18286);
#10212=VERTEX_POINT('',#18288);
#10213=VERTEX_POINT('',#18291);
#10214=VERTEX_POINT('',#18292);
#10215=VERTEX_POINT('',#18294);
#10216=VERTEX_POINT('',#18296);
#10217=VERTEX_POINT('',#18299);
#10218=VERTEX_POINT('',#18300);
#10219=VERTEX_POINT('',#18302);
#10220=VERTEX_POINT('',#18304);
#10221=VERTEX_POINT('',#18307);
#10222=VERTEX_POINT('',#18308);
#10223=VERTEX_POINT('',#18310);
#10224=VERTEX_POINT('',#18312);
#10225=VERTEX_POINT('',#18315);
#10226=VERTEX_POINT('',#18316);
#10227=VERTEX_POINT('',#18318);
#10228=VERTEX_POINT('',#18320);
#10229=VERTEX_POINT('',#18323);
#10230=VERTEX_POINT('',#18324);
#10231=VERTEX_POINT('',#18326);
#10232=VERTEX_POINT('',#18328);
#10233=VERTEX_POINT('',#18331);
#10234=VERTEX_POINT('',#18332);
#10235=VERTEX_POINT('',#18334);
#10236=VERTEX_POINT('',#18336);
#10237=VERTEX_POINT('',#18339);
#10238=VERTEX_POINT('',#18340);
#10239=VERTEX_POINT('',#18342);
#10240=VERTEX_POINT('',#18344);
#10241=VERTEX_POINT('',#18347);
#10242=VERTEX_POINT('',#18348);
#10243=VERTEX_POINT('',#18350);
#10244=VERTEX_POINT('',#18352);
#10245=VERTEX_POINT('',#18355);
#10246=VERTEX_POINT('',#18356);
#10247=VERTEX_POINT('',#18358);
#10248=VERTEX_POINT('',#18360);
#10249=VERTEX_POINT('',#18363);
#10250=VERTEX_POINT('',#18364);
#10251=VERTEX_POINT('',#18366);
#10252=VERTEX_POINT('',#18368);
#10253=VERTEX_POINT('',#18371);
#10254=VERTEX_POINT('',#18372);
#10255=VERTEX_POINT('',#18374);
#10256=VERTEX_POINT('',#18376);
#10257=VERTEX_POINT('',#18379);
#10258=VERTEX_POINT('',#18380);
#10259=VERTEX_POINT('',#18382);
#10260=VERTEX_POINT('',#18384);
#10261=VERTEX_POINT('',#18387);
#10262=VERTEX_POINT('',#18388);
#10263=VERTEX_POINT('',#18390);
#10264=VERTEX_POINT('',#18392);
#10265=VERTEX_POINT('',#18395);
#10266=VERTEX_POINT('',#18396);
#10267=VERTEX_POINT('',#18398);
#10268=VERTEX_POINT('',#18400);
#10269=VERTEX_POINT('',#18403);
#10270=VERTEX_POINT('',#18404);
#10271=VERTEX_POINT('',#18406);
#10272=VERTEX_POINT('',#18408);
#10273=VERTEX_POINT('',#18411);
#10274=VERTEX_POINT('',#18412);
#10275=VERTEX_POINT('',#18414);
#10276=VERTEX_POINT('',#18416);
#10277=VERTEX_POINT('',#18419);
#10278=VERTEX_POINT('',#18420);
#10279=VERTEX_POINT('',#18422);
#10280=VERTEX_POINT('',#18424);
#10281=VERTEX_POINT('',#18427);
#10282=VERTEX_POINT('',#18428);
#10283=VERTEX_POINT('',#18430);
#10284=VERTEX_POINT('',#18432);
#10285=VERTEX_POINT('',#18435);
#10286=VERTEX_POINT('',#18436);
#10287=VERTEX_POINT('',#18438);
#10288=VERTEX_POINT('',#18440);
#10289=VERTEX_POINT('',#18443);
#10290=VERTEX_POINT('',#18444);
#10291=VERTEX_POINT('',#18446);
#10292=VERTEX_POINT('',#18448);
#10293=VERTEX_POINT('',#18451);
#10294=VERTEX_POINT('',#18452);
#10295=VERTEX_POINT('',#18454);
#10296=VERTEX_POINT('',#18456);
#10297=VERTEX_POINT('',#18459);
#10298=VERTEX_POINT('',#18460);
#10299=VERTEX_POINT('',#18462);
#10300=VERTEX_POINT('',#18464);
#10301=VERTEX_POINT('',#18467);
#10302=VERTEX_POINT('',#18468);
#10303=VERTEX_POINT('',#18470);
#10304=VERTEX_POINT('',#18472);
#10305=VERTEX_POINT('',#18475);
#10306=VERTEX_POINT('',#18476);
#10307=VERTEX_POINT('',#18478);
#10308=VERTEX_POINT('',#18480);
#10309=VERTEX_POINT('',#18483);
#10310=VERTEX_POINT('',#18484);
#10311=VERTEX_POINT('',#18486);
#10312=VERTEX_POINT('',#18488);
#10313=VERTEX_POINT('',#18491);
#10314=VERTEX_POINT('',#18492);
#10315=VERTEX_POINT('',#18494);
#10316=VERTEX_POINT('',#18496);
#10317=VERTEX_POINT('',#18499);
#10318=VERTEX_POINT('',#18500);
#10319=VERTEX_POINT('',#18502);
#10320=VERTEX_POINT('',#18504);
#10321=VERTEX_POINT('',#18507);
#10322=VERTEX_POINT('',#18508);
#10323=VERTEX_POINT('',#18510);
#10324=VERTEX_POINT('',#18512);
#10325=VERTEX_POINT('',#18515);
#10326=VERTEX_POINT('',#18516);
#10327=VERTEX_POINT('',#18518);
#10328=VERTEX_POINT('',#18520);
#10329=VERTEX_POINT('',#18523);
#10330=VERTEX_POINT('',#18524);
#10331=VERTEX_POINT('',#18526);
#10332=VERTEX_POINT('',#18528);
#10333=VERTEX_POINT('',#18531);
#10334=VERTEX_POINT('',#18532);
#10335=VERTEX_POINT('',#18534);
#10336=VERTEX_POINT('',#18536);
#10337=VERTEX_POINT('',#18539);
#10338=VERTEX_POINT('',#18540);
#10339=VERTEX_POINT('',#18542);
#10340=VERTEX_POINT('',#18544);
#10341=VERTEX_POINT('',#18547);
#10342=VERTEX_POINT('',#18548);
#10343=VERTEX_POINT('',#18550);
#10344=VERTEX_POINT('',#18552);
#10345=VERTEX_POINT('',#18555);
#10346=VERTEX_POINT('',#18556);
#10347=VERTEX_POINT('',#18558);
#10348=VERTEX_POINT('',#18560);
#10349=VERTEX_POINT('',#18563);
#10350=VERTEX_POINT('',#18564);
#10351=VERTEX_POINT('',#18566);
#10352=VERTEX_POINT('',#18568);
#10353=VERTEX_POINT('',#18571);
#10354=VERTEX_POINT('',#18572);
#10355=VERTEX_POINT('',#18574);
#10356=VERTEX_POINT('',#18576);
#10357=VERTEX_POINT('',#18579);
#10358=VERTEX_POINT('',#18580);
#10359=VERTEX_POINT('',#18582);
#10360=VERTEX_POINT('',#18584);
#10361=VERTEX_POINT('',#18587);
#10362=VERTEX_POINT('',#18588);
#10363=VERTEX_POINT('',#18590);
#10364=VERTEX_POINT('',#18592);
#10365=VERTEX_POINT('',#18595);
#10366=VERTEX_POINT('',#18596);
#10367=VERTEX_POINT('',#18598);
#10368=VERTEX_POINT('',#18600);
#10369=VERTEX_POINT('',#18603);
#10370=VERTEX_POINT('',#18604);
#10371=VERTEX_POINT('',#18606);
#10372=VERTEX_POINT('',#18608);
#10373=VERTEX_POINT('',#18611);
#10374=VERTEX_POINT('',#18612);
#10375=VERTEX_POINT('',#18614);
#10376=VERTEX_POINT('',#18616);
#10377=VERTEX_POINT('',#18619);
#10378=VERTEX_POINT('',#18620);
#10379=VERTEX_POINT('',#18622);
#10380=VERTEX_POINT('',#18624);
#10381=VERTEX_POINT('',#18627);
#10382=VERTEX_POINT('',#18628);
#10383=VERTEX_POINT('',#18630);
#10384=VERTEX_POINT('',#18632);
#10385=VERTEX_POINT('',#18635);
#10386=VERTEX_POINT('',#18636);
#10387=VERTEX_POINT('',#18638);
#10388=VERTEX_POINT('',#18640);
#10389=VERTEX_POINT('',#18643);
#10390=VERTEX_POINT('',#18644);
#10391=VERTEX_POINT('',#18646);
#10392=VERTEX_POINT('',#18648);
#10393=VERTEX_POINT('',#18651);
#10394=VERTEX_POINT('',#18652);
#10395=VERTEX_POINT('',#18654);
#10396=VERTEX_POINT('',#18656);
#10397=VERTEX_POINT('',#18659);
#10398=VERTEX_POINT('',#18660);
#10399=VERTEX_POINT('',#18662);
#10400=VERTEX_POINT('',#18664);
#10401=VERTEX_POINT('',#18667);
#10402=VERTEX_POINT('',#18668);
#10403=VERTEX_POINT('',#18670);
#10404=VERTEX_POINT('',#18672);
#10405=VERTEX_POINT('',#18675);
#10406=VERTEX_POINT('',#18676);
#10407=VERTEX_POINT('',#18678);
#10408=VERTEX_POINT('',#18680);
#10409=VERTEX_POINT('',#18683);
#10410=VERTEX_POINT('',#18684);
#10411=VERTEX_POINT('',#18686);
#10412=VERTEX_POINT('',#18688);
#10413=VERTEX_POINT('',#18691);
#10414=VERTEX_POINT('',#18692);
#10415=VERTEX_POINT('',#18694);
#10416=VERTEX_POINT('',#18696);
#10417=VERTEX_POINT('',#18699);
#10418=VERTEX_POINT('',#18700);
#10419=VERTEX_POINT('',#18702);
#10420=VERTEX_POINT('',#18704);
#10421=VERTEX_POINT('',#18707);
#10422=VERTEX_POINT('',#18708);
#10423=VERTEX_POINT('',#18710);
#10424=VERTEX_POINT('',#18712);
#10425=VERTEX_POINT('',#18715);
#10426=VERTEX_POINT('',#18716);
#10427=VERTEX_POINT('',#18718);
#10428=VERTEX_POINT('',#18720);
#10429=VERTEX_POINT('',#18723);
#10430=VERTEX_POINT('',#18724);
#10431=VERTEX_POINT('',#18726);
#10432=VERTEX_POINT('',#18728);
#10433=VERTEX_POINT('',#18731);
#10434=VERTEX_POINT('',#18732);
#10435=VERTEX_POINT('',#18734);
#10436=VERTEX_POINT('',#18736);
#10437=VERTEX_POINT('',#18739);
#10438=VERTEX_POINT('',#18740);
#10439=VERTEX_POINT('',#18742);
#10440=VERTEX_POINT('',#18744);
#10441=VERTEX_POINT('',#18747);
#10442=VERTEX_POINT('',#18748);
#10443=VERTEX_POINT('',#18750);
#10444=VERTEX_POINT('',#18752);
#10445=VERTEX_POINT('',#18755);
#10446=VERTEX_POINT('',#18756);
#10447=VERTEX_POINT('',#18758);
#10448=VERTEX_POINT('',#18760);
#10449=VERTEX_POINT('',#18763);
#10450=VERTEX_POINT('',#18764);
#10451=VERTEX_POINT('',#18766);
#10452=VERTEX_POINT('',#18768);
#10453=VERTEX_POINT('',#18771);
#10454=VERTEX_POINT('',#18772);
#10455=VERTEX_POINT('',#18774);
#10456=VERTEX_POINT('',#18776);
#10457=VERTEX_POINT('',#18779);
#10458=VERTEX_POINT('',#18780);
#10459=VERTEX_POINT('',#18782);
#10460=VERTEX_POINT('',#18784);
#10461=VERTEX_POINT('',#18787);
#10462=VERTEX_POINT('',#18788);
#10463=VERTEX_POINT('',#18790);
#10464=VERTEX_POINT('',#18792);
#10465=VERTEX_POINT('',#18795);
#10466=VERTEX_POINT('',#18796);
#10467=VERTEX_POINT('',#18798);
#10468=VERTEX_POINT('',#18800);
#10469=VERTEX_POINT('',#18803);
#10470=VERTEX_POINT('',#18804);
#10471=VERTEX_POINT('',#18806);
#10472=VERTEX_POINT('',#18808);
#10473=VERTEX_POINT('',#18811);
#10474=VERTEX_POINT('',#18812);
#10475=VERTEX_POINT('',#18814);
#10476=VERTEX_POINT('',#18816);
#10477=VERTEX_POINT('',#18819);
#10478=VERTEX_POINT('',#18820);
#10479=VERTEX_POINT('',#18822);
#10480=VERTEX_POINT('',#18824);
#10481=VERTEX_POINT('',#18827);
#10482=VERTEX_POINT('',#18828);
#10483=VERTEX_POINT('',#18830);
#10484=VERTEX_POINT('',#18832);
#10485=VERTEX_POINT('',#18835);
#10486=VERTEX_POINT('',#18836);
#10487=VERTEX_POINT('',#18838);
#10488=VERTEX_POINT('',#18840);
#10489=VERTEX_POINT('',#18843);
#10490=VERTEX_POINT('',#18844);
#10491=VERTEX_POINT('',#18846);
#10492=VERTEX_POINT('',#18848);
#10493=VERTEX_POINT('',#18851);
#10494=VERTEX_POINT('',#18852);
#10495=VERTEX_POINT('',#18854);
#10496=VERTEX_POINT('',#18856);
#10497=VERTEX_POINT('',#18859);
#10498=VERTEX_POINT('',#18860);
#10499=VERTEX_POINT('',#18862);
#10500=VERTEX_POINT('',#18864);
#10501=VERTEX_POINT('',#18867);
#10502=VERTEX_POINT('',#18868);
#10503=VERTEX_POINT('',#18870);
#10504=VERTEX_POINT('',#18872);
#10505=VERTEX_POINT('',#18875);
#10506=VERTEX_POINT('',#18876);
#10507=VERTEX_POINT('',#18878);
#10508=VERTEX_POINT('',#18880);
#10509=VERTEX_POINT('',#18883);
#10510=VERTEX_POINT('',#18884);
#10511=VERTEX_POINT('',#18886);
#10512=VERTEX_POINT('',#18888);
#10513=VERTEX_POINT('',#18891);
#10514=VERTEX_POINT('',#18892);
#10515=VERTEX_POINT('',#18894);
#10516=VERTEX_POINT('',#18896);
#10517=VERTEX_POINT('',#18899);
#10518=VERTEX_POINT('',#18900);
#10519=VERTEX_POINT('',#18902);
#10520=VERTEX_POINT('',#18904);
#10521=VERTEX_POINT('',#18907);
#10522=VERTEX_POINT('',#18908);
#10523=VERTEX_POINT('',#18910);
#10524=VERTEX_POINT('',#18912);
#10525=VERTEX_POINT('',#18915);
#10526=VERTEX_POINT('',#18916);
#10527=VERTEX_POINT('',#18918);
#10528=VERTEX_POINT('',#18920);
#10529=VERTEX_POINT('',#18923);
#10530=VERTEX_POINT('',#18924);
#10531=VERTEX_POINT('',#18926);
#10532=VERTEX_POINT('',#18928);
#10533=VERTEX_POINT('',#18931);
#10534=VERTEX_POINT('',#18932);
#10535=VERTEX_POINT('',#18934);
#10536=VERTEX_POINT('',#18936);
#10537=VERTEX_POINT('',#18939);
#10538=VERTEX_POINT('',#18940);
#10539=VERTEX_POINT('',#18942);
#10540=VERTEX_POINT('',#18944);
#10541=VERTEX_POINT('',#18947);
#10542=VERTEX_POINT('',#18948);
#10543=VERTEX_POINT('',#18950);
#10544=VERTEX_POINT('',#18952);
#10545=VERTEX_POINT('',#18955);
#10546=VERTEX_POINT('',#18956);
#10547=VERTEX_POINT('',#18958);
#10548=VERTEX_POINT('',#18960);
#10549=VERTEX_POINT('',#18963);
#10550=VERTEX_POINT('',#18964);
#10551=VERTEX_POINT('',#18966);
#10552=VERTEX_POINT('',#18968);
#10553=VERTEX_POINT('',#18971);
#10554=VERTEX_POINT('',#18972);
#10555=VERTEX_POINT('',#18974);
#10556=VERTEX_POINT('',#18976);
#10557=VERTEX_POINT('',#18979);
#10558=VERTEX_POINT('',#18980);
#10559=VERTEX_POINT('',#18982);
#10560=VERTEX_POINT('',#18984);
#10561=VERTEX_POINT('',#18987);
#10562=VERTEX_POINT('',#18988);
#10563=VERTEX_POINT('',#18990);
#10564=VERTEX_POINT('',#18992);
#10565=VERTEX_POINT('',#18995);
#10566=VERTEX_POINT('',#18996);
#10567=VERTEX_POINT('',#18998);
#10568=VERTEX_POINT('',#19000);
#10569=VERTEX_POINT('',#19003);
#10570=VERTEX_POINT('',#19004);
#10571=VERTEX_POINT('',#19006);
#10572=VERTEX_POINT('',#19008);
#10573=VERTEX_POINT('',#19011);
#10574=VERTEX_POINT('',#19012);
#10575=VERTEX_POINT('',#19014);
#10576=VERTEX_POINT('',#19016);
#10577=VERTEX_POINT('',#19019);
#10578=VERTEX_POINT('',#19020);
#10579=VERTEX_POINT('',#19022);
#10580=VERTEX_POINT('',#19024);
#10581=VERTEX_POINT('',#19027);
#10582=VERTEX_POINT('',#19028);
#10583=VERTEX_POINT('',#19030);
#10584=VERTEX_POINT('',#19032);
#10585=VERTEX_POINT('',#19035);
#10586=VERTEX_POINT('',#19036);
#10587=VERTEX_POINT('',#19038);
#10588=VERTEX_POINT('',#19040);
#10589=VERTEX_POINT('',#19043);
#10590=VERTEX_POINT('',#19044);
#10591=VERTEX_POINT('',#19046);
#10592=VERTEX_POINT('',#19048);
#10593=VERTEX_POINT('',#19051);
#10594=VERTEX_POINT('',#19052);
#10595=VERTEX_POINT('',#19054);
#10596=VERTEX_POINT('',#19056);
#10597=VERTEX_POINT('',#19059);
#10598=VERTEX_POINT('',#19060);
#10599=VERTEX_POINT('',#19062);
#10600=VERTEX_POINT('',#19064);
#10601=VERTEX_POINT('',#19067);
#10602=VERTEX_POINT('',#19068);
#10603=VERTEX_POINT('',#19070);
#10604=VERTEX_POINT('',#19072);
#10605=VERTEX_POINT('',#19075);
#10606=VERTEX_POINT('',#19076);
#10607=VERTEX_POINT('',#19078);
#10608=VERTEX_POINT('',#19080);
#10609=VERTEX_POINT('',#19083);
#10610=VERTEX_POINT('',#19084);
#10611=VERTEX_POINT('',#19086);
#10612=VERTEX_POINT('',#19088);
#10613=VERTEX_POINT('',#19091);
#10614=VERTEX_POINT('',#19092);
#10615=VERTEX_POINT('',#19094);
#10616=VERTEX_POINT('',#19096);
#10617=VERTEX_POINT('',#19099);
#10618=VERTEX_POINT('',#19100);
#10619=VERTEX_POINT('',#19102);
#10620=VERTEX_POINT('',#19104);
#10621=VERTEX_POINT('',#19107);
#10622=VERTEX_POINT('',#19108);
#10623=VERTEX_POINT('',#19110);
#10624=VERTEX_POINT('',#19112);
#10625=VERTEX_POINT('',#19115);
#10626=VERTEX_POINT('',#19116);
#10627=VERTEX_POINT('',#19118);
#10628=VERTEX_POINT('',#19120);
#10629=VERTEX_POINT('',#19123);
#10630=VERTEX_POINT('',#19124);
#10631=VERTEX_POINT('',#19126);
#10632=VERTEX_POINT('',#19128);
#10633=VERTEX_POINT('',#19131);
#10634=VERTEX_POINT('',#19132);
#10635=VERTEX_POINT('',#19134);
#10636=VERTEX_POINT('',#19136);
#10637=VERTEX_POINT('',#19138);
#10638=VERTEX_POINT('',#19141);
#10639=VERTEX_POINT('',#19142);
#10640=VERTEX_POINT('',#19144);
#10641=VERTEX_POINT('',#19146);
#10642=VERTEX_POINT('',#19148);
#10643=VERTEX_POINT('',#19151);
#10644=VERTEX_POINT('',#19152);
#10645=VERTEX_POINT('',#19154);
#10646=VERTEX_POINT('',#19156);
#10647=VERTEX_POINT('',#19159);
#10648=VERTEX_POINT('',#19160);
#10649=VERTEX_POINT('',#19162);
#10650=VERTEX_POINT('',#19164);
#10651=VERTEX_POINT('',#19167);
#10652=VERTEX_POINT('',#19168);
#10653=VERTEX_POINT('',#19170);
#10654=VERTEX_POINT('',#19172);
#10655=VERTEX_POINT('',#19175);
#10656=VERTEX_POINT('',#19176);
#10657=VERTEX_POINT('',#19178);
#10658=VERTEX_POINT('',#19180);
#10659=VERTEX_POINT('',#19183);
#10660=VERTEX_POINT('',#19184);
#10661=VERTEX_POINT('',#19186);
#10662=VERTEX_POINT('',#19188);
#10663=VERTEX_POINT('',#19190);
#10664=VERTEX_POINT('',#19193);
#10665=VERTEX_POINT('',#19194);
#10666=VERTEX_POINT('',#19196);
#10667=VERTEX_POINT('',#19198);
#10668=VERTEX_POINT('',#19200);
#10669=VERTEX_POINT('',#19203);
#10670=VERTEX_POINT('',#19204);
#10671=VERTEX_POINT('',#19206);
#10672=VERTEX_POINT('',#19208);
#10673=VERTEX_POINT('',#19211);
#10674=VERTEX_POINT('',#19212);
#10675=VERTEX_POINT('',#19214);
#10676=VERTEX_POINT('',#19216);
#10677=VERTEX_POINT('',#19219);
#10678=VERTEX_POINT('',#19220);
#10679=VERTEX_POINT('',#19222);
#10680=VERTEX_POINT('',#19224);
#10681=VERTEX_POINT('',#19227);
#10682=VERTEX_POINT('',#19228);
#10683=VERTEX_POINT('',#19230);
#10684=VERTEX_POINT('',#19232);
#10685=VERTEX_POINT('',#19235);
#10686=VERTEX_POINT('',#19236);
#10687=VERTEX_POINT('',#19238);
#10688=VERTEX_POINT('',#19240);
#10689=VERTEX_POINT('',#19242);
#10690=VERTEX_POINT('',#19245);
#10691=VERTEX_POINT('',#19246);
#10692=VERTEX_POINT('',#19248);
#10693=VERTEX_POINT('',#19250);
#10694=VERTEX_POINT('',#19252);
#10695=VERTEX_POINT('',#19255);
#10696=VERTEX_POINT('',#19256);
#10697=VERTEX_POINT('',#19258);
#10698=VERTEX_POINT('',#19260);
#10699=VERTEX_POINT('',#19263);
#10700=VERTEX_POINT('',#19264);
#10701=VERTEX_POINT('',#19266);
#10702=VERTEX_POINT('',#19268);
#10703=VERTEX_POINT('',#19271);
#10704=VERTEX_POINT('',#19272);
#10705=VERTEX_POINT('',#19274);
#10706=VERTEX_POINT('',#19276);
#10707=VERTEX_POINT('',#19279);
#10708=VERTEX_POINT('',#19280);
#10709=VERTEX_POINT('',#19282);
#10710=VERTEX_POINT('',#19284);
#10711=VERTEX_POINT('',#19287);
#10712=VERTEX_POINT('',#19288);
#10713=VERTEX_POINT('',#19290);
#10714=VERTEX_POINT('',#19292);
#10715=VERTEX_POINT('',#19294);
#10716=VERTEX_POINT('',#19297);
#10717=VERTEX_POINT('',#19298);
#10718=VERTEX_POINT('',#19300);
#10719=VERTEX_POINT('',#19302);
#10720=VERTEX_POINT('',#19304);
#10721=VERTEX_POINT('',#19307);
#10722=VERTEX_POINT('',#19308);
#10723=VERTEX_POINT('',#19310);
#10724=VERTEX_POINT('',#19312);
#10725=VERTEX_POINT('',#19315);
#10726=VERTEX_POINT('',#19316);
#10727=VERTEX_POINT('',#19318);
#10728=VERTEX_POINT('',#19320);
#10729=VERTEX_POINT('',#19322);
#10730=VERTEX_POINT('',#19325);
#10731=VERTEX_POINT('',#19326);
#10732=VERTEX_POINT('',#19328);
#10733=VERTEX_POINT('',#19330);
#10734=VERTEX_POINT('',#19332);
#10735=VERTEX_POINT('',#19335);
#10736=VERTEX_POINT('',#19336);
#10737=VERTEX_POINT('',#19338);
#10738=VERTEX_POINT('',#19340);
#10739=VERTEX_POINT('',#19342);
#10740=VERTEX_POINT('',#19345);
#10741=VERTEX_POINT('',#19346);
#10742=VERTEX_POINT('',#19348);
#10743=VERTEX_POINT('',#19350);
#10744=VERTEX_POINT('',#19352);
#10745=VERTEX_POINT('',#19355);
#10746=VERTEX_POINT('',#19356);
#10747=VERTEX_POINT('',#19358);
#10748=VERTEX_POINT('',#19360);
#10749=VERTEX_POINT('',#19362);
#10750=VERTEX_POINT('',#19365);
#10751=VERTEX_POINT('',#19366);
#10752=VERTEX_POINT('',#19368);
#10753=VERTEX_POINT('',#19370);
#10754=VERTEX_POINT('',#19372);
#10755=VERTEX_POINT('',#19375);
#10756=VERTEX_POINT('',#19376);
#10757=VERTEX_POINT('',#19378);
#10758=VERTEX_POINT('',#19380);
#10759=VERTEX_POINT('',#19382);
#10760=VERTEX_POINT('',#19385);
#10761=VERTEX_POINT('',#19386);
#10762=VERTEX_POINT('',#19388);
#10763=VERTEX_POINT('',#19390);
#10764=VERTEX_POINT('',#19392);
#10765=VERTEX_POINT('',#19395);
#10766=VERTEX_POINT('',#19398);
#10767=VERTEX_POINT('',#19400);
#10768=VERTEX_POINT('',#19404);
#10769=VERTEX_POINT('',#19406);
#10770=VERTEX_POINT('',#19410);
#10771=VERTEX_POINT('',#19412);
#10772=VERTEX_POINT('',#19416);
#10773=VERTEX_POINT('',#19418);
#10774=VERTEX_POINT('',#19422);
#10775=VERTEX_POINT('',#19424);
#10776=VERTEX_POINT('',#19428);
#10777=VERTEX_POINT('',#19430);
#10778=VERTEX_POINT('',#19434);
#10779=VERTEX_POINT('',#19436);
#10780=VERTEX_POINT('',#19440);
#10781=VERTEX_POINT('',#19442);
#10782=VERTEX_POINT('',#19446);
#10783=VERTEX_POINT('',#19448);
#10784=VERTEX_POINT('',#19452);
#10785=VERTEX_POINT('',#19454);
#10786=VERTEX_POINT('',#19458);
#10787=VERTEX_POINT('',#19460);
#10788=VERTEX_POINT('',#19464);
#10789=VERTEX_POINT('',#19466);
#10790=VERTEX_POINT('',#19470);
#10791=VERTEX_POINT('',#19472);
#10792=VERTEX_POINT('',#19476);
#10793=VERTEX_POINT('',#19478);
#10794=VERTEX_POINT('',#19482);
#10795=VERTEX_POINT('',#19484);
#10796=VERTEX_POINT('',#19488);
#10797=VERTEX_POINT('',#19490);
#10798=VERTEX_POINT('',#19494);
#10799=VERTEX_POINT('',#19496);
#10800=VERTEX_POINT('',#19500);
#10801=VERTEX_POINT('',#19504);
#10802=VERTEX_POINT('',#19508);
#10803=VERTEX_POINT('',#19512);
#10804=VERTEX_POINT('',#19516);
#10805=VERTEX_POINT('',#19520);
#10806=VERTEX_POINT('',#19524);
#10807=VERTEX_POINT('',#19527);
#10808=VERTEX_POINT('',#19528);
#10809=VERTEX_POINT('',#19530);
#10810=VERTEX_POINT('',#19532);
#10811=VERTEX_POINT('',#19535);
#10812=VERTEX_POINT('',#19536);
#10813=VERTEX_POINT('',#19538);
#10814=VERTEX_POINT('',#19540);
#10815=VERTEX_POINT('',#19542);
#10816=VERTEX_POINT('',#19545);
#10817=VERTEX_POINT('',#19546);
#10818=VERTEX_POINT('',#19548);
#10819=VERTEX_POINT('',#19550);
#10820=VERTEX_POINT('',#19552);
#10821=VERTEX_POINT('',#19555);
#10822=VERTEX_POINT('',#19556);
#10823=VERTEX_POINT('',#19558);
#10824=VERTEX_POINT('',#19560);
#10825=VERTEX_POINT('',#19563);
#10826=VERTEX_POINT('',#19564);
#10827=VERTEX_POINT('',#19566);
#10828=VERTEX_POINT('',#19568);
#10829=VERTEX_POINT('',#19571);
#10830=VERTEX_POINT('',#19572);
#10831=VERTEX_POINT('',#19574);
#10832=VERTEX_POINT('',#19576);
#10833=VERTEX_POINT('',#19579);
#10834=VERTEX_POINT('',#19580);
#10835=VERTEX_POINT('',#19582);
#10836=VERTEX_POINT('',#19584);
#10837=VERTEX_POINT('',#19587);
#10838=VERTEX_POINT('',#19588);
#10839=VERTEX_POINT('',#19590);
#10840=VERTEX_POINT('',#19592);
#10841=VERTEX_POINT('',#19594);
#10842=VERTEX_POINT('',#19597);
#10843=VERTEX_POINT('',#19598);
#10844=VERTEX_POINT('',#19600);
#10845=VERTEX_POINT('',#19602);
#10846=VERTEX_POINT('',#19604);
#10847=VERTEX_POINT('',#19607);
#10848=VERTEX_POINT('',#19608);
#10849=VERTEX_POINT('',#19610);
#10850=VERTEX_POINT('',#19612);
#10851=VERTEX_POINT('',#19615);
#10852=VERTEX_POINT('',#19616);
#10853=VERTEX_POINT('',#19618);
#10854=VERTEX_POINT('',#19620);
#10855=VERTEX_POINT('',#19623);
#10856=VERTEX_POINT('',#19624);
#10857=VERTEX_POINT('',#19626);
#10858=VERTEX_POINT('',#19628);
#10859=VERTEX_POINT('',#19631);
#10860=VERTEX_POINT('',#19632);
#10861=VERTEX_POINT('',#19634);
#10862=VERTEX_POINT('',#19636);
#10863=VERTEX_POINT('',#19639);
#10864=VERTEX_POINT('',#19640);
#10865=VERTEX_POINT('',#19642);
#10866=VERTEX_POINT('',#19644);
#10867=VERTEX_POINT('',#19646);
#10868=VERTEX_POINT('',#19649);
#10869=VERTEX_POINT('',#19650);
#10870=VERTEX_POINT('',#19652);
#10871=VERTEX_POINT('',#19654);
#10872=VERTEX_POINT('',#19656);
#10873=VERTEX_POINT('',#19659);
#10874=VERTEX_POINT('',#19660);
#10875=VERTEX_POINT('',#19662);
#10876=VERTEX_POINT('',#19664);
#10877=VERTEX_POINT('',#19667);
#10878=VERTEX_POINT('',#19668);
#10879=VERTEX_POINT('',#19670);
#10880=VERTEX_POINT('',#19672);
#10881=VERTEX_POINT('',#19675);
#10882=VERTEX_POINT('',#19676);
#10883=VERTEX_POINT('',#19678);
#10884=VERTEX_POINT('',#19680);
#10885=VERTEX_POINT('',#19683);
#10886=VERTEX_POINT('',#19684);
#10887=VERTEX_POINT('',#19686);
#10888=VERTEX_POINT('',#19688);
#10889=VERTEX_POINT('',#19691);
#10890=VERTEX_POINT('',#19692);
#10891=VERTEX_POINT('',#19694);
#10892=VERTEX_POINT('',#19696);
#10893=VERTEX_POINT('',#19698);
#10894=VERTEX_POINT('',#19701);
#10895=VERTEX_POINT('',#19702);
#10896=VERTEX_POINT('',#19704);
#10897=VERTEX_POINT('',#19706);
#10898=VERTEX_POINT('',#19708);
#10899=VERTEX_POINT('',#19711);
#10900=VERTEX_POINT('',#19712);
#10901=VERTEX_POINT('',#19714);
#10902=VERTEX_POINT('',#19716);
#10903=VERTEX_POINT('',#19719);
#10904=VERTEX_POINT('',#19720);
#10905=VERTEX_POINT('',#19722);
#10906=VERTEX_POINT('',#19724);
#10907=VERTEX_POINT('',#19727);
#10908=VERTEX_POINT('',#19728);
#10909=VERTEX_POINT('',#19730);
#10910=VERTEX_POINT('',#19732);
#10911=VERTEX_POINT('',#19735);
#10912=VERTEX_POINT('',#19736);
#10913=VERTEX_POINT('',#19738);
#10914=VERTEX_POINT('',#19740);
#10915=VERTEX_POINT('',#19743);
#10916=VERTEX_POINT('',#19744);
#10917=VERTEX_POINT('',#19746);
#10918=VERTEX_POINT('',#19748);
#10919=VERTEX_POINT('',#19751);
#10920=VERTEX_POINT('',#19752);
#10921=VERTEX_POINT('',#19754);
#10922=VERTEX_POINT('',#19756);
#10923=VERTEX_POINT('',#19759);
#10924=VERTEX_POINT('',#19760);
#10925=VERTEX_POINT('',#19762);
#10926=VERTEX_POINT('',#19764);
#10927=VERTEX_POINT('',#19767);
#10928=VERTEX_POINT('',#19768);
#10929=VERTEX_POINT('',#19770);
#10930=VERTEX_POINT('',#19772);
#10931=VERTEX_POINT('',#19775);
#10932=VERTEX_POINT('',#19776);
#10933=VERTEX_POINT('',#19778);
#10934=VERTEX_POINT('',#19780);
#10935=VERTEX_POINT('',#19783);
#10936=VERTEX_POINT('',#19784);
#10937=VERTEX_POINT('',#19786);
#10938=VERTEX_POINT('',#19788);
#10939=VERTEX_POINT('',#19791);
#10940=VERTEX_POINT('',#19792);
#10941=VERTEX_POINT('',#19794);
#10942=VERTEX_POINT('',#19796);
#10943=VERTEX_POINT('',#19799);
#10944=VERTEX_POINT('',#19800);
#10945=VERTEX_POINT('',#19802);
#10946=VERTEX_POINT('',#19804);
#10947=VERTEX_POINT('',#19807);
#10948=VERTEX_POINT('',#19808);
#10949=VERTEX_POINT('',#19810);
#10950=VERTEX_POINT('',#19812);
#10951=VERTEX_POINT('',#19815);
#10952=VERTEX_POINT('',#19816);
#10953=VERTEX_POINT('',#19818);
#10954=VERTEX_POINT('',#19820);
#10955=VERTEX_POINT('',#19823);
#10956=VERTEX_POINT('',#19824);
#10957=VERTEX_POINT('',#19826);
#10958=VERTEX_POINT('',#19828);
#10959=VERTEX_POINT('',#19831);
#10960=VERTEX_POINT('',#19832);
#10961=VERTEX_POINT('',#19834);
#10962=VERTEX_POINT('',#19836);
#10963=VERTEX_POINT('',#19839);
#10964=VERTEX_POINT('',#19840);
#10965=VERTEX_POINT('',#19842);
#10966=VERTEX_POINT('',#19844);
#10967=VERTEX_POINT('',#19847);
#10968=VERTEX_POINT('',#19848);
#10969=VERTEX_POINT('',#19850);
#10970=VERTEX_POINT('',#19852);
#10971=VERTEX_POINT('',#19855);
#10972=VERTEX_POINT('',#19856);
#10973=VERTEX_POINT('',#19858);
#10974=VERTEX_POINT('',#19860);
#10975=VERTEX_POINT('',#19863);
#10976=VERTEX_POINT('',#19864);
#10977=VERTEX_POINT('',#19866);
#10978=VERTEX_POINT('',#19868);
#10979=VERTEX_POINT('',#19871);
#10980=VERTEX_POINT('',#19872);
#10981=VERTEX_POINT('',#19874);
#10982=VERTEX_POINT('',#19876);
#10983=VERTEX_POINT('',#19879);
#10984=VERTEX_POINT('',#19880);
#10985=VERTEX_POINT('',#19882);
#10986=VERTEX_POINT('',#19884);
#10987=VERTEX_POINT('',#19887);
#10988=VERTEX_POINT('',#19888);
#10989=VERTEX_POINT('',#19890);
#10990=VERTEX_POINT('',#19892);
#10991=VERTEX_POINT('',#19895);
#10992=VERTEX_POINT('',#19896);
#10993=VERTEX_POINT('',#19898);
#10994=VERTEX_POINT('',#19900);
#10995=VERTEX_POINT('',#19903);
#10996=VERTEX_POINT('',#19904);
#10997=VERTEX_POINT('',#19906);
#10998=VERTEX_POINT('',#19908);
#10999=VERTEX_POINT('',#19911);
#11000=VERTEX_POINT('',#19912);
#11001=VERTEX_POINT('',#19914);
#11002=VERTEX_POINT('',#19916);
#11003=VERTEX_POINT('',#19919);
#11004=VERTEX_POINT('',#19920);
#11005=VERTEX_POINT('',#19922);
#11006=VERTEX_POINT('',#19924);
#11007=VERTEX_POINT('',#19927);
#11008=VERTEX_POINT('',#19928);
#11009=VERTEX_POINT('',#19930);
#11010=VERTEX_POINT('',#19932);
#11011=VERTEX_POINT('',#19935);
#11012=VERTEX_POINT('',#19936);
#11013=VERTEX_POINT('',#19938);
#11014=VERTEX_POINT('',#19940);
#11015=VERTEX_POINT('',#19943);
#11016=VERTEX_POINT('',#19944);
#11017=VERTEX_POINT('',#19946);
#11018=VERTEX_POINT('',#19948);
#11019=VERTEX_POINT('',#19951);
#11020=VERTEX_POINT('',#19952);
#11021=VERTEX_POINT('',#19954);
#11022=VERTEX_POINT('',#19956);
#11023=VERTEX_POINT('',#19959);
#11024=VERTEX_POINT('',#19960);
#11025=VERTEX_POINT('',#19962);
#11026=VERTEX_POINT('',#19964);
#11027=VERTEX_POINT('',#19967);
#11028=VERTEX_POINT('',#19968);
#11029=VERTEX_POINT('',#19970);
#11030=VERTEX_POINT('',#19972);
#11031=VERTEX_POINT('',#19975);
#11032=VERTEX_POINT('',#19976);
#11033=VERTEX_POINT('',#19978);
#11034=VERTEX_POINT('',#19980);
#11035=VERTEX_POINT('',#19983);
#11036=VERTEX_POINT('',#19984);
#11037=VERTEX_POINT('',#19986);
#11038=VERTEX_POINT('',#19988);
#11039=VERTEX_POINT('',#19991);
#11040=VERTEX_POINT('',#19992);
#11041=VERTEX_POINT('',#19994);
#11042=VERTEX_POINT('',#19996);
#11043=VERTEX_POINT('',#19999);
#11044=VERTEX_POINT('',#20000);
#11045=VERTEX_POINT('',#20002);
#11046=VERTEX_POINT('',#20004);
#11047=VERTEX_POINT('',#20007);
#11048=VERTEX_POINT('',#20008);
#11049=VERTEX_POINT('',#20010);
#11050=VERTEX_POINT('',#20012);
#11051=VERTEX_POINT('',#20015);
#11052=VERTEX_POINT('',#20016);
#11053=VERTEX_POINT('',#20018);
#11054=VERTEX_POINT('',#20020);
#11055=VERTEX_POINT('',#20023);
#11056=VERTEX_POINT('',#20024);
#11057=VERTEX_POINT('',#20026);
#11058=VERTEX_POINT('',#20028);
#11059=VERTEX_POINT('',#20031);
#11060=VERTEX_POINT('',#20032);
#11061=VERTEX_POINT('',#20034);
#11062=VERTEX_POINT('',#20036);
#11063=VERTEX_POINT('',#20039);
#11064=VERTEX_POINT('',#20040);
#11065=VERTEX_POINT('',#20042);
#11066=VERTEX_POINT('',#20044);
#11067=VERTEX_POINT('',#20047);
#11068=VERTEX_POINT('',#20048);
#11069=VERTEX_POINT('',#20050);
#11070=VERTEX_POINT('',#20052);
#11071=VERTEX_POINT('',#20055);
#11072=VERTEX_POINT('',#20056);
#11073=VERTEX_POINT('',#20058);
#11074=VERTEX_POINT('',#20060);
#11075=VERTEX_POINT('',#20063);
#11076=VERTEX_POINT('',#20064);
#11077=VERTEX_POINT('',#20066);
#11078=VERTEX_POINT('',#20068);
#11079=VERTEX_POINT('',#20071);
#11080=VERTEX_POINT('',#20072);
#11081=VERTEX_POINT('',#20074);
#11082=VERTEX_POINT('',#20076);
#11083=VERTEX_POINT('',#20079);
#11084=VERTEX_POINT('',#20080);
#11085=VERTEX_POINT('',#20082);
#11086=VERTEX_POINT('',#20084);
#11087=VERTEX_POINT('',#20087);
#11088=VERTEX_POINT('',#20088);
#11089=VERTEX_POINT('',#20090);
#11090=VERTEX_POINT('',#20092);
#11091=VERTEX_POINT('',#20095);
#11092=VERTEX_POINT('',#20096);
#11093=VERTEX_POINT('',#20098);
#11094=VERTEX_POINT('',#20100);
#11095=VERTEX_POINT('',#20103);
#11096=VERTEX_POINT('',#20104);
#11097=VERTEX_POINT('',#20106);
#11098=VERTEX_POINT('',#20108);
#11099=VERTEX_POINT('',#20112);
#11100=VERTEX_POINT('',#20115);
#11101=VERTEX_POINT('',#20116);
#11102=VERTEX_POINT('',#20118);
#11103=VERTEX_POINT('',#20120);
#11104=VERTEX_POINT('',#20123);
#11105=VERTEX_POINT('',#20124);
#11106=VERTEX_POINT('',#20126);
#11107=VERTEX_POINT('',#20128);
#11108=VERTEX_POINT('',#20131);
#11109=VERTEX_POINT('',#20132);
#11110=VERTEX_POINT('',#20134);
#11111=VERTEX_POINT('',#20136);
#11112=VERTEX_POINT('',#20139);
#11113=VERTEX_POINT('',#20140);
#11114=VERTEX_POINT('',#20142);
#11115=VERTEX_POINT('',#20144);
#11116=VERTEX_POINT('',#20147);
#11117=VERTEX_POINT('',#20148);
#11118=VERTEX_POINT('',#20150);
#11119=VERTEX_POINT('',#20152);
#11120=VERTEX_POINT('',#20155);
#11121=VERTEX_POINT('',#20156);
#11122=VERTEX_POINT('',#20158);
#11123=VERTEX_POINT('',#20160);
#11124=VERTEX_POINT('',#20163);
#11125=VERTEX_POINT('',#20164);
#11126=VERTEX_POINT('',#20166);
#11127=VERTEX_POINT('',#20168);
#11128=VERTEX_POINT('',#20171);
#11129=VERTEX_POINT('',#20172);
#11130=VERTEX_POINT('',#20174);
#11131=VERTEX_POINT('',#20176);
#11132=VERTEX_POINT('',#20179);
#11133=VERTEX_POINT('',#20180);
#11134=VERTEX_POINT('',#20182);
#11135=VERTEX_POINT('',#20184);
#11136=VERTEX_POINT('',#20187);
#11137=VERTEX_POINT('',#20188);
#11138=VERTEX_POINT('',#20190);
#11139=VERTEX_POINT('',#20192);
#11140=VERTEX_POINT('',#20195);
#11141=VERTEX_POINT('',#20196);
#11142=VERTEX_POINT('',#20198);
#11143=VERTEX_POINT('',#20200);
#11144=VERTEX_POINT('',#20203);
#11145=VERTEX_POINT('',#20204);
#11146=VERTEX_POINT('',#20206);
#11147=VERTEX_POINT('',#20208);
#11148=VERTEX_POINT('',#20211);
#11149=VERTEX_POINT('',#20212);
#11150=VERTEX_POINT('',#20214);
#11151=VERTEX_POINT('',#20216);
#11152=VERTEX_POINT('',#20219);
#11153=VERTEX_POINT('',#20220);
#11154=VERTEX_POINT('',#20222);
#11155=VERTEX_POINT('',#20224);
#11156=VERTEX_POINT('',#20227);
#11157=VERTEX_POINT('',#20228);
#11158=VERTEX_POINT('',#20230);
#11159=VERTEX_POINT('',#20232);
#11160=VERTEX_POINT('',#20235);
#11161=VERTEX_POINT('',#20236);
#11162=VERTEX_POINT('',#20238);
#11163=VERTEX_POINT('',#20240);
#11164=VERTEX_POINT('',#20243);
#11165=VERTEX_POINT('',#20244);
#11166=VERTEX_POINT('',#20246);
#11167=VERTEX_POINT('',#20248);
#11168=VERTEX_POINT('',#20251);
#11169=VERTEX_POINT('',#20252);
#11170=VERTEX_POINT('',#20254);
#11171=VERTEX_POINT('',#20256);
#11172=VERTEX_POINT('',#20259);
#11173=VERTEX_POINT('',#20260);
#11174=VERTEX_POINT('',#20262);
#11175=VERTEX_POINT('',#20264);
#11176=VERTEX_POINT('',#20267);
#11177=VERTEX_POINT('',#20268);
#11178=VERTEX_POINT('',#20270);
#11179=VERTEX_POINT('',#20272);
#11180=VERTEX_POINT('',#20275);
#11181=VERTEX_POINT('',#20276);
#11182=VERTEX_POINT('',#20278);
#11183=VERTEX_POINT('',#20280);
#11184=VERTEX_POINT('',#20283);
#11185=VERTEX_POINT('',#20284);
#11186=VERTEX_POINT('',#20286);
#11187=VERTEX_POINT('',#20288);
#11188=VERTEX_POINT('',#20291);
#11189=VERTEX_POINT('',#20292);
#11190=VERTEX_POINT('',#20294);
#11191=VERTEX_POINT('',#20296);
#11192=VERTEX_POINT('',#20299);
#11193=VERTEX_POINT('',#20300);
#11194=VERTEX_POINT('',#20302);
#11195=VERTEX_POINT('',#20304);
#11196=VERTEX_POINT('',#20307);
#11197=VERTEX_POINT('',#20308);
#11198=VERTEX_POINT('',#20310);
#11199=VERTEX_POINT('',#20312);
#11200=VERTEX_POINT('',#20315);
#11201=VERTEX_POINT('',#20316);
#11202=VERTEX_POINT('',#20318);
#11203=VERTEX_POINT('',#20320);
#11204=VERTEX_POINT('',#20323);
#11205=VERTEX_POINT('',#20324);
#11206=VERTEX_POINT('',#20326);
#11207=VERTEX_POINT('',#20328);
#11208=VERTEX_POINT('',#20331);
#11209=VERTEX_POINT('',#20332);
#11210=VERTEX_POINT('',#20334);
#11211=VERTEX_POINT('',#20336);
#11212=VERTEX_POINT('',#20339);
#11213=VERTEX_POINT('',#20340);
#11214=VERTEX_POINT('',#20342);
#11215=VERTEX_POINT('',#20344);
#11216=VERTEX_POINT('',#20347);
#11217=VERTEX_POINT('',#20348);
#11218=VERTEX_POINT('',#20350);
#11219=VERTEX_POINT('',#20352);
#11220=VERTEX_POINT('',#20355);
#11221=VERTEX_POINT('',#20356);
#11222=VERTEX_POINT('',#20358);
#11223=VERTEX_POINT('',#20360);
#11224=VERTEX_POINT('',#20363);
#11225=VERTEX_POINT('',#20364);
#11226=VERTEX_POINT('',#20366);
#11227=VERTEX_POINT('',#20368);
#11228=VERTEX_POINT('',#20371);
#11229=VERTEX_POINT('',#20372);
#11230=VERTEX_POINT('',#20374);
#11231=VERTEX_POINT('',#20376);
#11232=VERTEX_POINT('',#20379);
#11233=VERTEX_POINT('',#20380);
#11234=VERTEX_POINT('',#20382);
#11235=VERTEX_POINT('',#20384);
#11236=VERTEX_POINT('',#20387);
#11237=VERTEX_POINT('',#20388);
#11238=VERTEX_POINT('',#20390);
#11239=VERTEX_POINT('',#20392);
#11240=VERTEX_POINT('',#20395);
#11241=VERTEX_POINT('',#20396);
#11242=VERTEX_POINT('',#20398);
#11243=VERTEX_POINT('',#20400);
#11244=VERTEX_POINT('',#20403);
#11245=VERTEX_POINT('',#20404);
#11246=VERTEX_POINT('',#20406);
#11247=VERTEX_POINT('',#20408);
#11248=VERTEX_POINT('',#20411);
#11249=VERTEX_POINT('',#20412);
#11250=VERTEX_POINT('',#20414);
#11251=VERTEX_POINT('',#20416);
#11252=VERTEX_POINT('',#20419);
#11253=VERTEX_POINT('',#20420);
#11254=VERTEX_POINT('',#20422);
#11255=VERTEX_POINT('',#20424);
#11256=VERTEX_POINT('',#20427);
#11257=VERTEX_POINT('',#20428);
#11258=VERTEX_POINT('',#20430);
#11259=VERTEX_POINT('',#20432);
#11260=VERTEX_POINT('',#20435);
#11261=VERTEX_POINT('',#20436);
#11262=VERTEX_POINT('',#20438);
#11263=VERTEX_POINT('',#20440);
#11264=VERTEX_POINT('',#20443);
#11265=VERTEX_POINT('',#20444);
#11266=VERTEX_POINT('',#20446);
#11267=VERTEX_POINT('',#20448);
#11268=VERTEX_POINT('',#20451);
#11269=VERTEX_POINT('',#20452);
#11270=VERTEX_POINT('',#20454);
#11271=VERTEX_POINT('',#20456);
#11272=VERTEX_POINT('',#20459);
#11273=VERTEX_POINT('',#20460);
#11274=VERTEX_POINT('',#20462);
#11275=VERTEX_POINT('',#20464);
#11276=VERTEX_POINT('',#20467);
#11277=VERTEX_POINT('',#20468);
#11278=VERTEX_POINT('',#20470);
#11279=VERTEX_POINT('',#20472);
#11280=VERTEX_POINT('',#20475);
#11281=VERTEX_POINT('',#20476);
#11282=VERTEX_POINT('',#20478);
#11283=VERTEX_POINT('',#20480);
#11284=VERTEX_POINT('',#20483);
#11285=VERTEX_POINT('',#20484);
#11286=VERTEX_POINT('',#20486);
#11287=VERTEX_POINT('',#20488);
#11288=VERTEX_POINT('',#20491);
#11289=VERTEX_POINT('',#20492);
#11290=VERTEX_POINT('',#20494);
#11291=VERTEX_POINT('',#20496);
#11292=VERTEX_POINT('',#20499);
#11293=VERTEX_POINT('',#20500);
#11294=VERTEX_POINT('',#20502);
#11295=VERTEX_POINT('',#20504);
#11296=VERTEX_POINT('',#20507);
#11297=VERTEX_POINT('',#20508);
#11298=VERTEX_POINT('',#20510);
#11299=VERTEX_POINT('',#20512);
#11300=VERTEX_POINT('',#20515);
#11301=VERTEX_POINT('',#20516);
#11302=VERTEX_POINT('',#20518);
#11303=VERTEX_POINT('',#20520);
#11304=VERTEX_POINT('',#20523);
#11305=VERTEX_POINT('',#20524);
#11306=VERTEX_POINT('',#20526);
#11307=VERTEX_POINT('',#20528);
#11308=VERTEX_POINT('',#20531);
#11309=VERTEX_POINT('',#20532);
#11310=VERTEX_POINT('',#20534);
#11311=VERTEX_POINT('',#20536);
#11312=VERTEX_POINT('',#20539);
#11313=VERTEX_POINT('',#20540);
#11314=VERTEX_POINT('',#20542);
#11315=VERTEX_POINT('',#20544);
#11316=VERTEX_POINT('',#20547);
#11317=VERTEX_POINT('',#20548);
#11318=VERTEX_POINT('',#20550);
#11319=VERTEX_POINT('',#20552);
#11320=VERTEX_POINT('',#20555);
#11321=VERTEX_POINT('',#20556);
#11322=VERTEX_POINT('',#20558);
#11323=VERTEX_POINT('',#20560);
#11324=VERTEX_POINT('',#20563);
#11325=VERTEX_POINT('',#20564);
#11326=VERTEX_POINT('',#20566);
#11327=VERTEX_POINT('',#20568);
#11328=VERTEX_POINT('',#20571);
#11329=VERTEX_POINT('',#20572);
#11330=VERTEX_POINT('',#20574);
#11331=VERTEX_POINT('',#20576);
#11332=VERTEX_POINT('',#20579);
#11333=VERTEX_POINT('',#20580);
#11334=VERTEX_POINT('',#20582);
#11335=VERTEX_POINT('',#20584);
#11336=VERTEX_POINT('',#20587);
#11337=VERTEX_POINT('',#20588);
#11338=VERTEX_POINT('',#20590);
#11339=VERTEX_POINT('',#20592);
#11340=VERTEX_POINT('',#20595);
#11341=VERTEX_POINT('',#20596);
#11342=VERTEX_POINT('',#20598);
#11343=VERTEX_POINT('',#20600);
#11344=VERTEX_POINT('',#20603);
#11345=VERTEX_POINT('',#20604);
#11346=VERTEX_POINT('',#20606);
#11347=VERTEX_POINT('',#20608);
#11348=VERTEX_POINT('',#20611);
#11349=VERTEX_POINT('',#20612);
#11350=VERTEX_POINT('',#20614);
#11351=VERTEX_POINT('',#20616);
#11352=VERTEX_POINT('',#20619);
#11353=VERTEX_POINT('',#20620);
#11354=VERTEX_POINT('',#20622);
#11355=VERTEX_POINT('',#20624);
#11356=VERTEX_POINT('',#20627);
#11357=VERTEX_POINT('',#20628);
#11358=VERTEX_POINT('',#20630);
#11359=VERTEX_POINT('',#20632);
#11360=VERTEX_POINT('',#20635);
#11361=VERTEX_POINT('',#20636);
#11362=VERTEX_POINT('',#20638);
#11363=VERTEX_POINT('',#20640);
#11364=VERTEX_POINT('',#20643);
#11365=VERTEX_POINT('',#20644);
#11366=VERTEX_POINT('',#20646);
#11367=VERTEX_POINT('',#20648);
#11368=VERTEX_POINT('',#20651);
#11369=VERTEX_POINT('',#20652);
#11370=VERTEX_POINT('',#20654);
#11371=VERTEX_POINT('',#20656);
#11372=VERTEX_POINT('',#20659);
#11373=VERTEX_POINT('',#20660);
#11374=VERTEX_POINT('',#20662);
#11375=VERTEX_POINT('',#20664);
#11376=VERTEX_POINT('',#20667);
#11377=VERTEX_POINT('',#20668);
#11378=VERTEX_POINT('',#20670);
#11379=VERTEX_POINT('',#20672);
#11380=VERTEX_POINT('',#20675);
#11381=VERTEX_POINT('',#20676);
#11382=VERTEX_POINT('',#20678);
#11383=VERTEX_POINT('',#20680);
#11384=VERTEX_POINT('',#20683);
#11385=VERTEX_POINT('',#20684);
#11386=VERTEX_POINT('',#20686);
#11387=VERTEX_POINT('',#20688);
#11388=VERTEX_POINT('',#20691);
#11389=VERTEX_POINT('',#20692);
#11390=VERTEX_POINT('',#20694);
#11391=VERTEX_POINT('',#20696);
#11392=VERTEX_POINT('',#20699);
#11393=VERTEX_POINT('',#20700);
#11394=VERTEX_POINT('',#20702);
#11395=VERTEX_POINT('',#20704);
#11396=VERTEX_POINT('',#20707);
#11397=VERTEX_POINT('',#20708);
#11398=VERTEX_POINT('',#20710);
#11399=VERTEX_POINT('',#20712);
#11400=VERTEX_POINT('',#20715);
#11401=VERTEX_POINT('',#20716);
#11402=VERTEX_POINT('',#20718);
#11403=VERTEX_POINT('',#20720);
#11404=VERTEX_POINT('',#20723);
#11405=VERTEX_POINT('',#20724);
#11406=VERTEX_POINT('',#20726);
#11407=VERTEX_POINT('',#20728);
#11408=CIRCLE('',#14100,0.03);
#11409=CIRCLE('',#14101,0.03);
#11410=CIRCLE('',#14103,0.032);
#11411=CIRCLE('',#14104,0.085);
#11412=CIRCLE('',#14105,0.085);
#11413=CIRCLE('',#14106,0.085);
#11414=CIRCLE('',#14107,0.085);
#11415=CIRCLE('',#14108,0.085);
#11416=CIRCLE('',#14109,0.085);
#11417=CIRCLE('',#14110,0.085);
#11418=CIRCLE('',#14111,0.085);
#11419=CIRCLE('',#14112,0.085);
#11420=CIRCLE('',#14113,0.085);
#11421=CIRCLE('',#14114,0.085);
#11422=CIRCLE('',#14115,0.085);
#11423=CIRCLE('',#14116,0.085);
#11424=CIRCLE('',#14117,0.085);
#11425=CIRCLE('',#14118,0.085);
#11426=CIRCLE('',#14119,0.085);
#11427=CIRCLE('',#14120,0.085);
#11428=CIRCLE('',#14121,0.085);
#11429=CIRCLE('',#14122,0.085);
#11430=CIRCLE('',#14123,0.085);
#11431=CIRCLE('',#14124,0.085);
#11432=CIRCLE('',#14125,0.085);
#11433=CIRCLE('',#14126,0.085);
#11434=CIRCLE('',#14127,0.085);
#11435=CIRCLE('',#14128,0.035);
#11436=CIRCLE('',#14129,0.035);
#11437=CIRCLE('',#14130,0.035);
#11438=CIRCLE('',#14131,0.035);
#11439=CIRCLE('',#14132,0.035);
#11440=CIRCLE('',#14133,0.035);
#11441=CIRCLE('',#14134,0.035);
#11442=CIRCLE('',#14135,0.035);
#11443=CIRCLE('',#14136,0.088);
#11444=CIRCLE('',#14154,0.09);
#11445=CIRCLE('',#14155,0.09);
#11446=CIRCLE('',#14157,0.035);
#11447=CIRCLE('',#14158,0.035);
#11448=CIRCLE('',#14159,0.035);
#11449=CIRCLE('',#14160,0.035);
#11450=CIRCLE('',#14161,0.035);
#11451=CIRCLE('',#14162,0.035);
#11452=CIRCLE('',#14163,0.035);
#11453=CIRCLE('',#14164,0.085);
#11454=CIRCLE('',#14165,0.085);
#11455=CIRCLE('',#14166,0.085);
#11456=CIRCLE('',#14167,0.085);
#11457=CIRCLE('',#14168,0.085);
#11458=CIRCLE('',#14169,0.085);
#11459=CIRCLE('',#14170,0.085);
#11460=CIRCLE('',#14171,0.085);
#11461=CIRCLE('',#14172,0.085);
#11462=CIRCLE('',#14173,0.085);
#11463=CIRCLE('',#14174,0.085);
#11464=CIRCLE('',#14175,0.085);
#11465=CIRCLE('',#14176,0.085);
#11466=CIRCLE('',#14177,0.085);
#11467=CIRCLE('',#14178,0.085);
#11468=CIRCLE('',#14179,0.085);
#11469=CIRCLE('',#14180,0.085);
#11470=CIRCLE('',#14181,0.085);
#11471=CIRCLE('',#14182,0.085);
#11472=CIRCLE('',#14183,0.085);
#11473=CIRCLE('',#14184,0.085);
#11474=CIRCLE('',#14185,0.085);
#11475=CIRCLE('',#14186,0.085);
#11476=CIRCLE('',#14187,0.085);
#11477=CIRCLE('',#14188,0.035);
#11478=EDGE_LOOP('',(#4344));
#11479=EDGE_LOOP('',(#4345));
#11480=EDGE_LOOP('',(#4346));
#11481=EDGE_LOOP('',(#4347,#4348,#4349,#4350));
#11482=EDGE_LOOP('',(#4351,#4352,#4353,#4354));
#11483=EDGE_LOOP('',(#4355,#4356,#4357,#4358));
#11484=EDGE_LOOP('',(#4359,#4360,#4361,#4362));
#11485=EDGE_LOOP('',(#4363,#4364,#4365,#4366));
#11486=EDGE_LOOP('',(#4367,#4368,#4369,#4370));
#11487=EDGE_LOOP('',(#4371,#4372,#4373,#4374));
#11488=EDGE_LOOP('',(#4375,#4376,#4377,#4378));
#11489=EDGE_LOOP('',(#4379,#4380,#4381,#4382));
#11490=EDGE_LOOP('',(#4383,#4384,#4385,#4386));
#11491=EDGE_LOOP('',(#4387,#4388,#4389,#4390));
#11492=EDGE_LOOP('',(#4391,#4392,#4393,#4394));
#11493=EDGE_LOOP('',(#4395,#4396,#4397,#4398));
#11494=EDGE_LOOP('',(#4399,#4400,#4401,#4402));
#11495=EDGE_LOOP('',(#4403,#4404,#4405,#4406));
#11496=EDGE_LOOP('',(#4407,#4408,#4409,#4410));
#11497=EDGE_LOOP('',(#4411,#4412,#4413,#4414));
#11498=EDGE_LOOP('',(#4415,#4416,#4417,#4418));
#11499=EDGE_LOOP('',(#4419,#4420,#4421,#4422));
#11500=EDGE_LOOP('',(#4423,#4424,#4425,#4426));
#11501=EDGE_LOOP('',(#4427,#4428,#4429,#4430));
#11502=EDGE_LOOP('',(#4431,#4432,#4433,#4434));
#11503=EDGE_LOOP('',(#4435,#4436,#4437,#4438));
#11504=EDGE_LOOP('',(#4439,#4440,#4441,#4442));
#11505=EDGE_LOOP('',(#4443,#4444,#4445,#4446));
#11506=EDGE_LOOP('',(#4447,#4448,#4449,#4450));
#11507=EDGE_LOOP('',(#4451,#4452,#4453,#4454));
#11508=EDGE_LOOP('',(#4455,#4456,#4457,#4458));
#11509=EDGE_LOOP('',(#4459,#4460,#4461,#4462));
#11510=EDGE_LOOP('',(#4463,#4464,#4465,#4466));
#11511=EDGE_LOOP('',(#4467,#4468,#4469,#4470));
#11512=EDGE_LOOP('',(#4471,#4472,#4473,#4474));
#11513=EDGE_LOOP('',(#4475,#4476,#4477,#4478));
#11514=EDGE_LOOP('',(#4479,#4480,#4481,#4482));
#11515=EDGE_LOOP('',(#4483,#4484,#4485,#4486));
#11516=EDGE_LOOP('',(#4487,#4488,#4489,#4490));
#11517=EDGE_LOOP('',(#4491,#4492,#4493,#4494));
#11518=EDGE_LOOP('',(#4495,#4496,#4497,#4498));
#11519=EDGE_LOOP('',(#4499,#4500,#4501,#4502));
#11520=EDGE_LOOP('',(#4503,#4504,#4505,#4506));
#11521=EDGE_LOOP('',(#4507,#4508,#4509,#4510));
#11522=EDGE_LOOP('',(#4511,#4512,#4513,#4514));
#11523=EDGE_LOOP('',(#4515,#4516,#4517,#4518));
#11524=EDGE_LOOP('',(#4519,#4520,#4521,#4522));
#11525=EDGE_LOOP('',(#4523,#4524,#4525,#4526));
#11526=EDGE_LOOP('',(#4527,#4528,#4529,#4530));
#11527=EDGE_LOOP('',(#4531,#4532,#4533,#4534));
#11528=EDGE_LOOP('',(#4535,#4536,#4537,#4538));
#11529=EDGE_LOOP('',(#4539,#4540,#4541,#4542));
#11530=EDGE_LOOP('',(#4543,#4544,#4545,#4546));
#11531=EDGE_LOOP('',(#4547,#4548,#4549,#4550));
#11532=EDGE_LOOP('',(#4551,#4552,#4553,#4554));
#11533=EDGE_LOOP('',(#4555,#4556,#4557,#4558));
#11534=EDGE_LOOP('',(#4559,#4560,#4561,#4562));
#11535=EDGE_LOOP('',(#4563,#4564,#4565,#4566));
#11536=EDGE_LOOP('',(#4567,#4568,#4569,#4570));
#11537=EDGE_LOOP('',(#4571,#4572,#4573,#4574));
#11538=EDGE_LOOP('',(#4575,#4576,#4577,#4578));
#11539=EDGE_LOOP('',(#4579,#4580,#4581,#4582));
#11540=EDGE_LOOP('',(#4583,#4584,#4585,#4586));
#11541=EDGE_LOOP('',(#4587,#4588,#4589,#4590));
#11542=EDGE_LOOP('',(#4591,#4592,#4593,#4594));
#11543=EDGE_LOOP('',(#4595,#4596,#4597,#4598));
#11544=EDGE_LOOP('',(#4599,#4600,#4601,#4602));
#11545=EDGE_LOOP('',(#4603,#4604,#4605,#4606));
#11546=EDGE_LOOP('',(#4607,#4608,#4609,#4610));
#11547=EDGE_LOOP('',(#4611,#4612,#4613,#4614));
#11548=EDGE_LOOP('',(#4615,#4616,#4617,#4618));
#11549=EDGE_LOOP('',(#4619,#4620,#4621,#4622));
#11550=EDGE_LOOP('',(#4623,#4624,#4625,#4626));
#11551=EDGE_LOOP('',(#4627,#4628,#4629,#4630));
#11552=EDGE_LOOP('',(#4631,#4632,#4633,#4634));
#11553=EDGE_LOOP('',(#4635,#4636,#4637,#4638));
#11554=EDGE_LOOP('',(#4639,#4640,#4641,#4642));
#11555=EDGE_LOOP('',(#4643,#4644,#4645,#4646));
#11556=EDGE_LOOP('',(#4647,#4648,#4649,#4650));
#11557=EDGE_LOOP('',(#4651,#4652,#4653,#4654));
#11558=EDGE_LOOP('',(#4655,#4656,#4657,#4658));
#11559=EDGE_LOOP('',(#4659,#4660,#4661,#4662));
#11560=EDGE_LOOP('',(#4663,#4664,#4665,#4666));
#11561=EDGE_LOOP('',(#4667,#4668,#4669,#4670));
#11562=EDGE_LOOP('',(#4671,#4672,#4673,#4674));
#11563=EDGE_LOOP('',(#4675,#4676,#4677,#4678));
#11564=EDGE_LOOP('',(#4679,#4680,#4681,#4682));
#11565=EDGE_LOOP('',(#4683,#4684,#4685,#4686));
#11566=EDGE_LOOP('',(#4687,#4688,#4689,#4690));
#11567=EDGE_LOOP('',(#4691,#4692,#4693,#4694));
#11568=EDGE_LOOP('',(#4695,#4696,#4697,#4698));
#11569=EDGE_LOOP('',(#4699,#4700,#4701,#4702));
#11570=EDGE_LOOP('',(#4703,#4704,#4705,#4706));
#11571=EDGE_LOOP('',(#4707,#4708,#4709,#4710));
#11572=EDGE_LOOP('',(#4711,#4712,#4713,#4714));
#11573=EDGE_LOOP('',(#4715,#4716,#4717,#4718));
#11574=EDGE_LOOP('',(#4719,#4720,#4721,#4722));
#11575=EDGE_LOOP('',(#4723,#4724,#4725,#4726));
#11576=EDGE_LOOP('',(#4727,#4728,#4729,#4730));
#11577=EDGE_LOOP('',(#4731,#4732,#4733,#4734));
#11578=EDGE_LOOP('',(#4735,#4736,#4737,#4738));
#11579=EDGE_LOOP('',(#4739,#4740,#4741,#4742));
#11580=EDGE_LOOP('',(#4743,#4744,#4745,#4746));
#11581=EDGE_LOOP('',(#4747,#4748,#4749,#4750));
#11582=EDGE_LOOP('',(#4751,#4752,#4753,#4754));
#11583=EDGE_LOOP('',(#4755,#4756,#4757,#4758));
#11584=EDGE_LOOP('',(#4759,#4760,#4761,#4762));
#11585=EDGE_LOOP('',(#4763,#4764,#4765,#4766));
#11586=EDGE_LOOP('',(#4767,#4768,#4769,#4770));
#11587=EDGE_LOOP('',(#4771,#4772,#4773,#4774));
#11588=EDGE_LOOP('',(#4775,#4776,#4777,#4778));
#11589=EDGE_LOOP('',(#4779,#4780,#4781,#4782));
#11590=EDGE_LOOP('',(#4783,#4784,#4785,#4786));
#11591=EDGE_LOOP('',(#4787,#4788,#4789,#4790));
#11592=EDGE_LOOP('',(#4791,#4792,#4793,#4794));
#11593=EDGE_LOOP('',(#4795,#4796,#4797,#4798));
#11594=EDGE_LOOP('',(#4799,#4800,#4801,#4802));
#11595=EDGE_LOOP('',(#4803,#4804,#4805,#4806));
#11596=EDGE_LOOP('',(#4807,#4808,#4809,#4810));
#11597=EDGE_LOOP('',(#4811,#4812,#4813,#4814));
#11598=EDGE_LOOP('',(#4815,#4816,#4817,#4818));
#11599=EDGE_LOOP('',(#4819,#4820,#4821,#4822));
#11600=EDGE_LOOP('',(#4823,#4824,#4825,#4826));
#11601=EDGE_LOOP('',(#4827,#4828,#4829,#4830));
#11602=EDGE_LOOP('',(#4831,#4832,#4833,#4834));
#11603=EDGE_LOOP('',(#4835,#4836,#4837,#4838));
#11604=EDGE_LOOP('',(#4839,#4840,#4841,#4842));
#11605=EDGE_LOOP('',(#4843,#4844,#4845,#4846));
#11606=EDGE_LOOP('',(#4847,#4848,#4849,#4850));
#11607=EDGE_LOOP('',(#4851,#4852,#4853,#4854));
#11608=EDGE_LOOP('',(#4855,#4856,#4857,#4858,#4859));
#11609=EDGE_LOOP('',(#4860,#4861,#4862,#4863,#4864));
#11610=EDGE_LOOP('',(#4865,#4866,#4867,#4868));
#11611=EDGE_LOOP('',(#4869,#4870,#4871,#4872));
#11612=EDGE_LOOP('',(#4873,#4874,#4875,#4876));
#11613=EDGE_LOOP('',(#4877,#4878,#4879,#4880));
#11614=EDGE_LOOP('',(#4881,#4882,#4883,#4884,#4885));
#11615=EDGE_LOOP('',(#4886,#4887,#4888,#4889,#4890));
#11616=EDGE_LOOP('',(#4891,#4892,#4893,#4894));
#11617=EDGE_LOOP('',(#4895,#4896,#4897,#4898));
#11618=EDGE_LOOP('',(#4899,#4900,#4901,#4902));
#11619=EDGE_LOOP('',(#4903,#4904,#4905,#4906));
#11620=EDGE_LOOP('',(#4907,#4908,#4909,#4910,#4911));
#11621=EDGE_LOOP('',(#4912,#4913,#4914,#4915,#4916));
#11622=EDGE_LOOP('',(#4917,#4918,#4919,#4920));
#11623=EDGE_LOOP('',(#4921,#4922,#4923,#4924));
#11624=EDGE_LOOP('',(#4925,#4926,#4927,#4928));
#11625=EDGE_LOOP('',(#4929,#4930,#4931,#4932));
#11626=EDGE_LOOP('',(#4933,#4934,#4935,#4936,#4937));
#11627=EDGE_LOOP('',(#4938,#4939,#4940,#4941,#4942));
#11628=EDGE_LOOP('',(#4943,#4944,#4945,#4946));
#11629=EDGE_LOOP('',(#4947,#4948,#4949,#4950,#4951));
#11630=EDGE_LOOP('',(#4952,#4953,#4954,#4955,#4956));
#11631=EDGE_LOOP('',(#4957,#4958,#4959,#4960,#4961));
#11632=EDGE_LOOP('',(#4962,#4963,#4964,#4965,#4966));
#11633=EDGE_LOOP('',(#4967,#4968,#4969,#4970,#4971));
#11634=EDGE_LOOP('',(#4972,#4973,#4974,#4975,#4976));
#11635=EDGE_LOOP('',(#4977,#4978,#4979,#4980,#4981));
#11636=EDGE_LOOP('',(#4982,#4983,#4984,#4985,#4986));
#11637=EDGE_LOOP('',(#4987));
#11638=EDGE_LOOP('',(#4988,#4989,#4990,#4991));
#11639=EDGE_LOOP('',(#4992,#4993,#4994,#4995));
#11640=EDGE_LOOP('',(#4996,#4997,#4998,#4999));
#11641=EDGE_LOOP('',(#5000,#5001,#5002,#5003));
#11642=EDGE_LOOP('',(#5004,#5005,#5006,#5007));
#11643=EDGE_LOOP('',(#5008,#5009,#5010,#5011));
#11644=EDGE_LOOP('',(#5012,#5013,#5014,#5015));
#11645=EDGE_LOOP('',(#5016,#5017,#5018,#5019));
#11646=EDGE_LOOP('',(#5020,#5021,#5022,#5023));
#11647=EDGE_LOOP('',(#5024,#5025,#5026,#5027));
#11648=EDGE_LOOP('',(#5028,#5029,#5030,#5031));
#11649=EDGE_LOOP('',(#5032,#5033,#5034,#5035));
#11650=EDGE_LOOP('',(#5036,#5037,#5038,#5039));
#11651=EDGE_LOOP('',(#5040,#5041,#5042,#5043));
#11652=EDGE_LOOP('',(#5044,#5045,#5046,#5047));
#11653=EDGE_LOOP('',(#5048,#5049,#5050,#5051));
#11654=EDGE_LOOP('',(#5052));
#11655=EDGE_LOOP('',(#5053));
#11656=EDGE_LOOP('',(#5054,#5055,#5056,#5057,#5058));
#11657=EDGE_LOOP('',(#5059,#5060,#5061,#5062,#5063));
#11658=EDGE_LOOP('',(#5064,#5065,#5066,#5067,#5068));
#11659=EDGE_LOOP('',(#5069,#5070,#5071,#5072,#5073));
#11660=EDGE_LOOP('',(#5074,#5075,#5076,#5077,#5078));
#11661=EDGE_LOOP('',(#5079,#5080,#5081,#5082,#5083));
#11662=EDGE_LOOP('',(#5084,#5085,#5086,#5087,#5088));
#11663=EDGE_LOOP('',(#5089,#5090,#5091,#5092));
#11664=EDGE_LOOP('',(#5093,#5094,#5095,#5096,#5097));
#11665=EDGE_LOOP('',(#5098,#5099,#5100,#5101,#5102));
#11666=EDGE_LOOP('',(#5103,#5104,#5105,#5106));
#11667=EDGE_LOOP('',(#5107,#5108,#5109,#5110));
#11668=EDGE_LOOP('',(#5111,#5112,#5113,#5114));
#11669=EDGE_LOOP('',(#5115,#5116,#5117,#5118));
#11670=EDGE_LOOP('',(#5119,#5120,#5121,#5122,#5123));
#11671=EDGE_LOOP('',(#5124,#5125,#5126,#5127,#5128));
#11672=EDGE_LOOP('',(#5129,#5130,#5131,#5132));
#11673=EDGE_LOOP('',(#5133,#5134,#5135,#5136));
#11674=EDGE_LOOP('',(#5137,#5138,#5139,#5140));
#11675=EDGE_LOOP('',(#5141,#5142,#5143,#5144));
#11676=EDGE_LOOP('',(#5145,#5146,#5147,#5148,#5149));
#11677=EDGE_LOOP('',(#5150,#5151,#5152,#5153,#5154));
#11678=EDGE_LOOP('',(#5155,#5156,#5157,#5158));
#11679=EDGE_LOOP('',(#5159,#5160,#5161,#5162));
#11680=EDGE_LOOP('',(#5163,#5164,#5165,#5166));
#11681=EDGE_LOOP('',(#5167,#5168,#5169,#5170));
#11682=EDGE_LOOP('',(#5171,#5172,#5173,#5174,#5175));
#11683=EDGE_LOOP('',(#5176,#5177,#5178,#5179,#5180));
#11684=EDGE_LOOP('',(#5181,#5182,#5183,#5184));
#11685=EDGE_LOOP('',(#5185,#5186,#5187,#5188));
#11686=EDGE_LOOP('',(#5189,#5190,#5191,#5192));
#11687=EDGE_LOOP('',(#5193));
#11688=EDGE_LOOP('',(#5194,#5195,#5196,#5197));
#11689=EDGE_LOOP('',(#5198,#5199,#5200,#5201));
#11690=EDGE_LOOP('',(#5202,#5203,#5204,#5205));
#11691=EDGE_LOOP('',(#5206,#5207,#5208,#5209));
#11692=EDGE_LOOP('',(#5210,#5211,#5212,#5213));
#11693=EDGE_LOOP('',(#5214,#5215,#5216,#5217));
#11694=EDGE_LOOP('',(#5218,#5219,#5220,#5221));
#11695=EDGE_LOOP('',(#5222,#5223,#5224,#5225));
#11696=EDGE_LOOP('',(#5226,#5227,#5228,#5229));
#11697=EDGE_LOOP('',(#5230,#5231,#5232,#5233));
#11698=EDGE_LOOP('',(#5234,#5235,#5236,#5237));
#11699=EDGE_LOOP('',(#5238,#5239,#5240,#5241));
#11700=EDGE_LOOP('',(#5242,#5243,#5244,#5245));
#11701=EDGE_LOOP('',(#5246,#5247,#5248,#5249));
#11702=EDGE_LOOP('',(#5250,#5251,#5252,#5253));
#11703=EDGE_LOOP('',(#5254,#5255,#5256,#5257));
#11704=EDGE_LOOP('',(#5258,#5259,#5260,#5261));
#11705=EDGE_LOOP('',(#5262,#5263,#5264,#5265));
#11706=EDGE_LOOP('',(#5266,#5267,#5268,#5269));
#11707=EDGE_LOOP('',(#5270,#5271,#5272,#5273));
#11708=EDGE_LOOP('',(#5274,#5275,#5276,#5277));
#11709=EDGE_LOOP('',(#5278,#5279,#5280,#5281));
#11710=EDGE_LOOP('',(#5282,#5283,#5284,#5285));
#11711=EDGE_LOOP('',(#5286,#5287,#5288,#5289));
#11712=EDGE_LOOP('',(#5290,#5291,#5292,#5293));
#11713=EDGE_LOOP('',(#5294,#5295,#5296,#5297));
#11714=EDGE_LOOP('',(#5298,#5299,#5300,#5301));
#11715=EDGE_LOOP('',(#5302,#5303,#5304,#5305));
#11716=EDGE_LOOP('',(#5306,#5307,#5308,#5309));
#11717=EDGE_LOOP('',(#5310,#5311,#5312,#5313));
#11718=EDGE_LOOP('',(#5314,#5315,#5316,#5317));
#11719=EDGE_LOOP('',(#5318,#5319,#5320,#5321));
#11720=EDGE_LOOP('',(#5322,#5323,#5324,#5325));
#11721=EDGE_LOOP('',(#5326,#5327,#5328,#5329));
#11722=EDGE_LOOP('',(#5330,#5331,#5332,#5333));
#11723=EDGE_LOOP('',(#5334,#5335,#5336,#5337));
#11724=EDGE_LOOP('',(#5338,#5339,#5340,#5341));
#11725=EDGE_LOOP('',(#5342,#5343,#5344,#5345));
#11726=EDGE_LOOP('',(#5346,#5347,#5348,#5349));
#11727=EDGE_LOOP('',(#5350,#5351,#5352,#5353));
#11728=EDGE_LOOP('',(#5354,#5355,#5356,#5357));
#11729=EDGE_LOOP('',(#5358,#5359,#5360,#5361));
#11730=EDGE_LOOP('',(#5362,#5363,#5364,#5365));
#11731=EDGE_LOOP('',(#5366,#5367,#5368,#5369));
#11732=EDGE_LOOP('',(#5370,#5371,#5372,#5373));
#11733=EDGE_LOOP('',(#5374,#5375,#5376,#5377));
#11734=EDGE_LOOP('',(#5378,#5379,#5380,#5381));
#11735=EDGE_LOOP('',(#5382,#5383,#5384,#5385,#5386));
#11736=EDGE_LOOP('',(#5387,#5388,#5389,#5390));
#11737=EDGE_LOOP('',(#5391,#5392,#5393,#5394));
#11738=EDGE_LOOP('',(#5395,#5396,#5397,#5398));
#11739=EDGE_LOOP('',(#5399,#5400,#5401,#5402));
#11740=EDGE_LOOP('',(#5403,#5404,#5405,#5406));
#11741=EDGE_LOOP('',(#5407,#5408,#5409,#5410));
#11742=EDGE_LOOP('',(#5411,#5412,#5413,#5414));
#11743=EDGE_LOOP('',(#5415,#5416,#5417,#5418));
#11744=EDGE_LOOP('',(#5419,#5420,#5421,#5422));
#11745=EDGE_LOOP('',(#5423,#5424,#5425,#5426));
#11746=EDGE_LOOP('',(#5427,#5428,#5429,#5430));
#11747=EDGE_LOOP('',(#5431,#5432,#5433,#5434));
#11748=EDGE_LOOP('',(#5435,#5436,#5437,#5438));
#11749=EDGE_LOOP('',(#5439,#5440,#5441,#5442));
#11750=EDGE_LOOP('',(#5443,#5444,#5445,#5446));
#11751=EDGE_LOOP('',(#5447,#5448,#5449,#5450));
#11752=EDGE_LOOP('',(#5451,#5452,#5453,#5454));
#11753=EDGE_LOOP('',(#5455,#5456,#5457,#5458));
#11754=EDGE_LOOP('',(#5459,#5460,#5461,#5462));
#11755=EDGE_LOOP('',(#5463,#5464,#5465,#5466));
#11756=EDGE_LOOP('',(#5467,#5468,#5469,#5470));
#11757=EDGE_LOOP('',(#5471,#5472,#5473,#5474));
#11758=EDGE_LOOP('',(#5475,#5476,#5477,#5478));
#11759=EDGE_LOOP('',(#5479,#5480,#5481,#5482));
#11760=EDGE_LOOP('',(#5483,#5484,#5485,#5486));
#11761=EDGE_LOOP('',(#5487,#5488,#5489,#5490));
#11762=EDGE_LOOP('',(#5491,#5492,#5493,#5494));
#11763=EDGE_LOOP('',(#5495,#5496,#5497,#5498));
#11764=EDGE_LOOP('',(#5499,#5500,#5501,#5502));
#11765=EDGE_LOOP('',(#5503,#5504,#5505,#5506));
#11766=EDGE_LOOP('',(#5507,#5508,#5509,#5510));
#11767=EDGE_LOOP('',(#5511,#5512,#5513,#5514));
#11768=EDGE_LOOP('',(#5515,#5516,#5517,#5518));
#11769=EDGE_LOOP('',(#5519,#5520,#5521,#5522));
#11770=EDGE_LOOP('',(#5523,#5524,#5525,#5526));
#11771=EDGE_LOOP('',(#5527,#5528,#5529,#5530));
#11772=EDGE_LOOP('',(#5531,#5532,#5533,#5534));
#11773=EDGE_LOOP('',(#5535,#5536,#5537,#5538));
#11774=EDGE_LOOP('',(#5539,#5540,#5541,#5542));
#11775=EDGE_LOOP('',(#5543,#5544,#5545,#5546));
#11776=EDGE_LOOP('',(#5547,#5548,#5549,#5550));
#11777=EDGE_LOOP('',(#5551,#5552,#5553,#5554));
#11778=EDGE_LOOP('',(#5555,#5556,#5557,#5558));
#11779=EDGE_LOOP('',(#5559,#5560,#5561,#5562));
#11780=EDGE_LOOP('',(#5563,#5564,#5565,#5566));
#11781=EDGE_LOOP('',(#5567,#5568,#5569,#5570));
#11782=EDGE_LOOP('',(#5571,#5572,#5573,#5574));
#11783=EDGE_LOOP('',(#5575,#5576,#5577,#5578));
#11784=EDGE_LOOP('',(#5579,#5580,#5581,#5582));
#11785=EDGE_LOOP('',(#5583,#5584,#5585,#5586));
#11786=EDGE_LOOP('',(#5587,#5588,#5589,#5590));
#11787=EDGE_LOOP('',(#5591,#5592,#5593,#5594));
#11788=EDGE_LOOP('',(#5595,#5596,#5597,#5598));
#11789=EDGE_LOOP('',(#5599,#5600,#5601,#5602));
#11790=EDGE_LOOP('',(#5603,#5604,#5605,#5606));
#11791=EDGE_LOOP('',(#5607,#5608,#5609,#5610));
#11792=EDGE_LOOP('',(#5611,#5612,#5613,#5614));
#11793=EDGE_LOOP('',(#5615,#5616,#5617,#5618));
#11794=EDGE_LOOP('',(#5619,#5620,#5621,#5622));
#11795=EDGE_LOOP('',(#5623,#5624,#5625,#5626));
#11796=EDGE_LOOP('',(#5627,#5628,#5629,#5630));
#11797=EDGE_LOOP('',(#5631,#5632,#5633,#5634));
#11798=EDGE_LOOP('',(#5635,#5636,#5637,#5638));
#11799=EDGE_LOOP('',(#5639,#5640,#5641,#5642));
#11800=EDGE_LOOP('',(#5643,#5644,#5645,#5646));
#11801=EDGE_LOOP('',(#5647,#5648,#5649,#5650));
#11802=EDGE_LOOP('',(#5651,#5652,#5653,#5654));
#11803=EDGE_LOOP('',(#5655,#5656,#5657,#5658));
#11804=EDGE_LOOP('',(#5659,#5660,#5661,#5662));
#11805=EDGE_LOOP('',(#5663,#5664,#5665,#5666));
#11806=EDGE_LOOP('',(#5667,#5668,#5669,#5670));
#11807=EDGE_LOOP('',(#5671,#5672,#5673,#5674));
#11808=EDGE_LOOP('',(#5675,#5676,#5677,#5678));
#11809=EDGE_LOOP('',(#5679,#5680,#5681,#5682));
#11810=EDGE_LOOP('',(#5683,#5684,#5685,#5686));
#11811=EDGE_LOOP('',(#5687,#5688,#5689,#5690));
#11812=EDGE_LOOP('',(#5691,#5692,#5693,#5694));
#11813=EDGE_LOOP('',(#5695));
#11814=EDGE_LOOP('',(#5696,#5697,#5698,#5699));
#11815=EDGE_LOOP('',(#5700,#5701,#5702,#5703));
#11816=EDGE_LOOP('',(#5704,#5705,#5706,#5707));
#11817=EDGE_LOOP('',(#5708,#5709,#5710,#5711));
#11818=EDGE_LOOP('',(#5712,#5713,#5714,#5715));
#11819=EDGE_LOOP('',(#5716,#5717,#5718,#5719));
#11820=EDGE_LOOP('',(#5720,#5721,#5722,#5723));
#11821=EDGE_LOOP('',(#5724,#5725,#5726,#5727));
#11822=EDGE_LOOP('',(#5728,#5729,#5730,#5731));
#11823=EDGE_LOOP('',(#5732,#5733,#5734,#5735));
#11824=EDGE_LOOP('',(#5736,#5737,#5738,#5739));
#11825=EDGE_LOOP('',(#5740,#5741,#5742,#5743));
#11826=EDGE_LOOP('',(#5744,#5745,#5746,#5747));
#11827=EDGE_LOOP('',(#5748,#5749,#5750,#5751));
#11828=EDGE_LOOP('',(#5752,#5753,#5754,#5755));
#11829=EDGE_LOOP('',(#5756,#5757,#5758,#5759));
#11830=EDGE_LOOP('',(#5760,#5761,#5762,#5763));
#11831=EDGE_LOOP('',(#5764,#5765,#5766,#5767));
#11832=EDGE_LOOP('',(#5768,#5769,#5770,#5771));
#11833=EDGE_LOOP('',(#5772,#5773,#5774,#5775));
#11834=EDGE_LOOP('',(#5776,#5777,#5778,#5779));
#11835=EDGE_LOOP('',(#5780,#5781,#5782,#5783));
#11836=EDGE_LOOP('',(#5784,#5785,#5786,#5787));
#11837=EDGE_LOOP('',(#5788,#5789,#5790,#5791));
#11838=EDGE_LOOP('',(#5792,#5793,#5794,#5795));
#11839=EDGE_LOOP('',(#5796,#5797,#5798,#5799));
#11840=EDGE_LOOP('',(#5800,#5801,#5802,#5803));
#11841=EDGE_LOOP('',(#5804,#5805,#5806,#5807));
#11842=EDGE_LOOP('',(#5808,#5809,#5810,#5811));
#11843=EDGE_LOOP('',(#5812,#5813,#5814,#5815));
#11844=EDGE_LOOP('',(#5816,#5817,#5818,#5819));
#11845=EDGE_LOOP('',(#5820,#5821,#5822,#5823));
#11846=EDGE_LOOP('',(#5824,#5825,#5826,#5827));
#11847=EDGE_LOOP('',(#5828,#5829,#5830,#5831));
#11848=EDGE_LOOP('',(#5832,#5833,#5834,#5835));
#11849=EDGE_LOOP('',(#5836,#5837,#5838,#5839));
#11850=EDGE_LOOP('',(#5840,#5841,#5842,#5843));
#11851=EDGE_LOOP('',(#5844,#5845,#5846,#5847));
#11852=EDGE_LOOP('',(#5848,#5849,#5850,#5851));
#11853=EDGE_LOOP('',(#5852,#5853,#5854,#5855));
#11854=EDGE_LOOP('',(#5856,#5857,#5858,#5859));
#11855=EDGE_LOOP('',(#5860,#5861,#5862,#5863));
#11856=EDGE_LOOP('',(#5864,#5865,#5866,#5867));
#11857=EDGE_LOOP('',(#5868,#5869,#5870,#5871));
#11858=EDGE_LOOP('',(#5872,#5873,#5874,#5875));
#11859=EDGE_LOOP('',(#5876,#5877,#5878,#5879));
#11860=EDGE_LOOP('',(#5880,#5881,#5882,#5883));
#11861=EDGE_LOOP('',(#5884,#5885,#5886,#5887));
#11862=EDGE_LOOP('',(#5888,#5889,#5890,#5891));
#11863=EDGE_LOOP('',(#5892,#5893,#5894,#5895));
#11864=EDGE_LOOP('',(#5896,#5897,#5898,#5899));
#11865=EDGE_LOOP('',(#5900,#5901,#5902,#5903));
#11866=EDGE_LOOP('',(#5904,#5905,#5906,#5907));
#11867=EDGE_LOOP('',(#5908,#5909,#5910,#5911));
#11868=EDGE_LOOP('',(#5912,#5913,#5914,#5915));
#11869=EDGE_LOOP('',(#5916,#5917,#5918,#5919));
#11870=EDGE_LOOP('',(#5920,#5921,#5922,#5923));
#11871=EDGE_LOOP('',(#5924,#5925,#5926,#5927));
#11872=EDGE_LOOP('',(#5928,#5929,#5930,#5931));
#11873=EDGE_LOOP('',(#5932,#5933,#5934,#5935));
#11874=EDGE_LOOP('',(#5936,#5937,#5938,#5939));
#11875=EDGE_LOOP('',(#5940,#5941,#5942,#5943));
#11876=EDGE_LOOP('',(#5944,#5945,#5946,#5947));
#11877=EDGE_LOOP('',(#5948,#5949,#5950,#5951));
#11878=EDGE_LOOP('',(#5952,#5953,#5954,#5955));
#11879=EDGE_LOOP('',(#5956,#5957,#5958,#5959));
#11880=EDGE_LOOP('',(#5960,#5961,#5962,#5963));
#11881=EDGE_LOOP('',(#5964,#5965,#5966,#5967));
#11882=EDGE_LOOP('',(#5968,#5969,#5970,#5971));
#11883=EDGE_LOOP('',(#5972,#5973,#5974,#5975));
#11884=EDGE_LOOP('',(#5976,#5977,#5978,#5979));
#11885=EDGE_LOOP('',(#5980,#5981,#5982,#5983));
#11886=EDGE_LOOP('',(#5984,#5985,#5986,#5987));
#11887=EDGE_LOOP('',(#5988,#5989,#5990,#5991));
#11888=EDGE_LOOP('',(#5992,#5993,#5994,#5995));
#11889=EDGE_LOOP('',(#5996,#5997,#5998,#5999));
#11890=EDGE_LOOP('',(#6000,#6001,#6002,#6003));
#11891=EDGE_LOOP('',(#6004,#6005,#6006,#6007));
#11892=EDGE_LOOP('',(#6008,#6009,#6010,#6011));
#11893=EDGE_LOOP('',(#6012,#6013,#6014,#6015));
#11894=EDGE_LOOP('',(#6016,#6017,#6018,#6019));
#11895=EDGE_LOOP('',(#6020,#6021,#6022,#6023));
#11896=EDGE_LOOP('',(#6024,#6025,#6026,#6027));
#11897=EDGE_LOOP('',(#6028,#6029,#6030,#6031));
#11898=EDGE_LOOP('',(#6032,#6033,#6034,#6035));
#11899=EDGE_LOOP('',(#6036,#6037,#6038,#6039));
#11900=EDGE_LOOP('',(#6040,#6041,#6042,#6043));
#11901=EDGE_LOOP('',(#6044,#6045,#6046,#6047));
#11902=EDGE_LOOP('',(#6048,#6049,#6050,#6051));
#11903=EDGE_LOOP('',(#6052,#6053,#6054,#6055));
#11904=EDGE_LOOP('',(#6056,#6057,#6058,#6059));
#11905=EDGE_LOOP('',(#6060,#6061,#6062,#6063));
#11906=EDGE_LOOP('',(#6064,#6065,#6066,#6067));
#11907=EDGE_LOOP('',(#6068,#6069,#6070,#6071));
#11908=EDGE_LOOP('',(#6072,#6073,#6074,#6075));
#11909=EDGE_LOOP('',(#6076,#6077,#6078,#6079));
#11910=EDGE_LOOP('',(#6080,#6081,#6082,#6083));
#11911=EDGE_LOOP('',(#6084,#6085,#6086,#6087));
#11912=EDGE_LOOP('',(#6088,#6089,#6090,#6091));
#11913=EDGE_LOOP('',(#6092,#6093,#6094,#6095));
#11914=EDGE_LOOP('',(#6096,#6097,#6098,#6099));
#11915=EDGE_LOOP('',(#6100,#6101,#6102,#6103));
#11916=EDGE_LOOP('',(#6104,#6105,#6106,#6107));
#11917=EDGE_LOOP('',(#6108,#6109,#6110,#6111));
#11918=EDGE_LOOP('',(#6112,#6113,#6114,#6115));
#11919=EDGE_LOOP('',(#6116,#6117,#6118,#6119));
#11920=EDGE_LOOP('',(#6120,#6121,#6122,#6123));
#11921=EDGE_LOOP('',(#6124,#6125,#6126,#6127));
#11922=EDGE_LOOP('',(#6128,#6129,#6130,#6131));
#11923=EDGE_LOOP('',(#6132,#6133,#6134,#6135));
#11924=EDGE_LOOP('',(#6136,#6137,#6138,#6139));
#11925=EDGE_LOOP('',(#6140,#6141,#6142,#6143));
#11926=EDGE_LOOP('',(#6144,#6145,#6146,#6147));
#11927=EDGE_LOOP('',(#6148,#6149,#6150,#6151));
#11928=EDGE_LOOP('',(#6152,#6153,#6154,#6155));
#11929=EDGE_LOOP('',(#6156,#6157,#6158,#6159));
#11930=EDGE_LOOP('',(#6160,#6161,#6162,#6163));
#11931=EDGE_LOOP('',(#6164,#6165,#6166,#6167));
#11932=EDGE_LOOP('',(#6168,#6169,#6170,#6171));
#11933=EDGE_LOOP('',(#6172,#6173,#6174,#6175));
#11934=EDGE_LOOP('',(#6176,#6177,#6178,#6179));
#11935=EDGE_LOOP('',(#6180,#6181,#6182,#6183));
#11936=EDGE_LOOP('',(#6184,#6185,#6186,#6187));
#11937=EDGE_LOOP('',(#6188,#6189,#6190,#6191));
#11938=EDGE_LOOP('',(#6192,#6193,#6194,#6195));
#11939=EDGE_LOOP('',(#6196,#6197,#6198,#6199));
#11940=EDGE_LOOP('',(#6200,#6201,#6202,#6203));
#11941=EDGE_LOOP('',(#6204,#6205,#6206,#6207));
#11942=EDGE_LOOP('',(#6208,#6209,#6210,#6211));
#11943=EDGE_LOOP('',(#6212,#6213,#6214,#6215));
#11944=EDGE_LOOP('',(#6216,#6217,#6218,#6219));
#11945=EDGE_LOOP('',(#6220,#6221,#6222,#6223));
#11946=EDGE_LOOP('',(#6224,#6225,#6226,#6227));
#11947=EDGE_LOOP('',(#6228,#6229,#6230,#6231));
#11948=EDGE_LOOP('',(#6232,#6233,#6234,#6235));
#11949=EDGE_LOOP('',(#6236,#6237,#6238,#6239));
#11950=EDGE_LOOP('',(#6240,#6241,#6242,#6243));
#11951=EDGE_LOOP('',(#6244,#6245,#6246,#6247));
#11952=EDGE_LOOP('',(#6248,#6249,#6250,#6251));
#11953=EDGE_LOOP('',(#6252,#6253,#6254,#6255));
#11954=EDGE_LOOP('',(#6256,#6257,#6258,#6259));
#11955=EDGE_LOOP('',(#6260,#6261,#6262,#6263));
#11956=EDGE_LOOP('',(#6264,#6265,#6266,#6267));
#11957=EDGE_LOOP('',(#6268,#6269,#6270,#6271));
#11958=EDGE_LOOP('',(#6272,#6273,#6274,#6275));
#11959=EDGE_LOOP('',(#6276,#6277,#6278,#6279));
#11960=EDGE_LOOP('',(#6280,#6281,#6282,#6283));
#11961=EDGE_LOOP('',(#6284,#6285,#6286,#6287));
#11962=EDGE_LOOP('',(#6288,#6289,#6290,#6291));
#11963=EDGE_LOOP('',(#6292,#6293,#6294,#6295));
#11964=EDGE_LOOP('',(#6296,#6297,#6298,#6299));
#11965=EDGE_LOOP('',(#6300,#6301,#6302,#6303));
#11966=EDGE_LOOP('',(#6304,#6305,#6306,#6307));
#11967=EDGE_LOOP('',(#6308,#6309,#6310,#6311));
#11968=EDGE_LOOP('',(#6312,#6313,#6314,#6315));
#11969=EDGE_LOOP('',(#6316,#6317,#6318,#6319));
#11970=EDGE_LOOP('',(#6320,#6321,#6322,#6323));
#11971=EDGE_LOOP('',(#6324,#6325,#6326,#6327));
#11972=EDGE_LOOP('',(#6328,#6329,#6330,#6331));
#11973=EDGE_LOOP('',(#6332,#6333,#6334,#6335));
#11974=EDGE_LOOP('',(#6336,#6337,#6338,#6339));
#11975=EDGE_LOOP('',(#6340,#6341,#6342,#6343));
#11976=EDGE_LOOP('',(#6344,#6345,#6346,#6347));
#11977=EDGE_LOOP('',(#6348,#6349,#6350,#6351));
#11978=EDGE_LOOP('',(#6352,#6353,#6354,#6355));
#11979=EDGE_LOOP('',(#6356,#6357,#6358,#6359));
#11980=EDGE_LOOP('',(#6360,#6361,#6362,#6363));
#11981=EDGE_LOOP('',(#6364,#6365,#6366,#6367));
#11982=EDGE_LOOP('',(#6368,#6369,#6370,#6371));
#11983=EDGE_LOOP('',(#6372,#6373,#6374,#6375));
#11984=EDGE_LOOP('',(#6376,#6377,#6378,#6379));
#11985=EDGE_LOOP('',(#6380,#6381,#6382,#6383));
#11986=EDGE_LOOP('',(#6384,#6385,#6386,#6387));
#11987=EDGE_LOOP('',(#6388,#6389,#6390,#6391));
#11988=EDGE_LOOP('',(#6392,#6393,#6394,#6395));
#11989=EDGE_LOOP('',(#6396,#6397,#6398,#6399));
#11990=EDGE_LOOP('',(#6400,#6401,#6402,#6403));
#11991=EDGE_LOOP('',(#6404,#6405,#6406,#6407));
#11992=EDGE_LOOP('',(#6408,#6409,#6410,#6411));
#11993=EDGE_LOOP('',(#6412,#6413,#6414,#6415));
#11994=EDGE_LOOP('',(#6416,#6417,#6418,#6419));
#11995=EDGE_LOOP('',(#6420,#6421,#6422,#6423));
#11996=EDGE_LOOP('',(#6424,#6425,#6426,#6427));
#11997=EDGE_LOOP('',(#6428,#6429,#6430,#6431));
#11998=EDGE_LOOP('',(#6432,#6433,#6434,#6435));
#11999=EDGE_LOOP('',(#6436,#6437,#6438,#6439));
#12000=EDGE_LOOP('',(#6440,#6441,#6442,#6443));
#12001=EDGE_LOOP('',(#6444,#6445,#6446,#6447));
#12002=EDGE_LOOP('',(#6448,#6449,#6450,#6451));
#12003=EDGE_LOOP('',(#6452,#6453,#6454,#6455));
#12004=EDGE_LOOP('',(#6456,#6457,#6458,#6459));
#12005=EDGE_LOOP('',(#6460,#6461,#6462,#6463));
#12006=EDGE_LOOP('',(#6464,#6465,#6466,#6467));
#12007=EDGE_LOOP('',(#6468,#6469,#6470,#6471));
#12008=EDGE_LOOP('',(#6472,#6473,#6474,#6475));
#12009=EDGE_LOOP('',(#6476,#6477,#6478,#6479));
#12010=EDGE_LOOP('',(#6480,#6481,#6482,#6483));
#12011=EDGE_LOOP('',(#6484,#6485,#6486,#6487));
#12012=EDGE_LOOP('',(#6488,#6489,#6490,#6491));
#12013=EDGE_LOOP('',(#6492,#6493,#6494,#6495));
#12014=EDGE_LOOP('',(#6496,#6497,#6498,#6499));
#12015=EDGE_LOOP('',(#6500,#6501,#6502,#6503));
#12016=EDGE_LOOP('',(#6504,#6505,#6506,#6507));
#12017=EDGE_LOOP('',(#6508,#6509,#6510,#6511));
#12018=EDGE_LOOP('',(#6512,#6513,#6514,#6515));
#12019=EDGE_LOOP('',(#6516,#6517,#6518,#6519));
#12020=EDGE_LOOP('',(#6520,#6521,#6522,#6523));
#12021=EDGE_LOOP('',(#6524,#6525,#6526,#6527));
#12022=EDGE_LOOP('',(#6528,#6529,#6530,#6531));
#12023=EDGE_LOOP('',(#6532,#6533,#6534,#6535));
#12024=EDGE_LOOP('',(#6536,#6537,#6538,#6539));
#12025=EDGE_LOOP('',(#6540,#6541,#6542,#6543));
#12026=EDGE_LOOP('',(#6544,#6545,#6546,#6547));
#12027=EDGE_LOOP('',(#6548,#6549,#6550,#6551));
#12028=EDGE_LOOP('',(#6552,#6553,#6554,#6555));
#12029=EDGE_LOOP('',(#6556,#6557,#6558,#6559));
#12030=EDGE_LOOP('',(#6560,#6561,#6562,#6563));
#12031=EDGE_LOOP('',(#6564,#6565,#6566,#6567));
#12032=EDGE_LOOP('',(#6568,#6569,#6570,#6571));
#12033=EDGE_LOOP('',(#6572,#6573,#6574,#6575));
#12034=EDGE_LOOP('',(#6576,#6577,#6578,#6579));
#12035=EDGE_LOOP('',(#6580,#6581,#6582,#6583));
#12036=EDGE_LOOP('',(#6584,#6585,#6586,#6587));
#12037=EDGE_LOOP('',(#6588,#6589,#6590,#6591));
#12038=EDGE_LOOP('',(#6592,#6593,#6594,#6595));
#12039=EDGE_LOOP('',(#6596,#6597,#6598,#6599));
#12040=EDGE_LOOP('',(#6600,#6601,#6602,#6603));
#12041=EDGE_LOOP('',(#6604,#6605,#6606,#6607));
#12042=EDGE_LOOP('',(#6608,#6609,#6610,#6611));
#12043=EDGE_LOOP('',(#6612,#6613,#6614,#6615));
#12044=EDGE_LOOP('',(#6616,#6617,#6618,#6619));
#12045=EDGE_LOOP('',(#6620,#6621,#6622,#6623));
#12046=EDGE_LOOP('',(#6624,#6625,#6626,#6627));
#12047=EDGE_LOOP('',(#6628,#6629,#6630,#6631));
#12048=EDGE_LOOP('',(#6632,#6633,#6634,#6635));
#12049=EDGE_LOOP('',(#6636,#6637,#6638,#6639));
#12050=EDGE_LOOP('',(#6640,#6641,#6642,#6643));
#12051=EDGE_LOOP('',(#6644,#6645,#6646,#6647));
#12052=EDGE_LOOP('',(#6648,#6649,#6650,#6651));
#12053=EDGE_LOOP('',(#6652,#6653,#6654,#6655));
#12054=EDGE_LOOP('',(#6656,#6657,#6658,#6659));
#12055=EDGE_LOOP('',(#6660,#6661,#6662,#6663));
#12056=EDGE_LOOP('',(#6664,#6665,#6666,#6667));
#12057=EDGE_LOOP('',(#6668,#6669,#6670,#6671));
#12058=EDGE_LOOP('',(#6672,#6673,#6674,#6675));
#12059=EDGE_LOOP('',(#6676,#6677,#6678,#6679));
#12060=EDGE_LOOP('',(#6680,#6681,#6682,#6683));
#12061=EDGE_LOOP('',(#6684,#6685,#6686,#6687));
#12062=EDGE_LOOP('',(#6688,#6689,#6690,#6691));
#12063=EDGE_LOOP('',(#6692,#6693,#6694,#6695));
#12064=EDGE_LOOP('',(#6696,#6697,#6698,#6699));
#12065=EDGE_LOOP('',(#6700,#6701,#6702,#6703));
#12066=EDGE_LOOP('',(#6704,#6705,#6706,#6707));
#12067=EDGE_LOOP('',(#6708,#6709,#6710,#6711));
#12068=EDGE_LOOP('',(#6712,#6713,#6714,#6715));
#12069=EDGE_LOOP('',(#6716,#6717,#6718,#6719));
#12070=EDGE_LOOP('',(#6720,#6721,#6722,#6723));
#12071=EDGE_LOOP('',(#6724,#6725,#6726,#6727));
#12072=EDGE_LOOP('',(#6728,#6729,#6730,#6731));
#12073=EDGE_LOOP('',(#6732,#6733,#6734,#6735));
#12074=EDGE_LOOP('',(#6736,#6737,#6738,#6739));
#12075=EDGE_LOOP('',(#6740,#6741,#6742,#6743));
#12076=EDGE_LOOP('',(#6744,#6745,#6746,#6747));
#12077=EDGE_LOOP('',(#6748,#6749,#6750,#6751));
#12078=EDGE_LOOP('',(#6752,#6753,#6754,#6755));
#12079=EDGE_LOOP('',(#6756,#6757,#6758,#6759));
#12080=EDGE_LOOP('',(#6760,#6761,#6762,#6763));
#12081=EDGE_LOOP('',(#6764,#6765,#6766,#6767));
#12082=EDGE_LOOP('',(#6768,#6769,#6770,#6771));
#12083=EDGE_LOOP('',(#6772,#6773,#6774,#6775));
#12084=EDGE_LOOP('',(#6776,#6777,#6778,#6779));
#12085=EDGE_LOOP('',(#6780,#6781,#6782,#6783));
#12086=EDGE_LOOP('',(#6784,#6785,#6786,#6787));
#12087=EDGE_LOOP('',(#6788,#6789,#6790,#6791));
#12088=EDGE_LOOP('',(#6792,#6793,#6794,#6795));
#12089=EDGE_LOOP('',(#6796,#6797,#6798,#6799));
#12090=EDGE_LOOP('',(#6800,#6801,#6802,#6803));
#12091=EDGE_LOOP('',(#6804,#6805,#6806,#6807));
#12092=EDGE_LOOP('',(#6808,#6809,#6810,#6811));
#12093=EDGE_LOOP('',(#6812,#6813,#6814,#6815));
#12094=EDGE_LOOP('',(#6816,#6817,#6818,#6819));
#12095=EDGE_LOOP('',(#6820,#6821,#6822,#6823));
#12096=EDGE_LOOP('',(#6824,#6825,#6826,#6827));
#12097=EDGE_LOOP('',(#6828,#6829,#6830,#6831));
#12098=EDGE_LOOP('',(#6832,#6833,#6834,#6835));
#12099=EDGE_LOOP('',(#6836,#6837,#6838,#6839));
#12100=EDGE_LOOP('',(#6840,#6841,#6842,#6843));
#12101=EDGE_LOOP('',(#6844,#6845,#6846,#6847));
#12102=EDGE_LOOP('',(#6848,#6849,#6850,#6851));
#12103=EDGE_LOOP('',(#6852,#6853,#6854,#6855));
#12104=EDGE_LOOP('',(#6856,#6857,#6858,#6859));
#12105=EDGE_LOOP('',(#6860,#6861,#6862,#6863));
#12106=EDGE_LOOP('',(#6864,#6865,#6866,#6867));
#12107=EDGE_LOOP('',(#6868,#6869,#6870,#6871));
#12108=EDGE_LOOP('',(#6872,#6873,#6874,#6875));
#12109=EDGE_LOOP('',(#6876,#6877,#6878,#6879));
#12110=EDGE_LOOP('',(#6880,#6881,#6882,#6883));
#12111=EDGE_LOOP('',(#6884,#6885,#6886,#6887));
#12112=EDGE_LOOP('',(#6888,#6889,#6890,#6891));
#12113=EDGE_LOOP('',(#6892,#6893,#6894,#6895));
#12114=EDGE_LOOP('',(#6896,#6897,#6898,#6899));
#12115=EDGE_LOOP('',(#6900,#6901,#6902,#6903));
#12116=EDGE_LOOP('',(#6904,#6905,#6906,#6907));
#12117=EDGE_LOOP('',(#6908,#6909,#6910,#6911));
#12118=EDGE_LOOP('',(#6912,#6913,#6914,#6915));
#12119=EDGE_LOOP('',(#6916,#6917,#6918,#6919));
#12120=EDGE_LOOP('',(#6920,#6921,#6922,#6923));
#12121=EDGE_LOOP('',(#6924,#6925,#6926,#6927));
#12122=EDGE_LOOP('',(#6928,#6929,#6930,#6931));
#12123=EDGE_LOOP('',(#6932,#6933,#6934,#6935));
#12124=EDGE_LOOP('',(#6936,#6937,#6938,#6939));
#12125=EDGE_LOOP('',(#6940,#6941,#6942,#6943));
#12126=EDGE_LOOP('',(#6944,#6945,#6946,#6947));
#12127=EDGE_LOOP('',(#6948,#6949,#6950,#6951));
#12128=EDGE_LOOP('',(#6952,#6953,#6954,#6955));
#12129=EDGE_LOOP('',(#6956,#6957,#6958,#6959));
#12130=EDGE_LOOP('',(#6960,#6961,#6962,#6963));
#12131=EDGE_LOOP('',(#6964,#6965,#6966,#6967));
#12132=EDGE_LOOP('',(#6968,#6969,#6970,#6971));
#12133=EDGE_LOOP('',(#6972,#6973,#6974,#6975));
#12134=EDGE_LOOP('',(#6976,#6977,#6978,#6979));
#12135=EDGE_LOOP('',(#6980,#6981,#6982,#6983));
#12136=EDGE_LOOP('',(#6984,#6985,#6986,#6987));
#12137=EDGE_LOOP('',(#6988,#6989,#6990,#6991));
#12138=EDGE_LOOP('',(#6992,#6993,#6994,#6995));
#12139=EDGE_LOOP('',(#6996,#6997,#6998,#6999));
#12140=EDGE_LOOP('',(#7000,#7001,#7002,#7003));
#12141=EDGE_LOOP('',(#7004,#7005,#7006,#7007));
#12142=EDGE_LOOP('',(#7008,#7009,#7010,#7011));
#12143=EDGE_LOOP('',(#7012,#7013,#7014,#7015));
#12144=EDGE_LOOP('',(#7016,#7017,#7018,#7019));
#12145=EDGE_LOOP('',(#7020,#7021,#7022,#7023));
#12146=EDGE_LOOP('',(#7024,#7025,#7026,#7027));
#12147=EDGE_LOOP('',(#7028,#7029,#7030,#7031));
#12148=EDGE_LOOP('',(#7032,#7033,#7034,#7035));
#12149=EDGE_LOOP('',(#7036,#7037,#7038,#7039));
#12150=EDGE_LOOP('',(#7040,#7041,#7042,#7043));
#12151=EDGE_LOOP('',(#7044,#7045,#7046,#7047));
#12152=EDGE_LOOP('',(#7048,#7049,#7050,#7051));
#12153=EDGE_LOOP('',(#7052,#7053,#7054,#7055));
#12154=EDGE_LOOP('',(#7056,#7057,#7058,#7059));
#12155=EDGE_LOOP('',(#7060,#7061,#7062,#7063));
#12156=EDGE_LOOP('',(#7064,#7065,#7066,#7067));
#12157=EDGE_LOOP('',(#7068,#7069,#7070,#7071));
#12158=EDGE_LOOP('',(#7072,#7073,#7074,#7075));
#12159=EDGE_LOOP('',(#7076,#7077,#7078,#7079));
#12160=EDGE_LOOP('',(#7080,#7081,#7082,#7083));
#12161=EDGE_LOOP('',(#7084,#7085,#7086,#7087));
#12162=EDGE_LOOP('',(#7088,#7089,#7090,#7091));
#12163=EDGE_LOOP('',(#7092,#7093,#7094,#7095));
#12164=EDGE_LOOP('',(#7096,#7097,#7098,#7099));
#12165=EDGE_LOOP('',(#7100,#7101,#7102,#7103));
#12166=EDGE_LOOP('',(#7104,#7105,#7106,#7107));
#12167=EDGE_LOOP('',(#7108,#7109,#7110,#7111));
#12168=EDGE_LOOP('',(#7112,#7113,#7114,#7115));
#12169=EDGE_LOOP('',(#7116,#7117,#7118,#7119));
#12170=EDGE_LOOP('',(#7120,#7121,#7122,#7123));
#12171=EDGE_LOOP('',(#7124,#7125,#7126,#7127));
#12172=EDGE_LOOP('',(#7128,#7129,#7130,#7131));
#12173=EDGE_LOOP('',(#7132,#7133,#7134,#7135));
#12174=EDGE_LOOP('',(#7136,#7137,#7138,#7139));
#12175=EDGE_LOOP('',(#7140,#7141,#7142,#7143));
#12176=EDGE_LOOP('',(#7144,#7145,#7146,#7147));
#12177=EDGE_LOOP('',(#7148,#7149,#7150,#7151));
#12178=EDGE_LOOP('',(#7152,#7153,#7154,#7155));
#12179=EDGE_LOOP('',(#7156,#7157,#7158,#7159));
#12180=EDGE_LOOP('',(#7160,#7161,#7162,#7163));
#12181=EDGE_LOOP('',(#7164,#7165,#7166,#7167));
#12182=EDGE_LOOP('',(#7168,#7169,#7170,#7171));
#12183=EDGE_LOOP('',(#7172,#7173,#7174,#7175));
#12184=EDGE_LOOP('',(#7176,#7177,#7178,#7179));
#12185=EDGE_LOOP('',(#7180,#7181,#7182,#7183));
#12186=EDGE_LOOP('',(#7184,#7185,#7186,#7187));
#12187=EDGE_LOOP('',(#7188,#7189,#7190,#7191));
#12188=EDGE_LOOP('',(#7192,#7193,#7194,#7195));
#12189=EDGE_LOOP('',(#7196,#7197,#7198,#7199));
#12190=EDGE_LOOP('',(#7200,#7201,#7202,#7203));
#12191=EDGE_LOOP('',(#7204,#7205,#7206,#7207));
#12192=EDGE_LOOP('',(#7208,#7209,#7210,#7211));
#12193=EDGE_LOOP('',(#7212,#7213,#7214,#7215));
#12194=EDGE_LOOP('',(#7216,#7217,#7218,#7219));
#12195=EDGE_LOOP('',(#7220,#7221,#7222,#7223));
#12196=EDGE_LOOP('',(#7224,#7225,#7226,#7227));
#12197=EDGE_LOOP('',(#7228,#7229,#7230,#7231));
#12198=EDGE_LOOP('',(#7232,#7233,#7234,#7235));
#12199=EDGE_LOOP('',(#7236,#7237,#7238,#7239));
#12200=EDGE_LOOP('',(#7240,#7241,#7242,#7243));
#12201=EDGE_LOOP('',(#7244,#7245,#7246,#7247));
#12202=EDGE_LOOP('',(#7248,#7249,#7250,#7251));
#12203=EDGE_LOOP('',(#7252,#7253,#7254,#7255));
#12204=EDGE_LOOP('',(#7256,#7257,#7258,#7259));
#12205=EDGE_LOOP('',(#7260,#7261,#7262,#7263));
#12206=EDGE_LOOP('',(#7264,#7265,#7266,#7267));
#12207=EDGE_LOOP('',(#7268,#7269,#7270,#7271));
#12208=EDGE_LOOP('',(#7272,#7273,#7274,#7275));
#12209=EDGE_LOOP('',(#7276,#7277,#7278,#7279));
#12210=EDGE_LOOP('',(#7280,#7281,#7282,#7283));
#12211=EDGE_LOOP('',(#7284,#7285,#7286,#7287));
#12212=EDGE_LOOP('',(#7288,#7289,#7290,#7291));
#12213=EDGE_LOOP('',(#7292,#7293,#7294,#7295));
#12214=EDGE_LOOP('',(#7296,#7297,#7298,#7299));
#12215=EDGE_LOOP('',(#7300,#7301,#7302,#7303));
#12216=EDGE_LOOP('',(#7304,#7305,#7306,#7307));
#12217=EDGE_LOOP('',(#7308,#7309,#7310,#7311));
#12218=EDGE_LOOP('',(#7312,#7313,#7314,#7315));
#12219=EDGE_LOOP('',(#7316,#7317,#7318,#7319));
#12220=EDGE_LOOP('',(#7320,#7321,#7322,#7323));
#12221=EDGE_LOOP('',(#7324,#7325,#7326,#7327));
#12222=EDGE_LOOP('',(#7328,#7329,#7330,#7331));
#12223=EDGE_LOOP('',(#7332,#7333,#7334,#7335));
#12224=EDGE_LOOP('',(#7336,#7337,#7338,#7339));
#12225=EDGE_LOOP('',(#7340,#7341,#7342,#7343));
#12226=EDGE_LOOP('',(#7344,#7345,#7346,#7347));
#12227=EDGE_LOOP('',(#7348,#7349,#7350,#7351));
#12228=EDGE_LOOP('',(#7352,#7353,#7354,#7355));
#12229=EDGE_LOOP('',(#7356,#7357,#7358,#7359));
#12230=EDGE_LOOP('',(#7360,#7361,#7362,#7363));
#12231=EDGE_LOOP('',(#7364,#7365,#7366,#7367));
#12232=EDGE_LOOP('',(#7368,#7369,#7370,#7371));
#12233=EDGE_LOOP('',(#7372,#7373,#7374,#7375));
#12234=EDGE_LOOP('',(#7376,#7377,#7378,#7379));
#12235=EDGE_LOOP('',(#7380,#7381,#7382,#7383));
#12236=EDGE_LOOP('',(#7384,#7385,#7386,#7387));
#12237=EDGE_LOOP('',(#7388,#7389,#7390,#7391));
#12238=EDGE_LOOP('',(#7392,#7393,#7394,#7395));
#12239=EDGE_LOOP('',(#7396,#7397,#7398,#7399));
#12240=EDGE_LOOP('',(#7400,#7401,#7402,#7403));
#12241=EDGE_LOOP('',(#7404,#7405,#7406,#7407));
#12242=EDGE_LOOP('',(#7408,#7409,#7410,#7411));
#12243=EDGE_LOOP('',(#7412,#7413,#7414,#7415));
#12244=EDGE_LOOP('',(#7416,#7417,#7418,#7419));
#12245=EDGE_LOOP('',(#7420,#7421,#7422,#7423));
#12246=EDGE_LOOP('',(#7424,#7425,#7426,#7427));
#12247=EDGE_LOOP('',(#7428,#7429,#7430,#7431));
#12248=EDGE_LOOP('',(#7432,#7433,#7434,#7435));
#12249=EDGE_LOOP('',(#7436,#7437,#7438,#7439));
#12250=EDGE_LOOP('',(#7440,#7441,#7442,#7443));
#12251=EDGE_LOOP('',(#7444,#7445,#7446,#7447));
#12252=EDGE_LOOP('',(#7448,#7449,#7450,#7451));
#12253=EDGE_LOOP('',(#7452,#7453,#7454,#7455));
#12254=EDGE_LOOP('',(#7456,#7457,#7458,#7459));
#12255=EDGE_LOOP('',(#7460,#7461,#7462,#7463));
#12256=EDGE_LOOP('',(#7464,#7465,#7466,#7467));
#12257=EDGE_LOOP('',(#7468,#7469,#7470,#7471));
#12258=EDGE_LOOP('',(#7472,#7473,#7474,#7475));
#12259=EDGE_LOOP('',(#7476,#7477,#7478,#7479));
#12260=EDGE_LOOP('',(#7480,#7481,#7482,#7483));
#12261=EDGE_LOOP('',(#7484,#7485,#7486,#7487));
#12262=EDGE_LOOP('',(#7488,#7489,#7490,#7491));
#12263=EDGE_LOOP('',(#7492,#7493,#7494,#7495));
#12264=EDGE_LOOP('',(#7496,#7497,#7498,#7499));
#12265=EDGE_LOOP('',(#7500,#7501,#7502,#7503));
#12266=EDGE_LOOP('',(#7504,#7505,#7506,#7507));
#12267=EDGE_LOOP('',(#7508,#7509,#7510,#7511));
#12268=EDGE_LOOP('',(#7512,#7513,#7514,#7515));
#12269=EDGE_LOOP('',(#7516,#7517,#7518,#7519));
#12270=EDGE_LOOP('',(#7520,#7521,#7522,#7523));
#12271=EDGE_LOOP('',(#7524,#7525,#7526,#7527));
#12272=EDGE_LOOP('',(#7528,#7529,#7530,#7531));
#12273=EDGE_LOOP('',(#7532,#7533,#7534,#7535));
#12274=EDGE_LOOP('',(#7536,#7537,#7538,#7539));
#12275=EDGE_LOOP('',(#7540,#7541,#7542,#7543));
#12276=EDGE_LOOP('',(#7544,#7545,#7546,#7547));
#12277=EDGE_LOOP('',(#7548,#7549,#7550,#7551));
#12278=EDGE_LOOP('',(#7552,#7553,#7554,#7555));
#12279=EDGE_LOOP('',(#7556,#7557,#7558,#7559));
#12280=EDGE_LOOP('',(#7560,#7561,#7562,#7563));
#12281=EDGE_LOOP('',(#7564,#7565,#7566,#7567));
#12282=EDGE_LOOP('',(#7568,#7569,#7570,#7571));
#12283=EDGE_LOOP('',(#7572,#7573,#7574,#7575));
#12284=EDGE_LOOP('',(#7576,#7577,#7578,#7579));
#12285=EDGE_LOOP('',(#7580,#7581,#7582,#7583));
#12286=EDGE_LOOP('',(#7584,#7585,#7586,#7587));
#12287=EDGE_LOOP('',(#7588,#7589,#7590,#7591));
#12288=EDGE_LOOP('',(#7592,#7593,#7594,#7595));
#12289=EDGE_LOOP('',(#7596,#7597,#7598,#7599));
#12290=EDGE_LOOP('',(#7600,#7601,#7602,#7603));
#12291=EDGE_LOOP('',(#7604,#7605,#7606,#7607));
#12292=EDGE_LOOP('',(#7608,#7609,#7610,#7611));
#12293=EDGE_LOOP('',(#7612,#7613,#7614,#7615));
#12294=EDGE_LOOP('',(#7616,#7617,#7618,#7619));
#12295=EDGE_LOOP('',(#7620,#7621,#7622,#7623));
#12296=EDGE_LOOP('',(#7624,#7625,#7626,#7627));
#12297=EDGE_LOOP('',(#7628,#7629,#7630,#7631));
#12298=EDGE_LOOP('',(#7632,#7633,#7634,#7635));
#12299=EDGE_LOOP('',(#7636,#7637,#7638,#7639));
#12300=EDGE_LOOP('',(#7640,#7641,#7642,#7643));
#12301=EDGE_LOOP('',(#7644,#7645,#7646,#7647));
#12302=EDGE_LOOP('',(#7648,#7649,#7650,#7651));
#12303=EDGE_LOOP('',(#7652,#7653,#7654,#7655));
#12304=EDGE_LOOP('',(#7656,#7657,#7658,#7659));
#12305=EDGE_LOOP('',(#7660,#7661,#7662,#7663));
#12306=EDGE_LOOP('',(#7664,#7665,#7666,#7667));
#12307=EDGE_LOOP('',(#7668,#7669,#7670,#7671));
#12308=EDGE_LOOP('',(#7672,#7673,#7674,#7675));
#12309=EDGE_LOOP('',(#7676,#7677,#7678,#7679));
#12310=EDGE_LOOP('',(#7680,#7681,#7682,#7683));
#12311=EDGE_LOOP('',(#7684,#7685,#7686,#7687));
#12312=EDGE_LOOP('',(#7688,#7689,#7690,#7691));
#12313=EDGE_LOOP('',(#7692,#7693,#7694,#7695));
#12314=EDGE_LOOP('',(#7696,#7697,#7698,#7699));
#12315=EDGE_LOOP('',(#7700,#7701,#7702,#7703));
#12316=EDGE_LOOP('',(#7704,#7705,#7706,#7707));
#12317=EDGE_LOOP('',(#7708,#7709,#7710,#7711));
#12318=EDGE_LOOP('',(#7712,#7713,#7714,#7715));
#12319=EDGE_LOOP('',(#7716,#7717,#7718,#7719));
#12320=EDGE_LOOP('',(#7720,#7721,#7722,#7723));
#12321=EDGE_LOOP('',(#7724,#7725,#7726,#7727));
#12322=EDGE_LOOP('',(#7728,#7729,#7730,#7731));
#12323=EDGE_LOOP('',(#7732,#7733,#7734,#7735));
#12324=EDGE_LOOP('',(#7736,#7737,#7738,#7739));
#12325=EDGE_LOOP('',(#7740,#7741,#7742,#7743));
#12326=EDGE_LOOP('',(#7744,#7745,#7746,#7747));
#12327=EDGE_LOOP('',(#7748,#7749,#7750,#7751));
#12328=EDGE_LOOP('',(#7752,#7753,#7754,#7755));
#12329=EDGE_LOOP('',(#7756,#7757,#7758,#7759));
#12330=EDGE_LOOP('',(#7760,#7761,#7762,#7763));
#12331=EDGE_LOOP('',(#7764,#7765,#7766,#7767));
#12332=EDGE_LOOP('',(#7768,#7769,#7770,#7771));
#12333=EDGE_LOOP('',(#7772,#7773,#7774,#7775));
#12334=EDGE_LOOP('',(#7776,#7777,#7778,#7779));
#12335=EDGE_LOOP('',(#7780,#7781,#7782,#7783));
#12336=EDGE_LOOP('',(#7784,#7785,#7786,#7787));
#12337=EDGE_LOOP('',(#7788,#7789,#7790,#7791));
#12338=EDGE_LOOP('',(#7792,#7793,#7794,#7795));
#12339=EDGE_LOOP('',(#7796,#7797,#7798,#7799));
#12340=EDGE_LOOP('',(#7800,#7801,#7802,#7803));
#12341=EDGE_LOOP('',(#7804,#7805,#7806,#7807));
#12342=EDGE_LOOP('',(#7808,#7809,#7810,#7811));
#12343=EDGE_LOOP('',(#7812,#7813,#7814,#7815));
#12344=EDGE_LOOP('',(#7816,#7817,#7818,#7819));
#12345=EDGE_LOOP('',(#7820,#7821,#7822,#7823));
#12346=EDGE_LOOP('',(#7824,#7825,#7826,#7827));
#12347=EDGE_LOOP('',(#7828,#7829,#7830,#7831));
#12348=EDGE_LOOP('',(#7832,#7833,#7834,#7835));
#12349=EDGE_LOOP('',(#7836,#7837,#7838,#7839));
#12350=EDGE_LOOP('',(#7840,#7841,#7842,#7843));
#12351=EDGE_LOOP('',(#7844,#7845,#7846,#7847));
#12352=EDGE_LOOP('',(#7848,#7849,#7850,#7851));
#12353=EDGE_LOOP('',(#7852,#7853,#7854,#7855));
#12354=EDGE_LOOP('',(#7856,#7857,#7858,#7859));
#12355=EDGE_LOOP('',(#7860,#7861,#7862,#7863));
#12356=EDGE_LOOP('',(#7864,#7865,#7866,#7867));
#12357=EDGE_LOOP('',(#7868,#7869,#7870,#7871));
#12358=EDGE_LOOP('',(#7872,#7873,#7874,#7875));
#12359=EDGE_LOOP('',(#7876,#7877,#7878,#7879));
#12360=EDGE_LOOP('',(#7880,#7881,#7882,#7883));
#12361=EDGE_LOOP('',(#7884,#7885,#7886,#7887));
#12362=EDGE_LOOP('',(#7888,#7889,#7890,#7891));
#12363=EDGE_LOOP('',(#7892,#7893,#7894,#7895));
#12364=EDGE_LOOP('',(#7896,#7897,#7898,#7899));
#12365=EDGE_LOOP('',(#7900,#7901,#7902,#7903));
#12366=EDGE_LOOP('',(#7904,#7905,#7906,#7907));
#12367=EDGE_LOOP('',(#7908,#7909,#7910,#7911));
#12368=EDGE_LOOP('',(#7912,#7913,#7914,#7915));
#12369=EDGE_LOOP('',(#7916,#7917,#7918,#7919));
#12370=EDGE_LOOP('',(#7920,#7921,#7922,#7923));
#12371=EDGE_LOOP('',(#7924,#7925,#7926,#7927));
#12372=EDGE_LOOP('',(#7928,#7929,#7930,#7931));
#12373=EDGE_LOOP('',(#7932,#7933,#7934,#7935));
#12374=EDGE_LOOP('',(#7936,#7937,#7938,#7939));
#12375=EDGE_LOOP('',(#7940,#7941,#7942,#7943));
#12376=EDGE_LOOP('',(#7944,#7945,#7946,#7947));
#12377=EDGE_LOOP('',(#7948,#7949,#7950,#7951));
#12378=EDGE_LOOP('',(#7952,#7953,#7954,#7955));
#12379=EDGE_LOOP('',(#7956,#7957,#7958,#7959));
#12380=EDGE_LOOP('',(#7960,#7961,#7962,#7963));
#12381=EDGE_LOOP('',(#7964,#7965,#7966,#7967));
#12382=EDGE_LOOP('',(#7968,#7969,#7970,#7971));
#12383=EDGE_LOOP('',(#7972,#7973,#7974,#7975));
#12384=EDGE_LOOP('',(#7976,#7977,#7978,#7979));
#12385=EDGE_LOOP('',(#7980,#7981,#7982,#7983));
#12386=EDGE_LOOP('',(#7984,#7985,#7986,#7987));
#12387=EDGE_LOOP('',(#7988,#7989,#7990,#7991));
#12388=EDGE_LOOP('',(#7992,#7993,#7994,#7995));
#12389=EDGE_LOOP('',(#7996,#7997,#7998,#7999));
#12390=EDGE_LOOP('',(#8000,#8001,#8002,#8003));
#12391=EDGE_LOOP('',(#8004,#8005,#8006,#8007));
#12392=EDGE_LOOP('',(#8008,#8009,#8010,#8011));
#12393=EDGE_LOOP('',(#8012,#8013,#8014,#8015));
#12394=EDGE_LOOP('',(#8016,#8017,#8018,#8019));
#12395=EDGE_LOOP('',(#8020,#8021,#8022,#8023));
#12396=EDGE_LOOP('',(#8024,#8025,#8026,#8027));
#12397=EDGE_LOOP('',(#8028,#8029,#8030,#8031));
#12398=EDGE_LOOP('',(#8032,#8033,#8034,#8035));
#12399=EDGE_LOOP('',(#8036,#8037,#8038,#8039));
#12400=EDGE_LOOP('',(#8040,#8041,#8042,#8043));
#12401=EDGE_LOOP('',(#8044,#8045,#8046,#8047));
#12402=EDGE_LOOP('',(#8048,#8049,#8050,#8051));
#12403=EDGE_LOOP('',(#8052,#8053,#8054,#8055));
#12404=EDGE_LOOP('',(#8056,#8057,#8058,#8059));
#12405=EDGE_LOOP('',(#8060,#8061,#8062,#8063));
#12406=EDGE_LOOP('',(#8064,#8065,#8066,#8067));
#12407=EDGE_LOOP('',(#8068,#8069,#8070,#8071));
#12408=EDGE_LOOP('',(#8072,#8073,#8074,#8075));
#12409=EDGE_LOOP('',(#8076,#8077,#8078,#8079));
#12410=EDGE_LOOP('',(#8080,#8081,#8082,#8083));
#12411=EDGE_LOOP('',(#8084,#8085,#8086,#8087));
#12412=EDGE_LOOP('',(#8088,#8089,#8090,#8091));
#12413=EDGE_LOOP('',(#8092,#8093,#8094,#8095));
#12414=EDGE_LOOP('',(#8096,#8097,#8098,#8099));
#12415=EDGE_LOOP('',(#8100,#8101,#8102,#8103));
#12416=EDGE_LOOP('',(#8104,#8105,#8106,#8107));
#12417=EDGE_LOOP('',(#8108,#8109,#8110,#8111));
#12418=EDGE_LOOP('',(#8112,#8113,#8114,#8115));
#12419=EDGE_LOOP('',(#8116,#8117,#8118,#8119));
#12420=EDGE_LOOP('',(#8120,#8121,#8122,#8123));
#12421=EDGE_LOOP('',(#8124,#8125,#8126,#8127));
#12422=EDGE_LOOP('',(#8128,#8129,#8130,#8131));
#12423=EDGE_LOOP('',(#8132,#8133,#8134,#8135));
#12424=EDGE_LOOP('',(#8136,#8137,#8138,#8139));
#12425=EDGE_LOOP('',(#8140,#8141,#8142,#8143));
#12426=EDGE_LOOP('',(#8144,#8145,#8146,#8147));
#12427=EDGE_LOOP('',(#8148,#8149,#8150,#8151));
#12428=EDGE_LOOP('',(#8152,#8153,#8154,#8155));
#12429=EDGE_LOOP('',(#8156,#8157,#8158,#8159));
#12430=EDGE_LOOP('',(#8160,#8161,#8162,#8163));
#12431=EDGE_LOOP('',(#8164,#8165,#8166,#8167));
#12432=EDGE_LOOP('',(#8168,#8169,#8170,#8171));
#12433=EDGE_LOOP('',(#8172,#8173,#8174,#8175));
#12434=EDGE_LOOP('',(#8176,#8177,#8178,#8179));
#12435=EDGE_LOOP('',(#8180,#8181,#8182,#8183));
#12436=EDGE_LOOP('',(#8184,#8185,#8186,#8187));
#12437=EDGE_LOOP('',(#8188,#8189,#8190,#8191));
#12438=EDGE_LOOP('',(#8192));
#12439=EDGE_LOOP('',(#8193));
#12440=EDGE_LOOP('',(#8194));
#12441=EDGE_LOOP('',(#8195));
#12442=FACE_BOUND('',#11478,.T.);
#12443=FACE_BOUND('',#11479,.T.);
#12444=FACE_BOUND('',#11480,.T.);
#12445=FACE_BOUND('',#11481,.T.);
#12446=FACE_BOUND('',#11482,.T.);
#12447=FACE_BOUND('',#11483,.T.);
#12448=FACE_BOUND('',#11484,.T.);
#12449=FACE_BOUND('',#11485,.T.);
#12450=FACE_BOUND('',#11486,.T.);
#12451=FACE_BOUND('',#11487,.T.);
#12452=FACE_BOUND('',#11488,.T.);
#12453=FACE_BOUND('',#11489,.T.);
#12454=FACE_BOUND('',#11490,.T.);
#12455=FACE_BOUND('',#11491,.T.);
#12456=FACE_BOUND('',#11492,.T.);
#12457=FACE_BOUND('',#11493,.T.);
#12458=FACE_BOUND('',#11494,.T.);
#12459=FACE_BOUND('',#11495,.T.);
#12460=FACE_BOUND('',#11496,.T.);
#12461=FACE_BOUND('',#11497,.T.);
#12462=FACE_BOUND('',#11498,.T.);
#12463=FACE_BOUND('',#11499,.T.);
#12464=FACE_BOUND('',#11500,.T.);
#12465=FACE_BOUND('',#11501,.T.);
#12466=FACE_BOUND('',#11502,.T.);
#12467=FACE_BOUND('',#11503,.T.);
#12468=FACE_BOUND('',#11504,.T.);
#12469=FACE_BOUND('',#11505,.T.);
#12470=FACE_BOUND('',#11506,.T.);
#12471=FACE_BOUND('',#11507,.T.);
#12472=FACE_BOUND('',#11508,.T.);
#12473=FACE_BOUND('',#11509,.T.);
#12474=FACE_BOUND('',#11510,.T.);
#12475=FACE_BOUND('',#11511,.T.);
#12476=FACE_BOUND('',#11512,.T.);
#12477=FACE_BOUND('',#11513,.T.);
#12478=FACE_BOUND('',#11514,.T.);
#12479=FACE_BOUND('',#11515,.T.);
#12480=FACE_BOUND('',#11516,.T.);
#12481=FACE_BOUND('',#11517,.T.);
#12482=FACE_BOUND('',#11518,.T.);
#12483=FACE_BOUND('',#11519,.T.);
#12484=FACE_BOUND('',#11520,.T.);
#12485=FACE_BOUND('',#11521,.T.);
#12486=FACE_BOUND('',#11522,.T.);
#12487=FACE_BOUND('',#11523,.T.);
#12488=FACE_BOUND('',#11524,.T.);
#12489=FACE_BOUND('',#11525,.T.);
#12490=FACE_BOUND('',#11526,.T.);
#12491=FACE_BOUND('',#11527,.T.);
#12492=FACE_BOUND('',#11528,.T.);
#12493=FACE_BOUND('',#11529,.T.);
#12494=FACE_BOUND('',#11530,.T.);
#12495=FACE_BOUND('',#11531,.T.);
#12496=FACE_BOUND('',#11532,.T.);
#12497=FACE_BOUND('',#11533,.T.);
#12498=FACE_BOUND('',#11534,.T.);
#12499=FACE_BOUND('',#11535,.T.);
#12500=FACE_BOUND('',#11536,.T.);
#12501=FACE_BOUND('',#11537,.T.);
#12502=FACE_BOUND('',#11538,.T.);
#12503=FACE_BOUND('',#11539,.T.);
#12504=FACE_BOUND('',#11540,.T.);
#12505=FACE_BOUND('',#11541,.T.);
#12506=FACE_BOUND('',#11542,.T.);
#12507=FACE_BOUND('',#11543,.T.);
#12508=FACE_BOUND('',#11544,.T.);
#12509=FACE_BOUND('',#11545,.T.);
#12510=FACE_BOUND('',#11546,.T.);
#12511=FACE_BOUND('',#11547,.T.);
#12512=FACE_BOUND('',#11548,.T.);
#12513=FACE_BOUND('',#11549,.T.);
#12514=FACE_BOUND('',#11550,.T.);
#12515=FACE_BOUND('',#11551,.T.);
#12516=FACE_BOUND('',#11552,.T.);
#12517=FACE_BOUND('',#11553,.T.);
#12518=FACE_BOUND('',#11554,.T.);
#12519=FACE_BOUND('',#11555,.T.);
#12520=FACE_BOUND('',#11556,.T.);
#12521=FACE_BOUND('',#11557,.T.);
#12522=FACE_BOUND('',#11558,.T.);
#12523=FACE_BOUND('',#11559,.T.);
#12524=FACE_BOUND('',#11560,.T.);
#12525=FACE_BOUND('',#11561,.T.);
#12526=FACE_BOUND('',#11562,.T.);
#12527=FACE_BOUND('',#11563,.T.);
#12528=FACE_BOUND('',#11564,.T.);
#12529=FACE_BOUND('',#11565,.T.);
#12530=FACE_BOUND('',#11566,.T.);
#12531=FACE_BOUND('',#11567,.T.);
#12532=FACE_BOUND('',#11568,.T.);
#12533=FACE_BOUND('',#11569,.T.);
#12534=FACE_BOUND('',#11570,.T.);
#12535=FACE_BOUND('',#11571,.T.);
#12536=FACE_BOUND('',#11572,.T.);
#12537=FACE_BOUND('',#11573,.T.);
#12538=FACE_BOUND('',#11574,.T.);
#12539=FACE_BOUND('',#11575,.T.);
#12540=FACE_BOUND('',#11576,.T.);
#12541=FACE_BOUND('',#11577,.T.);
#12542=FACE_BOUND('',#11578,.T.);
#12543=FACE_BOUND('',#11579,.T.);
#12544=FACE_BOUND('',#11580,.T.);
#12545=FACE_BOUND('',#11581,.T.);
#12546=FACE_BOUND('',#11582,.T.);
#12547=FACE_BOUND('',#11583,.T.);
#12548=FACE_BOUND('',#11584,.T.);
#12549=FACE_BOUND('',#11585,.T.);
#12550=FACE_BOUND('',#11586,.T.);
#12551=FACE_BOUND('',#11587,.T.);
#12552=FACE_BOUND('',#11588,.T.);
#12553=FACE_BOUND('',#11589,.T.);
#12554=FACE_BOUND('',#11590,.T.);
#12555=FACE_BOUND('',#11591,.T.);
#12556=FACE_BOUND('',#11592,.T.);
#12557=FACE_BOUND('',#11593,.T.);
#12558=FACE_BOUND('',#11594,.T.);
#12559=FACE_BOUND('',#11595,.T.);
#12560=FACE_BOUND('',#11596,.T.);
#12561=FACE_BOUND('',#11597,.T.);
#12562=FACE_BOUND('',#11598,.T.);
#12563=FACE_BOUND('',#11599,.T.);
#12564=FACE_BOUND('',#11600,.T.);
#12565=FACE_BOUND('',#11601,.T.);
#12566=FACE_BOUND('',#11602,.T.);
#12567=FACE_BOUND('',#11603,.T.);
#12568=FACE_BOUND('',#11604,.T.);
#12569=FACE_BOUND('',#11605,.T.);
#12570=FACE_BOUND('',#11606,.T.);
#12571=FACE_BOUND('',#11607,.T.);
#12572=FACE_BOUND('',#11608,.T.);
#12573=FACE_BOUND('',#11609,.T.);
#12574=FACE_BOUND('',#11610,.T.);
#12575=FACE_BOUND('',#11611,.T.);
#12576=FACE_BOUND('',#11612,.T.);
#12577=FACE_BOUND('',#11613,.T.);
#12578=FACE_BOUND('',#11614,.T.);
#12579=FACE_BOUND('',#11615,.T.);
#12580=FACE_BOUND('',#11616,.T.);
#12581=FACE_BOUND('',#11617,.T.);
#12582=FACE_BOUND('',#11618,.T.);
#12583=FACE_BOUND('',#11619,.T.);
#12584=FACE_BOUND('',#11620,.T.);
#12585=FACE_BOUND('',#11621,.T.);
#12586=FACE_BOUND('',#11622,.T.);
#12587=FACE_BOUND('',#11623,.T.);
#12588=FACE_BOUND('',#11624,.T.);
#12589=FACE_BOUND('',#11625,.T.);
#12590=FACE_BOUND('',#11626,.T.);
#12591=FACE_BOUND('',#11627,.T.);
#12592=FACE_BOUND('',#11628,.T.);
#12593=FACE_BOUND('',#11629,.T.);
#12594=FACE_BOUND('',#11630,.T.);
#12595=FACE_BOUND('',#11631,.T.);
#12596=FACE_BOUND('',#11632,.T.);
#12597=FACE_BOUND('',#11633,.T.);
#12598=FACE_BOUND('',#11634,.T.);
#12599=FACE_BOUND('',#11635,.T.);
#12600=FACE_BOUND('',#11636,.T.);
#12601=FACE_BOUND('',#11637,.T.);
#12602=FACE_BOUND('',#11638,.T.);
#12603=FACE_BOUND('',#11639,.T.);
#12604=FACE_BOUND('',#11640,.T.);
#12605=FACE_BOUND('',#11641,.T.);
#12606=FACE_BOUND('',#11642,.T.);
#12607=FACE_BOUND('',#11643,.T.);
#12608=FACE_BOUND('',#11644,.T.);
#12609=FACE_BOUND('',#11645,.T.);
#12610=FACE_BOUND('',#11646,.T.);
#12611=FACE_BOUND('',#11647,.T.);
#12612=FACE_BOUND('',#11648,.T.);
#12613=FACE_BOUND('',#11649,.T.);
#12614=FACE_BOUND('',#11650,.T.);
#12615=FACE_BOUND('',#11651,.T.);
#12616=FACE_BOUND('',#11652,.T.);
#12617=FACE_BOUND('',#11653,.T.);
#12618=FACE_BOUND('',#11654,.T.);
#12619=FACE_BOUND('',#11655,.T.);
#12620=FACE_BOUND('',#11656,.T.);
#12621=FACE_BOUND('',#11657,.T.);
#12622=FACE_BOUND('',#11658,.T.);
#12623=FACE_BOUND('',#11659,.T.);
#12624=FACE_BOUND('',#11660,.T.);
#12625=FACE_BOUND('',#11661,.T.);
#12626=FACE_BOUND('',#11662,.T.);
#12627=FACE_BOUND('',#11663,.T.);
#12628=FACE_BOUND('',#11664,.T.);
#12629=FACE_BOUND('',#11665,.T.);
#12630=FACE_BOUND('',#11666,.T.);
#12631=FACE_BOUND('',#11667,.T.);
#12632=FACE_BOUND('',#11668,.T.);
#12633=FACE_BOUND('',#11669,.T.);
#12634=FACE_BOUND('',#11670,.T.);
#12635=FACE_BOUND('',#11671,.T.);
#12636=FACE_BOUND('',#11672,.T.);
#12637=FACE_BOUND('',#11673,.T.);
#12638=FACE_BOUND('',#11674,.T.);
#12639=FACE_BOUND('',#11675,.T.);
#12640=FACE_BOUND('',#11676,.T.);
#12641=FACE_BOUND('',#11677,.T.);
#12642=FACE_BOUND('',#11678,.T.);
#12643=FACE_BOUND('',#11679,.T.);
#12644=FACE_BOUND('',#11680,.T.);
#12645=FACE_BOUND('',#11681,.T.);
#12646=FACE_BOUND('',#11682,.T.);
#12647=FACE_BOUND('',#11683,.T.);
#12648=FACE_BOUND('',#11684,.T.);
#12649=FACE_BOUND('',#11685,.T.);
#12650=FACE_BOUND('',#11686,.T.);
#12651=FACE_BOUND('',#11687,.T.);
#12652=FACE_BOUND('',#11688,.T.);
#12653=FACE_BOUND('',#11689,.T.);
#12654=FACE_BOUND('',#11690,.T.);
#12655=FACE_BOUND('',#11691,.T.);
#12656=FACE_BOUND('',#11692,.T.);
#12657=FACE_BOUND('',#11693,.T.);
#12658=FACE_BOUND('',#11694,.T.);
#12659=FACE_BOUND('',#11695,.T.);
#12660=FACE_BOUND('',#11696,.T.);
#12661=FACE_BOUND('',#11697,.T.);
#12662=FACE_BOUND('',#11698,.T.);
#12663=FACE_BOUND('',#11699,.T.);
#12664=FACE_BOUND('',#11700,.T.);
#12665=FACE_BOUND('',#11701,.T.);
#12666=FACE_BOUND('',#11702,.T.);
#12667=FACE_BOUND('',#11703,.T.);
#12668=FACE_BOUND('',#11704,.T.);
#12669=FACE_BOUND('',#11705,.T.);
#12670=FACE_BOUND('',#11706,.T.);
#12671=FACE_BOUND('',#11707,.T.);
#12672=FACE_BOUND('',#11708,.T.);
#12673=FACE_BOUND('',#11709,.T.);
#12674=FACE_BOUND('',#11710,.T.);
#12675=FACE_BOUND('',#11711,.T.);
#12676=FACE_BOUND('',#11712,.T.);
#12677=FACE_BOUND('',#11713,.T.);
#12678=FACE_BOUND('',#11714,.T.);
#12679=FACE_BOUND('',#11715,.T.);
#12680=FACE_BOUND('',#11716,.T.);
#12681=FACE_BOUND('',#11717,.T.);
#12682=FACE_BOUND('',#11718,.T.);
#12683=FACE_BOUND('',#11719,.T.);
#12684=FACE_BOUND('',#11720,.T.);
#12685=FACE_BOUND('',#11721,.T.);
#12686=FACE_BOUND('',#11722,.T.);
#12687=FACE_BOUND('',#11723,.T.);
#12688=FACE_BOUND('',#11724,.T.);
#12689=FACE_BOUND('',#11725,.T.);
#12690=FACE_BOUND('',#11726,.T.);
#12691=FACE_BOUND('',#11727,.T.);
#12692=FACE_BOUND('',#11728,.T.);
#12693=FACE_BOUND('',#11729,.T.);
#12694=FACE_BOUND('',#11730,.T.);
#12695=FACE_BOUND('',#11731,.T.);
#12696=FACE_BOUND('',#11732,.T.);
#12697=FACE_BOUND('',#11733,.T.);
#12698=FACE_BOUND('',#11734,.T.);
#12699=FACE_BOUND('',#11735,.T.);
#12700=FACE_BOUND('',#11736,.T.);
#12701=FACE_BOUND('',#11737,.T.);
#12702=FACE_BOUND('',#11738,.T.);
#12703=FACE_BOUND('',#11739,.T.);
#12704=FACE_BOUND('',#11740,.T.);
#12705=FACE_BOUND('',#11741,.T.);
#12706=FACE_BOUND('',#11742,.T.);
#12707=FACE_BOUND('',#11743,.T.);
#12708=FACE_BOUND('',#11744,.T.);
#12709=FACE_BOUND('',#11745,.T.);
#12710=FACE_BOUND('',#11746,.T.);
#12711=FACE_BOUND('',#11747,.T.);
#12712=FACE_BOUND('',#11748,.T.);
#12713=FACE_BOUND('',#11749,.T.);
#12714=FACE_BOUND('',#11750,.T.);
#12715=FACE_BOUND('',#11751,.T.);
#12716=FACE_BOUND('',#11752,.T.);
#12717=FACE_BOUND('',#11753,.T.);
#12718=FACE_BOUND('',#11754,.T.);
#12719=FACE_BOUND('',#11755,.T.);
#12720=FACE_BOUND('',#11756,.T.);
#12721=FACE_BOUND('',#11757,.T.);
#12722=FACE_BOUND('',#11758,.T.);
#12723=FACE_BOUND('',#11759,.T.);
#12724=FACE_BOUND('',#11760,.T.);
#12725=FACE_BOUND('',#11761,.T.);
#12726=FACE_BOUND('',#11762,.T.);
#12727=FACE_BOUND('',#11763,.T.);
#12728=FACE_BOUND('',#11764,.T.);
#12729=FACE_BOUND('',#11765,.T.);
#12730=FACE_BOUND('',#11766,.T.);
#12731=FACE_BOUND('',#11767,.T.);
#12732=FACE_BOUND('',#11768,.T.);
#12733=FACE_BOUND('',#11769,.T.);
#12734=FACE_BOUND('',#11770,.T.);
#12735=FACE_BOUND('',#11771,.T.);
#12736=FACE_BOUND('',#11772,.T.);
#12737=FACE_BOUND('',#11773,.T.);
#12738=FACE_BOUND('',#11774,.T.);
#12739=FACE_BOUND('',#11775,.T.);
#12740=FACE_BOUND('',#11776,.T.);
#12741=FACE_BOUND('',#11777,.T.);
#12742=FACE_BOUND('',#11778,.T.);
#12743=FACE_BOUND('',#11779,.T.);
#12744=FACE_BOUND('',#11780,.T.);
#12745=FACE_BOUND('',#11781,.T.);
#12746=FACE_BOUND('',#11782,.T.);
#12747=FACE_BOUND('',#11783,.T.);
#12748=FACE_BOUND('',#11784,.T.);
#12749=FACE_BOUND('',#11785,.T.);
#12750=FACE_BOUND('',#11786,.T.);
#12751=FACE_BOUND('',#11787,.T.);
#12752=FACE_BOUND('',#11788,.T.);
#12753=FACE_BOUND('',#11789,.T.);
#12754=FACE_BOUND('',#11790,.T.);
#12755=FACE_BOUND('',#11791,.T.);
#12756=FACE_BOUND('',#11792,.T.);
#12757=FACE_BOUND('',#11793,.T.);
#12758=FACE_BOUND('',#11794,.T.);
#12759=FACE_BOUND('',#11795,.T.);
#12760=FACE_BOUND('',#11796,.T.);
#12761=FACE_BOUND('',#11797,.T.);
#12762=FACE_BOUND('',#11798,.T.);
#12763=FACE_BOUND('',#11799,.T.);
#12764=FACE_BOUND('',#11800,.T.);
#12765=FACE_BOUND('',#11801,.T.);
#12766=FACE_BOUND('',#11802,.T.);
#12767=FACE_BOUND('',#11803,.T.);
#12768=FACE_BOUND('',#11804,.T.);
#12769=FACE_BOUND('',#11805,.T.);
#12770=FACE_BOUND('',#11806,.T.);
#12771=FACE_BOUND('',#11807,.T.);
#12772=FACE_BOUND('',#11808,.T.);
#12773=FACE_BOUND('',#11809,.T.);
#12774=FACE_BOUND('',#11810,.T.);
#12775=FACE_BOUND('',#11811,.T.);
#12776=FACE_BOUND('',#11812,.T.);
#12777=FACE_BOUND('',#11813,.T.);
#12778=FACE_BOUND('',#11814,.T.);
#12779=FACE_BOUND('',#11815,.T.);
#12780=FACE_BOUND('',#11816,.T.);
#12781=FACE_BOUND('',#11817,.T.);
#12782=FACE_BOUND('',#11818,.T.);
#12783=FACE_BOUND('',#11819,.T.);
#12784=FACE_BOUND('',#11820,.T.);
#12785=FACE_BOUND('',#11821,.T.);
#12786=FACE_BOUND('',#11822,.T.);
#12787=FACE_BOUND('',#11823,.T.);
#12788=FACE_BOUND('',#11824,.T.);
#12789=FACE_BOUND('',#11825,.T.);
#12790=FACE_BOUND('',#11826,.T.);
#12791=FACE_BOUND('',#11827,.T.);
#12792=FACE_BOUND('',#11828,.T.);
#12793=FACE_BOUND('',#11829,.T.);
#12794=FACE_BOUND('',#11830,.T.);
#12795=FACE_BOUND('',#11831,.T.);
#12796=FACE_BOUND('',#11832,.T.);
#12797=FACE_BOUND('',#11833,.T.);
#12798=FACE_BOUND('',#11834,.T.);
#12799=FACE_BOUND('',#11835,.T.);
#12800=FACE_BOUND('',#11836,.T.);
#12801=FACE_BOUND('',#11837,.T.);
#12802=FACE_BOUND('',#11838,.T.);
#12803=FACE_BOUND('',#11839,.T.);
#12804=FACE_BOUND('',#11840,.T.);
#12805=FACE_BOUND('',#11841,.T.);
#12806=FACE_BOUND('',#11842,.T.);
#12807=FACE_BOUND('',#11843,.T.);
#12808=FACE_BOUND('',#11844,.T.);
#12809=FACE_BOUND('',#11845,.T.);
#12810=FACE_BOUND('',#11846,.T.);
#12811=FACE_BOUND('',#11847,.T.);
#12812=FACE_BOUND('',#11848,.T.);
#12813=FACE_BOUND('',#11849,.T.);
#12814=FACE_BOUND('',#11850,.T.);
#12815=FACE_BOUND('',#11851,.T.);
#12816=FACE_BOUND('',#11852,.T.);
#12817=FACE_BOUND('',#11853,.T.);
#12818=FACE_BOUND('',#11854,.T.);
#12819=FACE_BOUND('',#11855,.T.);
#12820=FACE_BOUND('',#11856,.T.);
#12821=FACE_BOUND('',#11857,.T.);
#12822=FACE_BOUND('',#11858,.T.);
#12823=FACE_BOUND('',#11859,.T.);
#12824=FACE_BOUND('',#11860,.T.);
#12825=FACE_BOUND('',#11861,.T.);
#12826=FACE_BOUND('',#11862,.T.);
#12827=FACE_BOUND('',#11863,.T.);
#12828=FACE_BOUND('',#11864,.T.);
#12829=FACE_BOUND('',#11865,.T.);
#12830=FACE_BOUND('',#11866,.T.);
#12831=FACE_BOUND('',#11867,.T.);
#12832=FACE_BOUND('',#11868,.T.);
#12833=FACE_BOUND('',#11869,.T.);
#12834=FACE_BOUND('',#11870,.T.);
#12835=FACE_BOUND('',#11871,.T.);
#12836=FACE_BOUND('',#11872,.T.);
#12837=FACE_BOUND('',#11873,.T.);
#12838=FACE_BOUND('',#11874,.T.);
#12839=FACE_BOUND('',#11875,.T.);
#12840=FACE_BOUND('',#11876,.T.);
#12841=FACE_BOUND('',#11877,.T.);
#12842=FACE_BOUND('',#11878,.T.);
#12843=FACE_BOUND('',#11879,.T.);
#12844=FACE_BOUND('',#11880,.T.);
#12845=FACE_BOUND('',#11881,.T.);
#12846=FACE_BOUND('',#11882,.T.);
#12847=FACE_BOUND('',#11883,.T.);
#12848=FACE_BOUND('',#11884,.T.);
#12849=FACE_BOUND('',#11885,.T.);
#12850=FACE_BOUND('',#11886,.T.);
#12851=FACE_BOUND('',#11887,.T.);
#12852=FACE_BOUND('',#11888,.T.);
#12853=FACE_BOUND('',#11889,.T.);
#12854=FACE_BOUND('',#11890,.T.);
#12855=FACE_BOUND('',#11891,.T.);
#12856=FACE_BOUND('',#11892,.T.);
#12857=FACE_BOUND('',#11893,.T.);
#12858=FACE_BOUND('',#11894,.T.);
#12859=FACE_BOUND('',#11895,.T.);
#12860=FACE_BOUND('',#11896,.T.);
#12861=FACE_BOUND('',#11897,.T.);
#12862=FACE_BOUND('',#11898,.T.);
#12863=FACE_BOUND('',#11899,.T.);
#12864=FACE_BOUND('',#11900,.T.);
#12865=FACE_BOUND('',#11901,.T.);
#12866=FACE_BOUND('',#11902,.T.);
#12867=FACE_BOUND('',#11903,.T.);
#12868=FACE_BOUND('',#11904,.T.);
#12869=FACE_BOUND('',#11905,.T.);
#12870=FACE_BOUND('',#11906,.T.);
#12871=FACE_BOUND('',#11907,.T.);
#12872=FACE_BOUND('',#11908,.T.);
#12873=FACE_BOUND('',#11909,.T.);
#12874=FACE_BOUND('',#11910,.T.);
#12875=FACE_BOUND('',#11911,.T.);
#12876=FACE_BOUND('',#11912,.T.);
#12877=FACE_BOUND('',#11913,.T.);
#12878=FACE_BOUND('',#11914,.T.);
#12879=FACE_BOUND('',#11915,.T.);
#12880=FACE_BOUND('',#11916,.T.);
#12881=FACE_BOUND('',#11917,.T.);
#12882=FACE_BOUND('',#11918,.T.);
#12883=FACE_BOUND('',#11919,.T.);
#12884=FACE_BOUND('',#11920,.T.);
#12885=FACE_BOUND('',#11921,.T.);
#12886=FACE_BOUND('',#11922,.T.);
#12887=FACE_BOUND('',#11923,.T.);
#12888=FACE_BOUND('',#11924,.T.);
#12889=FACE_BOUND('',#11925,.T.);
#12890=FACE_BOUND('',#11926,.T.);
#12891=FACE_BOUND('',#11927,.T.);
#12892=FACE_BOUND('',#11928,.T.);
#12893=FACE_BOUND('',#11929,.T.);
#12894=FACE_BOUND('',#11930,.T.);
#12895=FACE_BOUND('',#11931,.T.);
#12896=FACE_BOUND('',#11932,.T.);
#12897=FACE_BOUND('',#11933,.T.);
#12898=FACE_BOUND('',#11934,.T.);
#12899=FACE_BOUND('',#11935,.T.);
#12900=FACE_BOUND('',#11936,.T.);
#12901=FACE_BOUND('',#11937,.T.);
#12902=FACE_BOUND('',#11938,.T.);
#12903=FACE_BOUND('',#11939,.T.);
#12904=FACE_BOUND('',#11940,.T.);
#12905=FACE_BOUND('',#11941,.T.);
#12906=FACE_BOUND('',#11942,.T.);
#12907=FACE_BOUND('',#11943,.T.);
#12908=FACE_BOUND('',#11944,.T.);
#12909=FACE_BOUND('',#11945,.T.);
#12910=FACE_BOUND('',#11946,.T.);
#12911=FACE_BOUND('',#11947,.T.);
#12912=FACE_BOUND('',#11948,.T.);
#12913=FACE_BOUND('',#11949,.T.);
#12914=FACE_BOUND('',#11950,.T.);
#12915=FACE_BOUND('',#11951,.T.);
#12916=FACE_BOUND('',#11952,.T.);
#12917=FACE_BOUND('',#11953,.T.);
#12918=FACE_BOUND('',#11954,.T.);
#12919=FACE_BOUND('',#11955,.T.);
#12920=FACE_BOUND('',#11956,.T.);
#12921=FACE_BOUND('',#11957,.T.);
#12922=FACE_BOUND('',#11958,.T.);
#12923=FACE_BOUND('',#11959,.T.);
#12924=FACE_BOUND('',#11960,.T.);
#12925=FACE_BOUND('',#11961,.T.);
#12926=FACE_BOUND('',#11962,.T.);
#12927=FACE_BOUND('',#11963,.T.);
#12928=FACE_BOUND('',#11964,.T.);
#12929=FACE_BOUND('',#11965,.T.);
#12930=FACE_BOUND('',#11966,.T.);
#12931=FACE_BOUND('',#11967,.T.);
#12932=FACE_BOUND('',#11968,.T.);
#12933=FACE_BOUND('',#11969,.T.);
#12934=FACE_BOUND('',#11970,.T.);
#12935=FACE_BOUND('',#11971,.T.);
#12936=FACE_BOUND('',#11972,.T.);
#12937=FACE_BOUND('',#11973,.T.);
#12938=FACE_BOUND('',#11974,.T.);
#12939=FACE_BOUND('',#11975,.T.);
#12940=FACE_BOUND('',#11976,.T.);
#12941=FACE_BOUND('',#11977,.T.);
#12942=FACE_BOUND('',#11978,.T.);
#12943=FACE_BOUND('',#11979,.T.);
#12944=FACE_BOUND('',#11980,.T.);
#12945=FACE_BOUND('',#11981,.T.);
#12946=FACE_BOUND('',#11982,.T.);
#12947=FACE_BOUND('',#11983,.T.);
#12948=FACE_BOUND('',#11984,.T.);
#12949=FACE_BOUND('',#11985,.T.);
#12950=FACE_BOUND('',#11986,.T.);
#12951=FACE_BOUND('',#11987,.T.);
#12952=FACE_BOUND('',#11988,.T.);
#12953=FACE_BOUND('',#11989,.T.);
#12954=FACE_BOUND('',#11990,.T.);
#12955=FACE_BOUND('',#11991,.T.);
#12956=FACE_BOUND('',#11992,.T.);
#12957=FACE_BOUND('',#11993,.T.);
#12958=FACE_BOUND('',#11994,.T.);
#12959=FACE_BOUND('',#11995,.T.);
#12960=FACE_BOUND('',#11996,.T.);
#12961=FACE_BOUND('',#11997,.T.);
#12962=FACE_BOUND('',#11998,.T.);
#12963=FACE_BOUND('',#11999,.T.);
#12964=FACE_BOUND('',#12000,.T.);
#12965=FACE_BOUND('',#12001,.T.);
#12966=FACE_BOUND('',#12002,.T.);
#12967=FACE_BOUND('',#12003,.T.);
#12968=FACE_BOUND('',#12004,.T.);
#12969=FACE_BOUND('',#12005,.T.);
#12970=FACE_BOUND('',#12006,.T.);
#12971=FACE_BOUND('',#12007,.T.);
#12972=FACE_BOUND('',#12008,.T.);
#12973=FACE_BOUND('',#12009,.T.);
#12974=FACE_BOUND('',#12010,.T.);
#12975=FACE_BOUND('',#12011,.T.);
#12976=FACE_BOUND('',#12012,.T.);
#12977=FACE_BOUND('',#12013,.T.);
#12978=FACE_BOUND('',#12014,.T.);
#12979=FACE_BOUND('',#12015,.T.);
#12980=FACE_BOUND('',#12016,.T.);
#12981=FACE_BOUND('',#12017,.T.);
#12982=FACE_BOUND('',#12018,.T.);
#12983=FACE_BOUND('',#12019,.T.);
#12984=FACE_BOUND('',#12020,.T.);
#12985=FACE_BOUND('',#12021,.T.);
#12986=FACE_BOUND('',#12022,.T.);
#12987=FACE_BOUND('',#12023,.T.);
#12988=FACE_BOUND('',#12024,.T.);
#12989=FACE_BOUND('',#12025,.T.);
#12990=FACE_BOUND('',#12026,.T.);
#12991=FACE_BOUND('',#12027,.T.);
#12992=FACE_BOUND('',#12028,.T.);
#12993=FACE_BOUND('',#12029,.T.);
#12994=FACE_BOUND('',#12030,.T.);
#12995=FACE_BOUND('',#12031,.T.);
#12996=FACE_BOUND('',#12032,.T.);
#12997=FACE_BOUND('',#12033,.T.);
#12998=FACE_BOUND('',#12034,.T.);
#12999=FACE_BOUND('',#12035,.T.);
#13000=FACE_BOUND('',#12036,.T.);
#13001=FACE_BOUND('',#12037,.T.);
#13002=FACE_BOUND('',#12038,.T.);
#13003=FACE_BOUND('',#12039,.T.);
#13004=FACE_BOUND('',#12040,.T.);
#13005=FACE_BOUND('',#12041,.T.);
#13006=FACE_BOUND('',#12042,.T.);
#13007=FACE_BOUND('',#12043,.T.);
#13008=FACE_BOUND('',#12044,.T.);
#13009=FACE_BOUND('',#12045,.T.);
#13010=FACE_BOUND('',#12046,.T.);
#13011=FACE_BOUND('',#12047,.T.);
#13012=FACE_BOUND('',#12048,.T.);
#13013=FACE_BOUND('',#12049,.T.);
#13014=FACE_BOUND('',#12050,.T.);
#13015=FACE_BOUND('',#12051,.T.);
#13016=FACE_BOUND('',#12052,.T.);
#13017=FACE_BOUND('',#12053,.T.);
#13018=FACE_BOUND('',#12054,.T.);
#13019=FACE_BOUND('',#12055,.T.);
#13020=FACE_BOUND('',#12056,.T.);
#13021=FACE_BOUND('',#12057,.T.);
#13022=FACE_BOUND('',#12058,.T.);
#13023=FACE_BOUND('',#12059,.T.);
#13024=FACE_BOUND('',#12060,.T.);
#13025=FACE_BOUND('',#12061,.T.);
#13026=FACE_BOUND('',#12062,.T.);
#13027=FACE_BOUND('',#12063,.T.);
#13028=FACE_BOUND('',#12064,.T.);
#13029=FACE_BOUND('',#12065,.T.);
#13030=FACE_BOUND('',#12066,.T.);
#13031=FACE_BOUND('',#12067,.T.);
#13032=FACE_BOUND('',#12068,.T.);
#13033=FACE_BOUND('',#12069,.T.);
#13034=FACE_BOUND('',#12070,.T.);
#13035=FACE_BOUND('',#12071,.T.);
#13036=FACE_BOUND('',#12072,.T.);
#13037=FACE_BOUND('',#12073,.T.);
#13038=FACE_BOUND('',#12074,.T.);
#13039=FACE_BOUND('',#12075,.T.);
#13040=FACE_BOUND('',#12076,.T.);
#13041=FACE_BOUND('',#12077,.T.);
#13042=FACE_BOUND('',#12078,.T.);
#13043=FACE_BOUND('',#12079,.T.);
#13044=FACE_BOUND('',#12080,.T.);
#13045=FACE_BOUND('',#12081,.T.);
#13046=FACE_BOUND('',#12082,.T.);
#13047=FACE_BOUND('',#12083,.T.);
#13048=FACE_BOUND('',#12084,.T.);
#13049=FACE_BOUND('',#12085,.T.);
#13050=FACE_BOUND('',#12086,.T.);
#13051=FACE_BOUND('',#12087,.T.);
#13052=FACE_BOUND('',#12088,.T.);
#13053=FACE_BOUND('',#12089,.T.);
#13054=FACE_BOUND('',#12090,.T.);
#13055=FACE_BOUND('',#12091,.T.);
#13056=FACE_BOUND('',#12092,.T.);
#13057=FACE_BOUND('',#12093,.T.);
#13058=FACE_BOUND('',#12094,.T.);
#13059=FACE_BOUND('',#12095,.T.);
#13060=FACE_BOUND('',#12096,.T.);
#13061=FACE_BOUND('',#12097,.T.);
#13062=FACE_BOUND('',#12098,.T.);
#13063=FACE_BOUND('',#12099,.T.);
#13064=FACE_BOUND('',#12100,.T.);
#13065=FACE_BOUND('',#12101,.T.);
#13066=FACE_BOUND('',#12102,.T.);
#13067=FACE_BOUND('',#12103,.T.);
#13068=FACE_BOUND('',#12104,.T.);
#13069=FACE_BOUND('',#12105,.T.);
#13070=FACE_BOUND('',#12106,.T.);
#13071=FACE_BOUND('',#12107,.T.);
#13072=FACE_BOUND('',#12108,.T.);
#13073=FACE_BOUND('',#12109,.T.);
#13074=FACE_BOUND('',#12110,.T.);
#13075=FACE_BOUND('',#12111,.T.);
#13076=FACE_BOUND('',#12112,.T.);
#13077=FACE_BOUND('',#12113,.T.);
#13078=FACE_BOUND('',#12114,.T.);
#13079=FACE_BOUND('',#12115,.T.);
#13080=FACE_BOUND('',#12116,.T.);
#13081=FACE_BOUND('',#12117,.T.);
#13082=FACE_BOUND('',#12118,.T.);
#13083=FACE_BOUND('',#12119,.T.);
#13084=FACE_BOUND('',#12120,.T.);
#13085=FACE_BOUND('',#12121,.T.);
#13086=FACE_BOUND('',#12122,.T.);
#13087=FACE_BOUND('',#12123,.T.);
#13088=FACE_BOUND('',#12124,.T.);
#13089=FACE_BOUND('',#12125,.T.);
#13090=FACE_BOUND('',#12126,.T.);
#13091=FACE_BOUND('',#12127,.T.);
#13092=FACE_BOUND('',#12128,.T.);
#13093=FACE_BOUND('',#12129,.T.);
#13094=FACE_BOUND('',#12130,.T.);
#13095=FACE_BOUND('',#12131,.T.);
#13096=FACE_BOUND('',#12132,.T.);
#13097=FACE_BOUND('',#12133,.T.);
#13098=FACE_BOUND('',#12134,.T.);
#13099=FACE_BOUND('',#12135,.T.);
#13100=FACE_BOUND('',#12136,.T.);
#13101=FACE_BOUND('',#12137,.T.);
#13102=FACE_BOUND('',#12138,.T.);
#13103=FACE_BOUND('',#12139,.T.);
#13104=FACE_BOUND('',#12140,.T.);
#13105=FACE_BOUND('',#12141,.T.);
#13106=FACE_BOUND('',#12142,.T.);
#13107=FACE_BOUND('',#12143,.T.);
#13108=FACE_BOUND('',#12144,.T.);
#13109=FACE_BOUND('',#12145,.T.);
#13110=FACE_BOUND('',#12146,.T.);
#13111=FACE_BOUND('',#12147,.T.);
#13112=FACE_BOUND('',#12148,.T.);
#13113=FACE_BOUND('',#12149,.T.);
#13114=FACE_BOUND('',#12150,.T.);
#13115=FACE_BOUND('',#12151,.T.);
#13116=FACE_BOUND('',#12152,.T.);
#13117=FACE_BOUND('',#12153,.T.);
#13118=FACE_BOUND('',#12154,.T.);
#13119=FACE_BOUND('',#12155,.T.);
#13120=FACE_BOUND('',#12156,.T.);
#13121=FACE_BOUND('',#12157,.T.);
#13122=FACE_BOUND('',#12158,.T.);
#13123=FACE_BOUND('',#12159,.T.);
#13124=FACE_BOUND('',#12160,.T.);
#13125=FACE_BOUND('',#12161,.T.);
#13126=FACE_BOUND('',#12162,.T.);
#13127=FACE_BOUND('',#12163,.T.);
#13128=FACE_BOUND('',#12164,.T.);
#13129=FACE_BOUND('',#12165,.T.);
#13130=FACE_BOUND('',#12166,.T.);
#13131=FACE_BOUND('',#12167,.T.);
#13132=FACE_BOUND('',#12168,.T.);
#13133=FACE_BOUND('',#12169,.T.);
#13134=FACE_BOUND('',#12170,.T.);
#13135=FACE_BOUND('',#12171,.T.);
#13136=FACE_BOUND('',#12172,.T.);
#13137=FACE_BOUND('',#12173,.T.);
#13138=FACE_BOUND('',#12174,.T.);
#13139=FACE_BOUND('',#12175,.T.);
#13140=FACE_BOUND('',#12176,.T.);
#13141=FACE_BOUND('',#12177,.T.);
#13142=FACE_BOUND('',#12178,.T.);
#13143=FACE_BOUND('',#12179,.T.);
#13144=FACE_BOUND('',#12180,.T.);
#13145=FACE_BOUND('',#12181,.T.);
#13146=FACE_BOUND('',#12182,.T.);
#13147=FACE_BOUND('',#12183,.T.);
#13148=FACE_BOUND('',#12184,.T.);
#13149=FACE_BOUND('',#12185,.T.);
#13150=FACE_BOUND('',#12186,.T.);
#13151=FACE_BOUND('',#12187,.T.);
#13152=FACE_BOUND('',#12188,.T.);
#13153=FACE_BOUND('',#12189,.T.);
#13154=FACE_BOUND('',#12190,.T.);
#13155=FACE_BOUND('',#12191,.T.);
#13156=FACE_BOUND('',#12192,.T.);
#13157=FACE_BOUND('',#12193,.T.);
#13158=FACE_BOUND('',#12194,.T.);
#13159=FACE_BOUND('',#12195,.T.);
#13160=FACE_BOUND('',#12196,.T.);
#13161=FACE_BOUND('',#12197,.T.);
#13162=FACE_BOUND('',#12198,.T.);
#13163=FACE_BOUND('',#12199,.T.);
#13164=FACE_BOUND('',#12200,.T.);
#13165=FACE_BOUND('',#12201,.T.);
#13166=FACE_BOUND('',#12202,.T.);
#13167=FACE_BOUND('',#12203,.T.);
#13168=FACE_BOUND('',#12204,.T.);
#13169=FACE_BOUND('',#12205,.T.);
#13170=FACE_BOUND('',#12206,.T.);
#13171=FACE_BOUND('',#12207,.T.);
#13172=FACE_BOUND('',#12208,.T.);
#13173=FACE_BOUND('',#12209,.T.);
#13174=FACE_BOUND('',#12210,.T.);
#13175=FACE_BOUND('',#12211,.T.);
#13176=FACE_BOUND('',#12212,.T.);
#13177=FACE_BOUND('',#12213,.T.);
#13178=FACE_BOUND('',#12214,.T.);
#13179=FACE_BOUND('',#12215,.T.);
#13180=FACE_BOUND('',#12216,.T.);
#13181=FACE_BOUND('',#12217,.T.);
#13182=FACE_BOUND('',#12218,.T.);
#13183=FACE_BOUND('',#12219,.T.);
#13184=FACE_BOUND('',#12220,.T.);
#13185=FACE_BOUND('',#12221,.T.);
#13186=FACE_BOUND('',#12222,.T.);
#13187=FACE_BOUND('',#12223,.T.);
#13188=FACE_BOUND('',#12224,.T.);
#13189=FACE_BOUND('',#12225,.T.);
#13190=FACE_BOUND('',#12226,.T.);
#13191=FACE_BOUND('',#12227,.T.);
#13192=FACE_BOUND('',#12228,.T.);
#13193=FACE_BOUND('',#12229,.T.);
#13194=FACE_BOUND('',#12230,.T.);
#13195=FACE_BOUND('',#12231,.T.);
#13196=FACE_BOUND('',#12232,.T.);
#13197=FACE_BOUND('',#12233,.T.);
#13198=FACE_BOUND('',#12234,.T.);
#13199=FACE_BOUND('',#12235,.T.);
#13200=FACE_BOUND('',#12236,.T.);
#13201=FACE_BOUND('',#12237,.T.);
#13202=FACE_BOUND('',#12238,.T.);
#13203=FACE_BOUND('',#12239,.T.);
#13204=FACE_BOUND('',#12240,.T.);
#13205=FACE_BOUND('',#12241,.T.);
#13206=FACE_BOUND('',#12242,.T.);
#13207=FACE_BOUND('',#12243,.T.);
#13208=FACE_BOUND('',#12244,.T.);
#13209=FACE_BOUND('',#12245,.T.);
#13210=FACE_BOUND('',#12246,.T.);
#13211=FACE_BOUND('',#12247,.T.);
#13212=FACE_BOUND('',#12248,.T.);
#13213=FACE_BOUND('',#12249,.T.);
#13214=FACE_BOUND('',#12250,.T.);
#13215=FACE_BOUND('',#12251,.T.);
#13216=FACE_BOUND('',#12252,.T.);
#13217=FACE_BOUND('',#12253,.T.);
#13218=FACE_BOUND('',#12254,.T.);
#13219=FACE_BOUND('',#12255,.T.);
#13220=FACE_BOUND('',#12256,.T.);
#13221=FACE_BOUND('',#12257,.T.);
#13222=FACE_BOUND('',#12258,.T.);
#13223=FACE_BOUND('',#12259,.T.);
#13224=FACE_BOUND('',#12260,.T.);
#13225=FACE_BOUND('',#12261,.T.);
#13226=FACE_BOUND('',#12262,.T.);
#13227=FACE_BOUND('',#12263,.T.);
#13228=FACE_BOUND('',#12264,.T.);
#13229=FACE_BOUND('',#12265,.T.);
#13230=FACE_BOUND('',#12266,.T.);
#13231=FACE_BOUND('',#12267,.T.);
#13232=FACE_BOUND('',#12268,.T.);
#13233=FACE_BOUND('',#12269,.T.);
#13234=FACE_BOUND('',#12270,.T.);
#13235=FACE_BOUND('',#12271,.T.);
#13236=FACE_BOUND('',#12272,.T.);
#13237=FACE_BOUND('',#12273,.T.);
#13238=FACE_BOUND('',#12274,.T.);
#13239=FACE_BOUND('',#12275,.T.);
#13240=FACE_BOUND('',#12276,.T.);
#13241=FACE_BOUND('',#12277,.T.);
#13242=FACE_BOUND('',#12278,.T.);
#13243=FACE_BOUND('',#12279,.T.);
#13244=FACE_BOUND('',#12280,.T.);
#13245=FACE_BOUND('',#12281,.T.);
#13246=FACE_BOUND('',#12282,.T.);
#13247=FACE_BOUND('',#12283,.T.);
#13248=FACE_BOUND('',#12284,.T.);
#13249=FACE_BOUND('',#12285,.T.);
#13250=FACE_BOUND('',#12286,.T.);
#13251=FACE_BOUND('',#12287,.T.);
#13252=FACE_BOUND('',#12288,.T.);
#13253=FACE_BOUND('',#12289,.T.);
#13254=FACE_BOUND('',#12290,.T.);
#13255=FACE_BOUND('',#12291,.T.);
#13256=FACE_BOUND('',#12292,.T.);
#13257=FACE_BOUND('',#12293,.T.);
#13258=FACE_BOUND('',#12294,.T.);
#13259=FACE_BOUND('',#12295,.T.);
#13260=FACE_BOUND('',#12296,.T.);
#13261=FACE_BOUND('',#12297,.T.);
#13262=FACE_BOUND('',#12298,.T.);
#13263=FACE_BOUND('',#12299,.T.);
#13264=FACE_BOUND('',#12300,.T.);
#13265=FACE_BOUND('',#12301,.T.);
#13266=FACE_BOUND('',#12302,.T.);
#13267=FACE_BOUND('',#12303,.T.);
#13268=FACE_BOUND('',#12304,.T.);
#13269=FACE_BOUND('',#12305,.T.);
#13270=FACE_BOUND('',#12306,.T.);
#13271=FACE_BOUND('',#12307,.T.);
#13272=FACE_BOUND('',#12308,.T.);
#13273=FACE_BOUND('',#12309,.T.);
#13274=FACE_BOUND('',#12310,.T.);
#13275=FACE_BOUND('',#12311,.T.);
#13276=FACE_BOUND('',#12312,.T.);
#13277=FACE_BOUND('',#12313,.T.);
#13278=FACE_BOUND('',#12314,.T.);
#13279=FACE_BOUND('',#12315,.T.);
#13280=FACE_BOUND('',#12316,.T.);
#13281=FACE_BOUND('',#12317,.T.);
#13282=FACE_BOUND('',#12318,.T.);
#13283=FACE_BOUND('',#12319,.T.);
#13284=FACE_BOUND('',#12320,.T.);
#13285=FACE_BOUND('',#12321,.T.);
#13286=FACE_BOUND('',#12322,.T.);
#13287=FACE_BOUND('',#12323,.T.);
#13288=FACE_BOUND('',#12324,.T.);
#13289=FACE_BOUND('',#12325,.T.);
#13290=FACE_BOUND('',#12326,.T.);
#13291=FACE_BOUND('',#12327,.T.);
#13292=FACE_BOUND('',#12328,.T.);
#13293=FACE_BOUND('',#12329,.T.);
#13294=FACE_BOUND('',#12330,.T.);
#13295=FACE_BOUND('',#12331,.T.);
#13296=FACE_BOUND('',#12332,.T.);
#13297=FACE_BOUND('',#12333,.T.);
#13298=FACE_BOUND('',#12334,.T.);
#13299=FACE_BOUND('',#12335,.T.);
#13300=FACE_BOUND('',#12336,.T.);
#13301=FACE_BOUND('',#12337,.T.);
#13302=FACE_BOUND('',#12338,.T.);
#13303=FACE_BOUND('',#12339,.T.);
#13304=FACE_BOUND('',#12340,.T.);
#13305=FACE_BOUND('',#12341,.T.);
#13306=FACE_BOUND('',#12342,.T.);
#13307=FACE_BOUND('',#12343,.T.);
#13308=FACE_BOUND('',#12344,.T.);
#13309=FACE_BOUND('',#12345,.T.);
#13310=FACE_BOUND('',#12346,.T.);
#13311=FACE_BOUND('',#12347,.T.);
#13312=FACE_BOUND('',#12348,.T.);
#13313=FACE_BOUND('',#12349,.T.);
#13314=FACE_BOUND('',#12350,.T.);
#13315=FACE_BOUND('',#12351,.T.);
#13316=FACE_BOUND('',#12352,.T.);
#13317=FACE_BOUND('',#12353,.T.);
#13318=FACE_BOUND('',#12354,.T.);
#13319=FACE_BOUND('',#12355,.T.);
#13320=FACE_BOUND('',#12356,.T.);
#13321=FACE_BOUND('',#12357,.T.);
#13322=FACE_BOUND('',#12358,.T.);
#13323=FACE_BOUND('',#12359,.T.);
#13324=FACE_BOUND('',#12360,.T.);
#13325=FACE_BOUND('',#12361,.T.);
#13326=FACE_BOUND('',#12362,.T.);
#13327=FACE_BOUND('',#12363,.T.);
#13328=FACE_BOUND('',#12364,.T.);
#13329=FACE_BOUND('',#12365,.T.);
#13330=FACE_BOUND('',#12366,.T.);
#13331=FACE_BOUND('',#12367,.T.);
#13332=FACE_BOUND('',#12368,.T.);
#13333=FACE_BOUND('',#12369,.T.);
#13334=FACE_BOUND('',#12370,.T.);
#13335=FACE_BOUND('',#12371,.T.);
#13336=FACE_BOUND('',#12372,.T.);
#13337=FACE_BOUND('',#12373,.T.);
#13338=FACE_BOUND('',#12374,.T.);
#13339=FACE_BOUND('',#12375,.T.);
#13340=FACE_BOUND('',#12376,.T.);
#13341=FACE_BOUND('',#12377,.T.);
#13342=FACE_BOUND('',#12378,.T.);
#13343=FACE_BOUND('',#12379,.T.);
#13344=FACE_BOUND('',#12380,.T.);
#13345=FACE_BOUND('',#12381,.T.);
#13346=FACE_BOUND('',#12382,.T.);
#13347=FACE_BOUND('',#12383,.T.);
#13348=FACE_BOUND('',#12384,.T.);
#13349=FACE_BOUND('',#12385,.T.);
#13350=FACE_BOUND('',#12386,.T.);
#13351=FACE_BOUND('',#12387,.T.);
#13352=FACE_BOUND('',#12388,.T.);
#13353=FACE_BOUND('',#12389,.T.);
#13354=FACE_BOUND('',#12390,.T.);
#13355=FACE_BOUND('',#12391,.T.);
#13356=FACE_BOUND('',#12392,.T.);
#13357=FACE_BOUND('',#12393,.T.);
#13358=FACE_BOUND('',#12394,.T.);
#13359=FACE_BOUND('',#12395,.T.);
#13360=FACE_BOUND('',#12396,.T.);
#13361=FACE_BOUND('',#12397,.T.);
#13362=FACE_BOUND('',#12398,.T.);
#13363=FACE_BOUND('',#12399,.T.);
#13364=FACE_BOUND('',#12400,.T.);
#13365=FACE_BOUND('',#12401,.T.);
#13366=FACE_BOUND('',#12402,.T.);
#13367=FACE_BOUND('',#12403,.T.);
#13368=FACE_BOUND('',#12404,.T.);
#13369=FACE_BOUND('',#12405,.T.);
#13370=FACE_BOUND('',#12406,.T.);
#13371=FACE_BOUND('',#12407,.T.);
#13372=FACE_BOUND('',#12408,.T.);
#13373=FACE_BOUND('',#12409,.T.);
#13374=FACE_BOUND('',#12410,.T.);
#13375=FACE_BOUND('',#12411,.T.);
#13376=FACE_BOUND('',#12412,.T.);
#13377=FACE_BOUND('',#12413,.T.);
#13378=FACE_BOUND('',#12414,.T.);
#13379=FACE_BOUND('',#12415,.T.);
#13380=FACE_BOUND('',#12416,.T.);
#13381=FACE_BOUND('',#12417,.T.);
#13382=FACE_BOUND('',#12418,.T.);
#13383=FACE_BOUND('',#12419,.T.);
#13384=FACE_BOUND('',#12420,.T.);
#13385=FACE_BOUND('',#12421,.T.);
#13386=FACE_BOUND('',#12422,.T.);
#13387=FACE_BOUND('',#12423,.T.);
#13388=FACE_BOUND('',#12424,.T.);
#13389=FACE_BOUND('',#12425,.T.);
#13390=FACE_BOUND('',#12426,.T.);
#13391=FACE_BOUND('',#12427,.T.);
#13392=FACE_BOUND('',#12428,.T.);
#13393=FACE_BOUND('',#12429,.T.);
#13394=FACE_BOUND('',#12430,.T.);
#13395=FACE_BOUND('',#12431,.T.);
#13396=FACE_BOUND('',#12432,.T.);
#13397=FACE_BOUND('',#12433,.T.);
#13398=FACE_BOUND('',#12434,.T.);
#13399=FACE_BOUND('',#12435,.T.);
#13400=FACE_BOUND('',#12436,.T.);
#13401=FACE_BOUND('',#12437,.T.);
#13402=FACE_BOUND('',#12438,.T.);
#13403=FACE_BOUND('',#12439,.T.);
#13404=FACE_BOUND('',#12440,.T.);
#13405=FACE_BOUND('',#12441,.T.);
#13406=CYLINDRICAL_SURFACE('',#14099,0.03);
#13407=CYLINDRICAL_SURFACE('',#14153,0.09);
#13408=CYLINDRICAL_SURFACE('',#14781,0.085);
#13409=CYLINDRICAL_SURFACE('',#14782,0.085);
#13410=CYLINDRICAL_SURFACE('',#14783,0.085);
#13411=CYLINDRICAL_SURFACE('',#14784,0.085);
#13412=CYLINDRICAL_SURFACE('',#14785,0.085);
#13413=CYLINDRICAL_SURFACE('',#14786,0.085);
#13414=CYLINDRICAL_SURFACE('',#14787,0.085);
#13415=CYLINDRICAL_SURFACE('',#14788,0.085);
#13416=CYLINDRICAL_SURFACE('',#14789,0.085);
#13417=CYLINDRICAL_SURFACE('',#14790,0.085);
#13418=CYLINDRICAL_SURFACE('',#14791,0.085);
#13419=CYLINDRICAL_SURFACE('',#14792,0.085);
#13420=CYLINDRICAL_SURFACE('',#14793,0.085);
#13421=CYLINDRICAL_SURFACE('',#14794,0.085);
#13422=CYLINDRICAL_SURFACE('',#14795,0.085);
#13423=CYLINDRICAL_SURFACE('',#14796,0.085);
#13424=CYLINDRICAL_SURFACE('',#14797,0.085);
#13425=CYLINDRICAL_SURFACE('',#14798,0.085);
#13426=CYLINDRICAL_SURFACE('',#14799,0.085);
#13427=CYLINDRICAL_SURFACE('',#14800,0.085);
#13428=CYLINDRICAL_SURFACE('',#14801,0.085);
#13429=CYLINDRICAL_SURFACE('',#14802,0.085);
#13430=CYLINDRICAL_SURFACE('',#14803,0.085);
#13431=CYLINDRICAL_SURFACE('',#14804,0.085);
#13432=CYLINDRICAL_SURFACE('',#14805,0.035);
#13433=CYLINDRICAL_SURFACE('',#14806,0.035);
#13434=CYLINDRICAL_SURFACE('',#14807,0.035);
#13435=CYLINDRICAL_SURFACE('',#14808,0.035);
#13436=CYLINDRICAL_SURFACE('',#14809,0.035);
#13437=CYLINDRICAL_SURFACE('',#14810,0.035);
#13438=CYLINDRICAL_SURFACE('',#14811,0.035);
#13439=CYLINDRICAL_SURFACE('',#14812,0.035);
#13440=ADVANCED_FACE('',(#12442,#12443),#13406,.F.);
#13441=ADVANCED_FACE('',(#12444,#12445,#12446,#12447,#12448,#12449,#12450,
#12451,#12452,#12453,#12454,#12455,#12456,#12457,#12458,#12459,#12460,#12461,
#12462,#12463,#12464,#12465,#12466,#12467,#12468,#12469,#12470,#12471,#12472,
#12473,#12474,#12475,#12476,#12477,#12478,#12479,#12480,#12481,#12482,#12483,
#12484,#12485,#12486,#12487,#12488,#12489,#12490,#12491,#12492,#12493,#12494,
#12495,#12496,#12497,#12498,#12499,#12500,#12501,#12502,#12503,#12504,#12505,
#12506,#12507,#12508,#12509,#12510,#12511,#12512,#12513,#12514,#12515,#12516,
#12517,#12518,#12519,#12520,#12521,#12522,#12523,#12524,#12525,#12526,#12527,
#12528,#12529,#12530,#12531,#12532,#12533,#12534,#12535,#12536,#12537,#12538,
#12539,#12540,#12541,#12542,#12543,#12544,#12545,#12546,#12547,#12548,#12549,
#12550,#12551,#12552,#12553,#12554,#12555,#12556,#12557,#12558,#12559,#12560,
#12561,#12562,#12563,#12564,#12565,#12566,#12567,#12568,#12569,#12570,#12571,
#12572,#12573,#12574,#12575,#12576,#12577,#12578,#12579,#12580,#12581,#12582,
#12583,#12584,#12585,#12586,#12587,#12588,#12589,#12590,#12591,#12592,#12593,
#12594,#12595,#12596,#12597,#12598,#12599,#12600,#12601),#3734,.F.);
#13442=ADVANCED_FACE('',(#12602),#3735,.F.);
#13443=ADVANCED_FACE('',(#12603),#3736,.T.);
#13444=ADVANCED_FACE('',(#12604),#3737,.F.);
#13445=ADVANCED_FACE('',(#12605),#3738,.T.);
#13446=ADVANCED_FACE('',(#12606),#3739,.F.);
#13447=ADVANCED_FACE('',(#12607),#3740,.T.);
#13448=ADVANCED_FACE('',(#12608),#3741,.F.);
#13449=ADVANCED_FACE('',(#12609),#3742,.T.);
#13450=ADVANCED_FACE('',(#12610),#3743,.F.);
#13451=ADVANCED_FACE('',(#12611),#3744,.T.);
#13452=ADVANCED_FACE('',(#12612),#3745,.F.);
#13453=ADVANCED_FACE('',(#12613),#3746,.T.);
#13454=ADVANCED_FACE('',(#12614),#3747,.F.);
#13455=ADVANCED_FACE('',(#12615),#3748,.T.);
#13456=ADVANCED_FACE('',(#12616),#3749,.F.);
#13457=ADVANCED_FACE('',(#12617),#3750,.T.);
#13458=ADVANCED_FACE('',(#12618,#12619),#13407,.T.);
#13459=ADVANCED_FACE('',(#12620,#12621,#12622,#12623,#12624,#12625,#12626,
#12627,#12628,#12629,#12630,#12631,#12632,#12633,#12634,#12635,#12636,#12637,
#12638,#12639,#12640,#12641,#12642,#12643,#12644,#12645,#12646,#12647,#12648,
#12649,#12650,#12651,#12652,#12653,#12654,#12655,#12656,#12657,#12658,#12659,
#12660,#12661,#12662,#12663,#12664,#12665,#12666,#12667,#12668,#12669,#12670,
#12671,#12672,#12673,#12674,#12675,#12676,#12677,#12678,#12679,#12680,#12681,
#12682,#12683,#12684,#12685,#12686,#12687,#12688,#12689,#12690,#12691,#12692,
#12693,#12694,#12695,#12696,#12697,#12698,#12699,#12700,#12701,#12702,#12703,
#12704,#12705,#12706,#12707,#12708,#12709,#12710,#12711,#12712,#12713,#12714,
#12715,#12716,#12717,#12718,#12719,#12720,#12721,#12722,#12723,#12724,#12725,
#12726,#12727,#12728,#12729,#12730,#12731,#12732,#12733,#12734,#12735,#12736,
#12737,#12738,#12739,#12740,#12741,#12742,#12743,#12744,#12745,#12746,#12747,
#12748,#12749,#12750,#12751,#12752,#12753,#12754,#12755,#12756,#12757,#12758,
#12759,#12760,#12761,#12762,#12763,#12764,#12765,#12766,#12767,#12768,#12769,
#12770,#12771,#12772,#12773,#12774,#12775,#12776,#12777),#3751,.T.);
#13460=ADVANCED_FACE('',(#12778),#3752,.F.);
#13461=ADVANCED_FACE('',(#12779),#3753,.F.);
#13462=ADVANCED_FACE('',(#12780),#3754,.T.);
#13463=ADVANCED_FACE('',(#12781),#3755,.T.);
#13464=ADVANCED_FACE('',(#12782),#3756,.F.);
#13465=ADVANCED_FACE('',(#12783),#3757,.F.);
#13466=ADVANCED_FACE('',(#12784),#3758,.T.);
#13467=ADVANCED_FACE('',(#12785),#3759,.T.);
#13468=ADVANCED_FACE('',(#12786),#3760,.F.);
#13469=ADVANCED_FACE('',(#12787),#3761,.F.);
#13470=ADVANCED_FACE('',(#12788),#3762,.T.);
#13471=ADVANCED_FACE('',(#12789),#3763,.T.);
#13472=ADVANCED_FACE('',(#12790),#3764,.F.);
#13473=ADVANCED_FACE('',(#12791),#3765,.F.);
#13474=ADVANCED_FACE('',(#12792),#3766,.T.);
#13475=ADVANCED_FACE('',(#12793),#3767,.T.);
#13476=ADVANCED_FACE('',(#12794),#3768,.F.);
#13477=ADVANCED_FACE('',(#12795),#3769,.F.);
#13478=ADVANCED_FACE('',(#12796),#3770,.T.);
#13479=ADVANCED_FACE('',(#12797),#3771,.T.);
#13480=ADVANCED_FACE('',(#12798),#3772,.F.);
#13481=ADVANCED_FACE('',(#12799),#3773,.F.);
#13482=ADVANCED_FACE('',(#12800),#3774,.T.);
#13483=ADVANCED_FACE('',(#12801),#3775,.T.);
#13484=ADVANCED_FACE('',(#12802),#3776,.F.);
#13485=ADVANCED_FACE('',(#12803),#3777,.F.);
#13486=ADVANCED_FACE('',(#12804),#3778,.T.);
#13487=ADVANCED_FACE('',(#12805),#3779,.T.);
#13488=ADVANCED_FACE('',(#12806),#3780,.F.);
#13489=ADVANCED_FACE('',(#12807),#3781,.F.);
#13490=ADVANCED_FACE('',(#12808),#3782,.T.);
#13491=ADVANCED_FACE('',(#12809),#3783,.T.);
#13492=ADVANCED_FACE('',(#12810),#3784,.F.);
#13493=ADVANCED_FACE('',(#12811),#3785,.F.);
#13494=ADVANCED_FACE('',(#12812),#3786,.T.);
#13495=ADVANCED_FACE('',(#12813),#3787,.T.);
#13496=ADVANCED_FACE('',(#12814),#3788,.F.);
#13497=ADVANCED_FACE('',(#12815),#3789,.F.);
#13498=ADVANCED_FACE('',(#12816),#3790,.T.);
#13499=ADVANCED_FACE('',(#12817),#3791,.T.);
#13500=ADVANCED_FACE('',(#12818),#3792,.F.);
#13501=ADVANCED_FACE('',(#12819),#3793,.F.);
#13502=ADVANCED_FACE('',(#12820),#3794,.T.);
#13503=ADVANCED_FACE('',(#12821),#3795,.T.);
#13504=ADVANCED_FACE('',(#12822),#3796,.F.);
#13505=ADVANCED_FACE('',(#12823),#3797,.F.);
#13506=ADVANCED_FACE('',(#12824),#3798,.T.);
#13507=ADVANCED_FACE('',(#12825),#3799,.T.);
#13508=ADVANCED_FACE('',(#12826),#3800,.F.);
#13509=ADVANCED_FACE('',(#12827),#3801,.F.);
#13510=ADVANCED_FACE('',(#12828),#3802,.T.);
#13511=ADVANCED_FACE('',(#12829),#3803,.T.);
#13512=ADVANCED_FACE('',(#12830),#3804,.F.);
#13513=ADVANCED_FACE('',(#12831),#3805,.F.);
#13514=ADVANCED_FACE('',(#12832),#3806,.T.);
#13515=ADVANCED_FACE('',(#12833),#3807,.T.);
#13516=ADVANCED_FACE('',(#12834),#3808,.F.);
#13517=ADVANCED_FACE('',(#12835),#3809,.F.);
#13518=ADVANCED_FACE('',(#12836),#3810,.T.);
#13519=ADVANCED_FACE('',(#12837),#3811,.T.);
#13520=ADVANCED_FACE('',(#12838),#3812,.F.);
#13521=ADVANCED_FACE('',(#12839),#3813,.F.);
#13522=ADVANCED_FACE('',(#12840),#3814,.T.);
#13523=ADVANCED_FACE('',(#12841),#3815,.T.);
#13524=ADVANCED_FACE('',(#12842),#3816,.F.);
#13525=ADVANCED_FACE('',(#12843),#3817,.F.);
#13526=ADVANCED_FACE('',(#12844),#3818,.T.);
#13527=ADVANCED_FACE('',(#12845),#3819,.T.);
#13528=ADVANCED_FACE('',(#12846),#3820,.F.);
#13529=ADVANCED_FACE('',(#12847),#3821,.T.);
#13530=ADVANCED_FACE('',(#12848),#3822,.F.);
#13531=ADVANCED_FACE('',(#12849),#3823,.F.);
#13532=ADVANCED_FACE('',(#12850),#3824,.T.);
#13533=ADVANCED_FACE('',(#12851),#3825,.T.);
#13534=ADVANCED_FACE('',(#12852),#3826,.F.);
#13535=ADVANCED_FACE('',(#12853),#3827,.F.);
#13536=ADVANCED_FACE('',(#12854),#3828,.T.);
#13537=ADVANCED_FACE('',(#12855),#3829,.T.);
#13538=ADVANCED_FACE('',(#12856),#3830,.F.);
#13539=ADVANCED_FACE('',(#12857),#3831,.F.);
#13540=ADVANCED_FACE('',(#12858),#3832,.T.);
#13541=ADVANCED_FACE('',(#12859),#3833,.T.);
#13542=ADVANCED_FACE('',(#12860),#3834,.F.);
#13543=ADVANCED_FACE('',(#12861),#3835,.F.);
#13544=ADVANCED_FACE('',(#12862),#3836,.T.);
#13545=ADVANCED_FACE('',(#12863),#3837,.T.);
#13546=ADVANCED_FACE('',(#12864),#3838,.F.);
#13547=ADVANCED_FACE('',(#12865),#3839,.F.);
#13548=ADVANCED_FACE('',(#12866),#3840,.T.);
#13549=ADVANCED_FACE('',(#12867),#3841,.T.);
#13550=ADVANCED_FACE('',(#12868),#3842,.F.);
#13551=ADVANCED_FACE('',(#12869),#3843,.T.);
#13552=ADVANCED_FACE('',(#12870),#3844,.F.);
#13553=ADVANCED_FACE('',(#12871),#3845,.F.);
#13554=ADVANCED_FACE('',(#12872),#3846,.T.);
#13555=ADVANCED_FACE('',(#12873),#3847,.T.);
#13556=ADVANCED_FACE('',(#12874),#3848,.F.);
#13557=ADVANCED_FACE('',(#12875),#3849,.F.);
#13558=ADVANCED_FACE('',(#12876),#3850,.T.);
#13559=ADVANCED_FACE('',(#12877),#3851,.T.);
#13560=ADVANCED_FACE('',(#12878),#3852,.F.);
#13561=ADVANCED_FACE('',(#12879),#3853,.F.);
#13562=ADVANCED_FACE('',(#12880),#3854,.T.);
#13563=ADVANCED_FACE('',(#12881),#3855,.T.);
#13564=ADVANCED_FACE('',(#12882),#3856,.F.);
#13565=ADVANCED_FACE('',(#12883),#3857,.T.);
#13566=ADVANCED_FACE('',(#12884),#3858,.F.);
#13567=ADVANCED_FACE('',(#12885),#3859,.F.);
#13568=ADVANCED_FACE('',(#12886),#3860,.T.);
#13569=ADVANCED_FACE('',(#12887),#3861,.T.);
#13570=ADVANCED_FACE('',(#12888),#3862,.F.);
#13571=ADVANCED_FACE('',(#12889),#3863,.F.);
#13572=ADVANCED_FACE('',(#12890),#3864,.T.);
#13573=ADVANCED_FACE('',(#12891),#3865,.T.);
#13574=ADVANCED_FACE('',(#12892),#3866,.F.);
#13575=ADVANCED_FACE('',(#12893),#3867,.F.);
#13576=ADVANCED_FACE('',(#12894),#3868,.T.);
#13577=ADVANCED_FACE('',(#12895),#3869,.T.);
#13578=ADVANCED_FACE('',(#12896),#3870,.F.);
#13579=ADVANCED_FACE('',(#12897),#3871,.F.);
#13580=ADVANCED_FACE('',(#12898),#3872,.T.);
#13581=ADVANCED_FACE('',(#12899),#3873,.T.);
#13582=ADVANCED_FACE('',(#12900),#3874,.F.);
#13583=ADVANCED_FACE('',(#12901),#3875,.F.);
#13584=ADVANCED_FACE('',(#12902),#3876,.T.);
#13585=ADVANCED_FACE('',(#12903),#3877,.T.);
#13586=ADVANCED_FACE('',(#12904),#3878,.F.);
#13587=ADVANCED_FACE('',(#12905),#3879,.F.);
#13588=ADVANCED_FACE('',(#12906),#3880,.T.);
#13589=ADVANCED_FACE('',(#12907),#3881,.T.);
#13590=ADVANCED_FACE('',(#12908),#3882,.F.);
#13591=ADVANCED_FACE('',(#12909),#3883,.T.);
#13592=ADVANCED_FACE('',(#12910),#3884,.T.);
#13593=ADVANCED_FACE('',(#12911),#3885,.F.);
#13594=ADVANCED_FACE('',(#12912),#3886,.F.);
#13595=ADVANCED_FACE('',(#12913),#3887,.T.);
#13596=ADVANCED_FACE('',(#12914),#3888,.T.);
#13597=ADVANCED_FACE('',(#12915),#3889,.F.);
#13598=ADVANCED_FACE('',(#12916),#3890,.F.);
#13599=ADVANCED_FACE('',(#12917),#3891,.T.);
#13600=ADVANCED_FACE('',(#12918),#3892,.T.);
#13601=ADVANCED_FACE('',(#12919),#3893,.F.);
#13602=ADVANCED_FACE('',(#12920),#3894,.F.);
#13603=ADVANCED_FACE('',(#12921),#3895,.T.);
#13604=ADVANCED_FACE('',(#12922),#3896,.T.);
#13605=ADVANCED_FACE('',(#12923),#3897,.F.);
#13606=ADVANCED_FACE('',(#12924),#3898,.F.);
#13607=ADVANCED_FACE('',(#12925),#3899,.T.);
#13608=ADVANCED_FACE('',(#12926),#3900,.T.);
#13609=ADVANCED_FACE('',(#12927),#3901,.F.);
#13610=ADVANCED_FACE('',(#12928),#3902,.F.);
#13611=ADVANCED_FACE('',(#12929),#3903,.T.);
#13612=ADVANCED_FACE('',(#12930),#3904,.T.);
#13613=ADVANCED_FACE('',(#12931),#3905,.F.);
#13614=ADVANCED_FACE('',(#12932),#3906,.F.);
#13615=ADVANCED_FACE('',(#12933),#3907,.T.);
#13616=ADVANCED_FACE('',(#12934),#3908,.T.);
#13617=ADVANCED_FACE('',(#12935),#3909,.F.);
#13618=ADVANCED_FACE('',(#12936),#3910,.F.);
#13619=ADVANCED_FACE('',(#12937),#3911,.T.);
#13620=ADVANCED_FACE('',(#12938),#3912,.T.);
#13621=ADVANCED_FACE('',(#12939),#3913,.F.);
#13622=ADVANCED_FACE('',(#12940),#3914,.F.);
#13623=ADVANCED_FACE('',(#12941),#3915,.T.);
#13624=ADVANCED_FACE('',(#12942),#3916,.T.);
#13625=ADVANCED_FACE('',(#12943),#3917,.F.);
#13626=ADVANCED_FACE('',(#12944),#3918,.F.);
#13627=ADVANCED_FACE('',(#12945),#3919,.T.);
#13628=ADVANCED_FACE('',(#12946),#3920,.T.);
#13629=ADVANCED_FACE('',(#12947),#3921,.F.);
#13630=ADVANCED_FACE('',(#12948),#3922,.F.);
#13631=ADVANCED_FACE('',(#12949),#3923,.F.);
#13632=ADVANCED_FACE('',(#12950),#3924,.T.);
#13633=ADVANCED_FACE('',(#12951),#3925,.T.);
#13634=ADVANCED_FACE('',(#12952),#3926,.F.);
#13635=ADVANCED_FACE('',(#12953),#3927,.T.);
#13636=ADVANCED_FACE('',(#12954),#3928,.T.);
#13637=ADVANCED_FACE('',(#12955),#3929,.F.);
#13638=ADVANCED_FACE('',(#12956),#3930,.T.);
#13639=ADVANCED_FACE('',(#12957),#3931,.T.);
#13640=ADVANCED_FACE('',(#12958),#3932,.F.);
#13641=ADVANCED_FACE('',(#12959),#3933,.F.);
#13642=ADVANCED_FACE('',(#12960),#3934,.T.);
#13643=ADVANCED_FACE('',(#12961),#3935,.F.);
#13644=ADVANCED_FACE('',(#12962),#3936,.F.);
#13645=ADVANCED_FACE('',(#12963),#3937,.T.);
#13646=ADVANCED_FACE('',(#12964),#3938,.T.);
#13647=ADVANCED_FACE('',(#12965),#3939,.F.);
#13648=ADVANCED_FACE('',(#12966),#3940,.F.);
#13649=ADVANCED_FACE('',(#12967),#3941,.T.);
#13650=ADVANCED_FACE('',(#12968),#3942,.T.);
#13651=ADVANCED_FACE('',(#12969),#3943,.F.);
#13652=ADVANCED_FACE('',(#12970),#3944,.F.);
#13653=ADVANCED_FACE('',(#12971),#3945,.T.);
#13654=ADVANCED_FACE('',(#12972),#3946,.T.);
#13655=ADVANCED_FACE('',(#12973),#3947,.F.);
#13656=ADVANCED_FACE('',(#12974),#3948,.F.);
#13657=ADVANCED_FACE('',(#12975),#3949,.T.);
#13658=ADVANCED_FACE('',(#12976),#3950,.T.);
#13659=ADVANCED_FACE('',(#12977),#3951,.F.);
#13660=ADVANCED_FACE('',(#12978),#3952,.F.);
#13661=ADVANCED_FACE('',(#12979),#3953,.T.);
#13662=ADVANCED_FACE('',(#12980),#3954,.F.);
#13663=ADVANCED_FACE('',(#12981),#3955,.F.);
#13664=ADVANCED_FACE('',(#12982),#3956,.T.);
#13665=ADVANCED_FACE('',(#12983),#3957,.T.);
#13666=ADVANCED_FACE('',(#12984),#3958,.F.);
#13667=ADVANCED_FACE('',(#12985),#3959,.F.);
#13668=ADVANCED_FACE('',(#12986),#3960,.T.);
#13669=ADVANCED_FACE('',(#12987),#3961,.T.);
#13670=ADVANCED_FACE('',(#12988),#3962,.F.);
#13671=ADVANCED_FACE('',(#12989),#3963,.F.);
#13672=ADVANCED_FACE('',(#12990),#3964,.T.);
#13673=ADVANCED_FACE('',(#12991),#3965,.T.);
#13674=ADVANCED_FACE('',(#12992),#3966,.F.);
#13675=ADVANCED_FACE('',(#12993),#3967,.F.);
#13676=ADVANCED_FACE('',(#12994),#3968,.T.);
#13677=ADVANCED_FACE('',(#12995),#3969,.T.);
#13678=ADVANCED_FACE('',(#12996),#3970,.F.);
#13679=ADVANCED_FACE('',(#12997),#3971,.T.);
#13680=ADVANCED_FACE('',(#12998),#3972,.T.);
#13681=ADVANCED_FACE('',(#12999),#3973,.F.);
#13682=ADVANCED_FACE('',(#13000),#3974,.F.);
#13683=ADVANCED_FACE('',(#13001),#3975,.T.);
#13684=ADVANCED_FACE('',(#13002),#3976,.T.);
#13685=ADVANCED_FACE('',(#13003),#3977,.F.);
#13686=ADVANCED_FACE('',(#13004),#3978,.F.);
#13687=ADVANCED_FACE('',(#13005),#3979,.T.);
#13688=ADVANCED_FACE('',(#13006),#3980,.T.);
#13689=ADVANCED_FACE('',(#13007),#3981,.F.);
#13690=ADVANCED_FACE('',(#13008),#3982,.F.);
#13691=ADVANCED_FACE('',(#13009),#3983,.T.);
#13692=ADVANCED_FACE('',(#13010),#3984,.T.);
#13693=ADVANCED_FACE('',(#13011),#3985,.F.);
#13694=ADVANCED_FACE('',(#13012),#3986,.F.);
#13695=ADVANCED_FACE('',(#13013),#3987,.F.);
#13696=ADVANCED_FACE('',(#13014),#3988,.T.);
#13697=ADVANCED_FACE('',(#13015),#3989,.T.);
#13698=ADVANCED_FACE('',(#13016),#3990,.F.);
#13699=ADVANCED_FACE('',(#13017),#3991,.F.);
#13700=ADVANCED_FACE('',(#13018),#3992,.T.);
#13701=ADVANCED_FACE('',(#13019),#3993,.T.);
#13702=ADVANCED_FACE('',(#13020),#3994,.F.);
#13703=ADVANCED_FACE('',(#13021),#3995,.F.);
#13704=ADVANCED_FACE('',(#13022),#3996,.T.);
#13705=ADVANCED_FACE('',(#13023),#3997,.T.);
#13706=ADVANCED_FACE('',(#13024),#3998,.F.);
#13707=ADVANCED_FACE('',(#13025),#3999,.F.);
#13708=ADVANCED_FACE('',(#13026),#4000,.T.);
#13709=ADVANCED_FACE('',(#13027),#4001,.T.);
#13710=ADVANCED_FACE('',(#13028),#4002,.F.);
#13711=ADVANCED_FACE('',(#13029),#4003,.F.);
#13712=ADVANCED_FACE('',(#13030),#4004,.T.);
#13713=ADVANCED_FACE('',(#13031),#4005,.T.);
#13714=ADVANCED_FACE('',(#13032),#4006,.F.);
#13715=ADVANCED_FACE('',(#13033),#4007,.F.);
#13716=ADVANCED_FACE('',(#13034),#4008,.T.);
#13717=ADVANCED_FACE('',(#13035),#4009,.T.);
#13718=ADVANCED_FACE('',(#13036),#4010,.F.);
#13719=ADVANCED_FACE('',(#13037),#4011,.T.);
#13720=ADVANCED_FACE('',(#13038),#4012,.T.);
#13721=ADVANCED_FACE('',(#13039),#4013,.F.);
#13722=ADVANCED_FACE('',(#13040),#4014,.T.);
#13723=ADVANCED_FACE('',(#13041),#4015,.T.);
#13724=ADVANCED_FACE('',(#13042),#4016,.F.);
#13725=ADVANCED_FACE('',(#13043),#4017,.F.);
#13726=ADVANCED_FACE('',(#13044),#4018,.F.);
#13727=ADVANCED_FACE('',(#13045),#4019,.T.);
#13728=ADVANCED_FACE('',(#13046),#4020,.T.);
#13729=ADVANCED_FACE('',(#13047),#4021,.F.);
#13730=ADVANCED_FACE('',(#13048),#4022,.F.);
#13731=ADVANCED_FACE('',(#13049),#4023,.T.);
#13732=ADVANCED_FACE('',(#13050),#4024,.T.);
#13733=ADVANCED_FACE('',(#13051),#4025,.F.);
#13734=ADVANCED_FACE('',(#13052),#4026,.T.);
#13735=ADVANCED_FACE('',(#13053),#4027,.F.);
#13736=ADVANCED_FACE('',(#13054),#4028,.F.);
#13737=ADVANCED_FACE('',(#13055),#4029,.T.);
#13738=ADVANCED_FACE('',(#13056),#4030,.T.);
#13739=ADVANCED_FACE('',(#13057),#4031,.F.);
#13740=ADVANCED_FACE('',(#13058),#4032,.F.);
#13741=ADVANCED_FACE('',(#13059),#4033,.T.);
#13742=ADVANCED_FACE('',(#13060),#4034,.T.);
#13743=ADVANCED_FACE('',(#13061),#4035,.F.);
#13744=ADVANCED_FACE('',(#13062),#4036,.F.);
#13745=ADVANCED_FACE('',(#13063),#4037,.T.);
#13746=ADVANCED_FACE('',(#13064),#4038,.T.);
#13747=ADVANCED_FACE('',(#13065),#4039,.F.);
#13748=ADVANCED_FACE('',(#13066),#4040,.F.);
#13749=ADVANCED_FACE('',(#13067),#4041,.T.);
#13750=ADVANCED_FACE('',(#13068),#4042,.T.);
#13751=ADVANCED_FACE('',(#13069),#4043,.F.);
#13752=ADVANCED_FACE('',(#13070),#4044,.F.);
#13753=ADVANCED_FACE('',(#13071),#4045,.T.);
#13754=ADVANCED_FACE('',(#13072),#4046,.T.);
#13755=ADVANCED_FACE('',(#13073),#4047,.F.);
#13756=ADVANCED_FACE('',(#13074),#4048,.F.);
#13757=ADVANCED_FACE('',(#13075),#4049,.T.);
#13758=ADVANCED_FACE('',(#13076),#4050,.T.);
#13759=ADVANCED_FACE('',(#13077),#4051,.F.);
#13760=ADVANCED_FACE('',(#13078),#4052,.F.);
#13761=ADVANCED_FACE('',(#13079),#4053,.T.);
#13762=ADVANCED_FACE('',(#13080),#4054,.T.);
#13763=ADVANCED_FACE('',(#13081),#4055,.F.);
#13764=ADVANCED_FACE('',(#13082),#4056,.F.);
#13765=ADVANCED_FACE('',(#13083),#4057,.T.);
#13766=ADVANCED_FACE('',(#13084),#4058,.T.);
#13767=ADVANCED_FACE('',(#13085),#4059,.F.);
#13768=ADVANCED_FACE('',(#13086),#4060,.F.);
#13769=ADVANCED_FACE('',(#13087),#4061,.T.);
#13770=ADVANCED_FACE('',(#13088),#4062,.T.);
#13771=ADVANCED_FACE('',(#13089),#4063,.F.);
#13772=ADVANCED_FACE('',(#13090),#4064,.F.);
#13773=ADVANCED_FACE('',(#13091),#4065,.T.);
#13774=ADVANCED_FACE('',(#13092),#4066,.T.);
#13775=ADVANCED_FACE('',(#13093),#4067,.F.);
#13776=ADVANCED_FACE('',(#13094),#4068,.F.);
#13777=ADVANCED_FACE('',(#13095),#4069,.T.);
#13778=ADVANCED_FACE('',(#13096),#4070,.T.);
#13779=ADVANCED_FACE('',(#13097),#4071,.F.);
#13780=ADVANCED_FACE('',(#13098),#4072,.F.);
#13781=ADVANCED_FACE('',(#13099),#4073,.T.);
#13782=ADVANCED_FACE('',(#13100),#4074,.T.);
#13783=ADVANCED_FACE('',(#13101),#4075,.F.);
#13784=ADVANCED_FACE('',(#13102),#4076,.F.);
#13785=ADVANCED_FACE('',(#13103),#4077,.F.);
#13786=ADVANCED_FACE('',(#13104),#4078,.T.);
#13787=ADVANCED_FACE('',(#13105),#4079,.T.);
#13788=ADVANCED_FACE('',(#13106),#4080,.F.);
#13789=ADVANCED_FACE('',(#13107),#4081,.F.);
#13790=ADVANCED_FACE('',(#13108),#4082,.T.);
#13791=ADVANCED_FACE('',(#13109),#4083,.T.);
#13792=ADVANCED_FACE('',(#13110),#4084,.F.);
#13793=ADVANCED_FACE('',(#13111),#4085,.F.);
#13794=ADVANCED_FACE('',(#13112),#4086,.T.);
#13795=ADVANCED_FACE('',(#13113),#4087,.T.);
#13796=ADVANCED_FACE('',(#13114),#4088,.F.);
#13797=ADVANCED_FACE('',(#13115),#4089,.F.);
#13798=ADVANCED_FACE('',(#13116),#4090,.T.);
#13799=ADVANCED_FACE('',(#13117),#4091,.T.);
#13800=ADVANCED_FACE('',(#13118),#4092,.F.);
#13801=ADVANCED_FACE('',(#13119),#4093,.F.);
#13802=ADVANCED_FACE('',(#13120),#4094,.T.);
#13803=ADVANCED_FACE('',(#13121),#4095,.T.);
#13804=ADVANCED_FACE('',(#13122),#4096,.F.);
#13805=ADVANCED_FACE('',(#13123),#4097,.F.);
#13806=ADVANCED_FACE('',(#13124),#4098,.T.);
#13807=ADVANCED_FACE('',(#13125),#4099,.T.);
#13808=ADVANCED_FACE('',(#13126),#4100,.F.);
#13809=ADVANCED_FACE('',(#13127),#4101,.F.);
#13810=ADVANCED_FACE('',(#13128),#4102,.T.);
#13811=ADVANCED_FACE('',(#13129),#4103,.T.);
#13812=ADVANCED_FACE('',(#13130),#4104,.F.);
#13813=ADVANCED_FACE('',(#13131),#4105,.T.);
#13814=ADVANCED_FACE('',(#13132),#4106,.T.);
#13815=ADVANCED_FACE('',(#13133),#4107,.F.);
#13816=ADVANCED_FACE('',(#13134),#4108,.F.);
#13817=ADVANCED_FACE('',(#13135),#4109,.T.);
#13818=ADVANCED_FACE('',(#13136),#4110,.T.);
#13819=ADVANCED_FACE('',(#13137),#4111,.F.);
#13820=ADVANCED_FACE('',(#13138),#4112,.F.);
#13821=ADVANCED_FACE('',(#13139),#4113,.T.);
#13822=ADVANCED_FACE('',(#13140),#4114,.T.);
#13823=ADVANCED_FACE('',(#13141),#4115,.F.);
#13824=ADVANCED_FACE('',(#13142),#4116,.F.);
#13825=ADVANCED_FACE('',(#13143),#4117,.T.);
#13826=ADVANCED_FACE('',(#13144),#4118,.T.);
#13827=ADVANCED_FACE('',(#13145),#4119,.F.);
#13828=ADVANCED_FACE('',(#13146),#4120,.F.);
#13829=ADVANCED_FACE('',(#13147),#4121,.T.);
#13830=ADVANCED_FACE('',(#13148),#4122,.T.);
#13831=ADVANCED_FACE('',(#13149),#4123,.F.);
#13832=ADVANCED_FACE('',(#13150),#4124,.F.);
#13833=ADVANCED_FACE('',(#13151),#4125,.T.);
#13834=ADVANCED_FACE('',(#13152),#4126,.T.);
#13835=ADVANCED_FACE('',(#13153),#4127,.F.);
#13836=ADVANCED_FACE('',(#13154),#4128,.F.);
#13837=ADVANCED_FACE('',(#13155),#4129,.T.);
#13838=ADVANCED_FACE('',(#13156),#4130,.T.);
#13839=ADVANCED_FACE('',(#13157),#4131,.F.);
#13840=ADVANCED_FACE('',(#13158),#4132,.F.);
#13841=ADVANCED_FACE('',(#13159),#4133,.T.);
#13842=ADVANCED_FACE('',(#13160),#4134,.T.);
#13843=ADVANCED_FACE('',(#13161),#4135,.F.);
#13844=ADVANCED_FACE('',(#13162),#4136,.F.);
#13845=ADVANCED_FACE('',(#13163),#4137,.T.);
#13846=ADVANCED_FACE('',(#13164),#4138,.T.);
#13847=ADVANCED_FACE('',(#13165),#4139,.F.);
#13848=ADVANCED_FACE('',(#13166),#4140,.F.);
#13849=ADVANCED_FACE('',(#13167),#4141,.T.);
#13850=ADVANCED_FACE('',(#13168),#4142,.T.);
#13851=ADVANCED_FACE('',(#13169),#4143,.F.);
#13852=ADVANCED_FACE('',(#13170),#4144,.T.);
#13853=ADVANCED_FACE('',(#13171),#4145,.T.);
#13854=ADVANCED_FACE('',(#13172),#4146,.F.);
#13855=ADVANCED_FACE('',(#13173),#4147,.T.);
#13856=ADVANCED_FACE('',(#13174),#4148,.T.);
#13857=ADVANCED_FACE('',(#13175),#4149,.F.);
#13858=ADVANCED_FACE('',(#13176),#4150,.F.);
#13859=ADVANCED_FACE('',(#13177),#4151,.T.);
#13860=ADVANCED_FACE('',(#13178),#4152,.T.);
#13861=ADVANCED_FACE('',(#13179),#4153,.F.);
#13862=ADVANCED_FACE('',(#13180),#4154,.F.);
#13863=ADVANCED_FACE('',(#13181),#4155,.T.);
#13864=ADVANCED_FACE('',(#13182),#4156,.T.);
#13865=ADVANCED_FACE('',(#13183),#4157,.F.);
#13866=ADVANCED_FACE('',(#13184),#4158,.T.);
#13867=ADVANCED_FACE('',(#13185),#4159,.F.);
#13868=ADVANCED_FACE('',(#13186),#4160,.F.);
#13869=ADVANCED_FACE('',(#13187),#4161,.T.);
#13870=ADVANCED_FACE('',(#13188),#4162,.T.);
#13871=ADVANCED_FACE('',(#13189),#4163,.F.);
#13872=ADVANCED_FACE('',(#13190),#4164,.F.);
#13873=ADVANCED_FACE('',(#13191),#4165,.F.);
#13874=ADVANCED_FACE('',(#13192),#4166,.T.);
#13875=ADVANCED_FACE('',(#13193),#4167,.T.);
#13876=ADVANCED_FACE('',(#13194),#4168,.F.);
#13877=ADVANCED_FACE('',(#13195),#4169,.F.);
#13878=ADVANCED_FACE('',(#13196),#4170,.T.);
#13879=ADVANCED_FACE('',(#13197),#4171,.T.);
#13880=ADVANCED_FACE('',(#13198),#4172,.F.);
#13881=ADVANCED_FACE('',(#13199),#4173,.F.);
#13882=ADVANCED_FACE('',(#13200),#4174,.T.);
#13883=ADVANCED_FACE('',(#13201),#4175,.F.);
#13884=ADVANCED_FACE('',(#13202),#4176,.F.);
#13885=ADVANCED_FACE('',(#13203),#4177,.T.);
#13886=ADVANCED_FACE('',(#13204),#4178,.F.);
#13887=ADVANCED_FACE('',(#13205),#4179,.T.);
#13888=ADVANCED_FACE('',(#13206),#4180,.T.);
#13889=ADVANCED_FACE('',(#13207),#4181,.F.);
#13890=ADVANCED_FACE('',(#13208),#4182,.F.);
#13891=ADVANCED_FACE('',(#13209),#4183,.T.);
#13892=ADVANCED_FACE('',(#13210),#4184,.T.);
#13893=ADVANCED_FACE('',(#13211),#4185,.F.);
#13894=ADVANCED_FACE('',(#13212),#4186,.F.);
#13895=ADVANCED_FACE('',(#13213),#4187,.T.);
#13896=ADVANCED_FACE('',(#13214),#4188,.T.);
#13897=ADVANCED_FACE('',(#13215),#4189,.F.);
#13898=ADVANCED_FACE('',(#13216),#4190,.F.);
#13899=ADVANCED_FACE('',(#13217),#4191,.T.);
#13900=ADVANCED_FACE('',(#13218),#4192,.T.);
#13901=ADVANCED_FACE('',(#13219),#4193,.F.);
#13902=ADVANCED_FACE('',(#13220),#4194,.F.);
#13903=ADVANCED_FACE('',(#13221),#4195,.T.);
#13904=ADVANCED_FACE('',(#13222),#4196,.T.);
#13905=ADVANCED_FACE('',(#13223),#4197,.F.);
#13906=ADVANCED_FACE('',(#13224),#4198,.F.);
#13907=ADVANCED_FACE('',(#13225),#4199,.T.);
#13908=ADVANCED_FACE('',(#13226),#4200,.T.);
#13909=ADVANCED_FACE('',(#13227),#4201,.F.);
#13910=ADVANCED_FACE('',(#13228),#4202,.F.);
#13911=ADVANCED_FACE('',(#13229),#4203,.T.);
#13912=ADVANCED_FACE('',(#13230),#4204,.T.);
#13913=ADVANCED_FACE('',(#13231),#4205,.F.);
#13914=ADVANCED_FACE('',(#13232),#4206,.F.);
#13915=ADVANCED_FACE('',(#13233),#4207,.T.);
#13916=ADVANCED_FACE('',(#13234),#4208,.T.);
#13917=ADVANCED_FACE('',(#13235),#4209,.F.);
#13918=ADVANCED_FACE('',(#13236),#4210,.F.);
#13919=ADVANCED_FACE('',(#13237),#4211,.T.);
#13920=ADVANCED_FACE('',(#13238),#4212,.T.);
#13921=ADVANCED_FACE('',(#13239),#4213,.F.);
#13922=ADVANCED_FACE('',(#13240),#4214,.F.);
#13923=ADVANCED_FACE('',(#13241),#4215,.T.);
#13924=ADVANCED_FACE('',(#13242),#4216,.T.);
#13925=ADVANCED_FACE('',(#13243),#4217,.F.);
#13926=ADVANCED_FACE('',(#13244),#4218,.F.);
#13927=ADVANCED_FACE('',(#13245),#4219,.T.);
#13928=ADVANCED_FACE('',(#13246),#4220,.T.);
#13929=ADVANCED_FACE('',(#13247),#4221,.F.);
#13930=ADVANCED_FACE('',(#13248),#4222,.F.);
#13931=ADVANCED_FACE('',(#13249),#4223,.T.);
#13932=ADVANCED_FACE('',(#13250),#4224,.T.);
#13933=ADVANCED_FACE('',(#13251),#4225,.F.);
#13934=ADVANCED_FACE('',(#13252),#4226,.F.);
#13935=ADVANCED_FACE('',(#13253),#4227,.F.);
#13936=ADVANCED_FACE('',(#13254),#4228,.T.);
#13937=ADVANCED_FACE('',(#13255),#4229,.T.);
#13938=ADVANCED_FACE('',(#13256),#4230,.F.);
#13939=ADVANCED_FACE('',(#13257),#4231,.F.);
#13940=ADVANCED_FACE('',(#13258),#4232,.T.);
#13941=ADVANCED_FACE('',(#13259),#4233,.T.);
#13942=ADVANCED_FACE('',(#13260),#4234,.F.);
#13943=ADVANCED_FACE('',(#13261),#4235,.F.);
#13944=ADVANCED_FACE('',(#13262),#4236,.T.);
#13945=ADVANCED_FACE('',(#13263),#4237,.T.);
#13946=ADVANCED_FACE('',(#13264),#4238,.F.);
#13947=ADVANCED_FACE('',(#13265),#4239,.T.);
#13948=ADVANCED_FACE('',(#13266),#4240,.T.);
#13949=ADVANCED_FACE('',(#13267),#4241,.F.);
#13950=ADVANCED_FACE('',(#13268),#4242,.F.);
#13951=ADVANCED_FACE('',(#13269),#4243,.T.);
#13952=ADVANCED_FACE('',(#13270),#4244,.T.);
#13953=ADVANCED_FACE('',(#13271),#4245,.F.);
#13954=ADVANCED_FACE('',(#13272),#4246,.T.);
#13955=ADVANCED_FACE('',(#13273),#4247,.F.);
#13956=ADVANCED_FACE('',(#13274),#4248,.F.);
#13957=ADVANCED_FACE('',(#13275),#4249,.T.);
#13958=ADVANCED_FACE('',(#13276),#4250,.T.);
#13959=ADVANCED_FACE('',(#13277),#4251,.F.);
#13960=ADVANCED_FACE('',(#13278),#4252,.T.);
#13961=ADVANCED_FACE('',(#13279),#4253,.F.);
#13962=ADVANCED_FACE('',(#13280),#4254,.F.);
#13963=ADVANCED_FACE('',(#13281),#4255,.F.);
#13964=ADVANCED_FACE('',(#13282),#4256,.T.);
#13965=ADVANCED_FACE('',(#13283),#4257,.T.);
#13966=ADVANCED_FACE('',(#13284),#4258,.F.);
#13967=ADVANCED_FACE('',(#13285),#4259,.F.);
#13968=ADVANCED_FACE('',(#13286),#4260,.T.);
#13969=ADVANCED_FACE('',(#13287),#4261,.T.);
#13970=ADVANCED_FACE('',(#13288),#4262,.F.);
#13971=ADVANCED_FACE('',(#13289),#4263,.F.);
#13972=ADVANCED_FACE('',(#13290),#4264,.T.);
#13973=ADVANCED_FACE('',(#13291),#4265,.T.);
#13974=ADVANCED_FACE('',(#13292),#4266,.F.);
#13975=ADVANCED_FACE('',(#13293),#4267,.F.);
#13976=ADVANCED_FACE('',(#13294),#4268,.T.);
#13977=ADVANCED_FACE('',(#13295),#4269,.T.);
#13978=ADVANCED_FACE('',(#13296),#4270,.F.);
#13979=ADVANCED_FACE('',(#13297),#4271,.F.);
#13980=ADVANCED_FACE('',(#13298),#4272,.T.);
#13981=ADVANCED_FACE('',(#13299),#4273,.T.);
#13982=ADVANCED_FACE('',(#13300),#4274,.F.);
#13983=ADVANCED_FACE('',(#13301),#4275,.F.);
#13984=ADVANCED_FACE('',(#13302),#4276,.T.);
#13985=ADVANCED_FACE('',(#13303),#4277,.T.);
#13986=ADVANCED_FACE('',(#13304),#4278,.F.);
#13987=ADVANCED_FACE('',(#13305),#4279,.F.);
#13988=ADVANCED_FACE('',(#13306),#4280,.T.);
#13989=ADVANCED_FACE('',(#13307),#4281,.T.);
#13990=ADVANCED_FACE('',(#13308),#4282,.F.);
#13991=ADVANCED_FACE('',(#13309),#4283,.F.);
#13992=ADVANCED_FACE('',(#13310),#4284,.T.);
#13993=ADVANCED_FACE('',(#13311),#4285,.T.);
#13994=ADVANCED_FACE('',(#13312),#4286,.F.);
#13995=ADVANCED_FACE('',(#13313),#4287,.T.);
#13996=ADVANCED_FACE('',(#13314),#4288,.T.);
#13997=ADVANCED_FACE('',(#13315),#4289,.F.);
#13998=ADVANCED_FACE('',(#13316),#4290,.F.);
#13999=ADVANCED_FACE('',(#13317),#4291,.T.);
#14000=ADVANCED_FACE('',(#13318),#4292,.T.);
#14001=ADVANCED_FACE('',(#13319),#4293,.F.);
#14002=ADVANCED_FACE('',(#13320),#4294,.F.);
#14003=ADVANCED_FACE('',(#13321),#4295,.T.);
#14004=ADVANCED_FACE('',(#13322),#4296,.F.);
#14005=ADVANCED_FACE('',(#13323),#4297,.F.);
#14006=ADVANCED_FACE('',(#13324),#4298,.T.);
#14007=ADVANCED_FACE('',(#13325),#4299,.F.);
#14008=ADVANCED_FACE('',(#13326),#4300,.T.);
#14009=ADVANCED_FACE('',(#13327),#4301,.F.);
#14010=ADVANCED_FACE('',(#13328),#4302,.F.);
#14011=ADVANCED_FACE('',(#13329),#4303,.T.);
#14012=ADVANCED_FACE('',(#13330),#4304,.T.);
#14013=ADVANCED_FACE('',(#13331),#4305,.F.);
#14014=ADVANCED_FACE('',(#13332),#4306,.F.);
#14015=ADVANCED_FACE('',(#13333),#4307,.T.);
#14016=ADVANCED_FACE('',(#13334),#4308,.T.);
#14017=ADVANCED_FACE('',(#13335),#4309,.F.);
#14018=ADVANCED_FACE('',(#13336),#4310,.F.);
#14019=ADVANCED_FACE('',(#13337),#4311,.T.);
#14020=ADVANCED_FACE('',(#13338),#4312,.T.);
#14021=ADVANCED_FACE('',(#13339),#4313,.F.);
#14022=ADVANCED_FACE('',(#13340),#4314,.F.);
#14023=ADVANCED_FACE('',(#13341),#4315,.T.);
#14024=ADVANCED_FACE('',(#13342),#4316,.T.);
#14025=ADVANCED_FACE('',(#13343),#4317,.F.);
#14026=ADVANCED_FACE('',(#13344),#4318,.F.);
#14027=ADVANCED_FACE('',(#13345),#4319,.T.);
#14028=ADVANCED_FACE('',(#13346),#4320,.T.);
#14029=ADVANCED_FACE('',(#13347),#4321,.F.);
#14030=ADVANCED_FACE('',(#13348),#4322,.F.);
#14031=ADVANCED_FACE('',(#13349),#4323,.T.);
#14032=ADVANCED_FACE('',(#13350),#4324,.T.);
#14033=ADVANCED_FACE('',(#13351),#4325,.F.);
#14034=ADVANCED_FACE('',(#13352),#4326,.T.);
#14035=ADVANCED_FACE('',(#13353),#4327,.T.);
#14036=ADVANCED_FACE('',(#13354),#4328,.F.);
#14037=ADVANCED_FACE('',(#13355),#4329,.T.);
#14038=ADVANCED_FACE('',(#13356),#4330,.T.);
#14039=ADVANCED_FACE('',(#13357),#4331,.F.);
#14040=ADVANCED_FACE('',(#13358),#4332,.F.);
#14041=ADVANCED_FACE('',(#13359),#4333,.T.);
#14042=ADVANCED_FACE('',(#13360),#4334,.T.);
#14043=ADVANCED_FACE('',(#13361),#4335,.F.);
#14044=ADVANCED_FACE('',(#13362),#4336,.F.);
#14045=ADVANCED_FACE('',(#13363),#4337,.T.);
#14046=ADVANCED_FACE('',(#13364),#4338,.T.);
#14047=ADVANCED_FACE('',(#13365),#4339,.F.);
#14048=ADVANCED_FACE('',(#13366),#4340,.F.);
#14049=ADVANCED_FACE('',(#13367),#4341,.T.);
#14050=ADVANCED_FACE('',(#13368),#4342,.T.);
#14051=ADVANCED_FACE('',(#13369),#4343,.F.);
#14052=ADVANCED_FACE('',(#13370),#13408,.F.);
#14053=ADVANCED_FACE('',(#13371),#13409,.F.);
#14054=ADVANCED_FACE('',(#13372),#13410,.F.);
#14055=ADVANCED_FACE('',(#13373),#13411,.F.);
#14056=ADVANCED_FACE('',(#13374),#13412,.F.);
#14057=ADVANCED_FACE('',(#13375),#13413,.F.);
#14058=ADVANCED_FACE('',(#13376),#13414,.F.);
#14059=ADVANCED_FACE('',(#13377),#13415,.F.);
#14060=ADVANCED_FACE('',(#13378),#13416,.F.);
#14061=ADVANCED_FACE('',(#13379),#13417,.F.);
#14062=ADVANCED_FACE('',(#13380),#13418,.F.);
#14063=ADVANCED_FACE('',(#13381),#13419,.F.);
#14064=ADVANCED_FACE('',(#13382),#13420,.F.);
#14065=ADVANCED_FACE('',(#13383),#13421,.F.);
#14066=ADVANCED_FACE('',(#13384),#13422,.F.);
#14067=ADVANCED_FACE('',(#13385),#13423,.F.);
#14068=ADVANCED_FACE('',(#13386),#13424,.F.);
#14069=ADVANCED_FACE('',(#13387),#13425,.F.);
#14070=ADVANCED_FACE('',(#13388),#13426,.F.);
#14071=ADVANCED_FACE('',(#13389),#13427,.F.);
#14072=ADVANCED_FACE('',(#13390),#13428,.F.);
#14073=ADVANCED_FACE('',(#13391),#13429,.F.);
#14074=ADVANCED_FACE('',(#13392),#13430,.F.);
#14075=ADVANCED_FACE('',(#13393),#13431,.F.);
#14076=ADVANCED_FACE('',(#13394),#13432,.T.);
#14077=ADVANCED_FACE('',(#13395),#13433,.T.);
#14078=ADVANCED_FACE('',(#13396),#13434,.T.);
#14079=ADVANCED_FACE('',(#13397),#13435,.T.);
#14080=ADVANCED_FACE('',(#13398),#13436,.T.);
#14081=ADVANCED_FACE('',(#13399),#13437,.T.);
#14082=ADVANCED_FACE('',(#13400),#13438,.T.);
#14083=ADVANCED_FACE('',(#13401),#13439,.T.);
#14084=ADVANCED_FACE('',(#13402,#13403),#20,.T.);
#14085=ADVANCED_FACE('',(#13404,#13405),#21,.F.);
#14086=CLOSED_SHELL('',(#13440,#13441,#13442,#13443,#13444,#13445,#13446,
#13447,#13448,#13449,#13450,#13451,#13452,#13453,#13454,#13455,#13456,#13457,
#13458,#13459,#13460,#13461,#13462,#13463,#13464,#13465,#13466,#13467,#13468,
#13469,#13470,#13471,#13472,#13473,#13474,#13475,#13476,#13477,#13478,#13479,
#13480,#13481,#13482,#13483,#13484,#13485,#13486,#13487,#13488,#13489,#13490,
#13491,#13492,#13493,#13494,#13495,#13496,#13497,#13498,#13499,#13500,#13501,
#13502,#13503,#13504,#13505,#13506,#13507,#13508,#13509,#13510,#13511,#13512,
#13513,#13514,#13515,#13516,#13517,#13518,#13519,#13520,#13521,#13522,#13523,
#13524,#13525,#13526,#13527,#13528,#13529,#13530,#13531,#13532,#13533,#13534,
#13535,#13536,#13537,#13538,#13539,#13540,#13541,#13542,#13543,#13544,#13545,
#13546,#13547,#13548,#13549,#13550,#13551,#13552,#13553,#13554,#13555,#13556,
#13557,#13558,#13559,#13560,#13561,#13562,#13563,#13564,#13565,#13566,#13567,
#13568,#13569,#13570,#13571,#13572,#13573,#13574,#13575,#13576,#13577,#13578,
#13579,#13580,#13581,#13582,#13583,#13584,#13585,#13586,#13587,#13588,#13589,
#13590,#13591,#13592,#13593,#13594,#13595,#13596,#13597,#13598,#13599,#13600,
#13601,#13602,#13603,#13604,#13605,#13606,#13607,#13608,#13609,#13610,#13611,
#13612,#13613,#13614,#13615,#13616,#13617,#13618,#13619,#13620,#13621,#13622,
#13623,#13624,#13625,#13626,#13627,#13628,#13629,#13630,#13631,#13632,#13633,
#13634,#13635,#13636,#13637,#13638,#13639,#13640,#13641,#13642,#13643,#13644,
#13645,#13646,#13647,#13648,#13649,#13650,#13651,#13652,#13653,#13654,#13655,
#13656,#13657,#13658,#13659,#13660,#13661,#13662,#13663,#13664,#13665,#13666,
#13667,#13668,#13669,#13670,#13671,#13672,#13673,#13674,#13675,#13676,#13677,
#13678,#13679,#13680,#13681,#13682,#13683,#13684,#13685,#13686,#13687,#13688,
#13689,#13690,#13691,#13692,#13693,#13694,#13695,#13696,#13697,#13698,#13699,
#13700,#13701,#13702,#13703,#13704,#13705,#13706,#13707,#13708,#13709,#13710,
#13711,#13712,#13713,#13714,#13715,#13716,#13717,#13718,#13719,#13720,#13721,
#13722,#13723,#13724,#13725,#13726,#13727,#13728,#13729,#13730,#13731,#13732,
#13733,#13734,#13735,#13736,#13737,#13738,#13739,#13740,#13741,#13742,#13743,
#13744,#13745,#13746,#13747,#13748,#13749,#13750,#13751,#13752,#13753,#13754,
#13755,#13756,#13757,#13758,#13759,#13760,#13761,#13762,#13763,#13764,#13765,
#13766,#13767,#13768,#13769,#13770,#13771,#13772,#13773,#13774,#13775,#13776,
#13777,#13778,#13779,#13780,#13781,#13782,#13783,#13784,#13785,#13786,#13787,
#13788,#13789,#13790,#13791,#13792,#13793,#13794,#13795,#13796,#13797,#13798,
#13799,#13800,#13801,#13802,#13803,#13804,#13805,#13806,#13807,#13808,#13809,
#13810,#13811,#13812,#13813,#13814,#13815,#13816,#13817,#13818,#13819,#13820,
#13821,#13822,#13823,#13824,#13825,#13826,#13827,#13828,#13829,#13830,#13831,
#13832,#13833,#13834,#13835,#13836,#13837,#13838,#13839,#13840,#13841,#13842,
#13843,#13844,#13845,#13846,#13847,#13848,#13849,#13850,#13851,#13852,#13853,
#13854,#13855,#13856,#13857,#13858,#13859,#13860,#13861,#13862,#13863,#13864,
#13865,#13866,#13867,#13868,#13869,#13870,#13871,#13872,#13873,#13874,#13875,
#13876,#13877,#13878,#13879,#13880,#13881,#13882,#13883,#13884,#13885,#13886,
#13887,#13888,#13889,#13890,#13891,#13892,#13893,#13894,#13895,#13896,#13897,
#13898,#13899,#13900,#13901,#13902,#13903,#13904,#13905,#13906,#13907,#13908,
#13909,#13910,#13911,#13912,#13913,#13914,#13915,#13916,#13917,#13918,#13919,
#13920,#13921,#13922,#13923,#13924,#13925,#13926,#13927,#13928,#13929,#13930,
#13931,#13932,#13933,#13934,#13935,#13936,#13937,#13938,#13939,#13940,#13941,
#13942,#13943,#13944,#13945,#13946,#13947,#13948,#13949,#13950,#13951,#13952,
#13953,#13954,#13955,#13956,#13957,#13958,#13959,#13960,#13961,#13962,#13963,
#13964,#13965,#13966,#13967,#13968,#13969,#13970,#13971,#13972,#13973,#13974,
#13975,#13976,#13977,#13978,#13979,#13980,#13981,#13982,#13983,#13984,#13985,
#13986,#13987,#13988,#13989,#13990,#13991,#13992,#13993,#13994,#13995,#13996,
#13997,#13998,#13999,#14000,#14001,#14002,#14003,#14004,#14005,#14006,#14007,
#14008,#14009,#14010,#14011,#14012,#14013,#14014,#14015,#14016,#14017,#14018,
#14019,#14020,#14021,#14022,#14023,#14024,#14025,#14026,#14027,#14028,#14029,
#14030,#14031,#14032,#14033,#14034,#14035,#14036,#14037,#14038,#14039,#14040,
#14041,#14042,#14043,#14044,#14045,#14046,#14047,#14048,#14049,#14050,#14051,
#14052,#14053,#14054,#14055,#14056,#14057,#14058,#14059,#14060,#14061,#14062,
#14063,#14064,#14065,#14066,#14067,#14068,#14069,#14070,#14071,#14072,#14073,
#14074,#14075,#14076,#14077,#14078,#14079,#14080,#14081,#14082,#14083,#14084,
#14085));
#14087=STYLED_ITEM('',(#14088),#14095);
#14088=PRESENTATION_STYLE_ASSIGNMENT((#14089));
#14089=SURFACE_STYLE_USAGE(.BOTH.,#14090);
#14090=SURFACE_SIDE_STYLE('',(#14091));
#14091=SURFACE_STYLE_FILL_AREA(#14092);
#14092=FILL_AREA_STYLE('',(#14093));
#14093=FILL_AREA_STYLE_COLOUR('',#14094);
#14094=COLOUR_RGB('',0.980392156862745,0.713725490196078,0.00392156862745098);
#14095=MANIFOLD_SOLID_BREP('Part 1',#14086);
#14096=SHAPE_DEFINITION_REPRESENTATION(#21970,#14097);
#14097=SHAPE_REPRESENTATION('Part 1',(#14098),#21965);
#14098=AXIS2_PLACEMENT_3D('',#18105,#14815,#14816);
#14099=AXIS2_PLACEMENT_3D('',#18106,#14817,#14818);
#14100=AXIS2_PLACEMENT_3D('',#18107,#14819,#14820);
#14101=AXIS2_PLACEMENT_3D('',#18109,#14821,#14822);
#14102=AXIS2_PLACEMENT_3D('',#18111,#14823,#14824);
#14103=AXIS2_PLACEMENT_3D('',#18112,#14825,#14826);
#14104=AXIS2_PLACEMENT_3D('',#19109,#15324,#15325);
#14105=AXIS2_PLACEMENT_3D('',#19114,#15328,#15329);
#14106=AXIS2_PLACEMENT_3D('',#19122,#15333,#15334);
#14107=AXIS2_PLACEMENT_3D('',#19130,#15338,#15339);
#14108=AXIS2_PLACEMENT_3D('',#19140,#15344,#15345);
#14109=AXIS2_PLACEMENT_3D('',#19150,#15350,#15351);
#14110=AXIS2_PLACEMENT_3D('',#19158,#15355,#15356);
#14111=AXIS2_PLACEMENT_3D('',#19166,#15360,#15361);
#14112=AXIS2_PLACEMENT_3D('',#19174,#15365,#15366);
#14113=AXIS2_PLACEMENT_3D('',#19182,#15370,#15371);
#14114=AXIS2_PLACEMENT_3D('',#19192,#15376,#15377);
#14115=AXIS2_PLACEMENT_3D('',#19202,#15382,#15383);
#14116=AXIS2_PLACEMENT_3D('',#19210,#15387,#15388);
#14117=AXIS2_PLACEMENT_3D('',#19218,#15392,#15393);
#14118=AXIS2_PLACEMENT_3D('',#19226,#15397,#15398);
#14119=AXIS2_PLACEMENT_3D('',#19234,#15402,#15403);
#14120=AXIS2_PLACEMENT_3D('',#19244,#15408,#15409);
#14121=AXIS2_PLACEMENT_3D('',#19254,#15414,#15415);
#14122=AXIS2_PLACEMENT_3D('',#19262,#15419,#15420);
#14123=AXIS2_PLACEMENT_3D('',#19270,#15424,#15425);
#14124=AXIS2_PLACEMENT_3D('',#19278,#15429,#15430);
#14125=AXIS2_PLACEMENT_3D('',#19286,#15434,#15435);
#14126=AXIS2_PLACEMENT_3D('',#19296,#15440,#15441);
#14127=AXIS2_PLACEMENT_3D('',#19306,#15446,#15447);
#14128=AXIS2_PLACEMENT_3D('',#19314,#15451,#15452);
#14129=AXIS2_PLACEMENT_3D('',#19327,#15458,#15459);
#14130=AXIS2_PLACEMENT_3D('',#19337,#15464,#15465);
#14131=AXIS2_PLACEMENT_3D('',#19347,#15470,#15471);
#14132=AXIS2_PLACEMENT_3D('',#19357,#15476,#15477);
#14133=AXIS2_PLACEMENT_3D('',#19367,#15482,#15483);
#14134=AXIS2_PLACEMENT_3D('',#19377,#15488,#15489);
#14135=AXIS2_PLACEMENT_3D('',#19387,#15494,#15495);
#14136=AXIS2_PLACEMENT_3D('',#19394,#15499,#15500);
#14137=AXIS2_PLACEMENT_3D('',#19396,#15501,#15502);
#14138=AXIS2_PLACEMENT_3D('',#19402,#15506,#15507);
#14139=AXIS2_PLACEMENT_3D('',#19408,#15511,#15512);
#14140=AXIS2_PLACEMENT_3D('',#19414,#15516,#15517);
#14141=AXIS2_PLACEMENT_3D('',#19420,#15521,#15522);
#14142=AXIS2_PLACEMENT_3D('',#19426,#15526,#15527);
#14143=AXIS2_PLACEMENT_3D('',#19432,#15531,#15532);
#14144=AXIS2_PLACEMENT_3D('',#19438,#15536,#15537);
#14145=AXIS2_PLACEMENT_3D('',#19444,#15541,#15542);
#14146=AXIS2_PLACEMENT_3D('',#19450,#15546,#15547);
#14147=AXIS2_PLACEMENT_3D('',#19456,#15551,#15552);
#14148=AXIS2_PLACEMENT_3D('',#19462,#15556,#15557);
#14149=AXIS2_PLACEMENT_3D('',#19468,#15561,#15562);
#14150=AXIS2_PLACEMENT_3D('',#19474,#15566,#15567);
#14151=AXIS2_PLACEMENT_3D('',#19480,#15571,#15572);
#14152=AXIS2_PLACEMENT_3D('',#19486,#15576,#15577);
#14153=AXIS2_PLACEMENT_3D('',#19492,#15581,#15582);
#14154=AXIS2_PLACEMENT_3D('',#19493,#15583,#15584);
#14155=AXIS2_PLACEMENT_3D('',#19495,#15585,#15586);
#14156=AXIS2_PLACEMENT_3D('',#19497,#15587,#15588);
#14157=AXIS2_PLACEMENT_3D('',#19498,#15589,#15590);
#14158=AXIS2_PLACEMENT_3D('',#19502,#15593,#15594);
#14159=AXIS2_PLACEMENT_3D('',#19506,#15597,#15598);
#14160=AXIS2_PLACEMENT_3D('',#19510,#15601,#15602);
#14161=AXIS2_PLACEMENT_3D('',#19514,#15605,#15606);
#14162=AXIS2_PLACEMENT_3D('',#19518,#15609,#15610);
#14163=AXIS2_PLACEMENT_3D('',#19522,#15613,#15614);
#14164=AXIS2_PLACEMENT_3D('',#19529,#15618,#15619);
#14165=AXIS2_PLACEMENT_3D('',#19537,#15623,#15624);
#14166=AXIS2_PLACEMENT_3D('',#19547,#15629,#15630);
#14167=AXIS2_PLACEMENT_3D('',#19557,#15635,#15636);
#14168=AXIS2_PLACEMENT_3D('',#19565,#15640,#15641);
#14169=AXIS2_PLACEMENT_3D('',#19573,#15645,#15646);
#14170=AXIS2_PLACEMENT_3D('',#19581,#15650,#15651);
#14171=AXIS2_PLACEMENT_3D('',#19589,#15655,#15656);
#14172=AXIS2_PLACEMENT_3D('',#19599,#15661,#15662);
#14173=AXIS2_PLACEMENT_3D('',#19609,#15667,#15668);
#14174=AXIS2_PLACEMENT_3D('',#19617,#15672,#15673);
#14175=AXIS2_PLACEMENT_3D('',#19625,#15677,#15678);
#14176=AXIS2_PLACEMENT_3D('',#19633,#15682,#15683);
#14177=AXIS2_PLACEMENT_3D('',#19641,#15687,#15688);
#14178=AXIS2_PLACEMENT_3D('',#19651,#15693,#15694);
#14179=AXIS2_PLACEMENT_3D('',#19661,#15699,#15700);
#14180=AXIS2_PLACEMENT_3D('',#19669,#15704,#15705);
#14181=AXIS2_PLACEMENT_3D('',#19677,#15709,#15710);
#14182=AXIS2_PLACEMENT_3D('',#19685,#15714,#15715);
#14183=AXIS2_PLACEMENT_3D('',#19693,#15719,#15720);
#14184=AXIS2_PLACEMENT_3D('',#19703,#15725,#15726);
#14185=AXIS2_PLACEMENT_3D('',#19713,#15731,#15732);
#14186=AXIS2_PLACEMENT_3D('',#19721,#15736,#15737);
#14187=AXIS2_PLACEMENT_3D('',#19726,#15740,#15741);
#14188=AXIS2_PLACEMENT_3D('',#20110,#15933,#15934);
#14189=AXIS2_PLACEMENT_3D('',#20730,#16245,#16246);
#14190=AXIS2_PLACEMENT_3D('',#20733,#16249,#16250);
#14191=AXIS2_PLACEMENT_3D('',#20735,#16252,#16253);
#14192=AXIS2_PLACEMENT_3D('',#20737,#16255,#16256);
#14193=AXIS2_PLACEMENT_3D('',#20738,#16257,#16258);
#14194=AXIS2_PLACEMENT_3D('',#20741,#16261,#16262);
#14195=AXIS2_PLACEMENT_3D('',#20743,#16264,#16265);
#14196=AXIS2_PLACEMENT_3D('',#20745,#16267,#16268);
#14197=AXIS2_PLACEMENT_3D('',#20746,#16269,#16270);
#14198=AXIS2_PLACEMENT_3D('',#20749,#16273,#16274);
#14199=AXIS2_PLACEMENT_3D('',#20751,#16276,#16277);
#14200=AXIS2_PLACEMENT_3D('',#20753,#16279,#16280);
#14201=AXIS2_PLACEMENT_3D('',#20754,#16281,#16282);
#14202=AXIS2_PLACEMENT_3D('',#20757,#16285,#16286);
#14203=AXIS2_PLACEMENT_3D('',#20759,#16288,#16289);
#14204=AXIS2_PLACEMENT_3D('',#20761,#16291,#16292);
#14205=AXIS2_PLACEMENT_3D('',#20762,#16293,#16294);
#14206=AXIS2_PLACEMENT_3D('',#20765,#16297,#16298);
#14207=AXIS2_PLACEMENT_3D('',#20767,#16300,#16301);
#14208=AXIS2_PLACEMENT_3D('',#20769,#16303,#16304);
#14209=AXIS2_PLACEMENT_3D('',#20770,#16305,#16306);
#14210=AXIS2_PLACEMENT_3D('',#20773,#16309,#16310);
#14211=AXIS2_PLACEMENT_3D('',#20775,#16312,#16313);
#14212=AXIS2_PLACEMENT_3D('',#20777,#16315,#16316);
#14213=AXIS2_PLACEMENT_3D('',#20778,#16317,#16318);
#14214=AXIS2_PLACEMENT_3D('',#20781,#16321,#16322);
#14215=AXIS2_PLACEMENT_3D('',#20783,#16324,#16325);
#14216=AXIS2_PLACEMENT_3D('',#20785,#16327,#16328);
#14217=AXIS2_PLACEMENT_3D('',#20786,#16329,#16330);
#14218=AXIS2_PLACEMENT_3D('',#20789,#16333,#16334);
#14219=AXIS2_PLACEMENT_3D('',#20791,#16336,#16337);
#14220=AXIS2_PLACEMENT_3D('',#20793,#16339,#16340);
#14221=AXIS2_PLACEMENT_3D('',#20794,#16341,#16342);
#14222=AXIS2_PLACEMENT_3D('',#20797,#16345,#16346);
#14223=AXIS2_PLACEMENT_3D('',#20799,#16348,#16349);
#14224=AXIS2_PLACEMENT_3D('',#20801,#16351,#16352);
#14225=AXIS2_PLACEMENT_3D('',#20802,#16353,#16354);
#14226=AXIS2_PLACEMENT_3D('',#20805,#16357,#16358);
#14227=AXIS2_PLACEMENT_3D('',#20807,#16360,#16361);
#14228=AXIS2_PLACEMENT_3D('',#20809,#16363,#16364);
#14229=AXIS2_PLACEMENT_3D('',#20810,#16365,#16366);
#14230=AXIS2_PLACEMENT_3D('',#20813,#16369,#16370);
#14231=AXIS2_PLACEMENT_3D('',#20815,#16372,#16373);
#14232=AXIS2_PLACEMENT_3D('',#20817,#16375,#16376);
#14233=AXIS2_PLACEMENT_3D('',#20818,#16377,#16378);
#14234=AXIS2_PLACEMENT_3D('',#20821,#16381,#16382);
#14235=AXIS2_PLACEMENT_3D('',#20823,#16384,#16385);
#14236=AXIS2_PLACEMENT_3D('',#20825,#16387,#16388);
#14237=AXIS2_PLACEMENT_3D('',#20827,#16390,#16391);
#14238=AXIS2_PLACEMENT_3D('',#20830,#16394,#16395);
#14239=AXIS2_PLACEMENT_3D('',#20832,#16397,#16398);
#14240=AXIS2_PLACEMENT_3D('',#20834,#16400,#16401);
#14241=AXIS2_PLACEMENT_3D('',#20835,#16402,#16403);
#14242=AXIS2_PLACEMENT_3D('',#20838,#16406,#16407);
#14243=AXIS2_PLACEMENT_3D('',#20840,#16409,#16410);
#14244=AXIS2_PLACEMENT_3D('',#20842,#16412,#16413);
#14245=AXIS2_PLACEMENT_3D('',#20843,#16414,#16415);
#14246=AXIS2_PLACEMENT_3D('',#20846,#16418,#16419);
#14247=AXIS2_PLACEMENT_3D('',#20848,#16421,#16422);
#14248=AXIS2_PLACEMENT_3D('',#20850,#16424,#16425);
#14249=AXIS2_PLACEMENT_3D('',#20851,#16426,#16427);
#14250=AXIS2_PLACEMENT_3D('',#20854,#16430,#16431);
#14251=AXIS2_PLACEMENT_3D('',#20856,#16433,#16434);
#14252=AXIS2_PLACEMENT_3D('',#20858,#16436,#16437);
#14253=AXIS2_PLACEMENT_3D('',#20859,#16438,#16439);
#14254=AXIS2_PLACEMENT_3D('',#20862,#16442,#16443);
#14255=AXIS2_PLACEMENT_3D('',#20864,#16445,#16446);
#14256=AXIS2_PLACEMENT_3D('',#20866,#16448,#16449);
#14257=AXIS2_PLACEMENT_3D('',#20867,#16450,#16451);
#14258=AXIS2_PLACEMENT_3D('',#20870,#16454,#16455);
#14259=AXIS2_PLACEMENT_3D('',#20872,#16457,#16458);
#14260=AXIS2_PLACEMENT_3D('',#20874,#16460,#16461);
#14261=AXIS2_PLACEMENT_3D('',#20877,#16464,#16465);
#14262=AXIS2_PLACEMENT_3D('',#20879,#16467,#16468);
#14263=AXIS2_PLACEMENT_3D('',#20881,#16470,#16471);
#14264=AXIS2_PLACEMENT_3D('',#20884,#16474,#16475);
#14265=AXIS2_PLACEMENT_3D('',#20886,#16477,#16478);
#14266=AXIS2_PLACEMENT_3D('',#20888,#16480,#16481);
#14267=AXIS2_PLACEMENT_3D('',#20889,#16482,#16483);
#14268=AXIS2_PLACEMENT_3D('',#20892,#16486,#16487);
#14269=AXIS2_PLACEMENT_3D('',#20894,#16489,#16490);
#14270=AXIS2_PLACEMENT_3D('',#20896,#16492,#16493);
#14271=AXIS2_PLACEMENT_3D('',#20897,#16494,#16495);
#14272=AXIS2_PLACEMENT_3D('',#20900,#16498,#16499);
#14273=AXIS2_PLACEMENT_3D('',#20902,#16501,#16502);
#14274=AXIS2_PLACEMENT_3D('',#20904,#16504,#16505);
#14275=AXIS2_PLACEMENT_3D('',#20905,#16506,#16507);
#14276=AXIS2_PLACEMENT_3D('',#20908,#16510,#16511);
#14277=AXIS2_PLACEMENT_3D('',#20910,#16513,#16514);
#14278=AXIS2_PLACEMENT_3D('',#20912,#16516,#16517);
#14279=AXIS2_PLACEMENT_3D('',#20913,#16518,#16519);
#14280=AXIS2_PLACEMENT_3D('',#20915,#16521,#16522);
#14281=AXIS2_PLACEMENT_3D('',#20916,#16523,#16524);
#14282=AXIS2_PLACEMENT_3D('',#20919,#16527,#16528);
#14283=AXIS2_PLACEMENT_3D('',#20921,#16530,#16531);
#14284=AXIS2_PLACEMENT_3D('',#20923,#16533,#16534);
#14285=AXIS2_PLACEMENT_3D('',#20924,#16535,#16536);
#14286=AXIS2_PLACEMENT_3D('',#20927,#16539,#16540);
#14287=AXIS2_PLACEMENT_3D('',#20929,#16542,#16543);
#14288=AXIS2_PLACEMENT_3D('',#20931,#16545,#16546);
#14289=AXIS2_PLACEMENT_3D('',#20932,#16547,#16548);
#14290=AXIS2_PLACEMENT_3D('',#20935,#16551,#16552);
#14291=AXIS2_PLACEMENT_3D('',#20937,#16554,#16555);
#14292=AXIS2_PLACEMENT_3D('',#20939,#16557,#16558);
#14293=AXIS2_PLACEMENT_3D('',#20940,#16559,#16560);
#14294=AXIS2_PLACEMENT_3D('',#20942,#16562,#16563);
#14295=AXIS2_PLACEMENT_3D('',#20943,#16564,#16565);
#14296=AXIS2_PLACEMENT_3D('',#20946,#16568,#16569);
#14297=AXIS2_PLACEMENT_3D('',#20948,#16571,#16572);
#14298=AXIS2_PLACEMENT_3D('',#20950,#16574,#16575);
#14299=AXIS2_PLACEMENT_3D('',#20951,#16576,#16577);
#14300=AXIS2_PLACEMENT_3D('',#20954,#16580,#16581);
#14301=AXIS2_PLACEMENT_3D('',#20956,#16583,#16584);
#14302=AXIS2_PLACEMENT_3D('',#20958,#16586,#16587);
#14303=AXIS2_PLACEMENT_3D('',#20959,#16588,#16589);
#14304=AXIS2_PLACEMENT_3D('',#20962,#16592,#16593);
#14305=AXIS2_PLACEMENT_3D('',#20964,#16595,#16596);
#14306=AXIS2_PLACEMENT_3D('',#20966,#16598,#16599);
#14307=AXIS2_PLACEMENT_3D('',#20967,#16600,#16601);
#14308=AXIS2_PLACEMENT_3D('',#20970,#16604,#16605);
#14309=AXIS2_PLACEMENT_3D('',#20972,#16607,#16608);
#14310=AXIS2_PLACEMENT_3D('',#20974,#16610,#16611);
#14311=AXIS2_PLACEMENT_3D('',#20975,#16612,#16613);
#14312=AXIS2_PLACEMENT_3D('',#20978,#16616,#16617);
#14313=AXIS2_PLACEMENT_3D('',#20980,#16619,#16620);
#14314=AXIS2_PLACEMENT_3D('',#20982,#16622,#16623);
#14315=AXIS2_PLACEMENT_3D('',#20983,#16624,#16625);
#14316=AXIS2_PLACEMENT_3D('',#20986,#16628,#16629);
#14317=AXIS2_PLACEMENT_3D('',#20988,#16631,#16632);
#14318=AXIS2_PLACEMENT_3D('',#20990,#16634,#16635);
#14319=AXIS2_PLACEMENT_3D('',#20991,#16636,#16637);
#14320=AXIS2_PLACEMENT_3D('',#20994,#16640,#16641);
#14321=AXIS2_PLACEMENT_3D('',#20996,#16643,#16644);
#14322=AXIS2_PLACEMENT_3D('',#20998,#16646,#16647);
#14323=AXIS2_PLACEMENT_3D('',#20999,#16648,#16649);
#14324=AXIS2_PLACEMENT_3D('',#21002,#16652,#16653);
#14325=AXIS2_PLACEMENT_3D('',#21004,#16655,#16656);
#14326=AXIS2_PLACEMENT_3D('',#21006,#16658,#16659);
#14327=AXIS2_PLACEMENT_3D('',#21007,#16660,#16661);
#14328=AXIS2_PLACEMENT_3D('',#21010,#16664,#16665);
#14329=AXIS2_PLACEMENT_3D('',#21012,#16667,#16668);
#14330=AXIS2_PLACEMENT_3D('',#21014,#16670,#16671);
#14331=AXIS2_PLACEMENT_3D('',#21015,#16672,#16673);
#14332=AXIS2_PLACEMENT_3D('',#21018,#16676,#16677);
#14333=AXIS2_PLACEMENT_3D('',#21020,#16679,#16680);
#14334=AXIS2_PLACEMENT_3D('',#21022,#16682,#16683);
#14335=AXIS2_PLACEMENT_3D('',#21023,#16684,#16685);
#14336=AXIS2_PLACEMENT_3D('',#21026,#16688,#16689);
#14337=AXIS2_PLACEMENT_3D('',#21028,#16691,#16692);
#14338=AXIS2_PLACEMENT_3D('',#21030,#16694,#16695);
#14339=AXIS2_PLACEMENT_3D('',#21031,#16696,#16697);
#14340=AXIS2_PLACEMENT_3D('',#21034,#16700,#16701);
#14341=AXIS2_PLACEMENT_3D('',#21036,#16703,#16704);
#14342=AXIS2_PLACEMENT_3D('',#21038,#16706,#16707);
#14343=AXIS2_PLACEMENT_3D('',#21040,#16709,#16710);
#14344=AXIS2_PLACEMENT_3D('',#21043,#16713,#16714);
#14345=AXIS2_PLACEMENT_3D('',#21045,#16716,#16717);
#14346=AXIS2_PLACEMENT_3D('',#21047,#16719,#16720);
#14347=AXIS2_PLACEMENT_3D('',#21048,#16721,#16722);
#14348=AXIS2_PLACEMENT_3D('',#21051,#16725,#16726);
#14349=AXIS2_PLACEMENT_3D('',#21053,#16728,#16729);
#14350=AXIS2_PLACEMENT_3D('',#21055,#16731,#16732);
#14351=AXIS2_PLACEMENT_3D('',#21056,#16733,#16734);
#14352=AXIS2_PLACEMENT_3D('',#21059,#16737,#16738);
#14353=AXIS2_PLACEMENT_3D('',#21061,#16740,#16741);
#14354=AXIS2_PLACEMENT_3D('',#21063,#16743,#16744);
#14355=AXIS2_PLACEMENT_3D('',#21064,#16745,#16746);
#14356=AXIS2_PLACEMENT_3D('',#21067,#16749,#16750);
#14357=AXIS2_PLACEMENT_3D('',#21069,#16752,#16753);
#14358=AXIS2_PLACEMENT_3D('',#21071,#16755,#16756);
#14359=AXIS2_PLACEMENT_3D('',#21072,#16757,#16758);
#14360=AXIS2_PLACEMENT_3D('',#21075,#16761,#16762);
#14361=AXIS2_PLACEMENT_3D('',#21077,#16764,#16765);
#14362=AXIS2_PLACEMENT_3D('',#21079,#16767,#16768);
#14363=AXIS2_PLACEMENT_3D('',#21080,#16769,#16770);
#14364=AXIS2_PLACEMENT_3D('',#21083,#16773,#16774);
#14365=AXIS2_PLACEMENT_3D('',#21085,#16776,#16777);
#14366=AXIS2_PLACEMENT_3D('',#21087,#16779,#16780);
#14367=AXIS2_PLACEMENT_3D('',#21090,#16783,#16784);
#14368=AXIS2_PLACEMENT_3D('',#21092,#16786,#16787);
#14369=AXIS2_PLACEMENT_3D('',#21094,#16789,#16790);
#14370=AXIS2_PLACEMENT_3D('',#21097,#16793,#16794);
#14371=AXIS2_PLACEMENT_3D('',#21099,#16796,#16797);
#14372=AXIS2_PLACEMENT_3D('',#21101,#16799,#16800);
#14373=AXIS2_PLACEMENT_3D('',#21104,#16803,#16804);
#14374=AXIS2_PLACEMENT_3D('',#21106,#16806,#16807);
#14375=AXIS2_PLACEMENT_3D('',#21108,#16809,#16810);
#14376=AXIS2_PLACEMENT_3D('',#21109,#16811,#16812);
#14377=AXIS2_PLACEMENT_3D('',#21112,#16815,#16816);
#14378=AXIS2_PLACEMENT_3D('',#21114,#16818,#16819);
#14379=AXIS2_PLACEMENT_3D('',#21116,#16821,#16822);
#14380=AXIS2_PLACEMENT_3D('',#21117,#16823,#16824);
#14381=AXIS2_PLACEMENT_3D('',#21120,#16827,#16828);
#14382=AXIS2_PLACEMENT_3D('',#21122,#16830,#16831);
#14383=AXIS2_PLACEMENT_3D('',#21124,#16833,#16834);
#14384=AXIS2_PLACEMENT_3D('',#21125,#16835,#16836);
#14385=AXIS2_PLACEMENT_3D('',#21128,#16839,#16840);
#14386=AXIS2_PLACEMENT_3D('',#21130,#16842,#16843);
#14387=AXIS2_PLACEMENT_3D('',#21132,#16845,#16846);
#14388=AXIS2_PLACEMENT_3D('',#21133,#16847,#16848);
#14389=AXIS2_PLACEMENT_3D('',#21136,#16851,#16852);
#14390=AXIS2_PLACEMENT_3D('',#21138,#16854,#16855);
#14391=AXIS2_PLACEMENT_3D('',#21140,#16857,#16858);
#14392=AXIS2_PLACEMENT_3D('',#21143,#16861,#16862);
#14393=AXIS2_PLACEMENT_3D('',#21145,#16864,#16865);
#14394=AXIS2_PLACEMENT_3D('',#21147,#16867,#16868);
#14395=AXIS2_PLACEMENT_3D('',#21148,#16869,#16870);
#14396=AXIS2_PLACEMENT_3D('',#21151,#16873,#16874);
#14397=AXIS2_PLACEMENT_3D('',#21153,#16876,#16877);
#14398=AXIS2_PLACEMENT_3D('',#21155,#16879,#16880);
#14399=AXIS2_PLACEMENT_3D('',#21156,#16881,#16882);
#14400=AXIS2_PLACEMENT_3D('',#21159,#16885,#16886);
#14401=AXIS2_PLACEMENT_3D('',#21161,#16888,#16889);
#14402=AXIS2_PLACEMENT_3D('',#21163,#16891,#16892);
#14403=AXIS2_PLACEMENT_3D('',#21164,#16893,#16894);
#14404=AXIS2_PLACEMENT_3D('',#21167,#16897,#16898);
#14405=AXIS2_PLACEMENT_3D('',#21169,#16900,#16901);
#14406=AXIS2_PLACEMENT_3D('',#21171,#16903,#16904);
#14407=AXIS2_PLACEMENT_3D('',#21172,#16905,#16906);
#14408=AXIS2_PLACEMENT_3D('',#21174,#16908,#16909);
#14409=AXIS2_PLACEMENT_3D('',#21175,#16910,#16911);
#14410=AXIS2_PLACEMENT_3D('',#21177,#16913,#16914);
#14411=AXIS2_PLACEMENT_3D('',#21178,#16915,#16916);
#14412=AXIS2_PLACEMENT_3D('',#21181,#16919,#16920);
#14413=AXIS2_PLACEMENT_3D('',#21183,#16922,#16923);
#14414=AXIS2_PLACEMENT_3D('',#21185,#16925,#16926);
#14415=AXIS2_PLACEMENT_3D('',#21186,#16927,#16928);
#14416=AXIS2_PLACEMENT_3D('',#21189,#16931,#16932);
#14417=AXIS2_PLACEMENT_3D('',#21191,#16934,#16935);
#14418=AXIS2_PLACEMENT_3D('',#21193,#16937,#16938);
#14419=AXIS2_PLACEMENT_3D('',#21194,#16939,#16940);
#14420=AXIS2_PLACEMENT_3D('',#21197,#16943,#16944);
#14421=AXIS2_PLACEMENT_3D('',#21199,#16946,#16947);
#14422=AXIS2_PLACEMENT_3D('',#21201,#16949,#16950);
#14423=AXIS2_PLACEMENT_3D('',#21202,#16951,#16952);
#14424=AXIS2_PLACEMENT_3D('',#21205,#16955,#16956);
#14425=AXIS2_PLACEMENT_3D('',#21207,#16958,#16959);
#14426=AXIS2_PLACEMENT_3D('',#21209,#16961,#16962);
#14427=AXIS2_PLACEMENT_3D('',#21210,#16963,#16964);
#14428=AXIS2_PLACEMENT_3D('',#21213,#16967,#16968);
#14429=AXIS2_PLACEMENT_3D('',#21215,#16970,#16971);
#14430=AXIS2_PLACEMENT_3D('',#21217,#16973,#16974);
#14431=AXIS2_PLACEMENT_3D('',#21218,#16975,#16976);
#14432=AXIS2_PLACEMENT_3D('',#21221,#16979,#16980);
#14433=AXIS2_PLACEMENT_3D('',#21223,#16982,#16983);
#14434=AXIS2_PLACEMENT_3D('',#21225,#16985,#16986);
#14435=AXIS2_PLACEMENT_3D('',#21227,#16988,#16989);
#14436=AXIS2_PLACEMENT_3D('',#21230,#16992,#16993);
#14437=AXIS2_PLACEMENT_3D('',#21232,#16995,#16996);
#14438=AXIS2_PLACEMENT_3D('',#21234,#16998,#16999);
#14439=AXIS2_PLACEMENT_3D('',#21235,#17000,#17001);
#14440=AXIS2_PLACEMENT_3D('',#21238,#17004,#17005);
#14441=AXIS2_PLACEMENT_3D('',#21240,#17007,#17008);
#14442=AXIS2_PLACEMENT_3D('',#21242,#17010,#17011);
#14443=AXIS2_PLACEMENT_3D('',#21243,#17012,#17013);
#14444=AXIS2_PLACEMENT_3D('',#21246,#17016,#17017);
#14445=AXIS2_PLACEMENT_3D('',#21248,#17019,#17020);
#14446=AXIS2_PLACEMENT_3D('',#21250,#17022,#17023);
#14447=AXIS2_PLACEMENT_3D('',#21251,#17024,#17025);
#14448=AXIS2_PLACEMENT_3D('',#21254,#17028,#17029);
#14449=AXIS2_PLACEMENT_3D('',#21256,#17031,#17032);
#14450=AXIS2_PLACEMENT_3D('',#21258,#17034,#17035);
#14451=AXIS2_PLACEMENT_3D('',#21261,#17038,#17039);
#14452=AXIS2_PLACEMENT_3D('',#21263,#17041,#17042);
#14453=AXIS2_PLACEMENT_3D('',#21265,#17044,#17045);
#14454=AXIS2_PLACEMENT_3D('',#21266,#17046,#17047);
#14455=AXIS2_PLACEMENT_3D('',#21269,#17050,#17051);
#14456=AXIS2_PLACEMENT_3D('',#21271,#17053,#17054);
#14457=AXIS2_PLACEMENT_3D('',#21273,#17056,#17057);
#14458=AXIS2_PLACEMENT_3D('',#21274,#17058,#17059);
#14459=AXIS2_PLACEMENT_3D('',#21277,#17062,#17063);
#14460=AXIS2_PLACEMENT_3D('',#21279,#17065,#17066);
#14461=AXIS2_PLACEMENT_3D('',#21281,#17068,#17069);
#14462=AXIS2_PLACEMENT_3D('',#21282,#17070,#17071);
#14463=AXIS2_PLACEMENT_3D('',#21285,#17074,#17075);
#14464=AXIS2_PLACEMENT_3D('',#21287,#17077,#17078);
#14465=AXIS2_PLACEMENT_3D('',#21289,#17080,#17081);
#14466=AXIS2_PLACEMENT_3D('',#21292,#17084,#17085);
#14467=AXIS2_PLACEMENT_3D('',#21294,#17087,#17088);
#14468=AXIS2_PLACEMENT_3D('',#21296,#17090,#17091);
#14469=AXIS2_PLACEMENT_3D('',#21297,#17092,#17093);
#14470=AXIS2_PLACEMENT_3D('',#21300,#17096,#17097);
#14471=AXIS2_PLACEMENT_3D('',#21302,#17099,#17100);
#14472=AXIS2_PLACEMENT_3D('',#21304,#17102,#17103);
#14473=AXIS2_PLACEMENT_3D('',#21305,#17104,#17105);
#14474=AXIS2_PLACEMENT_3D('',#21308,#17108,#17109);
#14475=AXIS2_PLACEMENT_3D('',#21310,#17111,#17112);
#14476=AXIS2_PLACEMENT_3D('',#21312,#17114,#17115);
#14477=AXIS2_PLACEMENT_3D('',#21314,#17117,#17118);
#14478=AXIS2_PLACEMENT_3D('',#21317,#17121,#17122);
#14479=AXIS2_PLACEMENT_3D('',#21319,#17124,#17125);
#14480=AXIS2_PLACEMENT_3D('',#21321,#17127,#17128);
#14481=AXIS2_PLACEMENT_3D('',#21322,#17129,#17130);
#14482=AXIS2_PLACEMENT_3D('',#21325,#17133,#17134);
#14483=AXIS2_PLACEMENT_3D('',#21327,#17136,#17137);
#14484=AXIS2_PLACEMENT_3D('',#21329,#17139,#17140);
#14485=AXIS2_PLACEMENT_3D('',#21330,#17141,#17142);
#14486=AXIS2_PLACEMENT_3D('',#21333,#17145,#17146);
#14487=AXIS2_PLACEMENT_3D('',#21335,#17148,#17149);
#14488=AXIS2_PLACEMENT_3D('',#21337,#17151,#17152);
#14489=AXIS2_PLACEMENT_3D('',#21338,#17153,#17154);
#14490=AXIS2_PLACEMENT_3D('',#21341,#17157,#17158);
#14491=AXIS2_PLACEMENT_3D('',#21343,#17160,#17161);
#14492=AXIS2_PLACEMENT_3D('',#21345,#17163,#17164);
#14493=AXIS2_PLACEMENT_3D('',#21346,#17165,#17166);
#14494=AXIS2_PLACEMENT_3D('',#21349,#17169,#17170);
#14495=AXIS2_PLACEMENT_3D('',#21351,#17172,#17173);
#14496=AXIS2_PLACEMENT_3D('',#21353,#17175,#17176);
#14497=AXIS2_PLACEMENT_3D('',#21354,#17177,#17178);
#14498=AXIS2_PLACEMENT_3D('',#21357,#17181,#17182);
#14499=AXIS2_PLACEMENT_3D('',#21359,#17184,#17185);
#14500=AXIS2_PLACEMENT_3D('',#21361,#17187,#17188);
#14501=AXIS2_PLACEMENT_3D('',#21362,#17189,#17190);
#14502=AXIS2_PLACEMENT_3D('',#21365,#17193,#17194);
#14503=AXIS2_PLACEMENT_3D('',#21367,#17196,#17197);
#14504=AXIS2_PLACEMENT_3D('',#21369,#17199,#17200);
#14505=AXIS2_PLACEMENT_3D('',#21370,#17201,#17202);
#14506=AXIS2_PLACEMENT_3D('',#21373,#17205,#17206);
#14507=AXIS2_PLACEMENT_3D('',#21375,#17208,#17209);
#14508=AXIS2_PLACEMENT_3D('',#21377,#17211,#17212);
#14509=AXIS2_PLACEMENT_3D('',#21378,#17213,#17214);
#14510=AXIS2_PLACEMENT_3D('',#21381,#17217,#17218);
#14511=AXIS2_PLACEMENT_3D('',#21383,#17220,#17221);
#14512=AXIS2_PLACEMENT_3D('',#21385,#17223,#17224);
#14513=AXIS2_PLACEMENT_3D('',#21386,#17225,#17226);
#14514=AXIS2_PLACEMENT_3D('',#21389,#17229,#17230);
#14515=AXIS2_PLACEMENT_3D('',#21391,#17232,#17233);
#14516=AXIS2_PLACEMENT_3D('',#21393,#17235,#17236);
#14517=AXIS2_PLACEMENT_3D('',#21394,#17237,#17238);
#14518=AXIS2_PLACEMENT_3D('',#21397,#17241,#17242);
#14519=AXIS2_PLACEMENT_3D('',#21399,#17244,#17245);
#14520=AXIS2_PLACEMENT_3D('',#21401,#17247,#17248);
#14521=AXIS2_PLACEMENT_3D('',#21402,#17249,#17250);
#14522=AXIS2_PLACEMENT_3D('',#21405,#17253,#17254);
#14523=AXIS2_PLACEMENT_3D('',#21407,#17256,#17257);
#14524=AXIS2_PLACEMENT_3D('',#21409,#17259,#17260);
#14525=AXIS2_PLACEMENT_3D('',#21410,#17261,#17262);
#14526=AXIS2_PLACEMENT_3D('',#21413,#17265,#17266);
#14527=AXIS2_PLACEMENT_3D('',#21415,#17268,#17269);
#14528=AXIS2_PLACEMENT_3D('',#21417,#17271,#17272);
#14529=AXIS2_PLACEMENT_3D('',#21418,#17273,#17274);
#14530=AXIS2_PLACEMENT_3D('',#21421,#17277,#17278);
#14531=AXIS2_PLACEMENT_3D('',#21423,#17280,#17281);
#14532=AXIS2_PLACEMENT_3D('',#21425,#17283,#17284);
#14533=AXIS2_PLACEMENT_3D('',#21426,#17285,#17286);
#14534=AXIS2_PLACEMENT_3D('',#21429,#17289,#17290);
#14535=AXIS2_PLACEMENT_3D('',#21431,#17292,#17293);
#14536=AXIS2_PLACEMENT_3D('',#21433,#17295,#17296);
#14537=AXIS2_PLACEMENT_3D('',#21434,#17297,#17298);
#14538=AXIS2_PLACEMENT_3D('',#21437,#17301,#17302);
#14539=AXIS2_PLACEMENT_3D('',#21439,#17304,#17305);
#14540=AXIS2_PLACEMENT_3D('',#21441,#17307,#17308);
#14541=AXIS2_PLACEMENT_3D('',#21443,#17310,#17311);
#14542=AXIS2_PLACEMENT_3D('',#21446,#17314,#17315);
#14543=AXIS2_PLACEMENT_3D('',#21448,#17317,#17318);
#14544=AXIS2_PLACEMENT_3D('',#21450,#17320,#17321);
#14545=AXIS2_PLACEMENT_3D('',#21451,#17322,#17323);
#14546=AXIS2_PLACEMENT_3D('',#21454,#17326,#17327);
#14547=AXIS2_PLACEMENT_3D('',#21456,#17329,#17330);
#14548=AXIS2_PLACEMENT_3D('',#21458,#17332,#17333);
#14549=AXIS2_PLACEMENT_3D('',#21459,#17334,#17335);
#14550=AXIS2_PLACEMENT_3D('',#21462,#17338,#17339);
#14551=AXIS2_PLACEMENT_3D('',#21464,#17341,#17342);
#14552=AXIS2_PLACEMENT_3D('',#21466,#17344,#17345);
#14553=AXIS2_PLACEMENT_3D('',#21467,#17346,#17347);
#14554=AXIS2_PLACEMENT_3D('',#21470,#17350,#17351);
#14555=AXIS2_PLACEMENT_3D('',#21472,#17353,#17354);
#14556=AXIS2_PLACEMENT_3D('',#21474,#17356,#17357);
#14557=AXIS2_PLACEMENT_3D('',#21475,#17358,#17359);
#14558=AXIS2_PLACEMENT_3D('',#21478,#17362,#17363);
#14559=AXIS2_PLACEMENT_3D('',#21480,#17365,#17366);
#14560=AXIS2_PLACEMENT_3D('',#21482,#17368,#17369);
#14561=AXIS2_PLACEMENT_3D('',#21484,#17371,#17372);
#14562=AXIS2_PLACEMENT_3D('',#21487,#17375,#17376);
#14563=AXIS2_PLACEMENT_3D('',#21489,#17378,#17379);
#14564=AXIS2_PLACEMENT_3D('',#21491,#17381,#17382);
#14565=AXIS2_PLACEMENT_3D('',#21492,#17383,#17384);
#14566=AXIS2_PLACEMENT_3D('',#21495,#17387,#17388);
#14567=AXIS2_PLACEMENT_3D('',#21497,#17390,#17391);
#14568=AXIS2_PLACEMENT_3D('',#21499,#17393,#17394);
#14569=AXIS2_PLACEMENT_3D('',#21500,#17395,#17396);
#14570=AXIS2_PLACEMENT_3D('',#21503,#17399,#17400);
#14571=AXIS2_PLACEMENT_3D('',#21505,#17402,#17403);
#14572=AXIS2_PLACEMENT_3D('',#21507,#17405,#17406);
#14573=AXIS2_PLACEMENT_3D('',#21509,#17408,#17409);
#14574=AXIS2_PLACEMENT_3D('',#21512,#17412,#17413);
#14575=AXIS2_PLACEMENT_3D('',#21514,#17415,#17416);
#14576=AXIS2_PLACEMENT_3D('',#21516,#17418,#17419);
#14577=AXIS2_PLACEMENT_3D('',#21517,#17420,#17421);
#14578=AXIS2_PLACEMENT_3D('',#21520,#17424,#17425);
#14579=AXIS2_PLACEMENT_3D('',#21522,#17427,#17428);
#14580=AXIS2_PLACEMENT_3D('',#21524,#17430,#17431);
#14581=AXIS2_PLACEMENT_3D('',#21527,#17434,#17435);
#14582=AXIS2_PLACEMENT_3D('',#21529,#17437,#17438);
#14583=AXIS2_PLACEMENT_3D('',#21531,#17440,#17441);
#14584=AXIS2_PLACEMENT_3D('',#21534,#17444,#17445);
#14585=AXIS2_PLACEMENT_3D('',#21536,#17447,#17448);
#14586=AXIS2_PLACEMENT_3D('',#21538,#17450,#17451);
#14587=AXIS2_PLACEMENT_3D('',#21539,#17452,#17453);
#14588=AXIS2_PLACEMENT_3D('',#21542,#17456,#17457);
#14589=AXIS2_PLACEMENT_3D('',#21544,#17459,#17460);
#14590=AXIS2_PLACEMENT_3D('',#21546,#17462,#17463);
#14591=AXIS2_PLACEMENT_3D('',#21547,#17464,#17465);
#14592=AXIS2_PLACEMENT_3D('',#21550,#17468,#17469);
#14593=AXIS2_PLACEMENT_3D('',#21552,#17471,#17472);
#14594=AXIS2_PLACEMENT_3D('',#21554,#17474,#17475);
#14595=AXIS2_PLACEMENT_3D('',#21555,#17476,#17477);
#14596=AXIS2_PLACEMENT_3D('',#21557,#17479,#17480);
#14597=AXIS2_PLACEMENT_3D('',#21558,#17481,#17482);
#14598=AXIS2_PLACEMENT_3D('',#21561,#17485,#17486);
#14599=AXIS2_PLACEMENT_3D('',#21563,#17488,#17489);
#14600=AXIS2_PLACEMENT_3D('',#21565,#17491,#17492);
#14601=AXIS2_PLACEMENT_3D('',#21566,#17493,#17494);
#14602=AXIS2_PLACEMENT_3D('',#21569,#17497,#17498);
#14603=AXIS2_PLACEMENT_3D('',#21571,#17500,#17501);
#14604=AXIS2_PLACEMENT_3D('',#21573,#17503,#17504);
#14605=AXIS2_PLACEMENT_3D('',#21575,#17506,#17507);
#14606=AXIS2_PLACEMENT_3D('',#21578,#17510,#17511);
#14607=AXIS2_PLACEMENT_3D('',#21580,#17513,#17514);
#14608=AXIS2_PLACEMENT_3D('',#21582,#17516,#17517);
#14609=AXIS2_PLACEMENT_3D('',#21583,#17518,#17519);
#14610=AXIS2_PLACEMENT_3D('',#21586,#17522,#17523);
#14611=AXIS2_PLACEMENT_3D('',#21588,#17525,#17526);
#14612=AXIS2_PLACEMENT_3D('',#21590,#17528,#17529);
#14613=AXIS2_PLACEMENT_3D('',#21593,#17532,#17533);
#14614=AXIS2_PLACEMENT_3D('',#21595,#17535,#17536);
#14615=AXIS2_PLACEMENT_3D('',#21597,#17538,#17539);
#14616=AXIS2_PLACEMENT_3D('',#21600,#17542,#17543);
#14617=AXIS2_PLACEMENT_3D('',#21602,#17545,#17546);
#14618=AXIS2_PLACEMENT_3D('',#21604,#17548,#17549);
#14619=AXIS2_PLACEMENT_3D('',#21605,#17550,#17551);
#14620=AXIS2_PLACEMENT_3D('',#21608,#17554,#17555);
#14621=AXIS2_PLACEMENT_3D('',#21610,#17557,#17558);
#14622=AXIS2_PLACEMENT_3D('',#21612,#17560,#17561);
#14623=AXIS2_PLACEMENT_3D('',#21613,#17562,#17563);
#14624=AXIS2_PLACEMENT_3D('',#21616,#17566,#17567);
#14625=AXIS2_PLACEMENT_3D('',#21618,#17569,#17570);
#14626=AXIS2_PLACEMENT_3D('',#21620,#17572,#17573);
#14627=AXIS2_PLACEMENT_3D('',#21621,#17574,#17575);
#14628=AXIS2_PLACEMENT_3D('',#21624,#17578,#17579);
#14629=AXIS2_PLACEMENT_3D('',#21626,#17581,#17582);
#14630=AXIS2_PLACEMENT_3D('',#21628,#17584,#17585);
#14631=AXIS2_PLACEMENT_3D('',#21629,#17586,#17587);
#14632=AXIS2_PLACEMENT_3D('',#21632,#17590,#17591);
#14633=AXIS2_PLACEMENT_3D('',#21634,#17593,#17594);
#14634=AXIS2_PLACEMENT_3D('',#21636,#17596,#17597);
#14635=AXIS2_PLACEMENT_3D('',#21637,#17598,#17599);
#14636=AXIS2_PLACEMENT_3D('',#21640,#17602,#17603);
#14637=AXIS2_PLACEMENT_3D('',#21642,#17605,#17606);
#14638=AXIS2_PLACEMENT_3D('',#21644,#17608,#17609);
#14639=AXIS2_PLACEMENT_3D('',#21645,#17610,#17611);
#14640=AXIS2_PLACEMENT_3D('',#21648,#17614,#17615);
#14641=AXIS2_PLACEMENT_3D('',#21650,#17617,#17618);
#14642=AXIS2_PLACEMENT_3D('',#21652,#17620,#17621);
#14643=AXIS2_PLACEMENT_3D('',#21653,#17622,#17623);
#14644=AXIS2_PLACEMENT_3D('',#21656,#17626,#17627);
#14645=AXIS2_PLACEMENT_3D('',#21658,#17629,#17630);
#14646=AXIS2_PLACEMENT_3D('',#21660,#17632,#17633);
#14647=AXIS2_PLACEMENT_3D('',#21661,#17634,#17635);
#14648=AXIS2_PLACEMENT_3D('',#21664,#17638,#17639);
#14649=AXIS2_PLACEMENT_3D('',#21666,#17641,#17642);
#14650=AXIS2_PLACEMENT_3D('',#21668,#17644,#17645);
#14651=AXIS2_PLACEMENT_3D('',#21669,#17646,#17647);
#14652=AXIS2_PLACEMENT_3D('',#21672,#17650,#17651);
#14653=AXIS2_PLACEMENT_3D('',#21674,#17653,#17654);
#14654=AXIS2_PLACEMENT_3D('',#21676,#17656,#17657);
#14655=AXIS2_PLACEMENT_3D('',#21677,#17658,#17659);
#14656=AXIS2_PLACEMENT_3D('',#21680,#17662,#17663);
#14657=AXIS2_PLACEMENT_3D('',#21682,#17665,#17666);
#14658=AXIS2_PLACEMENT_3D('',#21684,#17668,#17669);
#14659=AXIS2_PLACEMENT_3D('',#21685,#17670,#17671);
#14660=AXIS2_PLACEMENT_3D('',#21688,#17674,#17675);
#14661=AXIS2_PLACEMENT_3D('',#21690,#17677,#17678);
#14662=AXIS2_PLACEMENT_3D('',#21692,#17680,#17681);
#14663=AXIS2_PLACEMENT_3D('',#21693,#17682,#17683);
#14664=AXIS2_PLACEMENT_3D('',#21696,#17686,#17687);
#14665=AXIS2_PLACEMENT_3D('',#21698,#17689,#17690);
#14666=AXIS2_PLACEMENT_3D('',#21700,#17692,#17693);
#14667=AXIS2_PLACEMENT_3D('',#21701,#17694,#17695);
#14668=AXIS2_PLACEMENT_3D('',#21704,#17698,#17699);
#14669=AXIS2_PLACEMENT_3D('',#21706,#17701,#17702);
#14670=AXIS2_PLACEMENT_3D('',#21708,#17704,#17705);
#14671=AXIS2_PLACEMENT_3D('',#21709,#17706,#17707);
#14672=AXIS2_PLACEMENT_3D('',#21712,#17710,#17711);
#14673=AXIS2_PLACEMENT_3D('',#21714,#17713,#17714);
#14674=AXIS2_PLACEMENT_3D('',#21716,#17716,#17717);
#14675=AXIS2_PLACEMENT_3D('',#21717,#17718,#17719);
#14676=AXIS2_PLACEMENT_3D('',#21720,#17722,#17723);
#14677=AXIS2_PLACEMENT_3D('',#21722,#17725,#17726);
#14678=AXIS2_PLACEMENT_3D('',#21724,#17728,#17729);
#14679=AXIS2_PLACEMENT_3D('',#21725,#17730,#17731);
#14680=AXIS2_PLACEMENT_3D('',#21728,#17734,#17735);
#14681=AXIS2_PLACEMENT_3D('',#21730,#17737,#17738);
#14682=AXIS2_PLACEMENT_3D('',#21732,#17740,#17741);
#14683=AXIS2_PLACEMENT_3D('',#21733,#17742,#17743);
#14684=AXIS2_PLACEMENT_3D('',#21735,#17745,#17746);
#14685=AXIS2_PLACEMENT_3D('',#21736,#17747,#17748);
#14686=AXIS2_PLACEMENT_3D('',#21739,#17751,#17752);
#14687=AXIS2_PLACEMENT_3D('',#21741,#17754,#17755);
#14688=AXIS2_PLACEMENT_3D('',#21743,#17757,#17758);
#14689=AXIS2_PLACEMENT_3D('',#21744,#17759,#17760);
#14690=AXIS2_PLACEMENT_3D('',#21746,#17762,#17763);
#14691=AXIS2_PLACEMENT_3D('',#21747,#17764,#17765);
#14692=AXIS2_PLACEMENT_3D('',#21750,#17768,#17769);
#14693=AXIS2_PLACEMENT_3D('',#21752,#17771,#17772);
#14694=AXIS2_PLACEMENT_3D('',#21754,#17774,#17775);
#14695=AXIS2_PLACEMENT_3D('',#21755,#17776,#17777);
#14696=AXIS2_PLACEMENT_3D('',#21758,#17780,#17781);
#14697=AXIS2_PLACEMENT_3D('',#21760,#17783,#17784);
#14698=AXIS2_PLACEMENT_3D('',#21762,#17786,#17787);
#14699=AXIS2_PLACEMENT_3D('',#21763,#17788,#17789);
#14700=AXIS2_PLACEMENT_3D('',#21766,#17792,#17793);
#14701=AXIS2_PLACEMENT_3D('',#21768,#17795,#17796);
#14702=AXIS2_PLACEMENT_3D('',#21770,#17798,#17799);
#14703=AXIS2_PLACEMENT_3D('',#21771,#17800,#17801);
#14704=AXIS2_PLACEMENT_3D('',#21774,#17804,#17805);
#14705=AXIS2_PLACEMENT_3D('',#21776,#17807,#17808);
#14706=AXIS2_PLACEMENT_3D('',#21778,#17810,#17811);
#14707=AXIS2_PLACEMENT_3D('',#21779,#17812,#17813);
#14708=AXIS2_PLACEMENT_3D('',#21782,#17816,#17817);
#14709=AXIS2_PLACEMENT_3D('',#21784,#17819,#17820);
#14710=AXIS2_PLACEMENT_3D('',#21786,#17822,#17823);
#14711=AXIS2_PLACEMENT_3D('',#21787,#17824,#17825);
#14712=AXIS2_PLACEMENT_3D('',#21790,#17828,#17829);
#14713=AXIS2_PLACEMENT_3D('',#21792,#17831,#17832);
#14714=AXIS2_PLACEMENT_3D('',#21794,#17834,#17835);
#14715=AXIS2_PLACEMENT_3D('',#21795,#17836,#17837);
#14716=AXIS2_PLACEMENT_3D('',#21798,#17840,#17841);
#14717=AXIS2_PLACEMENT_3D('',#21800,#17843,#17844);
#14718=AXIS2_PLACEMENT_3D('',#21802,#17846,#17847);
#14719=AXIS2_PLACEMENT_3D('',#21803,#17848,#17849);
#14720=AXIS2_PLACEMENT_3D('',#21806,#17852,#17853);
#14721=AXIS2_PLACEMENT_3D('',#21808,#17855,#17856);
#14722=AXIS2_PLACEMENT_3D('',#21810,#17858,#17859);
#14723=AXIS2_PLACEMENT_3D('',#21811,#17860,#17861);
#14724=AXIS2_PLACEMENT_3D('',#21814,#17864,#17865);
#14725=AXIS2_PLACEMENT_3D('',#21816,#17867,#17868);
#14726=AXIS2_PLACEMENT_3D('',#21818,#17870,#17871);
#14727=AXIS2_PLACEMENT_3D('',#21819,#17872,#17873);
#14728=AXIS2_PLACEMENT_3D('',#21822,#17876,#17877);
#14729=AXIS2_PLACEMENT_3D('',#21824,#17879,#17880);
#14730=AXIS2_PLACEMENT_3D('',#21826,#17882,#17883);
#14731=AXIS2_PLACEMENT_3D('',#21827,#17884,#17885);
#14732=AXIS2_PLACEMENT_3D('',#21830,#17888,#17889);
#14733=AXIS2_PLACEMENT_3D('',#21832,#17891,#17892);
#14734=AXIS2_PLACEMENT_3D('',#21834,#17894,#17895);
#14735=AXIS2_PLACEMENT_3D('',#21837,#17898,#17899);
#14736=AXIS2_PLACEMENT_3D('',#21839,#17901,#17902);
#14737=AXIS2_PLACEMENT_3D('',#21841,#17904,#17905);
#14738=AXIS2_PLACEMENT_3D('',#21843,#17907,#17908);
#14739=AXIS2_PLACEMENT_3D('',#21844,#17909,#17910);
#14740=AXIS2_PLACEMENT_3D('',#21847,#17913,#17914);
#14741=AXIS2_PLACEMENT_3D('',#21849,#17916,#17917);
#14742=AXIS2_PLACEMENT_3D('',#21851,#17919,#17920);
#14743=AXIS2_PLACEMENT_3D('',#21852,#17921,#17922);
#14744=AXIS2_PLACEMENT_3D('',#21855,#17925,#17926);
#14745=AXIS2_PLACEMENT_3D('',#21857,#17928,#17929);
#14746=AXIS2_PLACEMENT_3D('',#21859,#17931,#17932);
#14747=AXIS2_PLACEMENT_3D('',#21860,#17933,#17934);
#14748=AXIS2_PLACEMENT_3D('',#21863,#17937,#17938);
#14749=AXIS2_PLACEMENT_3D('',#21865,#17940,#17941);
#14750=AXIS2_PLACEMENT_3D('',#21867,#17943,#17944);
#14751=AXIS2_PLACEMENT_3D('',#21868,#17945,#17946);
#14752=AXIS2_PLACEMENT_3D('',#21871,#17949,#17950);
#14753=AXIS2_PLACEMENT_3D('',#21873,#17952,#17953);
#14754=AXIS2_PLACEMENT_3D('',#21875,#17955,#17956);
#14755=AXIS2_PLACEMENT_3D('',#21876,#17957,#17958);
#14756=AXIS2_PLACEMENT_3D('',#21879,#17961,#17962);
#14757=AXIS2_PLACEMENT_3D('',#21881,#17964,#17965);
#14758=AXIS2_PLACEMENT_3D('',#21883,#17967,#17968);
#14759=AXIS2_PLACEMENT_3D('',#21884,#17969,#17970);
#14760=AXIS2_PLACEMENT_3D('',#21887,#17973,#17974);
#14761=AXIS2_PLACEMENT_3D('',#21889,#17976,#17977);
#14762=AXIS2_PLACEMENT_3D('',#21891,#17979,#17980);
#14763=AXIS2_PLACEMENT_3D('',#21894,#17983,#17984);
#14764=AXIS2_PLACEMENT_3D('',#21896,#17986,#17987);
#14765=AXIS2_PLACEMENT_3D('',#21898,#17989,#17990);
#14766=AXIS2_PLACEMENT_3D('',#21901,#17993,#17994);
#14767=AXIS2_PLACEMENT_3D('',#21903,#17996,#17997);
#14768=AXIS2_PLACEMENT_3D('',#21905,#17999,#18000);
#14769=AXIS2_PLACEMENT_3D('',#21906,#18001,#18002);
#14770=AXIS2_PLACEMENT_3D('',#21909,#18005,#18006);
#14771=AXIS2_PLACEMENT_3D('',#21911,#18008,#18009);
#14772=AXIS2_PLACEMENT_3D('',#21913,#18011,#18012);
#14773=AXIS2_PLACEMENT_3D('',#21914,#18013,#18014);
#14774=AXIS2_PLACEMENT_3D('',#21917,#18017,#18018);
#14775=AXIS2_PLACEMENT_3D('',#21919,#18020,#18021);
#14776=AXIS2_PLACEMENT_3D('',#21921,#18023,#18024);
#14777=AXIS2_PLACEMENT_3D('',#21922,#18025,#18026);
#14778=AXIS2_PLACEMENT_3D('',#21925,#18029,#18030);
#14779=AXIS2_PLACEMENT_3D('',#21927,#18032,#18033);
#14780=AXIS2_PLACEMENT_3D('',#21929,#18035,#18036);
#14781=AXIS2_PLACEMENT_3D('',#21930,#18037,#18038);
#14782=AXIS2_PLACEMENT_3D('',#21931,#18039,#18040);
#14783=AXIS2_PLACEMENT_3D('',#21932,#18041,#18042);
#14784=AXIS2_PLACEMENT_3D('',#21933,#18043,#18044);
#14785=AXIS2_PLACEMENT_3D('',#21934,#18045,#18046);
#14786=AXIS2_PLACEMENT_3D('',#21935,#18047,#18048);
#14787=AXIS2_PLACEMENT_3D('',#21936,#18049,#18050);
#14788=AXIS2_PLACEMENT_3D('',#21937,#18051,#18052);
#14789=AXIS2_PLACEMENT_3D('',#21938,#18053,#18054);
#14790=AXIS2_PLACEMENT_3D('',#21939,#18055,#18056);
#14791=AXIS2_PLACEMENT_3D('',#21940,#18057,#18058);
#14792=AXIS2_PLACEMENT_3D('',#21941,#18059,#18060);
#14793=AXIS2_PLACEMENT_3D('',#21942,#18061,#18062);
#14794=AXIS2_PLACEMENT_3D('',#21943,#18063,#18064);
#14795=AXIS2_PLACEMENT_3D('',#21944,#18065,#18066);
#14796=AXIS2_PLACEMENT_3D('',#21945,#18067,#18068);
#14797=AXIS2_PLACEMENT_3D('',#21946,#18069,#18070);
#14798=AXIS2_PLACEMENT_3D('',#21947,#18071,#18072);
#14799=AXIS2_PLACEMENT_3D('',#21948,#18073,#18074);
#14800=AXIS2_PLACEMENT_3D('',#21949,#18075,#18076);
#14801=AXIS2_PLACEMENT_3D('',#21950,#18077,#18078);
#14802=AXIS2_PLACEMENT_3D('',#21951,#18079,#18080);
#14803=AXIS2_PLACEMENT_3D('',#21952,#18081,#18082);
#14804=AXIS2_PLACEMENT_3D('',#21953,#18083,#18084);
#14805=AXIS2_PLACEMENT_3D('',#21954,#18085,#18086);
#14806=AXIS2_PLACEMENT_3D('',#21955,#18087,#18088);
#14807=AXIS2_PLACEMENT_3D('',#21956,#18089,#18090);
#14808=AXIS2_PLACEMENT_3D('',#21957,#18091,#18092);
#14809=AXIS2_PLACEMENT_3D('',#21958,#18093,#18094);
#14810=AXIS2_PLACEMENT_3D('',#21959,#18095,#18096);
#14811=AXIS2_PLACEMENT_3D('',#21960,#18097,#18098);
#14812=AXIS2_PLACEMENT_3D('',#21961,#18099,#18100);
#14813=AXIS2_PLACEMENT_3D('',#21962,#18101,#18102);
#14814=AXIS2_PLACEMENT_3D('',#21963,#18103,#18104);
#14815=DIRECTION('',(0.,0.,1.));
#14816=DIRECTION('',(1.,0.,0.));
#14817=DIRECTION('',(0.,0.,-1.));
#14818=DIRECTION('',(-1.,0.,0.));
#14819=DIRECTION('',(0.,0.,1.));
#14820=DIRECTION('',(1.,0.,0.));
#14821=DIRECTION('',(0.,0.,-1.));
#14822=DIRECTION('',(-1.,0.,0.));
#14823=DIRECTION('',(0.,0.,1.));
#14824=DIRECTION('',(1.,0.,0.));
#14825=DIRECTION('',(0.,0.,-1.));
#14826=DIRECTION('',(-1.,0.,0.));
#14827=DIRECTION('',(1.,2.16840434497101E-16,0.));
#14828=DIRECTION('',(0.,1.,0.));
#14829=DIRECTION('',(1.,1.89735380184963E-16,0.));
#14830=DIRECTION('',(0.,1.,0.));
#14831=DIRECTION('',(0.,-1.,0.));
#14832=DIRECTION('',(1.,0.,0.));
#14833=DIRECTION('',(0.,-1.,0.));
#14834=DIRECTION('',(1.,0.,0.));
#14835=DIRECTION('',(0.,-1.,0.));
#14836=DIRECTION('',(1.,0.,0.));
#14837=DIRECTION('',(0.,-1.,0.));
#14838=DIRECTION('',(1.,0.,0.));
#14839=DIRECTION('',(0.,-1.,0.));
#14840=DIRECTION('',(1.,0.,0.));
#14841=DIRECTION('',(0.,-1.,0.));
#14842=DIRECTION('',(1.,0.,0.));
#14843=DIRECTION('',(0.,-1.,0.));
#14844=DIRECTION('',(1.,0.,0.));
#14845=DIRECTION('',(0.,-1.,0.));
#14846=DIRECTION('',(1.,0.,0.));
#14847=DIRECTION('',(0.,-1.,0.));
#14848=DIRECTION('',(1.,0.,0.));
#14849=DIRECTION('',(0.,-1.,0.));
#14850=DIRECTION('',(1.,0.,0.));
#14851=DIRECTION('',(1.,0.,0.));
#14852=DIRECTION('',(0.,1.,0.));
#14853=DIRECTION('',(1.,2.16840434497101E-16,0.));
#14854=DIRECTION('',(0.,1.,0.));
#14855=DIRECTION('',(1.,0.,0.));
#14856=DIRECTION('',(0.,1.,0.));
#14857=DIRECTION('',(1.,2.16840434497101E-16,0.));
#14858=DIRECTION('',(0.,1.,0.));
#14859=DIRECTION('',(1.,0.,0.));
#14860=DIRECTION('',(0.,1.,0.));
#14861=DIRECTION('',(1.,2.16840434497101E-16,0.));
#14862=DIRECTION('',(0.,1.,0.));
#14863=DIRECTION('',(1.,2.16840434497101E-16,0.));
#14864=DIRECTION('',(0.,1.,0.));
#14865=DIRECTION('',(1.,1.89735380184963E-16,0.));
#14866=DIRECTION('',(0.,1.,0.));
#14867=DIRECTION('',(1.,2.16840434497101E-16,0.));
#14868=DIRECTION('',(0.,1.,0.));
#14869=DIRECTION('',(1.,1.89735380184963E-16,0.));
#14870=DIRECTION('',(0.,1.,0.));
#14871=DIRECTION('',(-1.,0.,0.));
#14872=DIRECTION('',(0.,1.,0.));
#14873=DIRECTION('',(-1.,0.,0.));
#14874=DIRECTION('',(0.,1.,0.));
#14875=DIRECTION('',(-1.,0.,0.));
#14876=DIRECTION('',(0.,1.,0.));
#14877=DIRECTION('',(-1.,0.,0.));
#14878=DIRECTION('',(0.,1.,0.));
#14879=DIRECTION('',(-1.,0.,0.));
#14880=DIRECTION('',(0.,1.,0.));
#14881=DIRECTION('',(-1.,-1.35525271560688E-16,0.));
#14882=DIRECTION('',(0.,1.,0.));
#14883=DIRECTION('',(0.,-1.,0.));
#14884=DIRECTION('',(-1.,0.,0.));
#14885=DIRECTION('',(0.,-1.,0.));
#14886=DIRECTION('',(-1.,-1.0842021724855E-16,0.));
#14887=DIRECTION('',(0.,-1.,0.));
#14888=DIRECTION('',(-1.,0.,0.));
#14889=DIRECTION('',(0.,-1.,0.));
#14890=DIRECTION('',(-1.,0.,0.));
#14891=DIRECTION('',(0.,-1.,0.));
#14892=DIRECTION('',(-1.,0.,0.));
#14893=DIRECTION('',(0.,-1.,0.));
#14894=DIRECTION('',(-1.,0.,0.));
#14895=DIRECTION('',(0.,-1.,0.));
#14896=DIRECTION('',(-1.,0.,0.));
#14897=DIRECTION('',(0.,-1.,0.));
#14898=DIRECTION('',(-1.,-1.0842021724855E-16,0.));
#14899=DIRECTION('',(-1.,0.,0.));
#14900=DIRECTION('',(0.,1.,0.));
#14901=DIRECTION('',(-1.,-1.35525271560688E-16,0.));
#14902=DIRECTION('',(0.,1.,0.));
#14903=DIRECTION('',(1.,0.,0.));
#14904=DIRECTION('',(0.,1.,0.));
#14905=DIRECTION('',(1.,2.16840434497101E-16,0.));
#14906=DIRECTION('',(0.,1.,0.));
#14907=DIRECTION('',(0.,-1.,0.));
#14908=DIRECTION('',(1.,0.,0.));
#14909=DIRECTION('',(0.,-1.,0.));
#14910=DIRECTION('',(1.,0.,0.));
#14911=DIRECTION('',(0.,-1.,0.));
#14912=DIRECTION('',(1.,0.,0.));
#14913=DIRECTION('',(0.,-1.,0.));
#14914=DIRECTION('',(1.,0.,0.));
#14915=DIRECTION('',(0.,-1.,0.));
#14916=DIRECTION('',(-1.,0.,0.));
#14917=DIRECTION('',(0.,-1.,0.));
#14918=DIRECTION('',(-1.,0.,0.));
#14919=DIRECTION('',(0.,-1.,0.));
#14920=DIRECTION('',(-1.,0.,0.));
#14921=DIRECTION('',(0.,-1.,0.));
#14922=DIRECTION('',(-1.,-1.0842021724855E-16,0.));
#14923=DIRECTION('',(-1.,0.,0.));
#14924=DIRECTION('',(0.,1.,0.));
#14925=DIRECTION('',(-1.,-1.35525271560688E-16,0.));
#14926=DIRECTION('',(0.,1.,0.));
#14927=DIRECTION('',(1.,0.,0.));
#14928=DIRECTION('',(0.,1.,0.));
#14929=DIRECTION('',(1.,0.,0.));
#14930=DIRECTION('',(0.,1.,0.));
#14931=DIRECTION('',(1.,0.,0.));
#14932=DIRECTION('',(0.,1.,0.));
#14933=DIRECTION('',(1.,0.,0.));
#14934=DIRECTION('',(0.,1.,0.));
#14935=DIRECTION('',(1.,0.,0.));
#14936=DIRECTION('',(0.,1.,0.));
#14937=DIRECTION('',(1.,0.,0.));
#14938=DIRECTION('',(0.,1.,0.));
#14939=DIRECTION('',(1.,0.,0.));
#14940=DIRECTION('',(0.,1.,0.));
#14941=DIRECTION('',(1.,0.,0.));
#14942=DIRECTION('',(0.,1.,0.));
#14943=DIRECTION('',(1.,0.,0.));
#14944=DIRECTION('',(0.,1.,0.));
#14945=DIRECTION('',(1.,0.,0.));
#14946=DIRECTION('',(0.,1.,0.));
#14947=DIRECTION('',(1.,0.,0.));
#14948=DIRECTION('',(0.,1.,0.));
#14949=DIRECTION('',(1.,0.,0.));
#14950=DIRECTION('',(0.,1.,0.));
#14951=DIRECTION('',(1.,0.,0.));
#14952=DIRECTION('',(0.,1.,0.));
#14953=DIRECTION('',(1.,0.,0.));
#14954=DIRECTION('',(0.,1.,0.));
#14955=DIRECTION('',(1.,0.,0.));
#14956=DIRECTION('',(0.,1.,0.));
#14957=DIRECTION('',(1.,0.,0.));
#14958=DIRECTION('',(0.,1.,0.));
#14959=DIRECTION('',(1.,0.,0.));
#14960=DIRECTION('',(0.,1.,0.));
#14961=DIRECTION('',(1.,0.,0.));
#14962=DIRECTION('',(0.,1.,0.));
#14963=DIRECTION('',(1.,0.,0.));
#14964=DIRECTION('',(0.,1.,0.));
#14965=DIRECTION('',(1.,0.,0.));
#14966=DIRECTION('',(0.,1.,0.));
#14967=DIRECTION('',(1.,0.,0.));
#14968=DIRECTION('',(0.,1.,0.));
#14969=DIRECTION('',(1.,0.,0.));
#14970=DIRECTION('',(0.,1.,0.));
#14971=DIRECTION('',(1.,0.,0.));
#14972=DIRECTION('',(0.,1.,0.));
#14973=DIRECTION('',(1.,0.,0.));
#14974=DIRECTION('',(0.,1.,0.));
#14975=DIRECTION('',(-1.,0.,0.));
#14976=DIRECTION('',(0.,1.,0.));
#14977=DIRECTION('',(-1.,0.,0.));
#14978=DIRECTION('',(0.,1.,0.));
#14979=DIRECTION('',(1.,0.,0.));
#14980=DIRECTION('',(-2.16840434497101E-16,1.,0.));
#14981=DIRECTION('',(1.,0.,0.));
#14982=DIRECTION('',(0.,1.,0.));
#14983=DIRECTION('',(1.,0.,0.));
#14984=DIRECTION('',(-1.89735380184963E-16,1.,0.));
#14985=DIRECTION('',(1.,0.,0.));
#14986=DIRECTION('',(-2.16840434497101E-16,1.,0.));
#14987=DIRECTION('',(1.,0.,0.));
#14988=DIRECTION('',(-1.89735380184963E-16,1.,0.));
#14989=DIRECTION('',(1.,0.,0.));
#14990=DIRECTION('',(-2.16840434497101E-16,1.,0.));
#14991=DIRECTION('',(1.,0.,0.));
#14992=DIRECTION('',(-1.89735380184963E-16,1.,0.));
#14993=DIRECTION('',(1.,0.,0.));
#14994=DIRECTION('',(-2.16840434497101E-16,1.,0.));
#14995=DIRECTION('',(1.,0.,0.));
#14996=DIRECTION('',(0.,1.,0.));
#14997=DIRECTION('',(1.,0.,0.));
#14998=DIRECTION('',(0.,1.,0.));
#14999=DIRECTION('',(1.,0.,0.));
#15000=DIRECTION('',(0.,1.,0.));
#15001=DIRECTION('',(1.,0.,0.));
#15002=DIRECTION('',(0.,1.,0.));
#15003=DIRECTION('',(1.,0.,0.));
#15004=DIRECTION('',(0.,1.,0.));
#15005=DIRECTION('',(1.,0.,0.));
#15006=DIRECTION('',(0.,1.,0.));
#15007=DIRECTION('',(1.,0.,0.));
#15008=DIRECTION('',(-2.16840434497101E-16,1.,0.));
#15009=DIRECTION('',(1.,0.,0.));
#15010=DIRECTION('',(0.,1.,0.));
#15011=DIRECTION('',(1.,0.,0.));
#15012=DIRECTION('',(-2.16840434497101E-16,1.,0.));
#15013=DIRECTION('',(1.,0.,0.));
#15014=DIRECTION('',(0.,1.,0.));
#15015=DIRECTION('',(1.,0.,0.));
#15016=DIRECTION('',(-2.16840434497101E-16,1.,0.));
#15017=DIRECTION('',(1.,0.,0.));
#15018=DIRECTION('',(0.,1.,0.));
#15019=DIRECTION('',(1.,0.,0.));
#15020=DIRECTION('',(0.,1.,0.));
#15021=DIRECTION('',(1.,0.,0.));
#15022=DIRECTION('',(0.,1.,0.));
#15023=DIRECTION('',(0.,-1.,0.));
#15024=DIRECTION('',(-1.,0.,0.));
#15025=DIRECTION('',(0.,-1.,0.));
#15026=DIRECTION('',(-1.,0.,0.));
#15027=DIRECTION('',(0.,-1.,0.));
#15028=DIRECTION('',(-1.,0.,0.));
#15029=DIRECTION('',(0.,-1.,0.));
#15030=DIRECTION('',(-1.,0.,0.));
#15031=DIRECTION('',(0.,-1.,0.));
#15032=DIRECTION('',(-1.,0.,0.));
#15033=DIRECTION('',(0.,-1.,0.));
#15034=DIRECTION('',(-1.,0.,0.));
#15035=DIRECTION('',(0.,-1.,0.));
#15036=DIRECTION('',(-1.,0.,0.));
#15037=DIRECTION('',(0.,-1.,0.));
#15038=DIRECTION('',(-1.,0.,0.));
#15039=DIRECTION('',(0.,-1.,0.));
#15040=DIRECTION('',(-1.,0.,0.));
#15041=DIRECTION('',(4.33680868994202E-16,-1.,0.));
#15042=DIRECTION('',(-1.,0.,0.));
#15043=DIRECTION('',(4.33680868994202E-16,-1.,0.));
#15044=DIRECTION('',(-1.,0.,0.));
#15045=DIRECTION('',(2.71050543121376E-16,-1.,0.));
#15046=DIRECTION('',(-1.,0.,0.));
#15047=DIRECTION('',(0.,-1.,0.));
#15048=DIRECTION('',(1.,0.,0.));
#15049=DIRECTION('',(5.42101086242752E-17,-1.,0.));
#15050=DIRECTION('',(1.,0.,0.));
#15051=DIRECTION('',(0.,-1.,0.));
#15052=DIRECTION('',(1.,0.,0.));
#15053=DIRECTION('',(0.,-1.,0.));
#15054=DIRECTION('',(1.,0.,0.));
#15055=DIRECTION('',(0.,-1.,0.));
#15056=DIRECTION('',(1.,0.,0.));
#15057=DIRECTION('',(0.,-1.,0.));
#15058=DIRECTION('',(1.,0.,0.));
#15059=DIRECTION('',(0.,-1.,0.));
#15060=DIRECTION('',(1.,0.,0.));
#15061=DIRECTION('',(0.,-1.,0.));
#15062=DIRECTION('',(1.,0.,0.));
#15063=DIRECTION('',(0.,-1.,0.));
#15064=DIRECTION('',(1.,0.,0.));
#15065=DIRECTION('',(0.,-1.,0.));
#15066=DIRECTION('',(1.,0.,0.));
#15067=DIRECTION('',(0.,-1.,0.));
#15068=DIRECTION('',(1.,0.,0.));
#15069=DIRECTION('',(0.,-1.,0.));
#15070=DIRECTION('',(1.,0.,0.));
#15071=DIRECTION('',(0.,-1.,0.));
#15072=DIRECTION('',(1.,0.,0.));
#15073=DIRECTION('',(0.,-1.,0.));
#15074=DIRECTION('',(1.,0.,0.));
#15075=DIRECTION('',(0.,-1.,0.));
#15076=DIRECTION('',(1.,0.,0.));
#15077=DIRECTION('',(0.,-1.,0.));
#15078=DIRECTION('',(1.,0.,0.));
#15079=DIRECTION('',(0.,-1.,0.));
#15080=DIRECTION('',(1.,0.,0.));
#15081=DIRECTION('',(0.,-1.,0.));
#15082=DIRECTION('',(1.,0.,0.));
#15083=DIRECTION('',(0.,-1.,0.));
#15084=DIRECTION('',(1.,0.,0.));
#15085=DIRECTION('',(0.,-1.,0.));
#15086=DIRECTION('',(1.,0.,0.));
#15087=DIRECTION('',(0.,-1.,0.));
#15088=DIRECTION('',(1.,0.,0.));
#15089=DIRECTION('',(0.,-1.,0.));
#15090=DIRECTION('',(1.,0.,0.));
#15091=DIRECTION('',(0.,-1.,0.));
#15092=DIRECTION('',(-1.,0.,0.));
#15093=DIRECTION('',(4.33680868994202E-16,-1.,0.));
#15094=DIRECTION('',(-1.,0.,0.));
#15095=DIRECTION('',(4.33680868994202E-16,-1.,0.));
#15096=DIRECTION('',(-1.,0.,0.));
#15097=DIRECTION('',(2.71050543121377E-16,-1.,0.));
#15098=DIRECTION('',(-1.,0.,0.));
#15099=DIRECTION('',(0.,-1.,0.));
#15100=DIRECTION('',(1.,0.,0.));
#15101=DIRECTION('',(5.42101086242752E-17,-1.,0.));
#15102=DIRECTION('',(1.,0.,0.));
#15103=DIRECTION('',(0.,-1.,0.));
#15104=DIRECTION('',(-1.,0.,0.));
#15105=DIRECTION('',(0.,-1.,0.));
#15106=DIRECTION('',(-1.,0.,0.));
#15107=DIRECTION('',(0.,-1.,0.));
#15108=DIRECTION('',(-1.,0.,0.));
#15109=DIRECTION('',(0.,-1.,0.));
#15110=DIRECTION('',(-1.,0.,0.));
#15111=DIRECTION('',(0.,-1.,0.));
#15112=DIRECTION('',(-1.,0.,0.));
#15113=DIRECTION('',(0.,-1.,0.));
#15114=DIRECTION('',(-1.,0.,0.));
#15115=DIRECTION('',(0.,-1.,0.));
#15116=DIRECTION('',(-1.,0.,0.));
#15117=DIRECTION('',(4.33680868994202E-16,-1.,0.));
#15118=DIRECTION('',(-1.,0.,0.));
#15119=DIRECTION('',(4.33680868994202E-16,-1.,0.));
#15120=DIRECTION('',(-1.,0.,0.));
#15121=DIRECTION('',(2.71050543121377E-16,-1.,0.));
#15122=DIRECTION('',(-1.,0.,0.));
#15123=DIRECTION('',(0.,-1.,0.));
#15124=DIRECTION('',(1.,0.,0.));
#15125=DIRECTION('',(5.42101086242752E-17,-1.,0.));
#15126=DIRECTION('',(1.,0.,0.));
#15127=DIRECTION('',(0.,-1.,0.));
#15128=DIRECTION('',(1.,0.,0.));
#15129=DIRECTION('',(0.,-1.,0.));
#15130=DIRECTION('',(1.,0.,0.));
#15131=DIRECTION('',(0.,-1.,0.));
#15132=DIRECTION('',(1.,0.,0.));
#15133=DIRECTION('',(0.,-1.,0.));
#15134=DIRECTION('',(1.,0.,0.));
#15135=DIRECTION('',(0.,-1.,0.));
#15136=DIRECTION('',(-1.,0.,0.));
#15137=DIRECTION('',(0.,-1.,0.));
#15138=DIRECTION('',(-1.,0.,0.));
#15139=DIRECTION('',(0.,-1.,0.));
#15140=DIRECTION('',(-1.,0.,0.));
#15141=DIRECTION('',(0.,-1.,0.));
#15142=DIRECTION('',(-1.,0.,0.));
#15143=DIRECTION('',(0.,-1.,0.));
#15144=DIRECTION('',(-1.,0.,0.));
#15145=DIRECTION('',(0.,-1.,0.));
#15146=DIRECTION('',(-1.,0.,0.));
#15147=DIRECTION('',(0.,-1.,0.));
#15148=DIRECTION('',(-1.,0.,0.));
#15149=DIRECTION('',(0.,-1.,0.));
#15150=DIRECTION('',(-1.,0.,0.));
#15151=DIRECTION('',(-1.,0.,0.));
#15152=DIRECTION('',(0.,1.,0.));
#15153=DIRECTION('',(-1.,0.,0.));
#15154=DIRECTION('',(0.,1.,0.));
#15155=DIRECTION('',(-1.,0.,0.));
#15156=DIRECTION('',(0.,1.,0.));
#15157=DIRECTION('',(-1.,0.,0.));
#15158=DIRECTION('',(0.,1.,0.));
#15159=DIRECTION('',(-1.,0.,0.));
#15160=DIRECTION('',(0.,1.,0.));
#15161=DIRECTION('',(-1.,-1.35525271560688E-16,0.));
#15162=DIRECTION('',(0.,1.,0.));
#15163=DIRECTION('',(0.,-1.,0.));
#15164=DIRECTION('',(-1.,0.,0.));
#15165=DIRECTION('',(0.,-1.,0.));
#15166=DIRECTION('',(-1.,-1.0842021724855E-16,0.));
#15167=DIRECTION('',(0.,-1.,0.));
#15168=DIRECTION('',(-1.,0.,0.));
#15169=DIRECTION('',(0.,-1.,0.));
#15170=DIRECTION('',(-1.,0.,0.));
#15171=DIRECTION('',(0.,-1.,0.));
#15172=DIRECTION('',(1.,0.,0.));
#15173=DIRECTION('',(0.,-1.,0.));
#15174=DIRECTION('',(1.,0.,0.));
#15175=DIRECTION('',(0.,-1.,0.));
#15176=DIRECTION('',(1.,0.,0.));
#15177=DIRECTION('',(0.,-1.,0.));
#15178=DIRECTION('',(1.,0.,0.));
#15179=DIRECTION('',(0.,-1.,0.));
#15180=DIRECTION('',(1.,0.,0.));
#15181=DIRECTION('',(0.,-1.,0.));
#15182=DIRECTION('',(1.,0.,0.));
#15183=DIRECTION('',(0.,-1.,0.));
#15184=DIRECTION('',(1.,0.,0.));
#15185=DIRECTION('',(0.,-1.,0.));
#15186=DIRECTION('',(1.,0.,0.));
#15187=DIRECTION('',(0.,-1.,0.));
#15188=DIRECTION('',(1.,0.,0.));
#15189=DIRECTION('',(0.,-1.,0.));
#15190=DIRECTION('',(1.,0.,0.));
#15191=DIRECTION('',(0.,-1.,0.));
#15192=DIRECTION('',(1.,0.,0.));
#15193=DIRECTION('',(0.,-1.,0.));
#15194=DIRECTION('',(1.,0.,0.));
#15195=DIRECTION('',(0.,-1.,0.));
#15196=DIRECTION('',(1.,0.,0.));
#15197=DIRECTION('',(0.,-1.,0.));
#15198=DIRECTION('',(1.,0.,0.));
#15199=DIRECTION('',(0.,-1.,0.));
#15200=DIRECTION('',(1.,0.,0.));
#15201=DIRECTION('',(0.,-1.,0.));
#15202=DIRECTION('',(1.,0.,0.));
#15203=DIRECTION('',(0.,-1.,0.));
#15204=DIRECTION('',(1.,0.,0.));
#15205=DIRECTION('',(5.42101086242752E-17,-1.,0.));
#15206=DIRECTION('',(1.,0.,0.));
#15207=DIRECTION('',(4.33680868994202E-16,-1.,0.));
#15208=DIRECTION('',(-1.,0.,0.));
#15209=DIRECTION('',(2.71050543121376E-16,-1.,0.));
#15210=DIRECTION('',(-1.,0.,0.));
#15211=DIRECTION('',(0.,-1.,0.));
#15212=DIRECTION('',(-1.,0.,0.));
#15213=DIRECTION('',(4.33680868994202E-16,-1.,0.));
#15214=DIRECTION('',(-1.,0.,0.));
#15215=DIRECTION('',(0.,-1.,0.));
#15216=DIRECTION('',(-1.,0.,0.));
#15217=DIRECTION('',(0.,-1.,0.));
#15218=DIRECTION('',(-1.,0.,0.));
#15219=DIRECTION('',(0.,-1.,0.));
#15220=DIRECTION('',(-1.,0.,0.));
#15221=DIRECTION('',(0.,-1.,0.));
#15222=DIRECTION('',(-1.,0.,0.));
#15223=DIRECTION('',(0.,-1.,0.));
#15224=DIRECTION('',(-1.,0.,0.));
#15225=DIRECTION('',(0.,-1.,0.));
#15226=DIRECTION('',(-1.,0.,0.));
#15227=DIRECTION('',(0.,-1.,0.));
#15228=DIRECTION('',(-1.,0.,0.));
#15229=DIRECTION('',(0.,-1.,0.));
#15230=DIRECTION('',(-1.,0.,0.));
#15231=DIRECTION('',(-1.,0.,0.));
#15232=DIRECTION('',(0.,1.,0.));
#15233=DIRECTION('',(-1.,0.,0.));
#15234=DIRECTION('',(0.,1.,0.));
#15235=DIRECTION('',(-1.,0.,0.));
#15236=DIRECTION('',(0.,1.,0.));
#15237=DIRECTION('',(-1.,0.,0.));
#15238=DIRECTION('',(0.,1.,0.));
#15239=DIRECTION('',(-1.,0.,0.));
#15240=DIRECTION('',(0.,1.,0.));
#15241=DIRECTION('',(-1.,0.,0.));
#15242=DIRECTION('',(0.,1.,0.));
#15243=DIRECTION('',(-1.,0.,0.));
#15244=DIRECTION('',(0.,1.,0.));
#15245=DIRECTION('',(-1.,0.,0.));
#15246=DIRECTION('',(-2.16840434497101E-16,1.,0.));
#15247=DIRECTION('',(-1.,0.,0.));
#15248=DIRECTION('',(0.,1.,0.));
#15249=DIRECTION('',(-1.,0.,0.));
#15250=DIRECTION('',(-2.16840434497101E-16,1.,0.));
#15251=DIRECTION('',(-1.,0.,0.));
#15252=DIRECTION('',(0.,1.,0.));
#15253=DIRECTION('',(-1.,0.,0.));
#15254=DIRECTION('',(-2.16840434497101E-16,1.,0.));
#15255=DIRECTION('',(-1.,0.,0.));
#15256=DIRECTION('',(0.,1.,0.));
#15257=DIRECTION('',(-1.,0.,0.));
#15258=DIRECTION('',(0.,1.,0.));
#15259=DIRECTION('',(-1.,0.,0.));
#15260=DIRECTION('',(0.,1.,0.));
#15261=DIRECTION('',(-1.,0.,0.));
#15262=DIRECTION('',(0.,1.,0.));
#15263=DIRECTION('',(-1.,0.,0.));
#15264=DIRECTION('',(0.,1.,0.));
#15265=DIRECTION('',(-1.,0.,0.));
#15266=DIRECTION('',(0.,1.,0.));
#15267=DIRECTION('',(-1.,0.,0.));
#15268=DIRECTION('',(0.,1.,0.));
#15269=DIRECTION('',(-1.,0.,0.));
#15270=DIRECTION('',(0.,1.,0.));
#15271=DIRECTION('',(-1.,0.,0.));
#15272=DIRECTION('',(0.,1.,0.));
#15273=DIRECTION('',(-1.,0.,0.));
#15274=DIRECTION('',(0.,1.,0.));
#15275=DIRECTION('',(-1.,0.,0.));
#15276=DIRECTION('',(0.,1.,0.));
#15277=DIRECTION('',(-1.,0.,0.));
#15278=DIRECTION('',(0.,1.,0.));
#15279=DIRECTION('',(-1.,0.,0.));
#15280=DIRECTION('',(0.,1.,0.));
#15281=DIRECTION('',(-1.,0.,0.));
#15282=DIRECTION('',(0.,1.,0.));
#15283=DIRECTION('',(-1.,0.,0.));
#15284=DIRECTION('',(0.,1.,0.));
#15285=DIRECTION('',(-1.,0.,0.));
#15286=DIRECTION('',(0.,1.,0.));
#15287=DIRECTION('',(-1.,0.,0.));
#15288=DIRECTION('',(0.,1.,0.));
#15289=DIRECTION('',(-1.,0.,0.));
#15290=DIRECTION('',(0.,1.,0.));
#15291=DIRECTION('',(-1.,0.,0.));
#15292=DIRECTION('',(0.,1.,0.));
#15293=DIRECTION('',(-1.,0.,0.));
#15294=DIRECTION('',(0.,1.,0.));
#15295=DIRECTION('',(-1.,0.,0.));
#15296=DIRECTION('',(0.,1.,0.));
#15297=DIRECTION('',(-1.,0.,0.));
#15298=DIRECTION('',(0.,1.,0.));
#15299=DIRECTION('',(-1.,0.,0.));
#15300=DIRECTION('',(0.,1.,0.));
#15301=DIRECTION('',(-1.,0.,0.));
#15302=DIRECTION('',(0.,1.,0.));
#15303=DIRECTION('',(-1.,0.,0.));
#15304=DIRECTION('',(0.,1.,0.));
#15305=DIRECTION('',(-1.,0.,0.));
#15306=DIRECTION('',(0.,1.,0.));
#15307=DIRECTION('',(-1.,0.,0.));
#15308=DIRECTION('',(0.,1.,0.));
#15309=DIRECTION('',(-1.,0.,0.));
#15310=DIRECTION('',(0.,1.,0.));
#15311=DIRECTION('',(-1.,0.,0.));
#15312=DIRECTION('',(0.,1.,0.));
#15313=DIRECTION('',(-1.,0.,0.));
#15314=DIRECTION('',(0.,1.,0.));
#15315=DIRECTION('',(-1.,0.,0.));
#15316=DIRECTION('',(0.,1.,0.));
#15317=DIRECTION('',(-1.,0.,0.));
#15318=DIRECTION('',(0.,1.,0.));
#15319=DIRECTION('',(0.,-1.,0.));
#15320=DIRECTION('',(-1.,0.,0.));
#15321=DIRECTION('',(0.,-1.,0.));
#15322=DIRECTION('',(-1.,0.,0.));
#15323=DIRECTION('',(1.,0.,0.));
#15324=DIRECTION('',(0.,0.,1.));
#15325=DIRECTION('',(1.,0.,0.));
#15326=DIRECTION('',(1.,0.,0.));
#15327=DIRECTION('',(0.,-1.,0.));
#15328=DIRECTION('',(0.,0.,1.));
#15329=DIRECTION('',(1.,0.,0.));
#15330=DIRECTION('',(1.,2.16840434497101E-16,0.));
#15331=DIRECTION('',(0.,1.,0.));
#15332=DIRECTION('',(1.,1.89735380184963E-16,0.));
#15333=DIRECTION('',(0.,0.,1.));
#15334=DIRECTION('',(1.,0.,0.));
#15335=DIRECTION('',(1.,0.,0.));
#15336=DIRECTION('',(0.,1.,0.));
#15337=DIRECTION('',(1.,2.16840434497101E-16,0.));
#15338=DIRECTION('',(0.,0.,1.));
#15339=DIRECTION('',(1.,0.,0.));
#15340=DIRECTION('',(1.,0.,0.));
#15341=DIRECTION('',(0.,1.,0.));
#15342=DIRECTION('',(1.,0.,0.));
#15343=DIRECTION('',(0.,1.,0.));
#15344=DIRECTION('',(0.,0.,1.));
#15345=DIRECTION('',(1.,0.,0.));
#15346=DIRECTION('',(1.,0.,0.));
#15347=DIRECTION('',(0.,1.,0.));
#15348=DIRECTION('',(1.,0.,0.));
#15349=DIRECTION('',(0.,1.,0.));
#15350=DIRECTION('',(0.,0.,1.));
#15351=DIRECTION('',(1.,0.,0.));
#15352=DIRECTION('',(-2.16840434497101E-16,1.,0.));
#15353=DIRECTION('',(1.,0.,0.));
#15354=DIRECTION('',(0.,1.,0.));
#15355=DIRECTION('',(0.,0.,1.));
#15356=DIRECTION('',(1.,0.,0.));
#15357=DIRECTION('',(-1.89735380184963E-16,1.,0.));
#15358=DIRECTION('',(1.,0.,0.));
#15359=DIRECTION('',(-2.16840434497101E-16,1.,0.));
#15360=DIRECTION('',(0.,0.,1.));
#15361=DIRECTION('',(1.,0.,0.));
#15362=DIRECTION('',(0.,1.,0.));
#15363=DIRECTION('',(-1.,0.,0.));
#15364=DIRECTION('',(-2.16840434497101E-16,1.,0.));
#15365=DIRECTION('',(0.,0.,1.));
#15366=DIRECTION('',(1.,0.,0.));
#15367=DIRECTION('',(0.,1.,0.));
#15368=DIRECTION('',(-1.,0.,0.));
#15369=DIRECTION('',(0.,1.,0.));
#15370=DIRECTION('',(0.,0.,1.));
#15371=DIRECTION('',(1.,0.,0.));
#15372=DIRECTION('',(0.,1.,0.));
#15373=DIRECTION('',(-1.,0.,0.));
#15374=DIRECTION('',(0.,1.,0.));
#15375=DIRECTION('',(-1.,0.,0.));
#15376=DIRECTION('',(0.,0.,1.));
#15377=DIRECTION('',(1.,0.,0.));
#15378=DIRECTION('',(0.,1.,0.));
#15379=DIRECTION('',(-1.,0.,0.));
#15380=DIRECTION('',(0.,1.,0.));
#15381=DIRECTION('',(-1.,0.,0.));
#15382=DIRECTION('',(0.,0.,1.));
#15383=DIRECTION('',(1.,0.,0.));
#15384=DIRECTION('',(-1.,0.,0.));
#15385=DIRECTION('',(0.,1.,0.));
#15386=DIRECTION('',(-1.,0.,0.));
#15387=DIRECTION('',(0.,0.,1.));
#15388=DIRECTION('',(1.,0.,0.));
#15389=DIRECTION('',(-1.,-1.35525271560688E-16,0.));
#15390=DIRECTION('',(0.,1.,0.));
#15391=DIRECTION('',(-1.,0.,0.));
#15392=DIRECTION('',(0.,0.,1.));
#15393=DIRECTION('',(1.,0.,0.));
#15394=DIRECTION('',(-1.,0.,0.));
#15395=DIRECTION('',(0.,-1.,0.));
#15396=DIRECTION('',(-1.,-1.0842021724855E-16,0.));
#15397=DIRECTION('',(0.,0.,1.));
#15398=DIRECTION('',(1.,0.,0.));
#15399=DIRECTION('',(-1.,0.,0.));
#15400=DIRECTION('',(0.,-1.,0.));
#15401=DIRECTION('',(-1.,0.,0.));
#15402=DIRECTION('',(0.,0.,1.));
#15403=DIRECTION('',(1.,0.,0.));
#15404=DIRECTION('',(-1.,0.,0.));
#15405=DIRECTION('',(0.,-1.,0.));
#15406=DIRECTION('',(-1.,0.,0.));
#15407=DIRECTION('',(0.,-1.,0.));
#15408=DIRECTION('',(0.,0.,1.));
#15409=DIRECTION('',(1.,0.,0.));
#15410=DIRECTION('',(-1.,0.,0.));
#15411=DIRECTION('',(0.,-1.,0.));
#15412=DIRECTION('',(-1.,0.,0.));
#15413=DIRECTION('',(0.,-1.,0.));
#15414=DIRECTION('',(0.,0.,1.));
#15415=DIRECTION('',(1.,0.,0.));
#15416=DIRECTION('',(4.33680868994202E-16,-1.,0.));
#15417=DIRECTION('',(-1.,0.,0.));
#15418=DIRECTION('',(0.,-1.,0.));
#15419=DIRECTION('',(0.,0.,1.));
#15420=DIRECTION('',(1.,0.,0.));
#15421=DIRECTION('',(2.71050543121377E-16,-1.,0.));
#15422=DIRECTION('',(-1.,0.,0.));
#15423=DIRECTION('',(4.33680868994202E-16,-1.,0.));
#15424=DIRECTION('',(0.,0.,1.));
#15425=DIRECTION('',(1.,0.,0.));
#15426=DIRECTION('',(0.,-1.,0.));
#15427=DIRECTION('',(1.,0.,0.));
#15428=DIRECTION('',(5.42101086242752E-17,-1.,0.));
#15429=DIRECTION('',(0.,0.,1.));
#15430=DIRECTION('',(1.,0.,0.));
#15431=DIRECTION('',(0.,-1.,0.));
#15432=DIRECTION('',(1.,0.,0.));
#15433=DIRECTION('',(0.,-1.,0.));
#15434=DIRECTION('',(0.,0.,1.));
#15435=DIRECTION('',(1.,0.,0.));
#15436=DIRECTION('',(0.,-1.,0.));
#15437=DIRECTION('',(1.,0.,0.));
#15438=DIRECTION('',(0.,-1.,0.));
#15439=DIRECTION('',(1.,0.,0.));
#15440=DIRECTION('',(0.,0.,1.));
#15441=DIRECTION('',(1.,0.,0.));
#15442=DIRECTION('',(0.,-1.,0.));
#15443=DIRECTION('',(1.,0.,0.));
#15444=DIRECTION('',(0.,-1.,0.));
#15445=DIRECTION('',(1.,0.,0.));
#15446=DIRECTION('',(0.,0.,1.));
#15447=DIRECTION('',(1.,0.,0.));
#15448=DIRECTION('',(1.,0.,0.));
#15449=DIRECTION('',(0.,-1.,0.));
#15450=DIRECTION('',(1.,0.,0.));
#15451=DIRECTION('',(0.,0.,1.));
#15452=DIRECTION('',(1.,0.,0.));
#15453=DIRECTION('',(0.,-1.,0.));
#15454=DIRECTION('',(1.,0.,0.));
#15455=DIRECTION('',(0.,-1.,0.));
#15456=DIRECTION('',(1.,0.,0.));
#15457=DIRECTION('',(0.,1.,0.));
#15458=DIRECTION('',(0.,0.,1.));
#15459=DIRECTION('',(1.,0.,0.));
#15460=DIRECTION('',(1.,1.89735380184963E-16,0.));
#15461=DIRECTION('',(0.,1.,0.));
#15462=DIRECTION('',(1.,2.16840434497101E-16,0.));
#15463=DIRECTION('',(0.,1.,0.));
#15464=DIRECTION('',(0.,0.,1.));
#15465=DIRECTION('',(1.,0.,0.));
#15466=DIRECTION('',(1.,0.,0.));
#15467=DIRECTION('',(0.,1.,0.));
#15468=DIRECTION('',(1.,0.,0.));
#15469=DIRECTION('',(-1.89735380184963E-16,1.,0.));
#15470=DIRECTION('',(0.,0.,1.));
#15471=DIRECTION('',(1.,0.,0.));
#15472=DIRECTION('',(1.,0.,0.));
#15473=DIRECTION('',(-2.16840434497101E-16,1.,0.));
#15474=DIRECTION('',(1.,0.,0.));
#15475=DIRECTION('',(-1.,0.,0.));
#15476=DIRECTION('',(0.,0.,1.));
#15477=DIRECTION('',(1.,0.,0.));
#15478=DIRECTION('',(-2.16840434497101E-16,1.,0.));
#15479=DIRECTION('',(-1.,0.,0.));
#15480=DIRECTION('',(0.,1.,0.));
#15481=DIRECTION('',(-1.,0.,0.));
#15482=DIRECTION('',(0.,0.,1.));
#15483=DIRECTION('',(1.,0.,0.));
#15484=DIRECTION('',(0.,1.,0.));
#15485=DIRECTION('',(-1.,0.,0.));
#15486=DIRECTION('',(0.,1.,0.));
#15487=DIRECTION('',(0.,-1.,0.));
#15488=DIRECTION('',(0.,0.,1.));
#15489=DIRECTION('',(1.,0.,0.));
#15490=DIRECTION('',(-1.,0.,0.));
#15491=DIRECTION('',(0.,-1.,0.));
#15492=DIRECTION('',(-1.,0.,0.));
#15493=DIRECTION('',(1.,0.,0.));
#15494=DIRECTION('',(0.,0.,1.));
#15495=DIRECTION('',(1.,0.,0.));
#15496=DIRECTION('',(0.,-1.,0.));
#15497=DIRECTION('',(1.,0.,0.));
#15498=DIRECTION('',(0.,-1.,0.));
#15499=DIRECTION('',(0.,0.,-1.));
#15500=DIRECTION('',(-1.,0.,0.));
#15501=DIRECTION('',(0.,-1.,0.));
#15502=DIRECTION('',(0.,0.,-1.));
#15503=DIRECTION('',(0.,0.,-1.));
#15504=DIRECTION('',(0.,0.,-1.));
#15505=DIRECTION('',(-1.,0.,0.));
#15506=DIRECTION('',(-1.,-2.16840434497101E-16,0.));
#15507=DIRECTION('',(2.16840434497101E-16,-1.,0.));
#15508=DIRECTION('',(0.,0.,-1.));
#15509=DIRECTION('',(-2.16840434497101E-16,1.,0.));
#15510=DIRECTION('',(0.,0.,-1.));
#15511=DIRECTION('',(0.,-1.,0.));
#15512=DIRECTION('',(0.,0.,-1.));
#15513=DIRECTION('',(0.,0.,-1.));
#15514=DIRECTION('',(0.,0.,-1.));
#15515=DIRECTION('',(-1.,0.,0.));
#15516=DIRECTION('',(-1.,0.,0.));
#15517=DIRECTION('',(0.,0.,1.));
#15518=DIRECTION('',(0.,0.,-1.));
#15519=DIRECTION('',(0.,1.,0.));
#15520=DIRECTION('',(0.,0.,-1.));
#15521=DIRECTION('',(1.,0.,0.));
#15522=DIRECTION('',(0.,0.,-1.));
#15523=DIRECTION('',(0.,0.,-1.));
#15524=DIRECTION('',(0.,0.,-1.));
#15525=DIRECTION('',(0.,-1.,0.));
#15526=DIRECTION('',(0.,-1.,0.));
#15527=DIRECTION('',(0.,0.,-1.));
#15528=DIRECTION('',(0.,0.,-1.));
#15529=DIRECTION('',(-1.,0.,0.));
#15530=DIRECTION('',(0.,0.,-1.));
#15531=DIRECTION('',(0.,1.,0.));
#15532=DIRECTION('',(0.,0.,1.));
#15533=DIRECTION('',(0.,0.,-1.));
#15534=DIRECTION('',(0.,0.,-1.));
#15535=DIRECTION('',(1.,0.,0.));
#15536=DIRECTION('',(1.,0.,0.));
#15537=DIRECTION('',(0.,0.,-1.));
#15538=DIRECTION('',(0.,0.,-1.));
#15539=DIRECTION('',(0.,-1.,0.));
#15540=DIRECTION('',(0.,0.,-1.));
#15541=DIRECTION('',(-1.,-1.89735380184963E-16,0.));
#15542=DIRECTION('',(1.89735380184963E-16,-1.,0.));
#15543=DIRECTION('',(0.,0.,-1.));
#15544=DIRECTION('',(0.,0.,-1.));
#15545=DIRECTION('',(-1.89735380184963E-16,1.,0.));
#15546=DIRECTION('',(0.,1.,0.));
#15547=DIRECTION('',(0.,0.,1.));
#15548=DIRECTION('',(0.,0.,-1.));
#15549=DIRECTION('',(1.,0.,0.));
#15550=DIRECTION('',(0.,0.,-1.));
#15551=DIRECTION('',(-1.,0.,0.));
#15552=DIRECTION('',(0.,0.,1.));
#15553=DIRECTION('',(0.,0.,-1.));
#15554=DIRECTION('',(0.,0.,-1.));
#15555=DIRECTION('',(0.,1.,0.));
#15556=DIRECTION('',(-1.89735380184963E-16,1.,0.));
#15557=DIRECTION('',(-1.,-1.89735380184963E-16,0.));
#15558=DIRECTION('',(0.,0.,-1.));
#15559=DIRECTION('',(1.,1.89735380184963E-16,0.));
#15560=DIRECTION('',(0.,0.,-1.));
#15561=DIRECTION('',(0.,1.,0.));
#15562=DIRECTION('',(0.,0.,1.));
#15563=DIRECTION('',(0.,0.,-1.));
#15564=DIRECTION('',(0.,0.,-1.));
#15565=DIRECTION('',(1.,0.,0.));
#15566=DIRECTION('',(1.,0.,0.));
#15567=DIRECTION('',(0.,0.,-1.));
#15568=DIRECTION('',(0.,0.,-1.));
#15569=DIRECTION('',(0.,-1.,0.));
#15570=DIRECTION('',(0.,0.,-1.));
#15571=DIRECTION('',(-1.,0.,0.));
#15572=DIRECTION('',(0.,0.,1.));
#15573=DIRECTION('',(0.,0.,-1.));
#15574=DIRECTION('',(0.,0.,-1.));
#15575=DIRECTION('',(0.,1.,0.));
#15576=DIRECTION('',(0.,1.,0.));
#15577=DIRECTION('',(0.,0.,1.));
#15578=DIRECTION('',(0.,0.,-1.));
#15579=DIRECTION('',(1.,0.,0.));
#15580=DIRECTION('',(0.,0.,-1.));
#15581=DIRECTION('',(0.,0.,-1.));
#15582=DIRECTION('',(-1.,0.,0.));
#15583=DIRECTION('',(0.,0.,-1.));
#15584=DIRECTION('',(-1.,0.,0.));
#15585=DIRECTION('',(0.,0.,1.));
#15586=DIRECTION('',(1.,0.,0.));
#15587=DIRECTION('',(0.,0.,1.));
#15588=DIRECTION('',(1.,0.,0.));
#15589=DIRECTION('',(0.,0.,1.));
#15590=DIRECTION('',(1.,0.,0.));
#15591=DIRECTION('',(0.,-1.,0.));
#15592=DIRECTION('',(1.,0.,0.));
#15593=DIRECTION('',(0.,0.,1.));
#15594=DIRECTION('',(1.,0.,0.));
#15595=DIRECTION('',(-1.,0.,0.));
#15596=DIRECTION('',(0.,-1.,0.));
#15597=DIRECTION('',(0.,0.,1.));
#15598=DIRECTION('',(1.,0.,0.));
#15599=DIRECTION('',(0.,1.,0.));
#15600=DIRECTION('',(-1.,0.,0.));
#15601=DIRECTION('',(0.,0.,1.));
#15602=DIRECTION('',(1.,0.,0.));
#15603=DIRECTION('',(0.,1.,0.));
#15604=DIRECTION('',(-1.,0.,0.));
#15605=DIRECTION('',(0.,0.,1.));
#15606=DIRECTION('',(1.,0.,0.));
#15607=DIRECTION('',(1.,0.,0.));
#15608=DIRECTION('',(-2.16840434497101E-16,1.,0.));
#15609=DIRECTION('',(0.,0.,1.));
#15610=DIRECTION('',(1.,0.,0.));
#15611=DIRECTION('',(1.,0.,0.));
#15612=DIRECTION('',(0.,1.,0.));
#15613=DIRECTION('',(0.,0.,1.));
#15614=DIRECTION('',(1.,0.,0.));
#15615=DIRECTION('',(1.,2.16840434497101E-16,0.));
#15616=DIRECTION('',(0.,1.,0.));
#15617=DIRECTION('',(1.,0.,0.));
#15618=DIRECTION('',(0.,0.,1.));
#15619=DIRECTION('',(1.,0.,0.));
#15620=DIRECTION('',(1.,0.,0.));
#15621=DIRECTION('',(0.,-1.,0.));
#15622=DIRECTION('',(0.,-1.,0.));
#15623=DIRECTION('',(0.,0.,1.));
#15624=DIRECTION('',(1.,0.,0.));
#15625=DIRECTION('',(1.,0.,0.));
#15626=DIRECTION('',(0.,-1.,0.));
#15627=DIRECTION('',(1.,0.,0.));
#15628=DIRECTION('',(0.,-1.,0.));
#15629=DIRECTION('',(0.,0.,1.));
#15630=DIRECTION('',(1.,0.,0.));
#15631=DIRECTION('',(1.,0.,0.));
#15632=DIRECTION('',(0.,-1.,0.));
#15633=DIRECTION('',(1.,0.,0.));
#15634=DIRECTION('',(0.,-1.,0.));
#15635=DIRECTION('',(0.,0.,1.));
#15636=DIRECTION('',(1.,0.,0.));
#15637=DIRECTION('',(0.,-1.,0.));
#15638=DIRECTION('',(1.,0.,0.));
#15639=DIRECTION('',(0.,-1.,0.));
#15640=DIRECTION('',(0.,0.,1.));
#15641=DIRECTION('',(1.,0.,0.));
#15642=DIRECTION('',(5.42101086242752E-17,-1.,0.));
#15643=DIRECTION('',(1.,0.,0.));
#15644=DIRECTION('',(2.71050543121377E-16,-1.,0.));
#15645=DIRECTION('',(0.,0.,1.));
#15646=DIRECTION('',(1.,0.,0.));
#15647=DIRECTION('',(4.33680868994202E-16,-1.,0.));
#15648=DIRECTION('',(-1.,0.,0.));
#15649=DIRECTION('',(4.33680868994202E-16,-1.,0.));
#15650=DIRECTION('',(0.,0.,1.));
#15651=DIRECTION('',(1.,0.,0.));
#15652=DIRECTION('',(0.,-1.,0.));
#15653=DIRECTION('',(-1.,0.,0.));
#15654=DIRECTION('',(-1.,0.,0.));
#15655=DIRECTION('',(0.,0.,1.));
#15656=DIRECTION('',(1.,0.,0.));
#15657=DIRECTION('',(0.,-1.,0.));
#15658=DIRECTION('',(-1.,0.,0.));
#15659=DIRECTION('',(0.,-1.,0.));
#15660=DIRECTION('',(-1.,0.,0.));
#15661=DIRECTION('',(0.,0.,1.));
#15662=DIRECTION('',(1.,0.,0.));
#15663=DIRECTION('',(0.,-1.,0.));
#15664=DIRECTION('',(-1.,0.,0.));
#15665=DIRECTION('',(0.,-1.,0.));
#15666=DIRECTION('',(-1.,0.,0.));
#15667=DIRECTION('',(0.,0.,1.));
#15668=DIRECTION('',(1.,0.,0.));
#15669=DIRECTION('',(-1.,0.,0.));
#15670=DIRECTION('',(0.,-1.,0.));
#15671=DIRECTION('',(-1.,0.,0.));
#15672=DIRECTION('',(0.,0.,1.));
#15673=DIRECTION('',(1.,0.,0.));
#15674=DIRECTION('',(-1.,-1.0842021724855E-16,0.));
#15675=DIRECTION('',(0.,-1.,0.));
#15676=DIRECTION('',(-1.,-1.35525271560688E-16,0.));
#15677=DIRECTION('',(0.,0.,1.));
#15678=DIRECTION('',(1.,0.,0.));
#15679=DIRECTION('',(-1.,0.,0.));
#15680=DIRECTION('',(0.,1.,0.));
#15681=DIRECTION('',(-1.,0.,0.));
#15682=DIRECTION('',(0.,0.,1.));
#15683=DIRECTION('',(1.,0.,0.));
#15684=DIRECTION('',(-1.,0.,0.));
#15685=DIRECTION('',(0.,1.,0.));
#15686=DIRECTION('',(0.,1.,0.));
#15687=DIRECTION('',(0.,0.,1.));
#15688=DIRECTION('',(1.,0.,0.));
#15689=DIRECTION('',(-1.,0.,0.));
#15690=DIRECTION('',(0.,1.,0.));
#15691=DIRECTION('',(-1.,0.,0.));
#15692=DIRECTION('',(0.,1.,0.));
#15693=DIRECTION('',(0.,0.,1.));
#15694=DIRECTION('',(1.,0.,0.));
#15695=DIRECTION('',(-1.,0.,0.));
#15696=DIRECTION('',(0.,1.,0.));
#15697=DIRECTION('',(-1.,0.,0.));
#15698=DIRECTION('',(0.,1.,0.));
#15699=DIRECTION('',(0.,0.,1.));
#15700=DIRECTION('',(1.,0.,0.));
#15701=DIRECTION('',(0.,1.,0.));
#15702=DIRECTION('',(-1.,0.,0.));
#15703=DIRECTION('',(0.,1.,0.));
#15704=DIRECTION('',(0.,0.,1.));
#15705=DIRECTION('',(1.,0.,0.));
#15706=DIRECTION('',(-2.16840434497101E-16,1.,0.));
#15707=DIRECTION('',(-1.,0.,0.));
#15708=DIRECTION('',(-1.89735380184963E-16,1.,0.));
#15709=DIRECTION('',(0.,0.,1.));
#15710=DIRECTION('',(1.,0.,0.));
#15711=DIRECTION('',(-2.16840434497101E-16,1.,0.));
#15712=DIRECTION('',(1.,0.,0.));
#15713=DIRECTION('',(-2.16840434497101E-16,1.,0.));
#15714=DIRECTION('',(0.,0.,1.));
#15715=DIRECTION('',(1.,0.,0.));
#15716=DIRECTION('',(0.,1.,0.));
#15717=DIRECTION('',(1.,0.,0.));
#15718=DIRECTION('',(1.,0.,0.));
#15719=DIRECTION('',(0.,0.,1.));
#15720=DIRECTION('',(1.,0.,0.));
#15721=DIRECTION('',(0.,1.,0.));
#15722=DIRECTION('',(1.,0.,0.));
#15723=DIRECTION('',(0.,1.,0.));
#15724=DIRECTION('',(1.,0.,0.));
#15725=DIRECTION('',(0.,0.,1.));
#15726=DIRECTION('',(1.,0.,0.));
#15727=DIRECTION('',(0.,1.,0.));
#15728=DIRECTION('',(1.,0.,0.));
#15729=DIRECTION('',(0.,1.,0.));
#15730=DIRECTION('',(1.,0.,0.));
#15731=DIRECTION('',(0.,0.,1.));
#15732=DIRECTION('',(1.,0.,0.));
#15733=DIRECTION('',(1.,2.16840434497101E-16,0.));
#15734=DIRECTION('',(0.,1.,0.));
#15735=DIRECTION('',(1.,2.16840434497101E-16,0.));
#15736=DIRECTION('',(0.,0.,1.));
#15737=DIRECTION('',(1.,0.,0.));
#15738=DIRECTION('',(1.,1.89735380184963E-16,0.));
#15739=DIRECTION('',(0.,1.,0.));
#15740=DIRECTION('',(0.,0.,1.));
#15741=DIRECTION('',(1.,0.,0.));
#15742=DIRECTION('',(1.,0.,0.));
#15743=DIRECTION('',(0.,-1.,0.));
#15744=DIRECTION('',(1.,0.,0.));
#15745=DIRECTION('',(-1.,0.,0.));
#15746=DIRECTION('',(0.,-1.,0.));
#15747=DIRECTION('',(-1.,0.,0.));
#15748=DIRECTION('',(0.,-1.,0.));
#15749=DIRECTION('',(0.,1.,0.));
#15750=DIRECTION('',(-1.,0.,0.));
#15751=DIRECTION('',(0.,1.,0.));
#15752=DIRECTION('',(-1.,0.,0.));
#15753=DIRECTION('',(0.,1.,0.));
#15754=DIRECTION('',(-1.,0.,0.));
#15755=DIRECTION('',(0.,1.,0.));
#15756=DIRECTION('',(-1.,0.,0.));
#15757=DIRECTION('',(0.,1.,0.));
#15758=DIRECTION('',(-1.,0.,0.));
#15759=DIRECTION('',(0.,1.,0.));
#15760=DIRECTION('',(-1.,0.,0.));
#15761=DIRECTION('',(0.,1.,0.));
#15762=DIRECTION('',(-1.,0.,0.));
#15763=DIRECTION('',(0.,1.,0.));
#15764=DIRECTION('',(-1.,0.,0.));
#15765=DIRECTION('',(0.,1.,0.));
#15766=DIRECTION('',(-1.,0.,0.));
#15767=DIRECTION('',(0.,1.,0.));
#15768=DIRECTION('',(-1.,0.,0.));
#15769=DIRECTION('',(0.,1.,0.));
#15770=DIRECTION('',(-1.,0.,0.));
#15771=DIRECTION('',(0.,1.,0.));
#15772=DIRECTION('',(-1.,0.,0.));
#15773=DIRECTION('',(0.,1.,0.));
#15774=DIRECTION('',(-1.,0.,0.));
#15775=DIRECTION('',(0.,1.,0.));
#15776=DIRECTION('',(-1.,0.,0.));
#15777=DIRECTION('',(0.,1.,0.));
#15778=DIRECTION('',(-1.,0.,0.));
#15779=DIRECTION('',(0.,1.,0.));
#15780=DIRECTION('',(-1.,0.,0.));
#15781=DIRECTION('',(0.,1.,0.));
#15782=DIRECTION('',(-1.,0.,0.));
#15783=DIRECTION('',(0.,1.,0.));
#15784=DIRECTION('',(-1.,0.,0.));
#15785=DIRECTION('',(0.,1.,0.));
#15786=DIRECTION('',(-1.,0.,0.));
#15787=DIRECTION('',(0.,1.,0.));
#15788=DIRECTION('',(-1.,0.,0.));
#15789=DIRECTION('',(0.,1.,0.));
#15790=DIRECTION('',(-1.,0.,0.));
#15791=DIRECTION('',(0.,1.,0.));
#15792=DIRECTION('',(-1.,0.,0.));
#15793=DIRECTION('',(0.,1.,0.));
#15794=DIRECTION('',(-1.,0.,0.));
#15795=DIRECTION('',(0.,1.,0.));
#15796=DIRECTION('',(-1.,0.,0.));
#15797=DIRECTION('',(0.,1.,0.));
#15798=DIRECTION('',(-1.,0.,0.));
#15799=DIRECTION('',(0.,1.,0.));
#15800=DIRECTION('',(-1.,0.,0.));
#15801=DIRECTION('',(0.,1.,0.));
#15802=DIRECTION('',(-1.,0.,0.));
#15803=DIRECTION('',(0.,1.,0.));
#15804=DIRECTION('',(-1.,0.,0.));
#15805=DIRECTION('',(0.,1.,0.));
#15806=DIRECTION('',(-1.,0.,0.));
#15807=DIRECTION('',(0.,1.,0.));
#15808=DIRECTION('',(-1.,0.,0.));
#15809=DIRECTION('',(0.,1.,0.));
#15810=DIRECTION('',(-1.,0.,0.));
#15811=DIRECTION('',(0.,1.,0.));
#15812=DIRECTION('',(-1.,0.,0.));
#15813=DIRECTION('',(0.,1.,0.));
#15814=DIRECTION('',(-1.,0.,0.));
#15815=DIRECTION('',(-2.16840434497101E-16,1.,0.));
#15816=DIRECTION('',(-1.,0.,0.));
#15817=DIRECTION('',(0.,1.,0.));
#15818=DIRECTION('',(-1.,0.,0.));
#15819=DIRECTION('',(-2.16840434497101E-16,1.,0.));
#15820=DIRECTION('',(-1.,0.,0.));
#15821=DIRECTION('',(0.,1.,0.));
#15822=DIRECTION('',(-1.,0.,0.));
#15823=DIRECTION('',(-2.16840434497101E-16,1.,0.));
#15824=DIRECTION('',(-1.,0.,0.));
#15825=DIRECTION('',(0.,1.,0.));
#15826=DIRECTION('',(-1.,0.,0.));
#15827=DIRECTION('',(0.,1.,0.));
#15828=DIRECTION('',(-1.,0.,0.));
#15829=DIRECTION('',(0.,1.,0.));
#15830=DIRECTION('',(-1.,0.,0.));
#15831=DIRECTION('',(0.,1.,0.));
#15832=DIRECTION('',(-1.,0.,0.));
#15833=DIRECTION('',(0.,1.,0.));
#15834=DIRECTION('',(-1.,0.,0.));
#15835=DIRECTION('',(0.,1.,0.));
#15836=DIRECTION('',(-1.,0.,0.));
#15837=DIRECTION('',(-1.,0.,0.));
#15838=DIRECTION('',(0.,-1.,0.));
#15839=DIRECTION('',(-1.,0.,0.));
#15840=DIRECTION('',(0.,-1.,0.));
#15841=DIRECTION('',(-1.,0.,0.));
#15842=DIRECTION('',(0.,-1.,0.));
#15843=DIRECTION('',(-1.,0.,0.));
#15844=DIRECTION('',(0.,-1.,0.));
#15845=DIRECTION('',(-1.,0.,0.));
#15846=DIRECTION('',(0.,-1.,0.));
#15847=DIRECTION('',(-1.,0.,0.));
#15848=DIRECTION('',(0.,-1.,0.));
#15849=DIRECTION('',(-1.,0.,0.));
#15850=DIRECTION('',(0.,-1.,0.));
#15851=DIRECTION('',(-1.,0.,0.));
#15852=DIRECTION('',(0.,-1.,0.));
#15853=DIRECTION('',(-1.,0.,0.));
#15854=DIRECTION('',(0.,-1.,0.));
#15855=DIRECTION('',(-1.,0.,0.));
#15856=DIRECTION('',(4.33680868994202E-16,-1.,0.));
#15857=DIRECTION('',(-1.,0.,0.));
#15858=DIRECTION('',(4.33680868994202E-16,-1.,0.));
#15859=DIRECTION('',(-1.,0.,0.));
#15860=DIRECTION('',(2.71050543121376E-16,-1.,0.));
#15861=DIRECTION('',(1.,0.,0.));
#15862=DIRECTION('',(0.,-1.,0.));
#15863=DIRECTION('',(1.,0.,0.));
#15864=DIRECTION('',(5.42101086242752E-17,-1.,0.));
#15865=DIRECTION('',(1.,0.,0.));
#15866=DIRECTION('',(0.,-1.,0.));
#15867=DIRECTION('',(1.,0.,0.));
#15868=DIRECTION('',(0.,-1.,0.));
#15869=DIRECTION('',(1.,0.,0.));
#15870=DIRECTION('',(0.,-1.,0.));
#15871=DIRECTION('',(1.,0.,0.));
#15872=DIRECTION('',(0.,-1.,0.));
#15873=DIRECTION('',(1.,0.,0.));
#15874=DIRECTION('',(0.,-1.,0.));
#15875=DIRECTION('',(1.,0.,0.));
#15876=DIRECTION('',(0.,-1.,0.));
#15877=DIRECTION('',(1.,0.,0.));
#15878=DIRECTION('',(0.,-1.,0.));
#15879=DIRECTION('',(1.,0.,0.));
#15880=DIRECTION('',(0.,-1.,0.));
#15881=DIRECTION('',(1.,0.,0.));
#15882=DIRECTION('',(0.,-1.,0.));
#15883=DIRECTION('',(1.,0.,0.));
#15884=DIRECTION('',(0.,-1.,0.));
#15885=DIRECTION('',(1.,0.,0.));
#15886=DIRECTION('',(0.,-1.,0.));
#15887=DIRECTION('',(1.,0.,0.));
#15888=DIRECTION('',(0.,-1.,0.));
#15889=DIRECTION('',(1.,0.,0.));
#15890=DIRECTION('',(0.,-1.,0.));
#15891=DIRECTION('',(1.,0.,0.));
#15892=DIRECTION('',(0.,-1.,0.));
#15893=DIRECTION('',(1.,0.,0.));
#15894=DIRECTION('',(0.,-1.,0.));
#15895=DIRECTION('',(1.,0.,0.));
#15896=DIRECTION('',(0.,-1.,0.));
#15897=DIRECTION('',(-1.,0.,0.));
#15898=DIRECTION('',(0.,-1.,0.));
#15899=DIRECTION('',(-1.,0.,0.));
#15900=DIRECTION('',(0.,-1.,0.));
#15901=DIRECTION('',(-1.,0.,0.));
#15902=DIRECTION('',(0.,-1.,0.));
#15903=DIRECTION('',(-1.,-1.0842021724855E-16,0.));
#15904=DIRECTION('',(0.,-1.,0.));
#15905=DIRECTION('',(0.,1.,0.));
#15906=DIRECTION('',(-1.,0.,0.));
#15907=DIRECTION('',(0.,1.,0.));
#15908=DIRECTION('',(-1.,-1.35525271560688E-16,0.));
#15909=DIRECTION('',(0.,1.,0.));
#15910=DIRECTION('',(-1.,0.,0.));
#15911=DIRECTION('',(0.,1.,0.));
#15912=DIRECTION('',(-1.,0.,0.));
#15913=DIRECTION('',(0.,1.,0.));
#15914=DIRECTION('',(-1.,0.,0.));
#15915=DIRECTION('',(0.,1.,0.));
#15916=DIRECTION('',(-1.,0.,0.));
#15917=DIRECTION('',(-1.,0.,0.));
#15918=DIRECTION('',(0.,-1.,0.));
#15919=DIRECTION('',(-1.,0.,0.));
#15920=DIRECTION('',(0.,-1.,0.));
#15921=DIRECTION('',(-1.,0.,0.));
#15922=DIRECTION('',(0.,-1.,0.));
#15923=DIRECTION('',(-1.,0.,0.));
#15924=DIRECTION('',(0.,-1.,0.));
#15925=DIRECTION('',(-1.,0.,0.));
#15926=DIRECTION('',(0.,-1.,0.));
#15927=DIRECTION('',(-1.,0.,0.));
#15928=DIRECTION('',(0.,-1.,0.));
#15929=DIRECTION('',(-1.,0.,0.));
#15930=DIRECTION('',(0.,-1.,0.));
#15931=DIRECTION('',(-1.,0.,0.));
#15932=DIRECTION('',(0.,-1.,0.));
#15933=DIRECTION('',(0.,0.,1.));
#15934=DIRECTION('',(1.,0.,0.));
#15935=DIRECTION('',(0.,-1.,0.));
#15936=DIRECTION('',(1.,0.,0.));
#15937=DIRECTION('',(1.,0.,0.));
#15938=DIRECTION('',(0.,-1.,0.));
#15939=DIRECTION('',(1.,0.,0.));
#15940=DIRECTION('',(0.,-1.,0.));
#15941=DIRECTION('',(1.,0.,0.));
#15942=DIRECTION('',(0.,-1.,0.));
#15943=DIRECTION('',(1.,0.,0.));
#15944=DIRECTION('',(0.,-1.,0.));
#15945=DIRECTION('',(1.,0.,0.));
#15946=DIRECTION('',(0.,-1.,0.));
#15947=DIRECTION('',(1.,0.,0.));
#15948=DIRECTION('',(5.42101086242752E-17,-1.,0.));
#15949=DIRECTION('',(-1.,0.,0.));
#15950=DIRECTION('',(4.33680868994202E-16,-1.,0.));
#15951=DIRECTION('',(-1.,0.,0.));
#15952=DIRECTION('',(2.71050543121377E-16,-1.,0.));
#15953=DIRECTION('',(-1.,0.,0.));
#15954=DIRECTION('',(0.,-1.,0.));
#15955=DIRECTION('',(-1.,0.,0.));
#15956=DIRECTION('',(4.33680868994202E-16,-1.,0.));
#15957=DIRECTION('',(-1.,0.,0.));
#15958=DIRECTION('',(0.,-1.,0.));
#15959=DIRECTION('',(-1.,0.,0.));
#15960=DIRECTION('',(0.,-1.,0.));
#15961=DIRECTION('',(-1.,0.,0.));
#15962=DIRECTION('',(0.,-1.,0.));
#15963=DIRECTION('',(-1.,0.,0.));
#15964=DIRECTION('',(0.,-1.,0.));
#15965=DIRECTION('',(-1.,0.,0.));
#15966=DIRECTION('',(0.,-1.,0.));
#15967=DIRECTION('',(-1.,0.,0.));
#15968=DIRECTION('',(0.,-1.,0.));
#15969=DIRECTION('',(1.,0.,0.));
#15970=DIRECTION('',(0.,-1.,0.));
#15971=DIRECTION('',(1.,0.,0.));
#15972=DIRECTION('',(5.42101086242752E-17,-1.,0.));
#15973=DIRECTION('',(-1.,0.,0.));
#15974=DIRECTION('',(4.33680868994202E-16,-1.,0.));
#15975=DIRECTION('',(-1.,0.,0.));
#15976=DIRECTION('',(2.71050543121377E-16,-1.,0.));
#15977=DIRECTION('',(-1.,0.,0.));
#15978=DIRECTION('',(0.,-1.,0.));
#15979=DIRECTION('',(-1.,0.,0.));
#15980=DIRECTION('',(4.33680868994202E-16,-1.,0.));
#15981=DIRECTION('',(1.,0.,0.));
#15982=DIRECTION('',(0.,-1.,0.));
#15983=DIRECTION('',(1.,0.,0.));
#15984=DIRECTION('',(0.,-1.,0.));
#15985=DIRECTION('',(1.,0.,0.));
#15986=DIRECTION('',(0.,-1.,0.));
#15987=DIRECTION('',(1.,0.,0.));
#15988=DIRECTION('',(0.,-1.,0.));
#15989=DIRECTION('',(1.,0.,0.));
#15990=DIRECTION('',(0.,-1.,0.));
#15991=DIRECTION('',(1.,0.,0.));
#15992=DIRECTION('',(0.,-1.,0.));
#15993=DIRECTION('',(1.,0.,0.));
#15994=DIRECTION('',(0.,-1.,0.));
#15995=DIRECTION('',(1.,0.,0.));
#15996=DIRECTION('',(0.,-1.,0.));
#15997=DIRECTION('',(1.,0.,0.));
#15998=DIRECTION('',(0.,-1.,0.));
#15999=DIRECTION('',(1.,0.,0.));
#16000=DIRECTION('',(0.,-1.,0.));
#16001=DIRECTION('',(1.,0.,0.));
#16002=DIRECTION('',(0.,-1.,0.));
#16003=DIRECTION('',(1.,0.,0.));
#16004=DIRECTION('',(0.,-1.,0.));
#16005=DIRECTION('',(1.,0.,0.));
#16006=DIRECTION('',(0.,-1.,0.));
#16007=DIRECTION('',(1.,0.,0.));
#16008=DIRECTION('',(0.,-1.,0.));
#16009=DIRECTION('',(1.,0.,0.));
#16010=DIRECTION('',(0.,-1.,0.));
#16011=DIRECTION('',(1.,0.,0.));
#16012=DIRECTION('',(0.,-1.,0.));
#16013=DIRECTION('',(1.,0.,0.));
#16014=DIRECTION('',(0.,-1.,0.));
#16015=DIRECTION('',(1.,0.,0.));
#16016=DIRECTION('',(0.,-1.,0.));
#16017=DIRECTION('',(1.,0.,0.));
#16018=DIRECTION('',(0.,-1.,0.));
#16019=DIRECTION('',(1.,0.,0.));
#16020=DIRECTION('',(0.,-1.,0.));
#16021=DIRECTION('',(1.,0.,0.));
#16022=DIRECTION('',(0.,-1.,0.));
#16023=DIRECTION('',(1.,0.,0.));
#16024=DIRECTION('',(5.42101086242752E-17,-1.,0.));
#16025=DIRECTION('',(-1.,0.,0.));
#16026=DIRECTION('',(4.33680868994202E-16,-1.,0.));
#16027=DIRECTION('',(-1.,0.,0.));
#16028=DIRECTION('',(2.71050543121376E-16,-1.,0.));
#16029=DIRECTION('',(-1.,0.,0.));
#16030=DIRECTION('',(0.,-1.,0.));
#16031=DIRECTION('',(-1.,0.,0.));
#16032=DIRECTION('',(4.33680868994202E-16,-1.,0.));
#16033=DIRECTION('',(-1.,0.,0.));
#16034=DIRECTION('',(0.,-1.,0.));
#16035=DIRECTION('',(-1.,0.,0.));
#16036=DIRECTION('',(0.,-1.,0.));
#16037=DIRECTION('',(-1.,0.,0.));
#16038=DIRECTION('',(0.,-1.,0.));
#16039=DIRECTION('',(-1.,0.,0.));
#16040=DIRECTION('',(0.,-1.,0.));
#16041=DIRECTION('',(-1.,0.,0.));
#16042=DIRECTION('',(0.,-1.,0.));
#16043=DIRECTION('',(-1.,0.,0.));
#16044=DIRECTION('',(0.,-1.,0.));
#16045=DIRECTION('',(-1.,0.,0.));
#16046=DIRECTION('',(0.,-1.,0.));
#16047=DIRECTION('',(-1.,0.,0.));
#16048=DIRECTION('',(0.,-1.,0.));
#16049=DIRECTION('',(0.,1.,0.));
#16050=DIRECTION('',(1.,0.,0.));
#16051=DIRECTION('',(0.,1.,0.));
#16052=DIRECTION('',(1.,0.,0.));
#16053=DIRECTION('',(-2.16840434497101E-16,1.,0.));
#16054=DIRECTION('',(1.,0.,0.));
#16055=DIRECTION('',(0.,1.,0.));
#16056=DIRECTION('',(1.,0.,0.));
#16057=DIRECTION('',(-2.16840434497101E-16,1.,0.));
#16058=DIRECTION('',(1.,0.,0.));
#16059=DIRECTION('',(0.,1.,0.));
#16060=DIRECTION('',(1.,0.,0.));
#16061=DIRECTION('',(-2.16840434497101E-16,1.,0.));
#16062=DIRECTION('',(1.,0.,0.));
#16063=DIRECTION('',(0.,1.,0.));
#16064=DIRECTION('',(1.,0.,0.));
#16065=DIRECTION('',(0.,1.,0.));
#16066=DIRECTION('',(1.,0.,0.));
#16067=DIRECTION('',(0.,1.,0.));
#16068=DIRECTION('',(1.,0.,0.));
#16069=DIRECTION('',(0.,1.,0.));
#16070=DIRECTION('',(1.,0.,0.));
#16071=DIRECTION('',(0.,1.,0.));
#16072=DIRECTION('',(1.,0.,0.));
#16073=DIRECTION('',(0.,1.,0.));
#16074=DIRECTION('',(1.,0.,0.));
#16075=DIRECTION('',(0.,1.,0.));
#16076=DIRECTION('',(1.,0.,0.));
#16077=DIRECTION('',(-1.89735380184963E-16,1.,0.));
#16078=DIRECTION('',(1.,0.,0.));
#16079=DIRECTION('',(-2.16840434497101E-16,1.,0.));
#16080=DIRECTION('',(1.,0.,0.));
#16081=DIRECTION('',(-1.89735380184963E-16,1.,0.));
#16082=DIRECTION('',(1.,0.,0.));
#16083=DIRECTION('',(-2.16840434497101E-16,1.,0.));
#16084=DIRECTION('',(1.,0.,0.));
#16085=DIRECTION('',(-1.89735380184963E-16,1.,0.));
#16086=DIRECTION('',(1.,0.,0.));
#16087=DIRECTION('',(-2.16840434497101E-16,1.,0.));
#16088=DIRECTION('',(1.,0.,0.));
#16089=DIRECTION('',(-2.16840434497101E-16,1.,0.));
#16090=DIRECTION('',(1.,0.,0.));
#16091=DIRECTION('',(0.,1.,0.));
#16092=DIRECTION('',(1.,0.,0.));
#16093=DIRECTION('',(0.,1.,0.));
#16094=DIRECTION('',(-1.,0.,0.));
#16095=DIRECTION('',(0.,1.,0.));
#16096=DIRECTION('',(-1.,0.,0.));
#16097=DIRECTION('',(0.,1.,0.));
#16098=DIRECTION('',(1.,0.,0.));
#16099=DIRECTION('',(0.,1.,0.));
#16100=DIRECTION('',(1.,0.,0.));
#16101=DIRECTION('',(0.,1.,0.));
#16102=DIRECTION('',(1.,0.,0.));
#16103=DIRECTION('',(0.,1.,0.));
#16104=DIRECTION('',(1.,0.,0.));
#16105=DIRECTION('',(0.,1.,0.));
#16106=DIRECTION('',(1.,0.,0.));
#16107=DIRECTION('',(0.,1.,0.));
#16108=DIRECTION('',(1.,0.,0.));
#16109=DIRECTION('',(0.,1.,0.));
#16110=DIRECTION('',(1.,0.,0.));
#16111=DIRECTION('',(0.,1.,0.));
#16112=DIRECTION('',(1.,0.,0.));
#16113=DIRECTION('',(0.,1.,0.));
#16114=DIRECTION('',(1.,0.,0.));
#16115=DIRECTION('',(0.,1.,0.));
#16116=DIRECTION('',(1.,0.,0.));
#16117=DIRECTION('',(0.,1.,0.));
#16118=DIRECTION('',(1.,0.,0.));
#16119=DIRECTION('',(0.,1.,0.));
#16120=DIRECTION('',(1.,0.,0.));
#16121=DIRECTION('',(0.,1.,0.));
#16122=DIRECTION('',(1.,0.,0.));
#16123=DIRECTION('',(0.,1.,0.));
#16124=DIRECTION('',(1.,0.,0.));
#16125=DIRECTION('',(0.,1.,0.));
#16126=DIRECTION('',(1.,0.,0.));
#16127=DIRECTION('',(0.,1.,0.));
#16128=DIRECTION('',(1.,0.,0.));
#16129=DIRECTION('',(0.,1.,0.));
#16130=DIRECTION('',(1.,0.,0.));
#16131=DIRECTION('',(0.,1.,0.));
#16132=DIRECTION('',(1.,0.,0.));
#16133=DIRECTION('',(0.,1.,0.));
#16134=DIRECTION('',(1.,0.,0.));
#16135=DIRECTION('',(0.,1.,0.));
#16136=DIRECTION('',(1.,0.,0.));
#16137=DIRECTION('',(0.,1.,0.));
#16138=DIRECTION('',(1.,0.,0.));
#16139=DIRECTION('',(0.,1.,0.));
#16140=DIRECTION('',(1.,0.,0.));
#16141=DIRECTION('',(0.,1.,0.));
#16142=DIRECTION('',(1.,0.,0.));
#16143=DIRECTION('',(0.,1.,0.));
#16144=DIRECTION('',(1.,0.,0.));
#16145=DIRECTION('',(0.,1.,0.));
#16146=DIRECTION('',(-1.,0.,0.));
#16147=DIRECTION('',(0.,1.,0.));
#16148=DIRECTION('',(-1.,-1.35525271560688E-16,0.));
#16149=DIRECTION('',(-1.,0.,0.));
#16150=DIRECTION('',(0.,-1.,0.));
#16151=DIRECTION('',(-1.,-1.0842021724855E-16,0.));
#16152=DIRECTION('',(0.,-1.,0.));
#16153=DIRECTION('',(-1.,0.,0.));
#16154=DIRECTION('',(0.,-1.,0.));
#16155=DIRECTION('',(-1.,0.,0.));
#16156=DIRECTION('',(0.,-1.,0.));
#16157=DIRECTION('',(1.,0.,0.));
#16158=DIRECTION('',(0.,-1.,0.));
#16159=DIRECTION('',(1.,0.,0.));
#16160=DIRECTION('',(0.,-1.,0.));
#16161=DIRECTION('',(1.,0.,0.));
#16162=DIRECTION('',(0.,-1.,0.));
#16163=DIRECTION('',(1.,0.,0.));
#16164=DIRECTION('',(0.,-1.,0.));
#16165=DIRECTION('',(0.,1.,0.));
#16166=DIRECTION('',(1.,0.,0.));
#16167=DIRECTION('',(0.,1.,0.));
#16168=DIRECTION('',(1.,2.16840434497101E-16,0.));
#16169=DIRECTION('',(0.,1.,0.));
#16170=DIRECTION('',(-1.,0.,0.));
#16171=DIRECTION('',(0.,1.,0.));
#16172=DIRECTION('',(-1.,-1.35525271560688E-16,0.));
#16173=DIRECTION('',(-1.,0.,0.));
#16174=DIRECTION('',(0.,-1.,0.));
#16175=DIRECTION('',(-1.,-1.0842021724855E-16,0.));
#16176=DIRECTION('',(0.,-1.,0.));
#16177=DIRECTION('',(-1.,0.,0.));
#16178=DIRECTION('',(0.,-1.,0.));
#16179=DIRECTION('',(-1.,0.,0.));
#16180=DIRECTION('',(0.,-1.,0.));
#16181=DIRECTION('',(-1.,0.,0.));
#16182=DIRECTION('',(0.,-1.,0.));
#16183=DIRECTION('',(-1.,0.,0.));
#16184=DIRECTION('',(0.,-1.,0.));
#16185=DIRECTION('',(-1.,0.,0.));
#16186=DIRECTION('',(0.,-1.,0.));
#16187=DIRECTION('',(-1.,-1.0842021724855E-16,0.));
#16188=DIRECTION('',(0.,-1.,0.));
#16189=DIRECTION('',(0.,1.,0.));
#16190=DIRECTION('',(-1.,0.,0.));
#16191=DIRECTION('',(0.,1.,0.));
#16192=DIRECTION('',(-1.,-1.35525271560688E-16,0.));
#16193=DIRECTION('',(0.,1.,0.));
#16194=DIRECTION('',(-1.,0.,0.));
#16195=DIRECTION('',(0.,1.,0.));
#16196=DIRECTION('',(-1.,0.,0.));
#16197=DIRECTION('',(0.,1.,0.));
#16198=DIRECTION('',(-1.,0.,0.));
#16199=DIRECTION('',(0.,1.,0.));
#16200=DIRECTION('',(-1.,0.,0.));
#16201=DIRECTION('',(0.,1.,0.));
#16202=DIRECTION('',(1.,2.16840434497101E-16,0.));
#16203=DIRECTION('',(0.,1.,0.));
#16204=DIRECTION('',(1.,1.89735380184963E-16,0.));
#16205=DIRECTION('',(0.,1.,0.));
#16206=DIRECTION('',(1.,2.16840434497101E-16,0.));
#16207=DIRECTION('',(0.,1.,0.));
#16208=DIRECTION('',(1.,1.89735380184963E-16,0.));
#16209=DIRECTION('',(0.,1.,0.));
#16210=DIRECTION('',(1.,0.,0.));
#16211=DIRECTION('',(0.,1.,0.));
#16212=DIRECTION('',(1.,2.16840434497101E-16,0.));
#16213=DIRECTION('',(0.,1.,0.));
#16214=DIRECTION('',(1.,0.,0.));
#16215=DIRECTION('',(0.,1.,0.));
#16216=DIRECTION('',(1.,2.16840434497101E-16,0.));
#16217=DIRECTION('',(0.,1.,0.));
#16218=DIRECTION('',(1.,0.,0.));
#16219=DIRECTION('',(0.,1.,0.));
#16220=DIRECTION('',(1.,2.16840434497101E-16,0.));
#16221=DIRECTION('',(1.,0.,0.));
#16222=DIRECTION('',(0.,-1.,0.));
#16223=DIRECTION('',(1.,0.,0.));
#16224=DIRECTION('',(0.,-1.,0.));
#16225=DIRECTION('',(1.,0.,0.));
#16226=DIRECTION('',(0.,-1.,0.));
#16227=DIRECTION('',(1.,0.,0.));
#16228=DIRECTION('',(0.,-1.,0.));
#16229=DIRECTION('',(1.,0.,0.));
#16230=DIRECTION('',(0.,-1.,0.));
#16231=DIRECTION('',(1.,0.,0.));
#16232=DIRECTION('',(0.,-1.,0.));
#16233=DIRECTION('',(1.,0.,0.));
#16234=DIRECTION('',(0.,-1.,0.));
#16235=DIRECTION('',(1.,0.,0.));
#16236=DIRECTION('',(0.,-1.,0.));
#16237=DIRECTION('',(1.,0.,0.));
#16238=DIRECTION('',(0.,-1.,0.));
#16239=DIRECTION('',(1.,0.,0.));
#16240=DIRECTION('',(0.,-1.,0.));
#16241=DIRECTION('',(0.,1.,0.));
#16242=DIRECTION('',(1.,2.16840434497101E-16,0.));
#16243=DIRECTION('',(0.,1.,0.));
#16244=DIRECTION('',(1.,1.89735380184963E-16,0.));
#16245=DIRECTION('',(0.,-1.,0.));
#16246=DIRECTION('',(0.,0.,-1.));
#16247=DIRECTION('',(0.,0.,-1.));
#16248=DIRECTION('',(0.,0.,-1.));
#16249=DIRECTION('',(1.,0.,0.));
#16250=DIRECTION('',(0.,0.,-1.));
#16251=DIRECTION('',(0.,0.,-1.));
#16252=DIRECTION('',(0.,-1.,0.));
#16253=DIRECTION('',(0.,0.,-1.));
#16254=DIRECTION('',(0.,0.,-1.));
#16255=DIRECTION('',(1.,0.,0.));
#16256=DIRECTION('',(0.,0.,-1.));
#16257=DIRECTION('',(-1.,0.,0.));
#16258=DIRECTION('',(0.,0.,1.));
#16259=DIRECTION('',(0.,0.,-1.));
#16260=DIRECTION('',(0.,0.,-1.));
#16261=DIRECTION('',(0.,-1.,0.));
#16262=DIRECTION('',(0.,0.,-1.));
#16263=DIRECTION('',(0.,0.,-1.));
#16264=DIRECTION('',(-1.,0.,0.));
#16265=DIRECTION('',(0.,0.,1.));
#16266=DIRECTION('',(0.,0.,-1.));
#16267=DIRECTION('',(0.,-1.,0.));
#16268=DIRECTION('',(0.,0.,-1.));
#16269=DIRECTION('',(-1.,0.,0.));
#16270=DIRECTION('',(0.,0.,1.));
#16271=DIRECTION('',(0.,0.,-1.));
#16272=DIRECTION('',(0.,0.,-1.));
#16273=DIRECTION('',(0.,-1.,0.));
#16274=DIRECTION('',(0.,0.,-1.));
#16275=DIRECTION('',(0.,0.,-1.));
#16276=DIRECTION('',(-1.,0.,0.));
#16277=DIRECTION('',(0.,0.,1.));
#16278=DIRECTION('',(0.,0.,-1.));
#16279=DIRECTION('',(0.,-1.,0.));
#16280=DIRECTION('',(0.,0.,-1.));
#16281=DIRECTION('',(-1.,0.,0.));
#16282=DIRECTION('',(0.,0.,1.));
#16283=DIRECTION('',(0.,0.,-1.));
#16284=DIRECTION('',(0.,0.,-1.));
#16285=DIRECTION('',(0.,-1.,0.));
#16286=DIRECTION('',(0.,0.,-1.));
#16287=DIRECTION('',(0.,0.,-1.));
#16288=DIRECTION('',(-1.,0.,0.));
#16289=DIRECTION('',(0.,0.,1.));
#16290=DIRECTION('',(0.,0.,-1.));
#16291=DIRECTION('',(0.,-1.,0.));
#16292=DIRECTION('',(0.,0.,-1.));
#16293=DIRECTION('',(-1.,0.,0.));
#16294=DIRECTION('',(0.,0.,1.));
#16295=DIRECTION('',(0.,0.,-1.));
#16296=DIRECTION('',(0.,0.,-1.));
#16297=DIRECTION('',(0.,-1.,0.));
#16298=DIRECTION('',(0.,0.,-1.));
#16299=DIRECTION('',(0.,0.,-1.));
#16300=DIRECTION('',(-1.,0.,0.));
#16301=DIRECTION('',(0.,0.,1.));
#16302=DIRECTION('',(0.,0.,-1.));
#16303=DIRECTION('',(0.,-1.,0.));
#16304=DIRECTION('',(0.,0.,-1.));
#16305=DIRECTION('',(-1.,0.,0.));
#16306=DIRECTION('',(0.,0.,1.));
#16307=DIRECTION('',(0.,0.,-1.));
#16308=DIRECTION('',(0.,0.,-1.));
#16309=DIRECTION('',(0.,-1.,0.));
#16310=DIRECTION('',(0.,0.,-1.));
#16311=DIRECTION('',(0.,0.,-1.));
#16312=DIRECTION('',(-1.,0.,0.));
#16313=DIRECTION('',(0.,0.,1.));
#16314=DIRECTION('',(0.,0.,-1.));
#16315=DIRECTION('',(0.,-1.,0.));
#16316=DIRECTION('',(0.,0.,-1.));
#16317=DIRECTION('',(-1.,0.,0.));
#16318=DIRECTION('',(0.,0.,1.));
#16319=DIRECTION('',(0.,0.,-1.));
#16320=DIRECTION('',(0.,0.,-1.));
#16321=DIRECTION('',(0.,-1.,0.));
#16322=DIRECTION('',(0.,0.,-1.));
#16323=DIRECTION('',(0.,0.,-1.));
#16324=DIRECTION('',(-1.,0.,0.));
#16325=DIRECTION('',(0.,0.,1.));
#16326=DIRECTION('',(0.,0.,-1.));
#16327=DIRECTION('',(0.,-1.,0.));
#16328=DIRECTION('',(0.,0.,-1.));
#16329=DIRECTION('',(-1.,0.,0.));
#16330=DIRECTION('',(0.,0.,1.));
#16331=DIRECTION('',(0.,0.,-1.));
#16332=DIRECTION('',(0.,0.,-1.));
#16333=DIRECTION('',(0.,-1.,0.));
#16334=DIRECTION('',(0.,0.,-1.));
#16335=DIRECTION('',(0.,0.,-1.));
#16336=DIRECTION('',(-1.,0.,0.));
#16337=DIRECTION('',(0.,0.,1.));
#16338=DIRECTION('',(0.,0.,-1.));
#16339=DIRECTION('',(0.,-1.,0.));
#16340=DIRECTION('',(0.,0.,-1.));
#16341=DIRECTION('',(-1.,0.,0.));
#16342=DIRECTION('',(0.,0.,1.));
#16343=DIRECTION('',(0.,0.,-1.));
#16344=DIRECTION('',(0.,0.,-1.));
#16345=DIRECTION('',(0.,-1.,0.));
#16346=DIRECTION('',(0.,0.,-1.));
#16347=DIRECTION('',(0.,0.,-1.));
#16348=DIRECTION('',(-1.,0.,0.));
#16349=DIRECTION('',(0.,0.,1.));
#16350=DIRECTION('',(0.,0.,-1.));
#16351=DIRECTION('',(0.,-1.,0.));
#16352=DIRECTION('',(0.,0.,-1.));
#16353=DIRECTION('',(-1.,0.,0.));
#16354=DIRECTION('',(0.,0.,1.));
#16355=DIRECTION('',(0.,0.,-1.));
#16356=DIRECTION('',(0.,0.,-1.));
#16357=DIRECTION('',(0.,-1.,0.));
#16358=DIRECTION('',(0.,0.,-1.));
#16359=DIRECTION('',(0.,0.,-1.));
#16360=DIRECTION('',(-1.,0.,0.));
#16361=DIRECTION('',(0.,0.,1.));
#16362=DIRECTION('',(0.,0.,-1.));
#16363=DIRECTION('',(0.,-1.,0.));
#16364=DIRECTION('',(0.,0.,-1.));
#16365=DIRECTION('',(-1.,0.,0.));
#16366=DIRECTION('',(0.,0.,1.));
#16367=DIRECTION('',(0.,0.,-1.));
#16368=DIRECTION('',(0.,0.,-1.));
#16369=DIRECTION('',(0.,-1.,0.));
#16370=DIRECTION('',(0.,0.,-1.));
#16371=DIRECTION('',(0.,0.,-1.));
#16372=DIRECTION('',(-1.,0.,0.));
#16373=DIRECTION('',(0.,0.,1.));
#16374=DIRECTION('',(0.,0.,-1.));
#16375=DIRECTION('',(0.,-1.,0.));
#16376=DIRECTION('',(0.,0.,-1.));
#16377=DIRECTION('',(-1.,0.,0.));
#16378=DIRECTION('',(0.,0.,1.));
#16379=DIRECTION('',(0.,0.,-1.));
#16380=DIRECTION('',(0.,0.,-1.));
#16381=DIRECTION('',(0.,-1.,0.));
#16382=DIRECTION('',(0.,0.,-1.));
#16383=DIRECTION('',(0.,0.,-1.));
#16384=DIRECTION('',(-1.,0.,0.));
#16385=DIRECTION('',(0.,0.,1.));
#16386=DIRECTION('',(0.,0.,-1.));
#16387=DIRECTION('',(0.,-1.,0.));
#16388=DIRECTION('',(0.,0.,-1.));
#16389=DIRECTION('',(0.,0.,-1.));
#16390=DIRECTION('',(-1.,0.,0.));
#16391=DIRECTION('',(0.,0.,1.));
#16392=DIRECTION('',(0.,0.,-1.));
#16393=DIRECTION('',(0.,0.,-1.));
#16394=DIRECTION('',(0.,-1.,0.));
#16395=DIRECTION('',(0.,0.,-1.));
#16396=DIRECTION('',(0.,0.,-1.));
#16397=DIRECTION('',(-1.,0.,0.));
#16398=DIRECTION('',(0.,0.,1.));
#16399=DIRECTION('',(0.,0.,-1.));
#16400=DIRECTION('',(0.,-1.,0.));
#16401=DIRECTION('',(0.,0.,-1.));
#16402=DIRECTION('',(-1.,0.,0.));
#16403=DIRECTION('',(0.,0.,1.));
#16404=DIRECTION('',(0.,0.,-1.));
#16405=DIRECTION('',(0.,0.,-1.));
#16406=DIRECTION('',(0.,-1.,0.));
#16407=DIRECTION('',(0.,0.,-1.));
#16408=DIRECTION('',(0.,0.,-1.));
#16409=DIRECTION('',(-1.,0.,0.));
#16410=DIRECTION('',(0.,0.,1.));
#16411=DIRECTION('',(0.,0.,-1.));
#16412=DIRECTION('',(0.,-1.,0.));
#16413=DIRECTION('',(0.,0.,-1.));
#16414=DIRECTION('',(-1.,0.,0.));
#16415=DIRECTION('',(0.,0.,1.));
#16416=DIRECTION('',(0.,0.,-1.));
#16417=DIRECTION('',(0.,0.,-1.));
#16418=DIRECTION('',(0.,-1.,0.));
#16419=DIRECTION('',(0.,0.,-1.));
#16420=DIRECTION('',(0.,0.,-1.));
#16421=DIRECTION('',(-1.,0.,0.));
#16422=DIRECTION('',(0.,0.,1.));
#16423=DIRECTION('',(0.,0.,-1.));
#16424=DIRECTION('',(0.,-1.,0.));
#16425=DIRECTION('',(0.,0.,-1.));
#16426=DIRECTION('',(-1.,0.,0.));
#16427=DIRECTION('',(0.,0.,1.));
#16428=DIRECTION('',(0.,0.,-1.));
#16429=DIRECTION('',(0.,0.,-1.));
#16430=DIRECTION('',(0.,-1.,0.));
#16431=DIRECTION('',(0.,0.,-1.));
#16432=DIRECTION('',(0.,0.,-1.));
#16433=DIRECTION('',(-1.,0.,0.));
#16434=DIRECTION('',(0.,0.,1.));
#16435=DIRECTION('',(0.,0.,-1.));
#16436=DIRECTION('',(0.,-1.,0.));
#16437=DIRECTION('',(0.,0.,-1.));
#16438=DIRECTION('',(-1.,0.,0.));
#16439=DIRECTION('',(0.,0.,1.));
#16440=DIRECTION('',(0.,0.,-1.));
#16441=DIRECTION('',(0.,0.,-1.));
#16442=DIRECTION('',(0.,-1.,0.));
#16443=DIRECTION('',(0.,0.,-1.));
#16444=DIRECTION('',(0.,0.,-1.));
#16445=DIRECTION('',(-1.,0.,0.));
#16446=DIRECTION('',(0.,0.,1.));
#16447=DIRECTION('',(0.,0.,-1.));
#16448=DIRECTION('',(0.,-1.,0.));
#16449=DIRECTION('',(0.,0.,-1.));
#16450=DIRECTION('',(0.,1.,0.));
#16451=DIRECTION('',(0.,0.,1.));
#16452=DIRECTION('',(0.,0.,-1.));
#16453=DIRECTION('',(0.,0.,-1.));
#16454=DIRECTION('',(1.,0.,0.));
#16455=DIRECTION('',(0.,0.,-1.));
#16456=DIRECTION('',(0.,0.,-1.));
#16457=DIRECTION('',(1.,0.,0.));
#16458=DIRECTION('',(0.,0.,-1.));
#16459=DIRECTION('',(0.,0.,-1.));
#16460=DIRECTION('',(1.,4.33680868994202E-16,0.));
#16461=DIRECTION('',(-4.33680868994202E-16,1.,0.));
#16462=DIRECTION('',(0.,0.,-1.));
#16463=DIRECTION('',(0.,0.,-1.));
#16464=DIRECTION('',(0.,-1.,0.));
#16465=DIRECTION('',(0.,0.,-1.));
#16466=DIRECTION('',(0.,0.,-1.));
#16467=DIRECTION('',(1.,0.,0.));
#16468=DIRECTION('',(0.,0.,-1.));
#16469=DIRECTION('',(0.,0.,-1.));
#16470=DIRECTION('',(-1.,0.,0.));
#16471=DIRECTION('',(0.,0.,1.));
#16472=DIRECTION('',(0.,0.,-1.));
#16473=DIRECTION('',(0.,0.,-1.));
#16474=DIRECTION('',(0.,-1.,0.));
#16475=DIRECTION('',(0.,0.,-1.));
#16476=DIRECTION('',(0.,0.,-1.));
#16477=DIRECTION('',(-1.,0.,0.));
#16478=DIRECTION('',(0.,0.,1.));
#16479=DIRECTION('',(0.,0.,-1.));
#16480=DIRECTION('',(0.,-1.,0.));
#16481=DIRECTION('',(0.,0.,-1.));
#16482=DIRECTION('',(-1.,0.,0.));
#16483=DIRECTION('',(0.,0.,1.));
#16484=DIRECTION('',(0.,0.,-1.));
#16485=DIRECTION('',(0.,0.,-1.));
#16486=DIRECTION('',(0.,-1.,0.));
#16487=DIRECTION('',(0.,0.,-1.));
#16488=DIRECTION('',(0.,0.,-1.));
#16489=DIRECTION('',(-1.,-2.16840434497101E-16,0.));
#16490=DIRECTION('',(2.16840434497101E-16,-1.,0.));
#16491=DIRECTION('',(0.,0.,-1.));
#16492=DIRECTION('',(0.,-1.,0.));
#16493=DIRECTION('',(0.,0.,-1.));
#16494=DIRECTION('',(-1.,0.,0.));
#16495=DIRECTION('',(0.,0.,1.));
#16496=DIRECTION('',(0.,0.,-1.));
#16497=DIRECTION('',(0.,0.,-1.));
#16498=DIRECTION('',(0.,-1.,0.));
#16499=DIRECTION('',(0.,0.,-1.));
#16500=DIRECTION('',(0.,0.,-1.));
#16501=DIRECTION('',(-1.,-2.16840434497101E-16,0.));
#16502=DIRECTION('',(2.16840434497101E-16,-1.,0.));
#16503=DIRECTION('',(0.,0.,-1.));
#16504=DIRECTION('',(0.,-1.,0.));
#16505=DIRECTION('',(0.,0.,-1.));
#16506=DIRECTION('',(-1.,0.,0.));
#16507=DIRECTION('',(0.,0.,1.));
#16508=DIRECTION('',(0.,0.,-1.));
#16509=DIRECTION('',(0.,0.,-1.));
#16510=DIRECTION('',(0.,-1.,0.));
#16511=DIRECTION('',(0.,0.,-1.));
#16512=DIRECTION('',(0.,0.,-1.));
#16513=DIRECTION('',(-1.,-2.16840434497101E-16,0.));
#16514=DIRECTION('',(2.16840434497101E-16,-1.,0.));
#16515=DIRECTION('',(0.,0.,-1.));
#16516=DIRECTION('',(0.,-1.,0.));
#16517=DIRECTION('',(0.,0.,-1.));
#16518=DIRECTION('',(-1.,0.,0.));
#16519=DIRECTION('',(0.,0.,1.));
#16520=DIRECTION('',(0.,0.,-1.));
#16521=DIRECTION('',(0.,-1.,0.));
#16522=DIRECTION('',(0.,0.,-1.));
#16523=DIRECTION('',(-1.,0.,0.));
#16524=DIRECTION('',(0.,0.,1.));
#16525=DIRECTION('',(0.,0.,-1.));
#16526=DIRECTION('',(0.,0.,-1.));
#16527=DIRECTION('',(0.,-1.,0.));
#16528=DIRECTION('',(0.,0.,-1.));
#16529=DIRECTION('',(0.,0.,-1.));
#16530=DIRECTION('',(-1.,0.,0.));
#16531=DIRECTION('',(0.,0.,1.));
#16532=DIRECTION('',(0.,0.,-1.));
#16533=DIRECTION('',(0.,-1.,0.));
#16534=DIRECTION('',(0.,0.,-1.));
#16535=DIRECTION('',(-1.,0.,0.));
#16536=DIRECTION('',(0.,0.,1.));
#16537=DIRECTION('',(0.,0.,-1.));
#16538=DIRECTION('',(0.,0.,-1.));
#16539=DIRECTION('',(0.,-1.,0.));
#16540=DIRECTION('',(0.,0.,-1.));
#16541=DIRECTION('',(0.,0.,-1.));
#16542=DIRECTION('',(-1.,0.,0.));
#16543=DIRECTION('',(0.,0.,1.));
#16544=DIRECTION('',(0.,0.,-1.));
#16545=DIRECTION('',(0.,-1.,0.));
#16546=DIRECTION('',(0.,0.,-1.));
#16547=DIRECTION('',(-1.,0.,0.));
#16548=DIRECTION('',(0.,0.,1.));
#16549=DIRECTION('',(0.,0.,-1.));
#16550=DIRECTION('',(0.,0.,-1.));
#16551=DIRECTION('',(0.,-1.,0.));
#16552=DIRECTION('',(0.,0.,-1.));
#16553=DIRECTION('',(0.,0.,-1.));
#16554=DIRECTION('',(-1.,0.,0.));
#16555=DIRECTION('',(0.,0.,1.));
#16556=DIRECTION('',(0.,0.,-1.));
#16557=DIRECTION('',(0.,-1.,0.));
#16558=DIRECTION('',(0.,0.,-1.));
#16559=DIRECTION('',(-1.,0.,0.));
#16560=DIRECTION('',(0.,0.,1.));
#16561=DIRECTION('',(0.,0.,-1.));
#16562=DIRECTION('',(0.,-1.,0.));
#16563=DIRECTION('',(0.,0.,-1.));
#16564=DIRECTION('',(0.,-1.,0.));
#16565=DIRECTION('',(0.,0.,-1.));
#16566=DIRECTION('',(0.,0.,-1.));
#16567=DIRECTION('',(0.,0.,-1.));
#16568=DIRECTION('',(1.,0.,0.));
#16569=DIRECTION('',(0.,0.,-1.));
#16570=DIRECTION('',(0.,0.,-1.));
#16571=DIRECTION('',(0.,-1.,0.));
#16572=DIRECTION('',(0.,0.,-1.));
#16573=DIRECTION('',(0.,0.,-1.));
#16574=DIRECTION('',(1.,0.,0.));
#16575=DIRECTION('',(0.,0.,-1.));
#16576=DIRECTION('',(0.,-1.,0.));
#16577=DIRECTION('',(0.,0.,-1.));
#16578=DIRECTION('',(0.,0.,-1.));
#16579=DIRECTION('',(0.,0.,-1.));
#16580=DIRECTION('',(1.,0.,0.));
#16581=DIRECTION('',(0.,0.,-1.));
#16582=DIRECTION('',(0.,0.,-1.));
#16583=DIRECTION('',(0.,-1.,0.));
#16584=DIRECTION('',(0.,0.,-1.));
#16585=DIRECTION('',(0.,0.,-1.));
#16586=DIRECTION('',(1.,0.,0.));
#16587=DIRECTION('',(0.,0.,-1.));
#16588=DIRECTION('',(0.,-1.,0.));
#16589=DIRECTION('',(0.,0.,-1.));
#16590=DIRECTION('',(0.,0.,-1.));
#16591=DIRECTION('',(0.,0.,-1.));
#16592=DIRECTION('',(1.,0.,0.));
#16593=DIRECTION('',(0.,0.,-1.));
#16594=DIRECTION('',(0.,0.,-1.));
#16595=DIRECTION('',(0.,-1.,0.));
#16596=DIRECTION('',(0.,0.,-1.));
#16597=DIRECTION('',(0.,0.,-1.));
#16598=DIRECTION('',(1.,0.,0.));
#16599=DIRECTION('',(0.,0.,-1.));
#16600=DIRECTION('',(0.,-1.,0.));
#16601=DIRECTION('',(0.,0.,-1.));
#16602=DIRECTION('',(0.,0.,-1.));
#16603=DIRECTION('',(0.,0.,-1.));
#16604=DIRECTION('',(1.,0.,0.));
#16605=DIRECTION('',(0.,0.,-1.));
#16606=DIRECTION('',(0.,0.,-1.));
#16607=DIRECTION('',(0.,-1.,0.));
#16608=DIRECTION('',(0.,0.,-1.));
#16609=DIRECTION('',(0.,0.,-1.));
#16610=DIRECTION('',(1.,0.,0.));
#16611=DIRECTION('',(0.,0.,-1.));
#16612=DIRECTION('',(0.,-1.,0.));
#16613=DIRECTION('',(0.,0.,-1.));
#16614=DIRECTION('',(0.,0.,-1.));
#16615=DIRECTION('',(0.,0.,-1.));
#16616=DIRECTION('',(1.,4.33680868994202E-16,0.));
#16617=DIRECTION('',(-4.33680868994202E-16,1.,0.));
#16618=DIRECTION('',(0.,0.,-1.));
#16619=DIRECTION('',(0.,-1.,0.));
#16620=DIRECTION('',(0.,0.,-1.));
#16621=DIRECTION('',(0.,0.,-1.));
#16622=DIRECTION('',(1.,0.,0.));
#16623=DIRECTION('',(0.,0.,-1.));
#16624=DIRECTION('',(0.,-1.,0.));
#16625=DIRECTION('',(0.,0.,-1.));
#16626=DIRECTION('',(0.,0.,-1.));
#16627=DIRECTION('',(0.,0.,-1.));
#16628=DIRECTION('',(1.,2.71050543121376E-16,0.));
#16629=DIRECTION('',(-2.71050543121376E-16,1.,0.));
#16630=DIRECTION('',(0.,0.,-1.));
#16631=DIRECTION('',(0.,-1.,0.));
#16632=DIRECTION('',(0.,0.,-1.));
#16633=DIRECTION('',(0.,0.,-1.));
#16634=DIRECTION('',(1.,4.33680868994202E-16,0.));
#16635=DIRECTION('',(-4.33680868994202E-16,1.,0.));
#16636=DIRECTION('',(0.,1.,0.));
#16637=DIRECTION('',(0.,0.,1.));
#16638=DIRECTION('',(0.,0.,-1.));
#16639=DIRECTION('',(0.,0.,-1.));
#16640=DIRECTION('',(1.,5.42101086242752E-17,0.));
#16641=DIRECTION('',(-5.42101086242752E-17,1.,0.));
#16642=DIRECTION('',(0.,0.,-1.));
#16643=DIRECTION('',(0.,1.,0.));
#16644=DIRECTION('',(0.,0.,1.));
#16645=DIRECTION('',(0.,0.,-1.));
#16646=DIRECTION('',(1.,0.,0.));
#16647=DIRECTION('',(0.,0.,-1.));
#16648=DIRECTION('',(0.,1.,0.));
#16649=DIRECTION('',(0.,0.,1.));
#16650=DIRECTION('',(0.,0.,-1.));
#16651=DIRECTION('',(0.,0.,-1.));
#16652=DIRECTION('',(1.,0.,0.));
#16653=DIRECTION('',(0.,0.,-1.));
#16654=DIRECTION('',(0.,0.,-1.));
#16655=DIRECTION('',(0.,1.,0.));
#16656=DIRECTION('',(0.,0.,1.));
#16657=DIRECTION('',(0.,0.,-1.));
#16658=DIRECTION('',(1.,0.,0.));
#16659=DIRECTION('',(0.,0.,-1.));
#16660=DIRECTION('',(0.,1.,0.));
#16661=DIRECTION('',(0.,0.,1.));
#16662=DIRECTION('',(0.,0.,-1.));
#16663=DIRECTION('',(0.,0.,-1.));
#16664=DIRECTION('',(1.,0.,0.));
#16665=DIRECTION('',(0.,0.,-1.));
#16666=DIRECTION('',(0.,0.,-1.));
#16667=DIRECTION('',(0.,1.,0.));
#16668=DIRECTION('',(0.,0.,1.));
#16669=DIRECTION('',(0.,0.,-1.));
#16670=DIRECTION('',(1.,0.,0.));
#16671=DIRECTION('',(0.,0.,-1.));
#16672=DIRECTION('',(0.,1.,0.));
#16673=DIRECTION('',(0.,0.,1.));
#16674=DIRECTION('',(0.,0.,-1.));
#16675=DIRECTION('',(0.,0.,-1.));
#16676=DIRECTION('',(1.,0.,0.));
#16677=DIRECTION('',(0.,0.,-1.));
#16678=DIRECTION('',(0.,0.,-1.));
#16679=DIRECTION('',(0.,1.,0.));
#16680=DIRECTION('',(0.,0.,1.));
#16681=DIRECTION('',(0.,0.,-1.));
#16682=DIRECTION('',(1.,0.,0.));
#16683=DIRECTION('',(0.,0.,-1.));
#16684=DIRECTION('',(0.,1.,0.));
#16685=DIRECTION('',(0.,0.,1.));
#16686=DIRECTION('',(0.,0.,-1.));
#16687=DIRECTION('',(0.,0.,-1.));
#16688=DIRECTION('',(1.,0.,0.));
#16689=DIRECTION('',(0.,0.,-1.));
#16690=DIRECTION('',(0.,0.,-1.));
#16691=DIRECTION('',(0.,1.,0.));
#16692=DIRECTION('',(0.,0.,1.));
#16693=DIRECTION('',(0.,0.,-1.));
#16694=DIRECTION('',(1.,0.,0.));
#16695=DIRECTION('',(0.,0.,-1.));
#16696=DIRECTION('',(0.,1.,0.));
#16697=DIRECTION('',(0.,0.,1.));
#16698=DIRECTION('',(0.,0.,-1.));
#16699=DIRECTION('',(0.,0.,-1.));
#16700=DIRECTION('',(1.,0.,0.));
#16701=DIRECTION('',(0.,0.,-1.));
#16702=DIRECTION('',(0.,0.,-1.));
#16703=DIRECTION('',(0.,1.,0.));
#16704=DIRECTION('',(0.,0.,1.));
#16705=DIRECTION('',(0.,0.,-1.));
#16706=DIRECTION('',(1.,0.,0.));
#16707=DIRECTION('',(0.,0.,-1.));
#16708=DIRECTION('',(0.,0.,-1.));
#16709=DIRECTION('',(0.,1.,0.));
#16710=DIRECTION('',(0.,0.,1.));
#16711=DIRECTION('',(0.,0.,-1.));
#16712=DIRECTION('',(0.,0.,-1.));
#16713=DIRECTION('',(1.,0.,0.));
#16714=DIRECTION('',(0.,0.,-1.));
#16715=DIRECTION('',(0.,0.,-1.));
#16716=DIRECTION('',(0.,1.,0.));
#16717=DIRECTION('',(0.,0.,1.));
#16718=DIRECTION('',(0.,0.,-1.));
#16719=DIRECTION('',(1.,0.,0.));
#16720=DIRECTION('',(0.,0.,-1.));
#16721=DIRECTION('',(0.,1.,0.));
#16722=DIRECTION('',(0.,0.,1.));
#16723=DIRECTION('',(0.,0.,-1.));
#16724=DIRECTION('',(0.,0.,-1.));
#16725=DIRECTION('',(1.,0.,0.));
#16726=DIRECTION('',(0.,0.,-1.));
#16727=DIRECTION('',(0.,0.,-1.));
#16728=DIRECTION('',(0.,1.,0.));
#16729=DIRECTION('',(0.,0.,1.));
#16730=DIRECTION('',(0.,0.,-1.));
#16731=DIRECTION('',(1.,0.,0.));
#16732=DIRECTION('',(0.,0.,-1.));
#16733=DIRECTION('',(0.,1.,0.));
#16734=DIRECTION('',(0.,0.,1.));
#16735=DIRECTION('',(0.,0.,-1.));
#16736=DIRECTION('',(0.,0.,-1.));
#16737=DIRECTION('',(1.,0.,0.));
#16738=DIRECTION('',(0.,0.,-1.));
#16739=DIRECTION('',(0.,0.,-1.));
#16740=DIRECTION('',(0.,1.,0.));
#16741=DIRECTION('',(0.,0.,1.));
#16742=DIRECTION('',(0.,0.,-1.));
#16743=DIRECTION('',(1.,0.,0.));
#16744=DIRECTION('',(0.,0.,-1.));
#16745=DIRECTION('',(0.,1.,0.));
#16746=DIRECTION('',(0.,0.,1.));
#16747=DIRECTION('',(0.,0.,-1.));
#16748=DIRECTION('',(0.,0.,-1.));
#16749=DIRECTION('',(1.,0.,0.));
#16750=DIRECTION('',(0.,0.,-1.));
#16751=DIRECTION('',(0.,0.,-1.));
#16752=DIRECTION('',(0.,1.,0.));
#16753=DIRECTION('',(0.,0.,1.));
#16754=DIRECTION('',(0.,0.,-1.));
#16755=DIRECTION('',(1.,0.,0.));
#16756=DIRECTION('',(0.,0.,-1.));
#16757=DIRECTION('',(0.,-1.,0.));
#16758=DIRECTION('',(0.,0.,-1.));
#16759=DIRECTION('',(0.,0.,-1.));
#16760=DIRECTION('',(0.,0.,-1.));
#16761=DIRECTION('',(1.,0.,0.));
#16762=DIRECTION('',(0.,0.,-1.));
#16763=DIRECTION('',(0.,0.,-1.));
#16764=DIRECTION('',(0.,-1.,0.));
#16765=DIRECTION('',(0.,0.,-1.));
#16766=DIRECTION('',(0.,0.,-1.));
#16767=DIRECTION('',(1.,0.,0.));
#16768=DIRECTION('',(0.,0.,-1.));
#16769=DIRECTION('',(0.,-1.,0.));
#16770=DIRECTION('',(0.,0.,-1.));
#16771=DIRECTION('',(0.,0.,-1.));
#16772=DIRECTION('',(0.,0.,-1.));
#16773=DIRECTION('',(-1.,0.,0.));
#16774=DIRECTION('',(0.,0.,1.));
#16775=DIRECTION('',(0.,0.,-1.));
#16776=DIRECTION('',(0.,-1.,0.));
#16777=DIRECTION('',(0.,0.,-1.));
#16778=DIRECTION('',(0.,0.,-1.));
#16779=DIRECTION('',(1.35525271560688E-16,-1.,0.));
#16780=DIRECTION('',(1.,1.35525271560688E-16,0.));
#16781=DIRECTION('',(0.,0.,-1.));
#16782=DIRECTION('',(0.,0.,-1.));
#16783=DIRECTION('',(-1.,0.,0.));
#16784=DIRECTION('',(0.,0.,1.));
#16785=DIRECTION('',(0.,0.,-1.));
#16786=DIRECTION('',(0.,-1.,0.));
#16787=DIRECTION('',(0.,0.,-1.));
#16788=DIRECTION('',(0.,0.,-1.));
#16789=DIRECTION('',(0.,-1.,0.));
#16790=DIRECTION('',(0.,0.,-1.));
#16791=DIRECTION('',(0.,0.,-1.));
#16792=DIRECTION('',(0.,0.,-1.));
#16793=DIRECTION('',(1.,0.,0.));
#16794=DIRECTION('',(0.,0.,-1.));
#16795=DIRECTION('',(0.,0.,-1.));
#16796=DIRECTION('',(1.0842021724855E-16,-1.,0.));
#16797=DIRECTION('',(1.,1.0842021724855E-16,0.));
#16798=DIRECTION('',(0.,0.,-1.));
#16799=DIRECTION('',(0.,-1.,0.));
#16800=DIRECTION('',(0.,0.,-1.));
#16801=DIRECTION('',(0.,0.,-1.));
#16802=DIRECTION('',(0.,0.,-1.));
#16803=DIRECTION('',(1.,0.,0.));
#16804=DIRECTION('',(0.,0.,-1.));
#16805=DIRECTION('',(0.,0.,-1.));
#16806=DIRECTION('',(1.0842021724855E-16,-1.,0.));
#16807=DIRECTION('',(1.,1.0842021724855E-16,0.));
#16808=DIRECTION('',(0.,0.,-1.));
#16809=DIRECTION('',(1.,0.,0.));
#16810=DIRECTION('',(0.,0.,-1.));
#16811=DIRECTION('',(-1.,0.,0.));
#16812=DIRECTION('',(0.,0.,1.));
#16813=DIRECTION('',(0.,0.,-1.));
#16814=DIRECTION('',(0.,0.,-1.));
#16815=DIRECTION('',(1.35525271560688E-16,-1.,0.));
#16816=DIRECTION('',(1.,1.35525271560688E-16,0.));
#16817=DIRECTION('',(0.,0.,-1.));
#16818=DIRECTION('',(-1.,0.,0.));
#16819=DIRECTION('',(0.,0.,1.));
#16820=DIRECTION('',(0.,0.,-1.));
#16821=DIRECTION('',(0.,-1.,0.));
#16822=DIRECTION('',(0.,0.,-1.));
#16823=DIRECTION('',(-1.,0.,0.));
#16824=DIRECTION('',(0.,0.,1.));
#16825=DIRECTION('',(0.,0.,-1.));
#16826=DIRECTION('',(0.,0.,-1.));
#16827=DIRECTION('',(0.,-1.,0.));
#16828=DIRECTION('',(0.,0.,-1.));
#16829=DIRECTION('',(0.,0.,-1.));
#16830=DIRECTION('',(-1.,0.,0.));
#16831=DIRECTION('',(0.,0.,1.));
#16832=DIRECTION('',(0.,0.,-1.));
#16833=DIRECTION('',(0.,-1.,0.));
#16834=DIRECTION('',(0.,0.,-1.));
#16835=DIRECTION('',(-1.,0.,0.));
#16836=DIRECTION('',(0.,0.,1.));
#16837=DIRECTION('',(0.,0.,-1.));
#16838=DIRECTION('',(0.,0.,-1.));
#16839=DIRECTION('',(0.,-1.,0.));
#16840=DIRECTION('',(0.,0.,-1.));
#16841=DIRECTION('',(0.,0.,-1.));
#16842=DIRECTION('',(-1.,0.,0.));
#16843=DIRECTION('',(0.,0.,1.));
#16844=DIRECTION('',(0.,0.,-1.));
#16845=DIRECTION('',(0.,-1.,0.));
#16846=DIRECTION('',(0.,0.,-1.));
#16847=DIRECTION('',(0.,-1.,0.));
#16848=DIRECTION('',(0.,0.,-1.));
#16849=DIRECTION('',(0.,0.,-1.));
#16850=DIRECTION('',(0.,0.,-1.));
#16851=DIRECTION('',(1.,0.,0.));
#16852=DIRECTION('',(0.,0.,-1.));
#16853=DIRECTION('',(0.,0.,-1.));
#16854=DIRECTION('',(0.,-1.,0.));
#16855=DIRECTION('',(0.,0.,-1.));
#16856=DIRECTION('',(0.,0.,-1.));
#16857=DIRECTION('',(0.,-1.,0.));
#16858=DIRECTION('',(0.,0.,-1.));
#16859=DIRECTION('',(0.,0.,-1.));
#16860=DIRECTION('',(0.,0.,-1.));
#16861=DIRECTION('',(1.,0.,0.));
#16862=DIRECTION('',(0.,0.,-1.));
#16863=DIRECTION('',(0.,0.,-1.));
#16864=DIRECTION('',(0.,-1.,0.));
#16865=DIRECTION('',(0.,0.,-1.));
#16866=DIRECTION('',(0.,0.,-1.));
#16867=DIRECTION('',(1.,0.,0.));
#16868=DIRECTION('',(0.,0.,-1.));
#16869=DIRECTION('',(0.,-1.,0.));
#16870=DIRECTION('',(0.,0.,-1.));
#16871=DIRECTION('',(0.,0.,-1.));
#16872=DIRECTION('',(0.,0.,-1.));
#16873=DIRECTION('',(1.,0.,0.));
#16874=DIRECTION('',(0.,0.,-1.));
#16875=DIRECTION('',(0.,0.,-1.));
#16876=DIRECTION('',(0.,-1.,0.));
#16877=DIRECTION('',(0.,0.,-1.));
#16878=DIRECTION('',(0.,0.,-1.));
#16879=DIRECTION('',(1.,0.,0.));
#16880=DIRECTION('',(0.,0.,-1.));
#16881=DIRECTION('',(0.,-1.,0.));
#16882=DIRECTION('',(0.,0.,-1.));
#16883=DIRECTION('',(0.,0.,-1.));
#16884=DIRECTION('',(0.,0.,-1.));
#16885=DIRECTION('',(1.,0.,0.));
#16886=DIRECTION('',(0.,0.,-1.));
#16887=DIRECTION('',(0.,0.,-1.));
#16888=DIRECTION('',(0.,-1.,0.));
#16889=DIRECTION('',(0.,0.,-1.));
#16890=DIRECTION('',(0.,0.,-1.));
#16891=DIRECTION('',(1.,0.,0.));
#16892=DIRECTION('',(0.,0.,-1.));
#16893=DIRECTION('',(0.,-1.,0.));
#16894=DIRECTION('',(0.,0.,-1.));
#16895=DIRECTION('',(0.,0.,-1.));
#16896=DIRECTION('',(0.,0.,-1.));
#16897=DIRECTION('',(1.,0.,0.));
#16898=DIRECTION('',(0.,0.,-1.));
#16899=DIRECTION('',(0.,0.,-1.));
#16900=DIRECTION('',(0.,-1.,0.));
#16901=DIRECTION('',(0.,0.,-1.));
#16902=DIRECTION('',(0.,0.,-1.));
#16903=DIRECTION('',(1.,0.,0.));
#16904=DIRECTION('',(0.,0.,-1.));
#16905=DIRECTION('',(0.,-1.,0.));
#16906=DIRECTION('',(0.,0.,-1.));
#16907=DIRECTION('',(0.,0.,-1.));
#16908=DIRECTION('',(1.,0.,0.));
#16909=DIRECTION('',(0.,0.,-1.));
#16910=DIRECTION('',(0.,1.,0.));
#16911=DIRECTION('',(0.,0.,1.));
#16912=DIRECTION('',(0.,0.,-1.));
#16913=DIRECTION('',(1.,0.,0.));
#16914=DIRECTION('',(0.,0.,-1.));
#16915=DIRECTION('',(0.,1.,0.));
#16916=DIRECTION('',(0.,0.,1.));
#16917=DIRECTION('',(0.,0.,-1.));
#16918=DIRECTION('',(0.,0.,-1.));
#16919=DIRECTION('',(1.,0.,0.));
#16920=DIRECTION('',(0.,0.,-1.));
#16921=DIRECTION('',(0.,0.,-1.));
#16922=DIRECTION('',(0.,1.,0.));
#16923=DIRECTION('',(0.,0.,1.));
#16924=DIRECTION('',(0.,0.,-1.));
#16925=DIRECTION('',(1.,0.,0.));
#16926=DIRECTION('',(0.,0.,-1.));
#16927=DIRECTION('',(0.,1.,0.));
#16928=DIRECTION('',(0.,0.,1.));
#16929=DIRECTION('',(0.,0.,-1.));
#16930=DIRECTION('',(0.,0.,-1.));
#16931=DIRECTION('',(1.,0.,0.));
#16932=DIRECTION('',(0.,0.,-1.));
#16933=DIRECTION('',(0.,0.,-1.));
#16934=DIRECTION('',(0.,1.,0.));
#16935=DIRECTION('',(0.,0.,1.));
#16936=DIRECTION('',(0.,0.,-1.));
#16937=DIRECTION('',(1.,0.,0.));
#16938=DIRECTION('',(0.,0.,-1.));
#16939=DIRECTION('',(0.,1.,0.));
#16940=DIRECTION('',(0.,0.,1.));
#16941=DIRECTION('',(0.,0.,-1.));
#16942=DIRECTION('',(0.,0.,-1.));
#16943=DIRECTION('',(1.,5.42101086242752E-17,0.));
#16944=DIRECTION('',(-5.42101086242752E-17,1.,0.));
#16945=DIRECTION('',(0.,0.,-1.));
#16946=DIRECTION('',(0.,1.,0.));
#16947=DIRECTION('',(0.,0.,1.));
#16948=DIRECTION('',(0.,0.,-1.));
#16949=DIRECTION('',(1.,0.,0.));
#16950=DIRECTION('',(0.,0.,-1.));
#16951=DIRECTION('',(0.,-1.,0.));
#16952=DIRECTION('',(0.,0.,-1.));
#16953=DIRECTION('',(0.,0.,-1.));
#16954=DIRECTION('',(0.,0.,-1.));
#16955=DIRECTION('',(1.,2.71050543121377E-16,0.));
#16956=DIRECTION('',(-2.71050543121377E-16,1.,0.));
#16957=DIRECTION('',(0.,0.,-1.));
#16958=DIRECTION('',(0.,-1.,0.));
#16959=DIRECTION('',(0.,0.,-1.));
#16960=DIRECTION('',(0.,0.,-1.));
#16961=DIRECTION('',(1.,4.33680868994202E-16,0.));
#16962=DIRECTION('',(-4.33680868994202E-16,1.,0.));
#16963=DIRECTION('',(0.,-1.,0.));
#16964=DIRECTION('',(0.,0.,-1.));
#16965=DIRECTION('',(0.,0.,-1.));
#16966=DIRECTION('',(0.,0.,-1.));
#16967=DIRECTION('',(1.,4.33680868994202E-16,0.));
#16968=DIRECTION('',(-4.33680868994202E-16,1.,0.));
#16969=DIRECTION('',(0.,0.,-1.));
#16970=DIRECTION('',(0.,-1.,0.));
#16971=DIRECTION('',(0.,0.,-1.));
#16972=DIRECTION('',(0.,0.,-1.));
#16973=DIRECTION('',(1.,0.,0.));
#16974=DIRECTION('',(0.,0.,-1.));
#16975=DIRECTION('',(0.,-1.,0.));
#16976=DIRECTION('',(0.,0.,-1.));
#16977=DIRECTION('',(0.,0.,-1.));
#16978=DIRECTION('',(0.,0.,-1.));
#16979=DIRECTION('',(1.,0.,0.));
#16980=DIRECTION('',(0.,0.,-1.));
#16981=DIRECTION('',(0.,0.,-1.));
#16982=DIRECTION('',(0.,-1.,0.));
#16983=DIRECTION('',(0.,0.,-1.));
#16984=DIRECTION('',(0.,0.,-1.));
#16985=DIRECTION('',(1.,0.,0.));
#16986=DIRECTION('',(0.,0.,-1.));
#16987=DIRECTION('',(0.,0.,-1.));
#16988=DIRECTION('',(0.,-1.,0.));
#16989=DIRECTION('',(0.,0.,-1.));
#16990=DIRECTION('',(0.,0.,-1.));
#16991=DIRECTION('',(0.,0.,-1.));
#16992=DIRECTION('',(1.,0.,0.));
#16993=DIRECTION('',(0.,0.,-1.));
#16994=DIRECTION('',(0.,0.,-1.));
#16995=DIRECTION('',(0.,-1.,0.));
#16996=DIRECTION('',(0.,0.,-1.));
#16997=DIRECTION('',(0.,0.,-1.));
#16998=DIRECTION('',(1.,0.,0.));
#16999=DIRECTION('',(0.,0.,-1.));
#17000=DIRECTION('',(0.,-1.,0.));
#17001=DIRECTION('',(0.,0.,-1.));
#17002=DIRECTION('',(0.,0.,-1.));
#17003=DIRECTION('',(0.,0.,-1.));
#17004=DIRECTION('',(1.,0.,0.));
#17005=DIRECTION('',(0.,0.,-1.));
#17006=DIRECTION('',(0.,0.,-1.));
#17007=DIRECTION('',(0.,-1.,0.));
#17008=DIRECTION('',(0.,0.,-1.));
#17009=DIRECTION('',(0.,0.,-1.));
#17010=DIRECTION('',(1.,0.,0.));
#17011=DIRECTION('',(0.,0.,-1.));
#17012=DIRECTION('',(0.,-1.,0.));
#17013=DIRECTION('',(0.,0.,-1.));
#17014=DIRECTION('',(0.,0.,-1.));
#17015=DIRECTION('',(0.,0.,-1.));
#17016=DIRECTION('',(1.,0.,0.));
#17017=DIRECTION('',(0.,0.,-1.));
#17018=DIRECTION('',(0.,0.,-1.));
#17019=DIRECTION('',(0.,-1.,0.));
#17020=DIRECTION('',(0.,0.,-1.));
#17021=DIRECTION('',(0.,0.,-1.));
#17022=DIRECTION('',(1.,0.,0.));
#17023=DIRECTION('',(0.,0.,-1.));
#17024=DIRECTION('',(1.,2.71050543121377E-16,0.));
#17025=DIRECTION('',(-2.71050543121377E-16,1.,0.));
#17026=DIRECTION('',(0.,0.,-1.));
#17027=DIRECTION('',(0.,0.,-1.));
#17028=DIRECTION('',(0.,-1.,0.));
#17029=DIRECTION('',(0.,0.,-1.));
#17030=DIRECTION('',(0.,0.,-1.));
#17031=DIRECTION('',(1.,4.33680868994202E-16,0.));
#17032=DIRECTION('',(-4.33680868994202E-16,1.,0.));
#17033=DIRECTION('',(0.,0.,-1.));
#17034=DIRECTION('',(0.,1.,0.));
#17035=DIRECTION('',(0.,0.,1.));
#17036=DIRECTION('',(0.,0.,-1.));
#17037=DIRECTION('',(0.,0.,-1.));
#17038=DIRECTION('',(1.,5.42101086242752E-17,0.));
#17039=DIRECTION('',(-5.42101086242752E-17,1.,0.));
#17040=DIRECTION('',(0.,0.,-1.));
#17041=DIRECTION('',(0.,1.,0.));
#17042=DIRECTION('',(0.,0.,1.));
#17043=DIRECTION('',(0.,0.,-1.));
#17044=DIRECTION('',(1.,0.,0.));
#17045=DIRECTION('',(0.,0.,-1.));
#17046=DIRECTION('',(0.,-1.,0.));
#17047=DIRECTION('',(0.,0.,-1.));
#17048=DIRECTION('',(0.,0.,-1.));
#17049=DIRECTION('',(0.,0.,-1.));
#17050=DIRECTION('',(1.,2.71050543121377E-16,0.));
#17051=DIRECTION('',(-2.71050543121377E-16,1.,0.));
#17052=DIRECTION('',(0.,0.,-1.));
#17053=DIRECTION('',(0.,-1.,0.));
#17054=DIRECTION('',(0.,0.,-1.));
#17055=DIRECTION('',(0.,0.,-1.));
#17056=DIRECTION('',(1.,4.33680868994202E-16,0.));
#17057=DIRECTION('',(-4.33680868994202E-16,1.,0.));
#17058=DIRECTION('',(0.,-1.,0.));
#17059=DIRECTION('',(0.,0.,-1.));
#17060=DIRECTION('',(0.,0.,-1.));
#17061=DIRECTION('',(0.,0.,-1.));
#17062=DIRECTION('',(1.,4.33680868994202E-16,0.));
#17063=DIRECTION('',(-4.33680868994202E-16,1.,0.));
#17064=DIRECTION('',(0.,0.,-1.));
#17065=DIRECTION('',(0.,-1.,0.));
#17066=DIRECTION('',(0.,0.,-1.));
#17067=DIRECTION('',(0.,0.,-1.));
#17068=DIRECTION('',(1.,0.,0.));
#17069=DIRECTION('',(0.,0.,-1.));
#17070=DIRECTION('',(0.,1.,0.));
#17071=DIRECTION('',(0.,0.,1.));
#17072=DIRECTION('',(0.,0.,-1.));
#17073=DIRECTION('',(0.,0.,-1.));
#17074=DIRECTION('',(1.,5.42101086242752E-17,0.));
#17075=DIRECTION('',(-5.42101086242752E-17,1.,0.));
#17076=DIRECTION('',(0.,0.,-1.));
#17077=DIRECTION('',(1.,0.,0.));
#17078=DIRECTION('',(0.,0.,-1.));
#17079=DIRECTION('',(0.,0.,-1.));
#17080=DIRECTION('',(0.,1.,0.));
#17081=DIRECTION('',(0.,0.,1.));
#17082=DIRECTION('',(0.,0.,-1.));
#17083=DIRECTION('',(0.,0.,-1.));
#17084=DIRECTION('',(1.,0.,0.));
#17085=DIRECTION('',(0.,0.,-1.));
#17086=DIRECTION('',(0.,0.,-1.));
#17087=DIRECTION('',(0.,1.,0.));
#17088=DIRECTION('',(0.,0.,1.));
#17089=DIRECTION('',(0.,0.,-1.));
#17090=DIRECTION('',(1.,0.,0.));
#17091=DIRECTION('',(0.,0.,-1.));
#17092=DIRECTION('',(0.,1.,0.));
#17093=DIRECTION('',(0.,0.,1.));
#17094=DIRECTION('',(0.,0.,-1.));
#17095=DIRECTION('',(0.,0.,-1.));
#17096=DIRECTION('',(1.,0.,0.));
#17097=DIRECTION('',(0.,0.,-1.));
#17098=DIRECTION('',(0.,0.,-1.));
#17099=DIRECTION('',(0.,1.,0.));
#17100=DIRECTION('',(0.,0.,1.));
#17101=DIRECTION('',(0.,0.,-1.));
#17102=DIRECTION('',(1.,0.,0.));
#17103=DIRECTION('',(0.,0.,-1.));
#17104=DIRECTION('',(0.,1.,0.));
#17105=DIRECTION('',(0.,0.,1.));
#17106=DIRECTION('',(0.,0.,-1.));
#17107=DIRECTION('',(0.,0.,-1.));
#17108=DIRECTION('',(1.,0.,0.));
#17109=DIRECTION('',(0.,0.,-1.));
#17110=DIRECTION('',(0.,0.,-1.));
#17111=DIRECTION('',(0.,1.,0.));
#17112=DIRECTION('',(0.,0.,1.));
#17113=DIRECTION('',(0.,0.,-1.));
#17114=DIRECTION('',(1.,0.,0.));
#17115=DIRECTION('',(0.,0.,-1.));
#17116=DIRECTION('',(0.,0.,-1.));
#17117=DIRECTION('',(0.,1.,0.));
#17118=DIRECTION('',(0.,0.,1.));
#17119=DIRECTION('',(0.,0.,-1.));
#17120=DIRECTION('',(0.,0.,-1.));
#17121=DIRECTION('',(1.,0.,0.));
#17122=DIRECTION('',(0.,0.,-1.));
#17123=DIRECTION('',(0.,0.,-1.));
#17124=DIRECTION('',(0.,1.,0.));
#17125=DIRECTION('',(0.,0.,1.));
#17126=DIRECTION('',(0.,0.,-1.));
#17127=DIRECTION('',(1.,0.,0.));
#17128=DIRECTION('',(0.,0.,-1.));
#17129=DIRECTION('',(0.,1.,0.));
#17130=DIRECTION('',(0.,0.,1.));
#17131=DIRECTION('',(0.,0.,-1.));
#17132=DIRECTION('',(0.,0.,-1.));
#17133=DIRECTION('',(1.,0.,0.));
#17134=DIRECTION('',(0.,0.,-1.));
#17135=DIRECTION('',(0.,0.,-1.));
#17136=DIRECTION('',(0.,1.,0.));
#17137=DIRECTION('',(0.,0.,1.));
#17138=DIRECTION('',(0.,0.,-1.));
#17139=DIRECTION('',(1.,0.,0.));
#17140=DIRECTION('',(0.,0.,-1.));
#17141=DIRECTION('',(0.,1.,0.));
#17142=DIRECTION('',(0.,0.,1.));
#17143=DIRECTION('',(0.,0.,-1.));
#17144=DIRECTION('',(0.,0.,-1.));
#17145=DIRECTION('',(1.,0.,0.));
#17146=DIRECTION('',(0.,0.,-1.));
#17147=DIRECTION('',(0.,0.,-1.));
#17148=DIRECTION('',(0.,1.,0.));
#17149=DIRECTION('',(0.,0.,1.));
#17150=DIRECTION('',(0.,0.,-1.));
#17151=DIRECTION('',(1.,0.,0.));
#17152=DIRECTION('',(0.,0.,-1.));
#17153=DIRECTION('',(0.,1.,0.));
#17154=DIRECTION('',(0.,0.,1.));
#17155=DIRECTION('',(0.,0.,-1.));
#17156=DIRECTION('',(0.,0.,-1.));
#17157=DIRECTION('',(1.,0.,0.));
#17158=DIRECTION('',(0.,0.,-1.));
#17159=DIRECTION('',(0.,0.,-1.));
#17160=DIRECTION('',(0.,1.,0.));
#17161=DIRECTION('',(0.,0.,1.));
#17162=DIRECTION('',(0.,0.,-1.));
#17163=DIRECTION('',(1.,0.,0.));
#17164=DIRECTION('',(0.,0.,-1.));
#17165=DIRECTION('',(0.,1.,0.));
#17166=DIRECTION('',(0.,0.,1.));
#17167=DIRECTION('',(0.,0.,-1.));
#17168=DIRECTION('',(0.,0.,-1.));
#17169=DIRECTION('',(1.,0.,0.));
#17170=DIRECTION('',(0.,0.,-1.));
#17171=DIRECTION('',(0.,0.,-1.));
#17172=DIRECTION('',(0.,1.,0.));
#17173=DIRECTION('',(0.,0.,1.));
#17174=DIRECTION('',(0.,0.,-1.));
#17175=DIRECTION('',(1.,0.,0.));
#17176=DIRECTION('',(0.,0.,-1.));
#17177=DIRECTION('',(0.,1.,0.));
#17178=DIRECTION('',(0.,0.,1.));
#17179=DIRECTION('',(0.,0.,-1.));
#17180=DIRECTION('',(0.,0.,-1.));
#17181=DIRECTION('',(1.,0.,0.));
#17182=DIRECTION('',(0.,0.,-1.));
#17183=DIRECTION('',(0.,0.,-1.));
#17184=DIRECTION('',(0.,1.,0.));
#17185=DIRECTION('',(0.,0.,1.));
#17186=DIRECTION('',(0.,0.,-1.));
#17187=DIRECTION('',(1.,0.,0.));
#17188=DIRECTION('',(0.,0.,-1.));
#17189=DIRECTION('',(0.,1.,0.));
#17190=DIRECTION('',(0.,0.,1.));
#17191=DIRECTION('',(0.,0.,-1.));
#17192=DIRECTION('',(0.,0.,-1.));
#17193=DIRECTION('',(1.,0.,0.));
#17194=DIRECTION('',(0.,0.,-1.));
#17195=DIRECTION('',(0.,0.,-1.));
#17196=DIRECTION('',(0.,1.,0.));
#17197=DIRECTION('',(0.,0.,1.));
#17198=DIRECTION('',(0.,0.,-1.));
#17199=DIRECTION('',(1.,0.,0.));
#17200=DIRECTION('',(0.,0.,-1.));
#17201=DIRECTION('',(0.,1.,0.));
#17202=DIRECTION('',(0.,0.,1.));
#17203=DIRECTION('',(0.,0.,-1.));
#17204=DIRECTION('',(0.,0.,-1.));
#17205=DIRECTION('',(1.,0.,0.));
#17206=DIRECTION('',(0.,0.,-1.));
#17207=DIRECTION('',(0.,0.,-1.));
#17208=DIRECTION('',(0.,1.,0.));
#17209=DIRECTION('',(0.,0.,1.));
#17210=DIRECTION('',(0.,0.,-1.));
#17211=DIRECTION('',(1.,0.,0.));
#17212=DIRECTION('',(0.,0.,-1.));
#17213=DIRECTION('',(0.,1.,0.));
#17214=DIRECTION('',(0.,0.,1.));
#17215=DIRECTION('',(0.,0.,-1.));
#17216=DIRECTION('',(0.,0.,-1.));
#17217=DIRECTION('',(1.,5.42101086242752E-17,0.));
#17218=DIRECTION('',(-5.42101086242752E-17,1.,0.));
#17219=DIRECTION('',(0.,0.,-1.));
#17220=DIRECTION('',(0.,1.,0.));
#17221=DIRECTION('',(0.,0.,1.));
#17222=DIRECTION('',(0.,0.,-1.));
#17223=DIRECTION('',(1.,0.,0.));
#17224=DIRECTION('',(0.,0.,-1.));
#17225=DIRECTION('',(0.,-1.,0.));
#17226=DIRECTION('',(0.,0.,-1.));
#17227=DIRECTION('',(0.,0.,-1.));
#17228=DIRECTION('',(0.,0.,-1.));
#17229=DIRECTION('',(1.,2.71050543121376E-16,0.));
#17230=DIRECTION('',(-2.71050543121376E-16,1.,0.));
#17231=DIRECTION('',(0.,0.,-1.));
#17232=DIRECTION('',(0.,-1.,0.));
#17233=DIRECTION('',(0.,0.,-1.));
#17234=DIRECTION('',(0.,0.,-1.));
#17235=DIRECTION('',(1.,4.33680868994202E-16,0.));
#17236=DIRECTION('',(-4.33680868994202E-16,1.,0.));
#17237=DIRECTION('',(0.,-1.,0.));
#17238=DIRECTION('',(0.,0.,-1.));
#17239=DIRECTION('',(0.,0.,-1.));
#17240=DIRECTION('',(0.,0.,-1.));
#17241=DIRECTION('',(1.,4.33680868994202E-16,0.));
#17242=DIRECTION('',(-4.33680868994202E-16,1.,0.));
#17243=DIRECTION('',(0.,0.,-1.));
#17244=DIRECTION('',(0.,-1.,0.));
#17245=DIRECTION('',(0.,0.,-1.));
#17246=DIRECTION('',(0.,0.,-1.));
#17247=DIRECTION('',(1.,0.,0.));
#17248=DIRECTION('',(0.,0.,-1.));
#17249=DIRECTION('',(0.,-1.,0.));
#17250=DIRECTION('',(0.,0.,-1.));
#17251=DIRECTION('',(0.,0.,-1.));
#17252=DIRECTION('',(0.,0.,-1.));
#17253=DIRECTION('',(1.,0.,0.));
#17254=DIRECTION('',(0.,0.,-1.));
#17255=DIRECTION('',(0.,0.,-1.));
#17256=DIRECTION('',(0.,-1.,0.));
#17257=DIRECTION('',(0.,0.,-1.));
#17258=DIRECTION('',(0.,0.,-1.));
#17259=DIRECTION('',(1.,0.,0.));
#17260=DIRECTION('',(0.,0.,-1.));
#17261=DIRECTION('',(0.,-1.,0.));
#17262=DIRECTION('',(0.,0.,-1.));
#17263=DIRECTION('',(0.,0.,-1.));
#17264=DIRECTION('',(0.,0.,-1.));
#17265=DIRECTION('',(1.,0.,0.));
#17266=DIRECTION('',(0.,0.,-1.));
#17267=DIRECTION('',(0.,0.,-1.));
#17268=DIRECTION('',(0.,-1.,0.));
#17269=DIRECTION('',(0.,0.,-1.));
#17270=DIRECTION('',(0.,0.,-1.));
#17271=DIRECTION('',(1.,0.,0.));
#17272=DIRECTION('',(0.,0.,-1.));
#17273=DIRECTION('',(0.,-1.,0.));
#17274=DIRECTION('',(0.,0.,-1.));
#17275=DIRECTION('',(0.,0.,-1.));
#17276=DIRECTION('',(0.,0.,-1.));
#17277=DIRECTION('',(1.,0.,0.));
#17278=DIRECTION('',(0.,0.,-1.));
#17279=DIRECTION('',(0.,0.,-1.));
#17280=DIRECTION('',(0.,-1.,0.));
#17281=DIRECTION('',(0.,0.,-1.));
#17282=DIRECTION('',(0.,0.,-1.));
#17283=DIRECTION('',(1.,0.,0.));
#17284=DIRECTION('',(0.,0.,-1.));
#17285=DIRECTION('',(0.,-1.,0.));
#17286=DIRECTION('',(0.,0.,-1.));
#17287=DIRECTION('',(0.,0.,-1.));
#17288=DIRECTION('',(0.,0.,-1.));
#17289=DIRECTION('',(1.,0.,0.));
#17290=DIRECTION('',(0.,0.,-1.));
#17291=DIRECTION('',(0.,0.,-1.));
#17292=DIRECTION('',(0.,-1.,0.));
#17293=DIRECTION('',(0.,0.,-1.));
#17294=DIRECTION('',(0.,0.,-1.));
#17295=DIRECTION('',(1.,0.,0.));
#17296=DIRECTION('',(0.,0.,-1.));
#17297=DIRECTION('',(0.,-1.,0.));
#17298=DIRECTION('',(0.,0.,-1.));
#17299=DIRECTION('',(0.,0.,-1.));
#17300=DIRECTION('',(0.,0.,-1.));
#17301=DIRECTION('',(1.,0.,0.));
#17302=DIRECTION('',(0.,0.,-1.));
#17303=DIRECTION('',(0.,0.,-1.));
#17304=DIRECTION('',(0.,-1.,0.));
#17305=DIRECTION('',(0.,0.,-1.));
#17306=DIRECTION('',(0.,0.,-1.));
#17307=DIRECTION('',(1.,0.,0.));
#17308=DIRECTION('',(0.,0.,-1.));
#17309=DIRECTION('',(0.,0.,-1.));
#17310=DIRECTION('',(-1.,0.,0.));
#17311=DIRECTION('',(0.,0.,1.));
#17312=DIRECTION('',(0.,0.,-1.));
#17313=DIRECTION('',(0.,0.,-1.));
#17314=DIRECTION('',(0.,1.,0.));
#17315=DIRECTION('',(0.,0.,1.));
#17316=DIRECTION('',(0.,0.,-1.));
#17317=DIRECTION('',(-1.,0.,0.));
#17318=DIRECTION('',(0.,0.,1.));
#17319=DIRECTION('',(0.,0.,-1.));
#17320=DIRECTION('',(0.,1.,0.));
#17321=DIRECTION('',(0.,0.,1.));
#17322=DIRECTION('',(-1.,-2.16840434497101E-16,0.));
#17323=DIRECTION('',(2.16840434497101E-16,-1.,0.));
#17324=DIRECTION('',(0.,0.,-1.));
#17325=DIRECTION('',(0.,0.,-1.));
#17326=DIRECTION('',(0.,1.,0.));
#17327=DIRECTION('',(0.,0.,1.));
#17328=DIRECTION('',(0.,0.,-1.));
#17329=DIRECTION('',(-1.,0.,0.));
#17330=DIRECTION('',(0.,0.,1.));
#17331=DIRECTION('',(0.,0.,-1.));
#17332=DIRECTION('',(0.,1.,0.));
#17333=DIRECTION('',(0.,0.,1.));
#17334=DIRECTION('',(-1.,-2.16840434497101E-16,0.));
#17335=DIRECTION('',(2.16840434497101E-16,-1.,0.));
#17336=DIRECTION('',(0.,0.,-1.));
#17337=DIRECTION('',(0.,0.,-1.));
#17338=DIRECTION('',(0.,1.,0.));
#17339=DIRECTION('',(0.,0.,1.));
#17340=DIRECTION('',(0.,0.,-1.));
#17341=DIRECTION('',(-1.,0.,0.));
#17342=DIRECTION('',(0.,0.,1.));
#17343=DIRECTION('',(0.,0.,-1.));
#17344=DIRECTION('',(0.,1.,0.));
#17345=DIRECTION('',(0.,0.,1.));
#17346=DIRECTION('',(-1.,-2.16840434497101E-16,0.));
#17347=DIRECTION('',(2.16840434497101E-16,-1.,0.));
#17348=DIRECTION('',(0.,0.,-1.));
#17349=DIRECTION('',(0.,0.,-1.));
#17350=DIRECTION('',(0.,1.,0.));
#17351=DIRECTION('',(0.,0.,1.));
#17352=DIRECTION('',(0.,0.,-1.));
#17353=DIRECTION('',(-1.,0.,0.));
#17354=DIRECTION('',(0.,0.,1.));
#17355=DIRECTION('',(0.,0.,-1.));
#17356=DIRECTION('',(0.,1.,0.));
#17357=DIRECTION('',(0.,0.,1.));
#17358=DIRECTION('',(-1.,0.,0.));
#17359=DIRECTION('',(0.,0.,1.));
#17360=DIRECTION('',(0.,0.,-1.));
#17361=DIRECTION('',(0.,0.,-1.));
#17362=DIRECTION('',(0.,1.,0.));
#17363=DIRECTION('',(0.,0.,1.));
#17364=DIRECTION('',(0.,0.,-1.));
#17365=DIRECTION('',(-1.,0.,0.));
#17366=DIRECTION('',(0.,0.,1.));
#17367=DIRECTION('',(0.,0.,-1.));
#17368=DIRECTION('',(0.,1.,0.));
#17369=DIRECTION('',(0.,0.,1.));
#17370=DIRECTION('',(0.,0.,-1.));
#17371=DIRECTION('',(-1.,0.,0.));
#17372=DIRECTION('',(0.,0.,1.));
#17373=DIRECTION('',(0.,0.,-1.));
#17374=DIRECTION('',(0.,0.,-1.));
#17375=DIRECTION('',(0.,1.,0.));
#17376=DIRECTION('',(0.,0.,1.));
#17377=DIRECTION('',(0.,0.,-1.));
#17378=DIRECTION('',(-1.,0.,0.));
#17379=DIRECTION('',(0.,0.,1.));
#17380=DIRECTION('',(0.,0.,-1.));
#17381=DIRECTION('',(0.,1.,0.));
#17382=DIRECTION('',(0.,0.,1.));
#17383=DIRECTION('',(-1.,0.,0.));
#17384=DIRECTION('',(0.,0.,1.));
#17385=DIRECTION('',(0.,0.,-1.));
#17386=DIRECTION('',(0.,0.,-1.));
#17387=DIRECTION('',(0.,1.,0.));
#17388=DIRECTION('',(0.,0.,1.));
#17389=DIRECTION('',(0.,0.,-1.));
#17390=DIRECTION('',(-1.,0.,0.));
#17391=DIRECTION('',(0.,0.,1.));
#17392=DIRECTION('',(0.,0.,-1.));
#17393=DIRECTION('',(0.,1.,0.));
#17394=DIRECTION('',(0.,0.,1.));
#17395=DIRECTION('',(-1.,0.,0.));
#17396=DIRECTION('',(0.,0.,1.));
#17397=DIRECTION('',(0.,0.,-1.));
#17398=DIRECTION('',(0.,0.,-1.));
#17399=DIRECTION('',(0.,1.,0.));
#17400=DIRECTION('',(0.,0.,1.));
#17401=DIRECTION('',(0.,0.,-1.));
#17402=DIRECTION('',(-1.,0.,0.));
#17403=DIRECTION('',(0.,0.,1.));
#17404=DIRECTION('',(0.,0.,-1.));
#17405=DIRECTION('',(0.,1.,0.));
#17406=DIRECTION('',(0.,0.,1.));
#17407=DIRECTION('',(0.,0.,-1.));
#17408=DIRECTION('',(-1.,0.,0.));
#17409=DIRECTION('',(0.,0.,1.));
#17410=DIRECTION('',(0.,0.,-1.));
#17411=DIRECTION('',(0.,0.,-1.));
#17412=DIRECTION('',(0.,1.,0.));
#17413=DIRECTION('',(0.,0.,1.));
#17414=DIRECTION('',(0.,0.,-1.));
#17415=DIRECTION('',(-1.,0.,0.));
#17416=DIRECTION('',(0.,0.,1.));
#17417=DIRECTION('',(0.,0.,-1.));
#17418=DIRECTION('',(0.,1.,0.));
#17419=DIRECTION('',(0.,0.,1.));
#17420=DIRECTION('',(-1.,-2.16840434497101E-16,0.));
#17421=DIRECTION('',(2.16840434497101E-16,-1.,0.));
#17422=DIRECTION('',(0.,0.,-1.));
#17423=DIRECTION('',(0.,0.,-1.));
#17424=DIRECTION('',(0.,1.,0.));
#17425=DIRECTION('',(0.,0.,1.));
#17426=DIRECTION('',(0.,0.,-1.));
#17427=DIRECTION('',(-1.,0.,0.));
#17428=DIRECTION('',(0.,0.,1.));
#17429=DIRECTION('',(0.,0.,-1.));
#17430=DIRECTION('',(-1.,-1.89735380184963E-16,0.));
#17431=DIRECTION('',(1.89735380184963E-16,-1.,0.));
#17432=DIRECTION('',(0.,0.,-1.));
#17433=DIRECTION('',(0.,0.,-1.));
#17434=DIRECTION('',(0.,1.,0.));
#17435=DIRECTION('',(0.,0.,1.));
#17436=DIRECTION('',(0.,0.,-1.));
#17437=DIRECTION('',(-1.,-2.16840434497101E-16,0.));
#17438=DIRECTION('',(2.16840434497101E-16,-1.,0.));
#17439=DIRECTION('',(0.,0.,-1.));
#17440=DIRECTION('',(-1.,-1.89735380184963E-16,0.));
#17441=DIRECTION('',(1.89735380184963E-16,-1.,0.));
#17442=DIRECTION('',(0.,0.,-1.));
#17443=DIRECTION('',(0.,0.,-1.));
#17444=DIRECTION('',(0.,1.,0.));
#17445=DIRECTION('',(0.,0.,1.));
#17446=DIRECTION('',(0.,0.,-1.));
#17447=DIRECTION('',(-1.,-2.16840434497101E-16,0.));
#17448=DIRECTION('',(2.16840434497101E-16,-1.,0.));
#17449=DIRECTION('',(0.,0.,-1.));
#17450=DIRECTION('',(0.,1.,0.));
#17451=DIRECTION('',(0.,0.,1.));
#17452=DIRECTION('',(-1.,-1.89735380184963E-16,0.));
#17453=DIRECTION('',(1.89735380184963E-16,-1.,0.));
#17454=DIRECTION('',(0.,0.,-1.));
#17455=DIRECTION('',(0.,0.,-1.));
#17456=DIRECTION('',(0.,1.,0.));
#17457=DIRECTION('',(0.,0.,1.));
#17458=DIRECTION('',(0.,0.,-1.));
#17459=DIRECTION('',(-1.,-2.16840434497101E-16,0.));
#17460=DIRECTION('',(2.16840434497101E-16,-1.,0.));
#17461=DIRECTION('',(0.,0.,-1.));
#17462=DIRECTION('',(0.,1.,0.));
#17463=DIRECTION('',(0.,0.,1.));
#17464=DIRECTION('',(-1.,-1.89735380184963E-16,0.));
#17465=DIRECTION('',(1.89735380184963E-16,-1.,0.));
#17466=DIRECTION('',(0.,0.,-1.));
#17467=DIRECTION('',(0.,0.,-1.));
#17468=DIRECTION('',(0.,1.,0.));
#17469=DIRECTION('',(0.,0.,1.));
#17470=DIRECTION('',(0.,0.,-1.));
#17471=DIRECTION('',(-1.,-2.16840434497101E-16,0.));
#17472=DIRECTION('',(2.16840434497101E-16,-1.,0.));
#17473=DIRECTION('',(0.,0.,-1.));
#17474=DIRECTION('',(0.,1.,0.));
#17475=DIRECTION('',(0.,0.,1.));
#17476=DIRECTION('',(-1.,-2.16840434497101E-16,0.));
#17477=DIRECTION('',(2.16840434497101E-16,-1.,0.));
#17478=DIRECTION('',(0.,0.,-1.));
#17479=DIRECTION('',(0.,1.,0.));
#17480=DIRECTION('',(0.,0.,1.));
#17481=DIRECTION('',(-1.,-2.16840434497101E-16,0.));
#17482=DIRECTION('',(2.16840434497101E-16,-1.,0.));
#17483=DIRECTION('',(0.,0.,-1.));
#17484=DIRECTION('',(0.,0.,-1.));
#17485=DIRECTION('',(0.,1.,0.));
#17486=DIRECTION('',(0.,0.,1.));
#17487=DIRECTION('',(0.,0.,-1.));
#17488=DIRECTION('',(-1.,0.,0.));
#17489=DIRECTION('',(0.,0.,1.));
#17490=DIRECTION('',(0.,0.,-1.));
#17491=DIRECTION('',(0.,1.,0.));
#17492=DIRECTION('',(0.,0.,1.));
#17493=DIRECTION('',(-1.,0.,0.));
#17494=DIRECTION('',(0.,0.,1.));
#17495=DIRECTION('',(0.,0.,-1.));
#17496=DIRECTION('',(0.,0.,-1.));
#17497=DIRECTION('',(0.,-1.,0.));
#17498=DIRECTION('',(0.,0.,-1.));
#17499=DIRECTION('',(0.,0.,-1.));
#17500=DIRECTION('',(-1.,0.,0.));
#17501=DIRECTION('',(0.,0.,1.));
#17502=DIRECTION('',(0.,0.,-1.));
#17503=DIRECTION('',(0.,-1.,0.));
#17504=DIRECTION('',(0.,0.,-1.));
#17505=DIRECTION('',(0.,0.,-1.));
#17506=DIRECTION('',(-1.,0.,0.));
#17507=DIRECTION('',(0.,0.,1.));
#17508=DIRECTION('',(0.,0.,-1.));
#17509=DIRECTION('',(0.,0.,-1.));
#17510=DIRECTION('',(0.,-1.,0.));
#17511=DIRECTION('',(0.,0.,-1.));
#17512=DIRECTION('',(0.,0.,-1.));
#17513=DIRECTION('',(-1.,0.,0.));
#17514=DIRECTION('',(0.,0.,1.));
#17515=DIRECTION('',(0.,0.,-1.));
#17516=DIRECTION('',(0.,-1.,0.));
#17517=DIRECTION('',(0.,0.,-1.));
#17518=DIRECTION('',(-1.,0.,0.));
#17519=DIRECTION('',(0.,0.,1.));
#17520=DIRECTION('',(0.,0.,-1.));
#17521=DIRECTION('',(0.,0.,-1.));
#17522=DIRECTION('',(0.,-1.,0.));
#17523=DIRECTION('',(0.,0.,-1.));
#17524=DIRECTION('',(0.,0.,-1.));
#17525=DIRECTION('',(-1.,0.,0.));
#17526=DIRECTION('',(0.,0.,1.));
#17527=DIRECTION('',(0.,0.,-1.));
#17528=DIRECTION('',(-1.,0.,0.));
#17529=DIRECTION('',(0.,0.,1.));
#17530=DIRECTION('',(0.,0.,-1.));
#17531=DIRECTION('',(0.,0.,-1.));
#17532=DIRECTION('',(0.,-1.,0.));
#17533=DIRECTION('',(0.,0.,-1.));
#17534=DIRECTION('',(0.,0.,-1.));
#17535=DIRECTION('',(-1.,-2.16840434497101E-16,0.));
#17536=DIRECTION('',(2.16840434497101E-16,-1.,0.));
#17537=DIRECTION('',(0.,0.,-1.));
#17538=DIRECTION('',(-1.,0.,0.));
#17539=DIRECTION('',(0.,0.,1.));
#17540=DIRECTION('',(0.,0.,-1.));
#17541=DIRECTION('',(0.,0.,-1.));
#17542=DIRECTION('',(0.,1.,0.));
#17543=DIRECTION('',(0.,0.,1.));
#17544=DIRECTION('',(0.,0.,-1.));
#17545=DIRECTION('',(-1.,0.,0.));
#17546=DIRECTION('',(0.,0.,1.));
#17547=DIRECTION('',(0.,0.,-1.));
#17548=DIRECTION('',(0.,1.,0.));
#17549=DIRECTION('',(0.,0.,1.));
#17550=DIRECTION('',(-1.,0.,0.));
#17551=DIRECTION('',(0.,0.,1.));
#17552=DIRECTION('',(0.,0.,-1.));
#17553=DIRECTION('',(0.,0.,-1.));
#17554=DIRECTION('',(0.,1.,0.));
#17555=DIRECTION('',(0.,0.,1.));
#17556=DIRECTION('',(0.,0.,-1.));
#17557=DIRECTION('',(-1.,0.,0.));
#17558=DIRECTION('',(0.,0.,1.));
#17559=DIRECTION('',(0.,0.,-1.));
#17560=DIRECTION('',(0.,1.,0.));
#17561=DIRECTION('',(0.,0.,1.));
#17562=DIRECTION('',(-1.,0.,0.));
#17563=DIRECTION('',(0.,0.,1.));
#17564=DIRECTION('',(0.,0.,-1.));
#17565=DIRECTION('',(0.,0.,-1.));
#17566=DIRECTION('',(0.,1.,0.));
#17567=DIRECTION('',(0.,0.,1.));
#17568=DIRECTION('',(0.,0.,-1.));
#17569=DIRECTION('',(-1.,0.,0.));
#17570=DIRECTION('',(0.,0.,1.));
#17571=DIRECTION('',(0.,0.,-1.));
#17572=DIRECTION('',(0.,1.,0.));
#17573=DIRECTION('',(0.,0.,1.));
#17574=DIRECTION('',(-1.,0.,0.));
#17575=DIRECTION('',(0.,0.,1.));
#17576=DIRECTION('',(0.,0.,-1.));
#17577=DIRECTION('',(0.,0.,-1.));
#17578=DIRECTION('',(0.,1.,0.));
#17579=DIRECTION('',(0.,0.,1.));
#17580=DIRECTION('',(0.,0.,-1.));
#17581=DIRECTION('',(-1.,0.,0.));
#17582=DIRECTION('',(0.,0.,1.));
#17583=DIRECTION('',(0.,0.,-1.));
#17584=DIRECTION('',(0.,1.,0.));
#17585=DIRECTION('',(0.,0.,1.));
#17586=DIRECTION('',(-1.,0.,0.));
#17587=DIRECTION('',(0.,0.,1.));
#17588=DIRECTION('',(0.,0.,-1.));
#17589=DIRECTION('',(0.,0.,-1.));
#17590=DIRECTION('',(0.,1.,0.));
#17591=DIRECTION('',(0.,0.,1.));
#17592=DIRECTION('',(0.,0.,-1.));
#17593=DIRECTION('',(-1.,0.,0.));
#17594=DIRECTION('',(0.,0.,1.));
#17595=DIRECTION('',(0.,0.,-1.));
#17596=DIRECTION('',(0.,1.,0.));
#17597=DIRECTION('',(0.,0.,1.));
#17598=DIRECTION('',(-1.,0.,0.));
#17599=DIRECTION('',(0.,0.,1.));
#17600=DIRECTION('',(0.,0.,-1.));
#17601=DIRECTION('',(0.,0.,-1.));
#17602=DIRECTION('',(0.,1.,0.));
#17603=DIRECTION('',(0.,0.,1.));
#17604=DIRECTION('',(0.,0.,-1.));
#17605=DIRECTION('',(-1.,0.,0.));
#17606=DIRECTION('',(0.,0.,1.));
#17607=DIRECTION('',(0.,0.,-1.));
#17608=DIRECTION('',(0.,1.,0.));
#17609=DIRECTION('',(0.,0.,1.));
#17610=DIRECTION('',(-1.,0.,0.));
#17611=DIRECTION('',(0.,0.,1.));
#17612=DIRECTION('',(0.,0.,-1.));
#17613=DIRECTION('',(0.,0.,-1.));
#17614=DIRECTION('',(0.,1.,0.));
#17615=DIRECTION('',(0.,0.,1.));
#17616=DIRECTION('',(0.,0.,-1.));
#17617=DIRECTION('',(-1.,0.,0.));
#17618=DIRECTION('',(0.,0.,1.));
#17619=DIRECTION('',(0.,0.,-1.));
#17620=DIRECTION('',(0.,1.,0.));
#17621=DIRECTION('',(0.,0.,1.));
#17622=DIRECTION('',(-1.,0.,0.));
#17623=DIRECTION('',(0.,0.,1.));
#17624=DIRECTION('',(0.,0.,-1.));
#17625=DIRECTION('',(0.,0.,-1.));
#17626=DIRECTION('',(0.,1.,0.));
#17627=DIRECTION('',(0.,0.,1.));
#17628=DIRECTION('',(0.,0.,-1.));
#17629=DIRECTION('',(-1.,0.,0.));
#17630=DIRECTION('',(0.,0.,1.));
#17631=DIRECTION('',(0.,0.,-1.));
#17632=DIRECTION('',(0.,1.,0.));
#17633=DIRECTION('',(0.,0.,1.));
#17634=DIRECTION('',(-1.,0.,0.));
#17635=DIRECTION('',(0.,0.,1.));
#17636=DIRECTION('',(0.,0.,-1.));
#17637=DIRECTION('',(0.,0.,-1.));
#17638=DIRECTION('',(0.,1.,0.));
#17639=DIRECTION('',(0.,0.,1.));
#17640=DIRECTION('',(0.,0.,-1.));
#17641=DIRECTION('',(-1.,0.,0.));
#17642=DIRECTION('',(0.,0.,1.));
#17643=DIRECTION('',(0.,0.,-1.));
#17644=DIRECTION('',(0.,1.,0.));
#17645=DIRECTION('',(0.,0.,1.));
#17646=DIRECTION('',(-1.,0.,0.));
#17647=DIRECTION('',(0.,0.,1.));
#17648=DIRECTION('',(0.,0.,-1.));
#17649=DIRECTION('',(0.,0.,-1.));
#17650=DIRECTION('',(0.,1.,0.));
#17651=DIRECTION('',(0.,0.,1.));
#17652=DIRECTION('',(0.,0.,-1.));
#17653=DIRECTION('',(-1.,0.,0.));
#17654=DIRECTION('',(0.,0.,1.));
#17655=DIRECTION('',(0.,0.,-1.));
#17656=DIRECTION('',(0.,1.,0.));
#17657=DIRECTION('',(0.,0.,1.));
#17658=DIRECTION('',(-1.,0.,0.));
#17659=DIRECTION('',(0.,0.,1.));
#17660=DIRECTION('',(0.,0.,-1.));
#17661=DIRECTION('',(0.,0.,-1.));
#17662=DIRECTION('',(0.,1.,0.));
#17663=DIRECTION('',(0.,0.,1.));
#17664=DIRECTION('',(0.,0.,-1.));
#17665=DIRECTION('',(-1.,0.,0.));
#17666=DIRECTION('',(0.,0.,1.));
#17667=DIRECTION('',(0.,0.,-1.));
#17668=DIRECTION('',(0.,1.,0.));
#17669=DIRECTION('',(0.,0.,1.));
#17670=DIRECTION('',(-1.,0.,0.));
#17671=DIRECTION('',(0.,0.,1.));
#17672=DIRECTION('',(0.,0.,-1.));
#17673=DIRECTION('',(0.,0.,-1.));
#17674=DIRECTION('',(0.,1.,0.));
#17675=DIRECTION('',(0.,0.,1.));
#17676=DIRECTION('',(0.,0.,-1.));
#17677=DIRECTION('',(-1.,0.,0.));
#17678=DIRECTION('',(0.,0.,1.));
#17679=DIRECTION('',(0.,0.,-1.));
#17680=DIRECTION('',(0.,1.,0.));
#17681=DIRECTION('',(0.,0.,1.));
#17682=DIRECTION('',(-1.,0.,0.));
#17683=DIRECTION('',(0.,0.,1.));
#17684=DIRECTION('',(0.,0.,-1.));
#17685=DIRECTION('',(0.,0.,-1.));
#17686=DIRECTION('',(1.35525271560688E-16,-1.,0.));
#17687=DIRECTION('',(1.,1.35525271560688E-16,0.));
#17688=DIRECTION('',(0.,0.,-1.));
#17689=DIRECTION('',(-1.,0.,0.));
#17690=DIRECTION('',(0.,0.,1.));
#17691=DIRECTION('',(0.,0.,-1.));
#17692=DIRECTION('',(0.,-1.,0.));
#17693=DIRECTION('',(0.,0.,-1.));
#17694=DIRECTION('',(0.,-1.,0.));
#17695=DIRECTION('',(0.,0.,-1.));
#17696=DIRECTION('',(0.,0.,-1.));
#17697=DIRECTION('',(0.,0.,-1.));
#17698=DIRECTION('',(1.,0.,0.));
#17699=DIRECTION('',(0.,0.,-1.));
#17700=DIRECTION('',(0.,0.,-1.));
#17701=DIRECTION('',(1.0842021724855E-16,-1.,0.));
#17702=DIRECTION('',(1.,1.0842021724855E-16,0.));
#17703=DIRECTION('',(0.,0.,-1.));
#17704=DIRECTION('',(1.,0.,0.));
#17705=DIRECTION('',(0.,0.,-1.));
#17706=DIRECTION('',(0.,-1.,0.));
#17707=DIRECTION('',(0.,0.,-1.));
#17708=DIRECTION('',(0.,0.,-1.));
#17709=DIRECTION('',(0.,0.,-1.));
#17710=DIRECTION('',(1.,0.,0.));
#17711=DIRECTION('',(0.,0.,-1.));
#17712=DIRECTION('',(0.,0.,-1.));
#17713=DIRECTION('',(0.,-1.,0.));
#17714=DIRECTION('',(0.,0.,-1.));
#17715=DIRECTION('',(0.,0.,-1.));
#17716=DIRECTION('',(1.,0.,0.));
#17717=DIRECTION('',(0.,0.,-1.));
#17718=DIRECTION('',(0.,1.,0.));
#17719=DIRECTION('',(0.,0.,1.));
#17720=DIRECTION('',(0.,0.,-1.));
#17721=DIRECTION('',(0.,0.,-1.));
#17722=DIRECTION('',(1.,0.,0.));
#17723=DIRECTION('',(0.,0.,-1.));
#17724=DIRECTION('',(0.,0.,-1.));
#17725=DIRECTION('',(0.,1.,0.));
#17726=DIRECTION('',(0.,0.,1.));
#17727=DIRECTION('',(0.,0.,-1.));
#17728=DIRECTION('',(1.,0.,0.));
#17729=DIRECTION('',(0.,0.,-1.));
#17730=DIRECTION('',(0.,1.,0.));
#17731=DIRECTION('',(0.,0.,1.));
#17732=DIRECTION('',(0.,0.,-1.));
#17733=DIRECTION('',(0.,0.,-1.));
#17734=DIRECTION('',(1.,0.,0.));
#17735=DIRECTION('',(0.,0.,-1.));
#17736=DIRECTION('',(0.,0.,-1.));
#17737=DIRECTION('',(0.,1.,0.));
#17738=DIRECTION('',(0.,0.,1.));
#17739=DIRECTION('',(0.,0.,-1.));
#17740=DIRECTION('',(1.,0.,0.));
#17741=DIRECTION('',(0.,0.,-1.));
#17742=DIRECTION('',(-1.,0.,0.));
#17743=DIRECTION('',(0.,0.,1.));
#17744=DIRECTION('',(0.,0.,-1.));
#17745=DIRECTION('',(-2.16840434497101E-16,1.,0.));
#17746=DIRECTION('',(-1.,-2.16840434497101E-16,0.));
#17747=DIRECTION('',(-1.,0.,0.));
#17748=DIRECTION('',(0.,0.,1.));
#17749=DIRECTION('',(0.,0.,-1.));
#17750=DIRECTION('',(0.,0.,-1.));
#17751=DIRECTION('',(-2.16840434497101E-16,1.,0.));
#17752=DIRECTION('',(-1.,-2.16840434497101E-16,0.));
#17753=DIRECTION('',(0.,0.,-1.));
#17754=DIRECTION('',(-1.,0.,0.));
#17755=DIRECTION('',(0.,0.,1.));
#17756=DIRECTION('',(0.,0.,-1.));
#17757=DIRECTION('',(0.,1.,0.));
#17758=DIRECTION('',(0.,0.,1.));
#17759=DIRECTION('',(0.,1.,0.));
#17760=DIRECTION('',(0.,0.,1.));
#17761=DIRECTION('',(0.,0.,-1.));
#17762=DIRECTION('',(1.,0.,0.));
#17763=DIRECTION('',(0.,0.,-1.));
#17764=DIRECTION('',(-1.,0.,0.));
#17765=DIRECTION('',(0.,0.,1.));
#17766=DIRECTION('',(0.,0.,-1.));
#17767=DIRECTION('',(0.,0.,-1.));
#17768=DIRECTION('',(1.35525271560688E-16,-1.,0.));
#17769=DIRECTION('',(1.,1.35525271560688E-16,0.));
#17770=DIRECTION('',(0.,0.,-1.));
#17771=DIRECTION('',(-1.,0.,0.));
#17772=DIRECTION('',(0.,0.,1.));
#17773=DIRECTION('',(0.,0.,-1.));
#17774=DIRECTION('',(0.,-1.,0.));
#17775=DIRECTION('',(0.,0.,-1.));
#17776=DIRECTION('',(0.,-1.,0.));
#17777=DIRECTION('',(0.,0.,-1.));
#17778=DIRECTION('',(0.,0.,-1.));
#17779=DIRECTION('',(0.,0.,-1.));
#17780=DIRECTION('',(1.,0.,0.));
#17781=DIRECTION('',(0.,0.,-1.));
#17782=DIRECTION('',(0.,0.,-1.));
#17783=DIRECTION('',(1.0842021724855E-16,-1.,0.));
#17784=DIRECTION('',(1.,1.0842021724855E-16,0.));
#17785=DIRECTION('',(0.,0.,-1.));
#17786=DIRECTION('',(1.,0.,0.));
#17787=DIRECTION('',(0.,0.,-1.));
#17788=DIRECTION('',(0.,-1.,0.));
#17789=DIRECTION('',(0.,0.,-1.));
#17790=DIRECTION('',(0.,0.,-1.));
#17791=DIRECTION('',(0.,0.,-1.));
#17792=DIRECTION('',(1.,0.,0.));
#17793=DIRECTION('',(0.,0.,-1.));
#17794=DIRECTION('',(0.,0.,-1.));
#17795=DIRECTION('',(0.,-1.,0.));
#17796=DIRECTION('',(0.,0.,-1.));
#17797=DIRECTION('',(0.,0.,-1.));
#17798=DIRECTION('',(1.,0.,0.));
#17799=DIRECTION('',(0.,0.,-1.));
#17800=DIRECTION('',(0.,-1.,0.));
#17801=DIRECTION('',(0.,0.,-1.));
#17802=DIRECTION('',(0.,0.,-1.));
#17803=DIRECTION('',(0.,0.,-1.));
#17804=DIRECTION('',(1.,0.,0.));
#17805=DIRECTION('',(0.,0.,-1.));
#17806=DIRECTION('',(0.,0.,-1.));
#17807=DIRECTION('',(0.,-1.,0.));
#17808=DIRECTION('',(0.,0.,-1.));
#17809=DIRECTION('',(0.,0.,-1.));
#17810=DIRECTION('',(1.,0.,0.));
#17811=DIRECTION('',(0.,0.,-1.));
#17812=DIRECTION('',(0.,-1.,0.));
#17813=DIRECTION('',(0.,0.,-1.));
#17814=DIRECTION('',(0.,0.,-1.));
#17815=DIRECTION('',(0.,0.,-1.));
#17816=DIRECTION('',(1.,0.,0.));
#17817=DIRECTION('',(0.,0.,-1.));
#17818=DIRECTION('',(0.,0.,-1.));
#17819=DIRECTION('',(1.0842021724855E-16,-1.,0.));
#17820=DIRECTION('',(1.,1.0842021724855E-16,0.));
#17821=DIRECTION('',(0.,0.,-1.));
#17822=DIRECTION('',(1.,0.,0.));
#17823=DIRECTION('',(0.,0.,-1.));
#17824=DIRECTION('',(-1.,0.,0.));
#17825=DIRECTION('',(0.,0.,1.));
#17826=DIRECTION('',(0.,0.,-1.));
#17827=DIRECTION('',(0.,0.,-1.));
#17828=DIRECTION('',(1.35525271560688E-16,-1.,0.));
#17829=DIRECTION('',(1.,1.35525271560688E-16,0.));
#17830=DIRECTION('',(0.,0.,-1.));
#17831=DIRECTION('',(-1.,0.,0.));
#17832=DIRECTION('',(0.,0.,1.));
#17833=DIRECTION('',(0.,0.,-1.));
#17834=DIRECTION('',(0.,-1.,0.));
#17835=DIRECTION('',(0.,0.,-1.));
#17836=DIRECTION('',(-1.,0.,0.));
#17837=DIRECTION('',(0.,0.,1.));
#17838=DIRECTION('',(0.,0.,-1.));
#17839=DIRECTION('',(0.,0.,-1.));
#17840=DIRECTION('',(0.,-1.,0.));
#17841=DIRECTION('',(0.,0.,-1.));
#17842=DIRECTION('',(0.,0.,-1.));
#17843=DIRECTION('',(-1.,0.,0.));
#17844=DIRECTION('',(0.,0.,1.));
#17845=DIRECTION('',(0.,0.,-1.));
#17846=DIRECTION('',(0.,-1.,0.));
#17847=DIRECTION('',(0.,0.,-1.));
#17848=DIRECTION('',(-1.,0.,0.));
#17849=DIRECTION('',(0.,0.,1.));
#17850=DIRECTION('',(0.,0.,-1.));
#17851=DIRECTION('',(0.,0.,-1.));
#17852=DIRECTION('',(0.,-1.,0.));
#17853=DIRECTION('',(0.,0.,-1.));
#17854=DIRECTION('',(0.,0.,-1.));
#17855=DIRECTION('',(-1.,0.,0.));
#17856=DIRECTION('',(0.,0.,1.));
#17857=DIRECTION('',(0.,0.,-1.));
#17858=DIRECTION('',(0.,-1.,0.));
#17859=DIRECTION('',(0.,0.,-1.));
#17860=DIRECTION('',(-1.,0.,0.));
#17861=DIRECTION('',(0.,0.,1.));
#17862=DIRECTION('',(0.,0.,-1.));
#17863=DIRECTION('',(0.,0.,-1.));
#17864=DIRECTION('',(-1.89735380184963E-16,1.,0.));
#17865=DIRECTION('',(-1.,-1.89735380184963E-16,0.));
#17866=DIRECTION('',(0.,0.,-1.));
#17867=DIRECTION('',(-1.,0.,0.));
#17868=DIRECTION('',(0.,0.,1.));
#17869=DIRECTION('',(0.,0.,-1.));
#17870=DIRECTION('',(-2.16840434497101E-16,1.,0.));
#17871=DIRECTION('',(-1.,-2.16840434497101E-16,0.));
#17872=DIRECTION('',(-1.,0.,0.));
#17873=DIRECTION('',(0.,0.,1.));
#17874=DIRECTION('',(0.,0.,-1.));
#17875=DIRECTION('',(0.,0.,-1.));
#17876=DIRECTION('',(-1.89735380184963E-16,1.,0.));
#17877=DIRECTION('',(-1.,-1.89735380184963E-16,0.));
#17878=DIRECTION('',(0.,0.,-1.));
#17879=DIRECTION('',(-1.,0.,0.));
#17880=DIRECTION('',(0.,0.,1.));
#17881=DIRECTION('',(0.,0.,-1.));
#17882=DIRECTION('',(-2.16840434497101E-16,1.,0.));
#17883=DIRECTION('',(-1.,-2.16840434497101E-16,0.));
#17884=DIRECTION('',(-1.,0.,0.));
#17885=DIRECTION('',(0.,0.,1.));
#17886=DIRECTION('',(0.,0.,-1.));
#17887=DIRECTION('',(0.,0.,-1.));
#17888=DIRECTION('',(-1.89735380184963E-16,1.,0.));
#17889=DIRECTION('',(-1.,-1.89735380184963E-16,0.));
#17890=DIRECTION('',(0.,0.,-1.));
#17891=DIRECTION('',(-2.16840434497101E-16,1.,0.));
#17892=DIRECTION('',(-1.,-2.16840434497101E-16,0.));
#17893=DIRECTION('',(0.,0.,-1.));
#17894=DIRECTION('',(-1.,0.,0.));
#17895=DIRECTION('',(0.,0.,1.));
#17896=DIRECTION('',(0.,0.,-1.));
#17897=DIRECTION('',(0.,0.,-1.));
#17898=DIRECTION('',(-2.16840434497101E-16,1.,0.));
#17899=DIRECTION('',(-1.,-2.16840434497101E-16,0.));
#17900=DIRECTION('',(0.,0.,-1.));
#17901=DIRECTION('',(0.,1.,0.));
#17902=DIRECTION('',(0.,0.,1.));
#17903=DIRECTION('',(0.,0.,-1.));
#17904=DIRECTION('',(-1.,0.,0.));
#17905=DIRECTION('',(0.,0.,1.));
#17906=DIRECTION('',(0.,0.,-1.));
#17907=DIRECTION('',(0.,1.,0.));
#17908=DIRECTION('',(0.,0.,1.));
#17909=DIRECTION('',(-1.,0.,0.));
#17910=DIRECTION('',(0.,0.,1.));
#17911=DIRECTION('',(0.,0.,-1.));
#17912=DIRECTION('',(0.,0.,-1.));
#17913=DIRECTION('',(-2.16840434497101E-16,1.,0.));
#17914=DIRECTION('',(-1.,-2.16840434497101E-16,0.));
#17915=DIRECTION('',(0.,0.,-1.));
#17916=DIRECTION('',(-1.,0.,0.));
#17917=DIRECTION('',(0.,0.,1.));
#17918=DIRECTION('',(0.,0.,-1.));
#17919=DIRECTION('',(0.,1.,0.));
#17920=DIRECTION('',(0.,0.,1.));
#17921=DIRECTION('',(-1.,0.,0.));
#17922=DIRECTION('',(0.,0.,1.));
#17923=DIRECTION('',(0.,0.,-1.));
#17924=DIRECTION('',(0.,0.,-1.));
#17925=DIRECTION('',(-2.16840434497101E-16,1.,0.));
#17926=DIRECTION('',(-1.,-2.16840434497101E-16,0.));
#17927=DIRECTION('',(0.,0.,-1.));
#17928=DIRECTION('',(-1.,0.,0.));
#17929=DIRECTION('',(0.,0.,1.));
#17930=DIRECTION('',(0.,0.,-1.));
#17931=DIRECTION('',(0.,1.,0.));
#17932=DIRECTION('',(0.,0.,1.));
#17933=DIRECTION('',(-1.,0.,0.));
#17934=DIRECTION('',(0.,0.,1.));
#17935=DIRECTION('',(0.,0.,-1.));
#17936=DIRECTION('',(0.,0.,-1.));
#17937=DIRECTION('',(-2.16840434497101E-16,1.,0.));
#17938=DIRECTION('',(-1.,-2.16840434497101E-16,0.));
#17939=DIRECTION('',(0.,0.,-1.));
#17940=DIRECTION('',(-1.,0.,0.));
#17941=DIRECTION('',(0.,0.,1.));
#17942=DIRECTION('',(0.,0.,-1.));
#17943=DIRECTION('',(0.,1.,0.));
#17944=DIRECTION('',(0.,0.,1.));
#17945=DIRECTION('',(0.,1.,0.));
#17946=DIRECTION('',(0.,0.,1.));
#17947=DIRECTION('',(0.,0.,-1.));
#17948=DIRECTION('',(0.,0.,-1.));
#17949=DIRECTION('',(1.,0.,0.));
#17950=DIRECTION('',(0.,0.,-1.));
#17951=DIRECTION('',(0.,0.,-1.));
#17952=DIRECTION('',(0.,1.,0.));
#17953=DIRECTION('',(0.,0.,1.));
#17954=DIRECTION('',(0.,0.,-1.));
#17955=DIRECTION('',(1.,0.,0.));
#17956=DIRECTION('',(0.,0.,-1.));
#17957=DIRECTION('',(0.,1.,0.));
#17958=DIRECTION('',(0.,0.,1.));
#17959=DIRECTION('',(0.,0.,-1.));
#17960=DIRECTION('',(0.,0.,-1.));
#17961=DIRECTION('',(1.,0.,0.));
#17962=DIRECTION('',(0.,0.,-1.));
#17963=DIRECTION('',(0.,0.,-1.));
#17964=DIRECTION('',(0.,1.,0.));
#17965=DIRECTION('',(0.,0.,1.));
#17966=DIRECTION('',(0.,0.,-1.));
#17967=DIRECTION('',(1.,0.,0.));
#17968=DIRECTION('',(0.,0.,-1.));
#17969=DIRECTION('',(0.,1.,0.));
#17970=DIRECTION('',(0.,0.,1.));
#17971=DIRECTION('',(0.,0.,-1.));
#17972=DIRECTION('',(0.,0.,-1.));
#17973=DIRECTION('',(1.,0.,0.));
#17974=DIRECTION('',(0.,0.,-1.));
#17975=DIRECTION('',(0.,0.,-1.));
#17976=DIRECTION('',(0.,1.,0.));
#17977=DIRECTION('',(0.,0.,1.));
#17978=DIRECTION('',(0.,0.,-1.));
#17979=DIRECTION('',(0.,1.,0.));
#17980=DIRECTION('',(0.,0.,1.));
#17981=DIRECTION('',(0.,0.,-1.));
#17982=DIRECTION('',(0.,0.,-1.));
#17983=DIRECTION('',(1.,0.,0.));
#17984=DIRECTION('',(0.,0.,-1.));
#17985=DIRECTION('',(0.,0.,-1.));
#17986=DIRECTION('',(0.,1.,0.));
#17987=DIRECTION('',(0.,0.,1.));
#17988=DIRECTION('',(0.,0.,-1.));
#17989=DIRECTION('',(0.,1.,0.));
#17990=DIRECTION('',(0.,0.,1.));
#17991=DIRECTION('',(0.,0.,-1.));
#17992=DIRECTION('',(0.,0.,-1.));
#17993=DIRECTION('',(1.,0.,0.));
#17994=DIRECTION('',(0.,0.,-1.));
#17995=DIRECTION('',(0.,0.,-1.));
#17996=DIRECTION('',(0.,1.,0.));
#17997=DIRECTION('',(0.,0.,1.));
#17998=DIRECTION('',(0.,0.,-1.));
#17999=DIRECTION('',(1.,0.,0.));
#18000=DIRECTION('',(0.,0.,-1.));
#18001=DIRECTION('',(0.,1.,0.));
#18002=DIRECTION('',(0.,0.,1.));
#18003=DIRECTION('',(0.,0.,-1.));
#18004=DIRECTION('',(0.,0.,-1.));
#18005=DIRECTION('',(1.,0.,0.));
#18006=DIRECTION('',(0.,0.,-1.));
#18007=DIRECTION('',(0.,0.,-1.));
#18008=DIRECTION('',(0.,1.,0.));
#18009=DIRECTION('',(0.,0.,1.));
#18010=DIRECTION('',(0.,0.,-1.));
#18011=DIRECTION('',(1.,0.,0.));
#18012=DIRECTION('',(0.,0.,-1.));
#18013=DIRECTION('',(0.,1.,0.));
#18014=DIRECTION('',(0.,0.,1.));
#18015=DIRECTION('',(0.,0.,-1.));
#18016=DIRECTION('',(0.,0.,-1.));
#18017=DIRECTION('',(1.,0.,0.));
#18018=DIRECTION('',(0.,0.,-1.));
#18019=DIRECTION('',(0.,0.,-1.));
#18020=DIRECTION('',(0.,1.,0.));
#18021=DIRECTION('',(0.,0.,1.));
#18022=DIRECTION('',(0.,0.,-1.));
#18023=DIRECTION('',(1.,0.,0.));
#18024=DIRECTION('',(0.,0.,-1.));
#18025=DIRECTION('',(-1.,0.,0.));
#18026=DIRECTION('',(0.,0.,1.));
#18027=DIRECTION('',(0.,0.,-1.));
#18028=DIRECTION('',(0.,0.,-1.));
#18029=DIRECTION('',(-1.89735380184963E-16,1.,0.));
#18030=DIRECTION('',(-1.,-1.89735380184963E-16,0.));
#18031=DIRECTION('',(0.,0.,-1.));
#18032=DIRECTION('',(-1.,0.,0.));
#18033=DIRECTION('',(0.,0.,1.));
#18034=DIRECTION('',(0.,0.,-1.));
#18035=DIRECTION('',(-2.16840434497101E-16,1.,0.));
#18036=DIRECTION('',(-1.,-2.16840434497101E-16,0.));
#18037=DIRECTION('',(0.,0.,-1.));
#18038=DIRECTION('',(-1.,0.,0.));
#18039=DIRECTION('',(0.,0.,-1.));
#18040=DIRECTION('',(-1.,0.,0.));
#18041=DIRECTION('',(0.,0.,-1.));
#18042=DIRECTION('',(-1.,0.,0.));
#18043=DIRECTION('',(0.,0.,-1.));
#18044=DIRECTION('',(-1.,0.,0.));
#18045=DIRECTION('',(0.,0.,-1.));
#18046=DIRECTION('',(-1.,0.,0.));
#18047=DIRECTION('',(0.,0.,-1.));
#18048=DIRECTION('',(-1.,0.,0.));
#18049=DIRECTION('',(0.,0.,-1.));
#18050=DIRECTION('',(-1.,0.,0.));
#18051=DIRECTION('',(0.,0.,-1.));
#18052=DIRECTION('',(-1.,0.,0.));
#18053=DIRECTION('',(0.,0.,-1.));
#18054=DIRECTION('',(-1.,0.,0.));
#18055=DIRECTION('',(0.,0.,-1.));
#18056=DIRECTION('',(-1.,0.,0.));
#18057=DIRECTION('',(0.,0.,-1.));
#18058=DIRECTION('',(-1.,0.,0.));
#18059=DIRECTION('',(0.,0.,-1.));
#18060=DIRECTION('',(-1.,0.,0.));
#18061=DIRECTION('',(0.,0.,-1.));
#18062=DIRECTION('',(-1.,0.,0.));
#18063=DIRECTION('',(0.,0.,-1.));
#18064=DIRECTION('',(-1.,0.,0.));
#18065=DIRECTION('',(0.,0.,-1.));
#18066=DIRECTION('',(-1.,0.,0.));
#18067=DIRECTION('',(0.,0.,-1.));
#18068=DIRECTION('',(-1.,0.,0.));
#18069=DIRECTION('',(0.,0.,-1.));
#18070=DIRECTION('',(-1.,0.,0.));
#18071=DIRECTION('',(0.,0.,-1.));
#18072=DIRECTION('',(-1.,0.,0.));
#18073=DIRECTION('',(0.,0.,-1.));
#18074=DIRECTION('',(-1.,0.,0.));
#18075=DIRECTION('',(0.,0.,-1.));
#18076=DIRECTION('',(-1.,0.,0.));
#18077=DIRECTION('',(0.,0.,-1.));
#18078=DIRECTION('',(-1.,0.,0.));
#18079=DIRECTION('',(0.,0.,-1.));
#18080=DIRECTION('',(-1.,0.,0.));
#18081=DIRECTION('',(0.,0.,-1.));
#18082=DIRECTION('',(-1.,0.,0.));
#18083=DIRECTION('',(0.,0.,-1.));
#18084=DIRECTION('',(-1.,0.,0.));
#18085=DIRECTION('',(0.,0.,-1.));
#18086=DIRECTION('',(-1.,0.,0.));
#18087=DIRECTION('',(0.,0.,-1.));
#18088=DIRECTION('',(-1.,0.,0.));
#18089=DIRECTION('',(0.,0.,-1.));
#18090=DIRECTION('',(-1.,0.,0.));
#18091=DIRECTION('',(0.,0.,-1.));
#18092=DIRECTION('',(-1.,0.,0.));
#18093=DIRECTION('',(0.,0.,-1.));
#18094=DIRECTION('',(-1.,0.,0.));
#18095=DIRECTION('',(0.,0.,-1.));
#18096=DIRECTION('',(-1.,0.,0.));
#18097=DIRECTION('',(0.,0.,-1.));
#18098=DIRECTION('',(-1.,0.,0.));
#18099=DIRECTION('',(0.,0.,-1.));
#18100=DIRECTION('',(-1.,0.,0.));
#18101=DIRECTION('',(0.,0.,1.));
#18102=DIRECTION('',(1.,0.,0.));
#18103=DIRECTION('',(0.,0.,-1.));
#18104=DIRECTION('',(-1.,0.,0.));
#18105=CARTESIAN_POINT('',(0.,0.,0.));
#18106=CARTESIAN_POINT('',(0.,1.83697019872103E-18,0.004));
#18107=CARTESIAN_POINT('',(0.,1.83697019872103E-18,0.004));
#18108=CARTESIAN_POINT('',(0.03,1.83697019872103E-18,0.004));
#18109=CARTESIAN_POINT('',(0.,0.,0.002));
#18110=CARTESIAN_POINT('',(-0.03,0.,0.002));
#18111=CARTESIAN_POINT('',(0.,0.,0.));
#18112=CARTESIAN_POINT('',(0.,0.,0.));
#18113=CARTESIAN_POINT('',(-0.032,0.,0.));
#18114=CARTESIAN_POINT('',(0.049,0.009,0.));
#18115=CARTESIAN_POINT('',(0.045,0.009,0.));
#18116=CARTESIAN_POINT('',(0.053,0.009,0.));
#18117=CARTESIAN_POINT('',(0.045,0.005,0.));
#18118=CARTESIAN_POINT('',(0.045,0.001,0.));
#18119=CARTESIAN_POINT('',(0.049,0.001,0.));
#18120=CARTESIAN_POINT('',(0.053,0.001,0.));
#18121=CARTESIAN_POINT('',(0.053,0.005,0.));
#18122=CARTESIAN_POINT('',(0.053,-0.006,0.));
#18123=CARTESIAN_POINT('',(0.053,-0.002,0.));
#18124=CARTESIAN_POINT('',(0.053,-0.01,0.));
#18125=CARTESIAN_POINT('',(0.049,-0.002,0.));
#18126=CARTESIAN_POINT('',(0.045,-0.002,0.));
#18127=CARTESIAN_POINT('',(0.045,-0.006,0.));
#18128=CARTESIAN_POINT('',(0.045,-0.01,0.));
#18129=CARTESIAN_POINT('',(0.049,-0.01,0.));
#18130=CARTESIAN_POINT('',(0.064,-0.006,0.));
#18131=CARTESIAN_POINT('',(0.064,-0.002,0.));
#18132=CARTESIAN_POINT('',(0.064,-0.01,0.));
#18133=CARTESIAN_POINT('',(0.06,-0.002,0.));
#18134=CARTESIAN_POINT('',(0.056,-0.002,0.));
#18135=CARTESIAN_POINT('',(0.056,-0.006,0.));
#18136=CARTESIAN_POINT('',(0.056,-0.01,0.));
#18137=CARTESIAN_POINT('',(0.06,-0.01,0.));
#18138=CARTESIAN_POINT('',(0.075,-0.006,0.));
#18139=CARTESIAN_POINT('',(0.075,-0.002,0.));
#18140=CARTESIAN_POINT('',(0.075,-0.01,0.));
#18141=CARTESIAN_POINT('',(0.071,-0.002,0.));
#18142=CARTESIAN_POINT('',(0.067,-0.002,0.));
#18143=CARTESIAN_POINT('',(0.067,-0.006,0.));
#18144=CARTESIAN_POINT('',(0.067,-0.01,0.));
#18145=CARTESIAN_POINT('',(0.071,-0.01,0.));
#18146=CARTESIAN_POINT('',(0.075,-0.017,0.));
#18147=CARTESIAN_POINT('',(0.075,-0.013,0.));
#18148=CARTESIAN_POINT('',(0.075,-0.021,0.));
#18149=CARTESIAN_POINT('',(0.071,-0.013,0.));
#18150=CARTESIAN_POINT('',(0.067,-0.013,0.));
#18151=CARTESIAN_POINT('',(0.067,-0.017,0.));
#18152=CARTESIAN_POINT('',(0.067,-0.021,0.));
#18153=CARTESIAN_POINT('',(0.071,-0.021,0.));
#18154=CARTESIAN_POINT('',(0.064,-0.017,0.));
#18155=CARTESIAN_POINT('',(0.064,-0.013,0.));
#18156=CARTESIAN_POINT('',(0.064,-0.021,0.));
#18157=CARTESIAN_POINT('',(0.06,-0.013,0.));
#18158=CARTESIAN_POINT('',(0.056,-0.013,0.));
#18159=CARTESIAN_POINT('',(0.056,-0.017,0.));
#18160=CARTESIAN_POINT('',(0.056,-0.021,0.));
#18161=CARTESIAN_POINT('',(0.06,-0.021,0.));
#18162=CARTESIAN_POINT('',(0.06,0.02,0.));
#18163=CARTESIAN_POINT('',(0.056,0.02,0.));
#18164=CARTESIAN_POINT('',(0.064,0.02,0.));
#18165=CARTESIAN_POINT('',(0.056,0.016,0.));
#18166=CARTESIAN_POINT('',(0.056,0.012,0.));
#18167=CARTESIAN_POINT('',(0.06,0.012,0.));
#18168=CARTESIAN_POINT('',(0.064,0.012,0.));
#18169=CARTESIAN_POINT('',(0.064,0.016,0.));
#18170=CARTESIAN_POINT('',(0.049,0.02,0.));
#18171=CARTESIAN_POINT('',(0.045,0.02,0.));
#18172=CARTESIAN_POINT('',(0.053,0.02,0.));
#18173=CARTESIAN_POINT('',(0.045,0.016,0.));
#18174=CARTESIAN_POINT('',(0.045,0.012,0.));
#18175=CARTESIAN_POINT('',(0.049,0.012,0.));
#18176=CARTESIAN_POINT('',(0.053,0.012,0.));
#18177=CARTESIAN_POINT('',(0.053,0.016,0.));
#18178=CARTESIAN_POINT('',(0.071,0.02,0.));
#18179=CARTESIAN_POINT('',(0.067,0.02,0.));
#18180=CARTESIAN_POINT('',(0.075,0.02,0.));
#18181=CARTESIAN_POINT('',(0.067,0.016,0.));
#18182=CARTESIAN_POINT('',(0.067,0.012,0.));
#18183=CARTESIAN_POINT('',(0.071,0.012,0.));
#18184=CARTESIAN_POINT('',(0.075,0.012,0.));
#18185=CARTESIAN_POINT('',(0.075,0.016,0.));
#18186=CARTESIAN_POINT('',(0.071,0.009,0.));
#18187=CARTESIAN_POINT('',(0.067,0.009,0.));
#18188=CARTESIAN_POINT('',(0.075,0.009,0.));
#18189=CARTESIAN_POINT('',(0.067,0.005,0.));
#18190=CARTESIAN_POINT('',(0.067,0.001,0.));
#18191=CARTESIAN_POINT('',(0.071,0.001,0.));
#18192=CARTESIAN_POINT('',(0.075,0.001,0.));
#18193=CARTESIAN_POINT('',(0.075,0.005,0.));
#18194=CARTESIAN_POINT('',(0.06,0.009,0.));
#18195=CARTESIAN_POINT('',(0.056,0.009,0.));
#18196=CARTESIAN_POINT('',(0.064,0.009,0.));
#18197=CARTESIAN_POINT('',(0.056,0.005,0.));
#18198=CARTESIAN_POINT('',(0.056,0.001,0.));
#18199=CARTESIAN_POINT('',(0.06,0.001,0.));
#18200=CARTESIAN_POINT('',(0.064,0.001,0.));
#18201=CARTESIAN_POINT('',(0.064,0.005,0.));
#18202=CARTESIAN_POINT('',(-0.039,0.02,0.));
#18203=CARTESIAN_POINT('',(-0.035,0.02,0.));
#18204=CARTESIAN_POINT('',(-0.043,0.02,0.));
#18205=CARTESIAN_POINT('',(-0.043,0.016,0.));
#18206=CARTESIAN_POINT('',(-0.043,0.012,0.));
#18207=CARTESIAN_POINT('',(-0.039,0.012,0.));
#18208=CARTESIAN_POINT('',(-0.035,0.012,0.));
#18209=CARTESIAN_POINT('',(-0.035,0.016,0.));
#18210=CARTESIAN_POINT('',(-0.05,0.02,0.));
#18211=CARTESIAN_POINT('',(-0.046,0.02,0.));
#18212=CARTESIAN_POINT('',(-0.054,0.02,0.));
#18213=CARTESIAN_POINT('',(-0.054,0.016,0.));
#18214=CARTESIAN_POINT('',(-0.054,0.012,0.));
#18215=CARTESIAN_POINT('',(-0.05,0.012,0.));
#18216=CARTESIAN_POINT('',(-0.046,0.012,0.));
#18217=CARTESIAN_POINT('',(-0.046,0.016,0.));
#18218=CARTESIAN_POINT('',(-0.05,0.009,0.));
#18219=CARTESIAN_POINT('',(-0.046,0.009,0.));
#18220=CARTESIAN_POINT('',(-0.054,0.009,0.));
#18221=CARTESIAN_POINT('',(-0.054,0.005,0.));
#18222=CARTESIAN_POINT('',(-0.054,0.001,0.));
#18223=CARTESIAN_POINT('',(-0.05,0.001,0.));
#18224=CARTESIAN_POINT('',(-0.046,0.001,0.));
#18225=CARTESIAN_POINT('',(-0.046,0.005,0.));
#18226=CARTESIAN_POINT('',(-0.054,-0.006,0.));
#18227=CARTESIAN_POINT('',(-0.054,-0.002,0.));
#18228=CARTESIAN_POINT('',(-0.054,-0.01,0.));
#18229=CARTESIAN_POINT('',(-0.05,-0.01,0.));
#18230=CARTESIAN_POINT('',(-0.046,-0.01,0.));
#18231=CARTESIAN_POINT('',(-0.046,-0.006,0.));
#18232=CARTESIAN_POINT('',(-0.046,-0.002,0.));
#18233=CARTESIAN_POINT('',(-0.05,-0.002,0.));
#18234=CARTESIAN_POINT('',(-0.054,-0.017,0.));
#18235=CARTESIAN_POINT('',(-0.054,-0.013,0.));
#18236=CARTESIAN_POINT('',(-0.054,-0.021,0.));
#18237=CARTESIAN_POINT('',(-0.05,-0.021,0.));
#18238=CARTESIAN_POINT('',(-0.046,-0.021,0.));
#18239=CARTESIAN_POINT('',(-0.046,-0.017,0.));
#18240=CARTESIAN_POINT('',(-0.046,-0.013,0.));
#18241=CARTESIAN_POINT('',(-0.05,-0.013,0.));
#18242=CARTESIAN_POINT('',(-0.065,-0.017,0.));
#18243=CARTESIAN_POINT('',(-0.065,-0.013,0.));
#18244=CARTESIAN_POINT('',(-0.065,-0.021,0.));
#18245=CARTESIAN_POINT('',(-0.061,-0.021,0.));
#18246=CARTESIAN_POINT('',(-0.057,-0.021,0.));
#18247=CARTESIAN_POINT('',(-0.057,-0.017,0.));
#18248=CARTESIAN_POINT('',(-0.057,-0.013,0.));
#18249=CARTESIAN_POINT('',(-0.061,-0.013,0.));
#18250=CARTESIAN_POINT('',(-0.065,-0.006,0.));
#18251=CARTESIAN_POINT('',(-0.065,-0.002,0.));
#18252=CARTESIAN_POINT('',(-0.065,-0.01,0.));
#18253=CARTESIAN_POINT('',(-0.061,-0.01,0.));
#18254=CARTESIAN_POINT('',(-0.057,-0.01,0.));
#18255=CARTESIAN_POINT('',(-0.057,-0.006,0.));
#18256=CARTESIAN_POINT('',(-0.057,-0.002,0.));
#18257=CARTESIAN_POINT('',(-0.061,-0.002,0.));
#18258=CARTESIAN_POINT('',(-0.061,0.009,0.));
#18259=CARTESIAN_POINT('',(-0.057,0.009,0.));
#18260=CARTESIAN_POINT('',(-0.065,0.009,0.));
#18261=CARTESIAN_POINT('',(-0.065,0.005,0.));
#18262=CARTESIAN_POINT('',(-0.065,0.001,0.));
#18263=CARTESIAN_POINT('',(-0.061,0.001,0.));
#18264=CARTESIAN_POINT('',(-0.057,0.001,0.));
#18265=CARTESIAN_POINT('',(-0.057,0.005,0.));
#18266=CARTESIAN_POINT('',(0.038,0.02,0.));
#18267=CARTESIAN_POINT('',(0.034,0.02,0.));
#18268=CARTESIAN_POINT('',(0.042,0.02,0.));
#18269=CARTESIAN_POINT('',(0.034,0.016,0.));
#18270=CARTESIAN_POINT('',(0.034,0.012,0.));
#18271=CARTESIAN_POINT('',(0.038,0.012,0.));
#18272=CARTESIAN_POINT('',(0.042,0.012,0.));
#18273=CARTESIAN_POINT('',(0.042,0.016,0.));
#18274=CARTESIAN_POINT('',(0.053,-0.017,0.));
#18275=CARTESIAN_POINT('',(0.053,-0.013,0.));
#18276=CARTESIAN_POINT('',(0.053,-0.021,0.));
#18277=CARTESIAN_POINT('',(0.049,-0.013,0.));
#18278=CARTESIAN_POINT('',(0.045,-0.013,0.));
#18279=CARTESIAN_POINT('',(0.045,-0.017,0.));
#18280=CARTESIAN_POINT('',(0.045,-0.021,0.));
#18281=CARTESIAN_POINT('',(0.049,-0.021,0.));
#18282=CARTESIAN_POINT('',(0.042,-0.017,0.));
#18283=CARTESIAN_POINT('',(0.042,-0.013,0.));
#18284=CARTESIAN_POINT('',(0.042,-0.021,0.));
#18285=CARTESIAN_POINT('',(0.038,-0.013,0.));
#18286=CARTESIAN_POINT('',(0.034,-0.013,0.));
#18287=CARTESIAN_POINT('',(0.034,-0.017,0.));
#18288=CARTESIAN_POINT('',(0.034,-0.021,0.));
#18289=CARTESIAN_POINT('',(0.038,-0.021,0.));
#18290=CARTESIAN_POINT('',(-0.043,-0.017,0.));
#18291=CARTESIAN_POINT('',(-0.043,-0.013,0.));
#18292=CARTESIAN_POINT('',(-0.043,-0.021,0.));
#18293=CARTESIAN_POINT('',(-0.039,-0.021,0.));
#18294=CARTESIAN_POINT('',(-0.035,-0.021,0.));
#18295=CARTESIAN_POINT('',(-0.035,-0.017,0.));
#18296=CARTESIAN_POINT('',(-0.035,-0.013,0.));
#18297=CARTESIAN_POINT('',(-0.039,-0.013,0.));
#18298=CARTESIAN_POINT('',(-0.043,-0.006,0.));
#18299=CARTESIAN_POINT('',(-0.043,-0.002,0.));
#18300=CARTESIAN_POINT('',(-0.043,-0.01,0.));
#18301=CARTESIAN_POINT('',(-0.039,-0.01,0.));
#18302=CARTESIAN_POINT('',(-0.035,-0.01,0.));
#18303=CARTESIAN_POINT('',(-0.035,-0.006,0.));
#18304=CARTESIAN_POINT('',(-0.035,-0.002,0.));
#18305=CARTESIAN_POINT('',(-0.039,-0.002,0.));
#18306=CARTESIAN_POINT('',(-0.039,0.009,0.));
#18307=CARTESIAN_POINT('',(-0.035,0.009,0.));
#18308=CARTESIAN_POINT('',(-0.043,0.009,0.));
#18309=CARTESIAN_POINT('',(-0.043,0.005,0.));
#18310=CARTESIAN_POINT('',(-0.043,0.001,0.));
#18311=CARTESIAN_POINT('',(-0.039,0.001,0.));
#18312=CARTESIAN_POINT('',(-0.035,0.001,0.));
#18313=CARTESIAN_POINT('',(-0.035,0.005,0.));
#18314=CARTESIAN_POINT('',(0.06,0.031,0.));
#18315=CARTESIAN_POINT('',(0.056,0.031,0.));
#18316=CARTESIAN_POINT('',(0.064,0.031,0.));
#18317=CARTESIAN_POINT('',(0.056,0.027,0.));
#18318=CARTESIAN_POINT('',(0.056,0.023,0.));
#18319=CARTESIAN_POINT('',(0.06,0.023,0.));
#18320=CARTESIAN_POINT('',(0.064,0.023,0.));
#18321=CARTESIAN_POINT('',(0.064,0.027,0.));
#18322=CARTESIAN_POINT('',(0.049,0.031,0.));
#18323=CARTESIAN_POINT('',(0.045,0.031,0.));
#18324=CARTESIAN_POINT('',(0.053,0.031,0.));
#18325=CARTESIAN_POINT('',(0.045,0.027,0.));
#18326=CARTESIAN_POINT('',(0.045,0.023,0.));
#18327=CARTESIAN_POINT('',(0.049,0.023,0.));
#18328=CARTESIAN_POINT('',(0.053,0.023,0.));
#18329=CARTESIAN_POINT('',(0.053,0.027,0.));
#18330=CARTESIAN_POINT('',(0.038,0.031,0.));
#18331=CARTESIAN_POINT('',(0.034,0.031,0.));
#18332=CARTESIAN_POINT('',(0.042,0.031,0.));
#18333=CARTESIAN_POINT('',(0.034,0.027,0.));
#18334=CARTESIAN_POINT('',(0.034,0.023,0.));
#18335=CARTESIAN_POINT('',(0.038,0.023,0.));
#18336=CARTESIAN_POINT('',(0.042,0.023,0.));
#18337=CARTESIAN_POINT('',(0.042,0.027,0.));
#18338=CARTESIAN_POINT('',(0.027,0.042,0.));
#18339=CARTESIAN_POINT('',(0.023,0.042,0.));
#18340=CARTESIAN_POINT('',(0.031,0.042,0.));
#18341=CARTESIAN_POINT('',(0.023,0.038,0.));
#18342=CARTESIAN_POINT('',(0.023,0.034,0.));
#18343=CARTESIAN_POINT('',(0.027,0.034,0.));
#18344=CARTESIAN_POINT('',(0.031,0.034,0.));
#18345=CARTESIAN_POINT('',(0.031,0.038,0.));
#18346=CARTESIAN_POINT('',(0.038,0.042,0.));
#18347=CARTESIAN_POINT('',(0.034,0.042,0.));
#18348=CARTESIAN_POINT('',(0.042,0.042,0.));
#18349=CARTESIAN_POINT('',(0.034,0.038,0.));
#18350=CARTESIAN_POINT('',(0.034,0.034,0.));
#18351=CARTESIAN_POINT('',(0.038,0.034,0.));
#18352=CARTESIAN_POINT('',(0.042,0.034,0.));
#18353=CARTESIAN_POINT('',(0.042,0.038,0.));
#18354=CARTESIAN_POINT('',(0.038,0.053,0.));
#18355=CARTESIAN_POINT('',(0.034,0.053,0.));
#18356=CARTESIAN_POINT('',(0.042,0.053,0.));
#18357=CARTESIAN_POINT('',(0.034,0.049,0.));
#18358=CARTESIAN_POINT('',(0.034,0.045,0.));
#18359=CARTESIAN_POINT('',(0.038,0.045,0.));
#18360=CARTESIAN_POINT('',(0.042,0.045,0.));
#18361=CARTESIAN_POINT('',(0.042,0.049,0.));
#18362=CARTESIAN_POINT('',(0.038,0.064,0.));
#18363=CARTESIAN_POINT('',(0.034,0.064,0.));
#18364=CARTESIAN_POINT('',(0.042,0.064,0.));
#18365=CARTESIAN_POINT('',(0.034,0.06,0.));
#18366=CARTESIAN_POINT('',(0.034,0.056,0.));
#18367=CARTESIAN_POINT('',(0.038,0.056,0.));
#18368=CARTESIAN_POINT('',(0.042,0.056,0.));
#18369=CARTESIAN_POINT('',(0.042,0.06,0.));
#18370=CARTESIAN_POINT('',(0.027,0.064,0.));
#18371=CARTESIAN_POINT('',(0.023,0.064,0.));
#18372=CARTESIAN_POINT('',(0.031,0.064,0.));
#18373=CARTESIAN_POINT('',(0.023,0.06,0.));
#18374=CARTESIAN_POINT('',(0.023,0.056,0.));
#18375=CARTESIAN_POINT('',(0.027,0.056,0.));
#18376=CARTESIAN_POINT('',(0.031,0.056,0.));
#18377=CARTESIAN_POINT('',(0.031,0.06,0.));
#18378=CARTESIAN_POINT('',(0.071,0.031,0.));
#18379=CARTESIAN_POINT('',(0.067,0.031,0.));
#18380=CARTESIAN_POINT('',(0.075,0.031,0.));
#18381=CARTESIAN_POINT('',(0.067,0.027,0.));
#18382=CARTESIAN_POINT('',(0.067,0.023,0.));
#18383=CARTESIAN_POINT('',(0.071,0.023,0.));
#18384=CARTESIAN_POINT('',(0.075,0.023,0.));
#18385=CARTESIAN_POINT('',(0.075,0.027,0.));
#18386=CARTESIAN_POINT('',(0.06,0.042,0.));
#18387=CARTESIAN_POINT('',(0.056,0.042,0.));
#18388=CARTESIAN_POINT('',(0.064,0.042,0.));
#18389=CARTESIAN_POINT('',(0.056,0.038,0.));
#18390=CARTESIAN_POINT('',(0.056,0.034,0.));
#18391=CARTESIAN_POINT('',(0.06,0.034,0.));
#18392=CARTESIAN_POINT('',(0.064,0.034,0.));
#18393=CARTESIAN_POINT('',(0.064,0.038,0.));
#18394=CARTESIAN_POINT('',(0.049,0.042,0.));
#18395=CARTESIAN_POINT('',(0.045,0.042,0.));
#18396=CARTESIAN_POINT('',(0.053,0.042,0.));
#18397=CARTESIAN_POINT('',(0.045,0.038,0.));
#18398=CARTESIAN_POINT('',(0.045,0.034,0.));
#18399=CARTESIAN_POINT('',(0.049,0.034,0.));
#18400=CARTESIAN_POINT('',(0.053,0.034,0.));
#18401=CARTESIAN_POINT('',(0.053,0.038,0.));
#18402=CARTESIAN_POINT('',(0.049,0.053,0.));
#18403=CARTESIAN_POINT('',(0.045,0.053,0.));
#18404=CARTESIAN_POINT('',(0.053,0.053,0.));
#18405=CARTESIAN_POINT('',(0.045,0.049,0.));
#18406=CARTESIAN_POINT('',(0.045,0.045,0.));
#18407=CARTESIAN_POINT('',(0.049,0.045,0.));
#18408=CARTESIAN_POINT('',(0.053,0.045,0.));
#18409=CARTESIAN_POINT('',(0.053,0.049,0.));
#18410=CARTESIAN_POINT('',(-0.028,0.075,0.));
#18411=CARTESIAN_POINT('',(-0.024,0.075,0.));
#18412=CARTESIAN_POINT('',(-0.032,0.075,0.));
#18413=CARTESIAN_POINT('',(-0.032,0.071,0.));
#18414=CARTESIAN_POINT('',(-0.032,0.067,0.));
#18415=CARTESIAN_POINT('',(-0.028,0.067,0.));
#18416=CARTESIAN_POINT('',(-0.024,0.067,0.));
#18417=CARTESIAN_POINT('',(-0.024,0.071,0.));
#18418=CARTESIAN_POINT('',(0.016,0.042,0.));
#18419=CARTESIAN_POINT('',(0.012,0.042,0.));
#18420=CARTESIAN_POINT('',(0.02,0.042,0.));
#18421=CARTESIAN_POINT('',(0.012,0.038,0.));
#18422=CARTESIAN_POINT('',(0.012,0.034,0.));
#18423=CARTESIAN_POINT('',(0.016,0.034,0.));
#18424=CARTESIAN_POINT('',(0.02,0.034,0.));
#18425=CARTESIAN_POINT('',(0.02,0.038,0.));
#18426=CARTESIAN_POINT('',(0.005,0.053,0.));
#18427=CARTESIAN_POINT('',(0.001,0.053,0.));
#18428=CARTESIAN_POINT('',(0.009,0.053,0.));
#18429=CARTESIAN_POINT('',(0.001,0.049,0.));
#18430=CARTESIAN_POINT('',(0.001,0.045,0.));
#18431=CARTESIAN_POINT('',(0.005,0.045,0.));
#18432=CARTESIAN_POINT('',(0.009,0.045,0.));
#18433=CARTESIAN_POINT('',(0.009,0.049,0.));
#18434=CARTESIAN_POINT('',(0.005,0.064,0.));
#18435=CARTESIAN_POINT('',(0.001,0.064,0.));
#18436=CARTESIAN_POINT('',(0.009,0.064,0.));
#18437=CARTESIAN_POINT('',(0.001,0.06,0.));
#18438=CARTESIAN_POINT('',(0.001,0.056,0.));
#18439=CARTESIAN_POINT('',(0.005,0.056,0.));
#18440=CARTESIAN_POINT('',(0.009,0.056,0.));
#18441=CARTESIAN_POINT('',(0.009,0.06,0.));
#18442=CARTESIAN_POINT('',(0.005,0.075,0.));
#18443=CARTESIAN_POINT('',(0.001,0.075,0.));
#18444=CARTESIAN_POINT('',(0.009,0.075,0.));
#18445=CARTESIAN_POINT('',(0.001,0.071,0.));
#18446=CARTESIAN_POINT('',(0.001,0.067,0.));
#18447=CARTESIAN_POINT('',(0.005,0.067,0.));
#18448=CARTESIAN_POINT('',(0.009,0.067,0.));
#18449=CARTESIAN_POINT('',(0.009,0.071,0.));
#18450=CARTESIAN_POINT('',(0.027,0.075,0.));
#18451=CARTESIAN_POINT('',(0.023,0.075,0.));
#18452=CARTESIAN_POINT('',(0.031,0.075,0.));
#18453=CARTESIAN_POINT('',(0.023,0.071,0.));
#18454=CARTESIAN_POINT('',(0.023,0.067,0.));
#18455=CARTESIAN_POINT('',(0.027,0.067,0.));
#18456=CARTESIAN_POINT('',(0.031,0.067,0.));
#18457=CARTESIAN_POINT('',(0.031,0.071,0.));
#18458=CARTESIAN_POINT('',(0.049,0.064,0.));
#18459=CARTESIAN_POINT('',(0.045,0.064,0.));
#18460=CARTESIAN_POINT('',(0.053,0.064,0.));
#18461=CARTESIAN_POINT('',(0.045,0.06,0.));
#18462=CARTESIAN_POINT('',(0.045,0.056,0.));
#18463=CARTESIAN_POINT('',(0.049,0.056,0.));
#18464=CARTESIAN_POINT('',(0.053,0.056,0.));
#18465=CARTESIAN_POINT('',(0.053,0.06,0.));
#18466=CARTESIAN_POINT('',(0.06,0.053,0.));
#18467=CARTESIAN_POINT('',(0.056,0.053,0.));
#18468=CARTESIAN_POINT('',(0.064,0.053,0.));
#18469=CARTESIAN_POINT('',(0.056,0.049,0.));
#18470=CARTESIAN_POINT('',(0.056,0.045,0.));
#18471=CARTESIAN_POINT('',(0.06,0.045,0.));
#18472=CARTESIAN_POINT('',(0.064,0.045,0.));
#18473=CARTESIAN_POINT('',(0.064,0.049,0.));
#18474=CARTESIAN_POINT('',(0.016,0.075,0.));
#18475=CARTESIAN_POINT('',(0.012,0.075,0.));
#18476=CARTESIAN_POINT('',(0.02,0.075,0.));
#18477=CARTESIAN_POINT('',(0.012,0.071,0.));
#18478=CARTESIAN_POINT('',(0.012,0.067,0.));
#18479=CARTESIAN_POINT('',(0.016,0.067,0.));
#18480=CARTESIAN_POINT('',(0.02,0.067,0.));
#18481=CARTESIAN_POINT('',(0.02,0.071,0.));
#18482=CARTESIAN_POINT('',(0.016,0.064,0.));
#18483=CARTESIAN_POINT('',(0.012,0.064,0.));
#18484=CARTESIAN_POINT('',(0.02,0.064,0.));
#18485=CARTESIAN_POINT('',(0.012,0.06,0.));
#18486=CARTESIAN_POINT('',(0.012,0.056,0.));
#18487=CARTESIAN_POINT('',(0.016,0.056,0.));
#18488=CARTESIAN_POINT('',(0.02,0.056,0.));
#18489=CARTESIAN_POINT('',(0.02,0.06,0.));
#18490=CARTESIAN_POINT('',(0.016,0.053,0.));
#18491=CARTESIAN_POINT('',(0.012,0.053,0.));
#18492=CARTESIAN_POINT('',(0.02,0.053,0.));
#18493=CARTESIAN_POINT('',(0.012,0.049,0.));
#18494=CARTESIAN_POINT('',(0.012,0.045,0.));
#18495=CARTESIAN_POINT('',(0.016,0.045,0.));
#18496=CARTESIAN_POINT('',(0.02,0.045,0.));
#18497=CARTESIAN_POINT('',(0.02,0.049,0.));
#18498=CARTESIAN_POINT('',(0.027,0.053,0.));
#18499=CARTESIAN_POINT('',(0.023,0.053,0.));
#18500=CARTESIAN_POINT('',(0.031,0.053,0.));
#18501=CARTESIAN_POINT('',(0.023,0.049,0.));
#18502=CARTESIAN_POINT('',(0.023,0.045,0.));
#18503=CARTESIAN_POINT('',(0.027,0.045,0.));
#18504=CARTESIAN_POINT('',(0.031,0.045,0.));
#18505=CARTESIAN_POINT('',(0.031,0.049,0.));
#18506=CARTESIAN_POINT('',(-0.065,-0.05,0.));
#18507=CARTESIAN_POINT('',(-0.065,-0.046,0.));
#18508=CARTESIAN_POINT('',(-0.065,-0.054,0.));
#18509=CARTESIAN_POINT('',(-0.061,-0.054,0.));
#18510=CARTESIAN_POINT('',(-0.057,-0.054,0.));
#18511=CARTESIAN_POINT('',(-0.057,-0.05,0.));
#18512=CARTESIAN_POINT('',(-0.057,-0.046,0.));
#18513=CARTESIAN_POINT('',(-0.061,-0.046,0.));
#18514=CARTESIAN_POINT('',(-0.054,-0.05,0.));
#18515=CARTESIAN_POINT('',(-0.054,-0.046,0.));
#18516=CARTESIAN_POINT('',(-0.054,-0.054,0.));
#18517=CARTESIAN_POINT('',(-0.05,-0.054,0.));
#18518=CARTESIAN_POINT('',(-0.046,-0.054,0.));
#18519=CARTESIAN_POINT('',(-0.046,-0.05,0.));
#18520=CARTESIAN_POINT('',(-0.046,-0.046,0.));
#18521=CARTESIAN_POINT('',(-0.05,-0.046,0.));
#18522=CARTESIAN_POINT('',(-0.043,-0.05,0.));
#18523=CARTESIAN_POINT('',(-0.043,-0.046,0.));
#18524=CARTESIAN_POINT('',(-0.043,-0.054,0.));
#18525=CARTESIAN_POINT('',(-0.039,-0.054,0.));
#18526=CARTESIAN_POINT('',(-0.035,-0.054,0.));
#18527=CARTESIAN_POINT('',(-0.035,-0.05,0.));
#18528=CARTESIAN_POINT('',(-0.035,-0.046,0.));
#18529=CARTESIAN_POINT('',(-0.039,-0.046,0.));
#18530=CARTESIAN_POINT('',(-0.032,-0.05,0.));
#18531=CARTESIAN_POINT('',(-0.032,-0.046,0.));
#18532=CARTESIAN_POINT('',(-0.032,-0.054,0.));
#18533=CARTESIAN_POINT('',(-0.028,-0.054,0.));
#18534=CARTESIAN_POINT('',(-0.024,-0.054,0.));
#18535=CARTESIAN_POINT('',(-0.024,-0.05,0.));
#18536=CARTESIAN_POINT('',(-0.024,-0.046,0.));
#18537=CARTESIAN_POINT('',(-0.028,-0.046,0.));
#18538=CARTESIAN_POINT('',(-0.021,-0.05,0.));
#18539=CARTESIAN_POINT('',(-0.021,-0.046,0.));
#18540=CARTESIAN_POINT('',(-0.021,-0.054,0.));
#18541=CARTESIAN_POINT('',(-0.017,-0.054,0.));
#18542=CARTESIAN_POINT('',(-0.013,-0.054,0.));
#18543=CARTESIAN_POINT('',(-0.013,-0.05,0.));
#18544=CARTESIAN_POINT('',(-0.013,-0.046,0.));
#18545=CARTESIAN_POINT('',(-0.017,-0.046,0.));
#18546=CARTESIAN_POINT('',(-0.01,-0.05,0.));
#18547=CARTESIAN_POINT('',(-0.01,-0.046,0.));
#18548=CARTESIAN_POINT('',(-0.01,-0.054,0.));
#18549=CARTESIAN_POINT('',(-0.006,-0.054,0.));
#18550=CARTESIAN_POINT('',(-0.002,-0.054,0.));
#18551=CARTESIAN_POINT('',(-0.002,-0.05,0.));
#18552=CARTESIAN_POINT('',(-0.002,-0.046,0.));
#18553=CARTESIAN_POINT('',(-0.006,-0.046,0.));
#18554=CARTESIAN_POINT('',(0.009,-0.05,0.));
#18555=CARTESIAN_POINT('',(0.009,-0.046,0.));
#18556=CARTESIAN_POINT('',(0.009,-0.054,0.));
#18557=CARTESIAN_POINT('',(0.005,-0.046,0.));
#18558=CARTESIAN_POINT('',(0.001,-0.046,0.));
#18559=CARTESIAN_POINT('',(0.001,-0.05,0.));
#18560=CARTESIAN_POINT('',(0.001,-0.054,0.));
#18561=CARTESIAN_POINT('',(0.005,-0.054,0.));
#18562=CARTESIAN_POINT('',(0.031,-0.061,0.));
#18563=CARTESIAN_POINT('',(0.031,-0.057,0.));
#18564=CARTESIAN_POINT('',(0.031,-0.065,0.));
#18565=CARTESIAN_POINT('',(0.027,-0.057,0.));
#18566=CARTESIAN_POINT('',(0.023,-0.057,0.));
#18567=CARTESIAN_POINT('',(0.023,-0.061,0.));
#18568=CARTESIAN_POINT('',(0.023,-0.065,0.));
#18569=CARTESIAN_POINT('',(0.027,-0.065,0.));
#18570=CARTESIAN_POINT('',(0.042,-0.061,0.));
#18571=CARTESIAN_POINT('',(0.042,-0.057,0.));
#18572=CARTESIAN_POINT('',(0.042,-0.065,0.));
#18573=CARTESIAN_POINT('',(0.038,-0.057,0.));
#18574=CARTESIAN_POINT('',(0.034,-0.057,0.));
#18575=CARTESIAN_POINT('',(0.034,-0.061,0.));
#18576=CARTESIAN_POINT('',(0.034,-0.065,0.));
#18577=CARTESIAN_POINT('',(0.038,-0.065,0.));
#18578=CARTESIAN_POINT('',(0.053,-0.061,0.));
#18579=CARTESIAN_POINT('',(0.053,-0.057,0.));
#18580=CARTESIAN_POINT('',(0.053,-0.065,0.));
#18581=CARTESIAN_POINT('',(0.049,-0.057,0.));
#18582=CARTESIAN_POINT('',(0.045,-0.057,0.));
#18583=CARTESIAN_POINT('',(0.045,-0.061,0.));
#18584=CARTESIAN_POINT('',(0.045,-0.065,0.));
#18585=CARTESIAN_POINT('',(0.049,-0.065,0.));
#18586=CARTESIAN_POINT('',(0.064,-0.05,0.));
#18587=CARTESIAN_POINT('',(0.064,-0.046,0.));
#18588=CARTESIAN_POINT('',(0.064,-0.054,0.));
#18589=CARTESIAN_POINT('',(0.06,-0.046,0.));
#18590=CARTESIAN_POINT('',(0.056,-0.046,0.));
#18591=CARTESIAN_POINT('',(0.056,-0.05,0.));
#18592=CARTESIAN_POINT('',(0.056,-0.054,0.));
#18593=CARTESIAN_POINT('',(0.06,-0.054,0.));
#18594=CARTESIAN_POINT('',(0.053,-0.05,0.));
#18595=CARTESIAN_POINT('',(0.053,-0.046,0.));
#18596=CARTESIAN_POINT('',(0.053,-0.054,0.));
#18597=CARTESIAN_POINT('',(0.049,-0.046,0.));
#18598=CARTESIAN_POINT('',(0.045,-0.046,0.));
#18599=CARTESIAN_POINT('',(0.045,-0.05,0.));
#18600=CARTESIAN_POINT('',(0.045,-0.054,0.));
#18601=CARTESIAN_POINT('',(0.049,-0.054,0.));
#18602=CARTESIAN_POINT('',(0.042,-0.05,0.));
#18603=CARTESIAN_POINT('',(0.042,-0.046,0.));
#18604=CARTESIAN_POINT('',(0.042,-0.054,0.));
#18605=CARTESIAN_POINT('',(0.038,-0.046,0.));
#18606=CARTESIAN_POINT('',(0.034,-0.046,0.));
#18607=CARTESIAN_POINT('',(0.034,-0.05,0.));
#18608=CARTESIAN_POINT('',(0.034,-0.054,0.));
#18609=CARTESIAN_POINT('',(0.038,-0.054,0.));
#18610=CARTESIAN_POINT('',(0.031,-0.05,0.));
#18611=CARTESIAN_POINT('',(0.031,-0.046,0.));
#18612=CARTESIAN_POINT('',(0.031,-0.054,0.));
#18613=CARTESIAN_POINT('',(0.027,-0.046,0.));
#18614=CARTESIAN_POINT('',(0.023,-0.046,0.));
#18615=CARTESIAN_POINT('',(0.023,-0.05,0.));
#18616=CARTESIAN_POINT('',(0.023,-0.054,0.));
#18617=CARTESIAN_POINT('',(0.027,-0.054,0.));
#18618=CARTESIAN_POINT('',(0.02,-0.05,0.));
#18619=CARTESIAN_POINT('',(0.02,-0.046,0.));
#18620=CARTESIAN_POINT('',(0.02,-0.054,0.));
#18621=CARTESIAN_POINT('',(0.016,-0.046,0.));
#18622=CARTESIAN_POINT('',(0.012,-0.046,0.));
#18623=CARTESIAN_POINT('',(0.012,-0.05,0.));
#18624=CARTESIAN_POINT('',(0.012,-0.054,0.));
#18625=CARTESIAN_POINT('',(0.016,-0.054,0.));
#18626=CARTESIAN_POINT('',(0.031,-0.072,0.));
#18627=CARTESIAN_POINT('',(0.031,-0.068,0.));
#18628=CARTESIAN_POINT('',(0.031,-0.076,0.));
#18629=CARTESIAN_POINT('',(0.027,-0.068,0.));
#18630=CARTESIAN_POINT('',(0.023,-0.068,0.));
#18631=CARTESIAN_POINT('',(0.023,-0.072,0.));
#18632=CARTESIAN_POINT('',(0.023,-0.076,0.));
#18633=CARTESIAN_POINT('',(0.027,-0.076,0.));
#18634=CARTESIAN_POINT('',(0.02,-0.072,0.));
#18635=CARTESIAN_POINT('',(0.02,-0.068,0.));
#18636=CARTESIAN_POINT('',(0.02,-0.076,0.));
#18637=CARTESIAN_POINT('',(0.016,-0.068,0.));
#18638=CARTESIAN_POINT('',(0.012,-0.068,0.));
#18639=CARTESIAN_POINT('',(0.012,-0.072,0.));
#18640=CARTESIAN_POINT('',(0.012,-0.076,0.));
#18641=CARTESIAN_POINT('',(0.016,-0.076,0.));
#18642=CARTESIAN_POINT('',(-0.021,-0.072,0.));
#18643=CARTESIAN_POINT('',(-0.021,-0.068,0.));
#18644=CARTESIAN_POINT('',(-0.021,-0.076,0.));
#18645=CARTESIAN_POINT('',(-0.017,-0.076,0.));
#18646=CARTESIAN_POINT('',(-0.013,-0.076,0.));
#18647=CARTESIAN_POINT('',(-0.013,-0.072,0.));
#18648=CARTESIAN_POINT('',(-0.013,-0.068,0.));
#18649=CARTESIAN_POINT('',(-0.017,-0.068,0.));
#18650=CARTESIAN_POINT('',(-0.01,-0.072,0.));
#18651=CARTESIAN_POINT('',(-0.01,-0.068,0.));
#18652=CARTESIAN_POINT('',(-0.01,-0.076,0.));
#18653=CARTESIAN_POINT('',(-0.006,-0.076,0.));
#18654=CARTESIAN_POINT('',(-0.002,-0.076,0.));
#18655=CARTESIAN_POINT('',(-0.002,-0.072,0.));
#18656=CARTESIAN_POINT('',(-0.002,-0.068,0.));
#18657=CARTESIAN_POINT('',(-0.006,-0.068,0.));
#18658=CARTESIAN_POINT('',(0.009,-0.072,0.));
#18659=CARTESIAN_POINT('',(0.009,-0.068,0.));
#18660=CARTESIAN_POINT('',(0.009,-0.076,0.));
#18661=CARTESIAN_POINT('',(0.005,-0.068,0.));
#18662=CARTESIAN_POINT('',(0.001,-0.068,0.));
#18663=CARTESIAN_POINT('',(0.001,-0.072,0.));
#18664=CARTESIAN_POINT('',(0.001,-0.076,0.));
#18665=CARTESIAN_POINT('',(0.005,-0.076,0.));
#18666=CARTESIAN_POINT('',(-0.032,-0.061,0.));
#18667=CARTESIAN_POINT('',(-0.032,-0.057,0.));
#18668=CARTESIAN_POINT('',(-0.032,-0.065,0.));
#18669=CARTESIAN_POINT('',(-0.028,-0.065,0.));
#18670=CARTESIAN_POINT('',(-0.024,-0.065,0.));
#18671=CARTESIAN_POINT('',(-0.024,-0.061,0.));
#18672=CARTESIAN_POINT('',(-0.024,-0.057,0.));
#18673=CARTESIAN_POINT('',(-0.028,-0.057,0.));
#18674=CARTESIAN_POINT('',(-0.043,-0.061,0.));
#18675=CARTESIAN_POINT('',(-0.043,-0.057,0.));
#18676=CARTESIAN_POINT('',(-0.043,-0.065,0.));
#18677=CARTESIAN_POINT('',(-0.039,-0.065,0.));
#18678=CARTESIAN_POINT('',(-0.035,-0.065,0.));
#18679=CARTESIAN_POINT('',(-0.035,-0.061,0.));
#18680=CARTESIAN_POINT('',(-0.035,-0.057,0.));
#18681=CARTESIAN_POINT('',(-0.039,-0.057,0.));
#18682=CARTESIAN_POINT('',(-0.054,-0.061,0.));
#18683=CARTESIAN_POINT('',(-0.054,-0.057,0.));
#18684=CARTESIAN_POINT('',(-0.054,-0.065,0.));
#18685=CARTESIAN_POINT('',(-0.05,-0.065,0.));
#18686=CARTESIAN_POINT('',(-0.046,-0.065,0.));
#18687=CARTESIAN_POINT('',(-0.046,-0.061,0.));
#18688=CARTESIAN_POINT('',(-0.046,-0.057,0.));
#18689=CARTESIAN_POINT('',(-0.05,-0.057,0.));
#18690=CARTESIAN_POINT('',(-0.021,-0.061,0.));
#18691=CARTESIAN_POINT('',(-0.021,-0.057,0.));
#18692=CARTESIAN_POINT('',(-0.021,-0.065,0.));
#18693=CARTESIAN_POINT('',(-0.017,-0.065,0.));
#18694=CARTESIAN_POINT('',(-0.013,-0.065,0.));
#18695=CARTESIAN_POINT('',(-0.013,-0.061,0.));
#18696=CARTESIAN_POINT('',(-0.013,-0.057,0.));
#18697=CARTESIAN_POINT('',(-0.017,-0.057,0.));
#18698=CARTESIAN_POINT('',(-0.01,-0.061,0.));
#18699=CARTESIAN_POINT('',(-0.01,-0.057,0.));
#18700=CARTESIAN_POINT('',(-0.01,-0.065,0.));
#18701=CARTESIAN_POINT('',(-0.006,-0.065,0.));
#18702=CARTESIAN_POINT('',(-0.002,-0.065,0.));
#18703=CARTESIAN_POINT('',(-0.002,-0.061,0.));
#18704=CARTESIAN_POINT('',(-0.002,-0.057,0.));
#18705=CARTESIAN_POINT('',(-0.006,-0.057,0.));
#18706=CARTESIAN_POINT('',(0.009,-0.061,0.));
#18707=CARTESIAN_POINT('',(0.009,-0.057,0.));
#18708=CARTESIAN_POINT('',(0.009,-0.065,0.));
#18709=CARTESIAN_POINT('',(0.005,-0.057,0.));
#18710=CARTESIAN_POINT('',(0.001,-0.057,0.));
#18711=CARTESIAN_POINT('',(0.001,-0.061,0.));
#18712=CARTESIAN_POINT('',(0.001,-0.065,0.));
#18713=CARTESIAN_POINT('',(0.005,-0.065,0.));
#18714=CARTESIAN_POINT('',(0.02,-0.061,0.));
#18715=CARTESIAN_POINT('',(0.02,-0.057,0.));
#18716=CARTESIAN_POINT('',(0.02,-0.065,0.));
#18717=CARTESIAN_POINT('',(0.016,-0.057,0.));
#18718=CARTESIAN_POINT('',(0.012,-0.057,0.));
#18719=CARTESIAN_POINT('',(0.012,-0.061,0.));
#18720=CARTESIAN_POINT('',(0.012,-0.065,0.));
#18721=CARTESIAN_POINT('',(0.016,-0.065,0.));
#18722=CARTESIAN_POINT('',(0.042,-0.028,0.));
#18723=CARTESIAN_POINT('',(0.042,-0.024,0.));
#18724=CARTESIAN_POINT('',(0.042,-0.032,0.));
#18725=CARTESIAN_POINT('',(0.038,-0.024,0.));
#18726=CARTESIAN_POINT('',(0.034,-0.024,0.));
#18727=CARTESIAN_POINT('',(0.034,-0.028,0.));
#18728=CARTESIAN_POINT('',(0.034,-0.032,0.));
#18729=CARTESIAN_POINT('',(0.038,-0.032,0.));
#18730=CARTESIAN_POINT('',(-0.043,-0.028,0.));
#18731=CARTESIAN_POINT('',(-0.043,-0.024,0.));
#18732=CARTESIAN_POINT('',(-0.043,-0.032,0.));
#18733=CARTESIAN_POINT('',(-0.039,-0.032,0.));
#18734=CARTESIAN_POINT('',(-0.035,-0.032,0.));
#18735=CARTESIAN_POINT('',(-0.035,-0.028,0.));
#18736=CARTESIAN_POINT('',(-0.035,-0.024,0.));
#18737=CARTESIAN_POINT('',(-0.039,-0.024,0.));
#18738=CARTESIAN_POINT('',(-0.065,-0.028,0.));
#18739=CARTESIAN_POINT('',(-0.065,-0.024,0.));
#18740=CARTESIAN_POINT('',(-0.065,-0.032,0.));
#18741=CARTESIAN_POINT('',(-0.061,-0.032,0.));
#18742=CARTESIAN_POINT('',(-0.057,-0.032,0.));
#18743=CARTESIAN_POINT('',(-0.057,-0.028,0.));
#18744=CARTESIAN_POINT('',(-0.057,-0.024,0.));
#18745=CARTESIAN_POINT('',(-0.061,-0.024,0.));
#18746=CARTESIAN_POINT('',(-0.054,-0.028,0.));
#18747=CARTESIAN_POINT('',(-0.054,-0.024,0.));
#18748=CARTESIAN_POINT('',(-0.054,-0.032,0.));
#18749=CARTESIAN_POINT('',(-0.05,-0.032,0.));
#18750=CARTESIAN_POINT('',(-0.046,-0.032,0.));
#18751=CARTESIAN_POINT('',(-0.046,-0.028,0.));
#18752=CARTESIAN_POINT('',(-0.046,-0.024,0.));
#18753=CARTESIAN_POINT('',(-0.05,-0.024,0.));
#18754=CARTESIAN_POINT('',(-0.076,-0.028,0.));
#18755=CARTESIAN_POINT('',(-0.076,-0.024,0.));
#18756=CARTESIAN_POINT('',(-0.076,-0.032,0.));
#18757=CARTESIAN_POINT('',(-0.072,-0.032,0.));
#18758=CARTESIAN_POINT('',(-0.068,-0.032,0.));
#18759=CARTESIAN_POINT('',(-0.068,-0.028,0.));
#18760=CARTESIAN_POINT('',(-0.068,-0.024,0.));
#18761=CARTESIAN_POINT('',(-0.072,-0.024,0.));
#18762=CARTESIAN_POINT('',(-0.061,0.02,0.));
#18763=CARTESIAN_POINT('',(-0.057,0.02,0.));
#18764=CARTESIAN_POINT('',(-0.065,0.02,0.));
#18765=CARTESIAN_POINT('',(-0.065,0.016,0.));
#18766=CARTESIAN_POINT('',(-0.065,0.012,0.));
#18767=CARTESIAN_POINT('',(-0.061,0.012,0.));
#18768=CARTESIAN_POINT('',(-0.057,0.012,0.));
#18769=CARTESIAN_POINT('',(-0.057,0.016,0.));
#18770=CARTESIAN_POINT('',(-0.072,0.02,0.));
#18771=CARTESIAN_POINT('',(-0.068,0.02,0.));
#18772=CARTESIAN_POINT('',(-0.076,0.02,0.));
#18773=CARTESIAN_POINT('',(-0.076,0.016,0.));
#18774=CARTESIAN_POINT('',(-0.076,0.012,0.));
#18775=CARTESIAN_POINT('',(-0.072,0.012,0.));
#18776=CARTESIAN_POINT('',(-0.068,0.012,0.));
#18777=CARTESIAN_POINT('',(-0.068,0.016,0.));
#18778=CARTESIAN_POINT('',(-0.072,0.009,0.));
#18779=CARTESIAN_POINT('',(-0.068,0.009,0.));
#18780=CARTESIAN_POINT('',(-0.076,0.009,0.));
#18781=CARTESIAN_POINT('',(-0.076,0.005,0.));
#18782=CARTESIAN_POINT('',(-0.076,0.001,0.));
#18783=CARTESIAN_POINT('',(-0.072,0.001,0.));
#18784=CARTESIAN_POINT('',(-0.068,0.001,0.));
#18785=CARTESIAN_POINT('',(-0.068,0.005,0.));
#18786=CARTESIAN_POINT('',(-0.076,-0.006,0.));
#18787=CARTESIAN_POINT('',(-0.076,-0.002,0.));
#18788=CARTESIAN_POINT('',(-0.076,-0.01,0.));
#18789=CARTESIAN_POINT('',(-0.072,-0.01,0.));
#18790=CARTESIAN_POINT('',(-0.068,-0.01,0.));
#18791=CARTESIAN_POINT('',(-0.068,-0.006,0.));
#18792=CARTESIAN_POINT('',(-0.068,-0.002,0.));
#18793=CARTESIAN_POINT('',(-0.072,-0.002,0.));
#18794=CARTESIAN_POINT('',(-0.076,-0.017,0.));
#18795=CARTESIAN_POINT('',(-0.076,-0.013,0.));
#18796=CARTESIAN_POINT('',(-0.076,-0.021,0.));
#18797=CARTESIAN_POINT('',(-0.072,-0.021,0.));
#18798=CARTESIAN_POINT('',(-0.068,-0.021,0.));
#18799=CARTESIAN_POINT('',(-0.068,-0.017,0.));
#18800=CARTESIAN_POINT('',(-0.068,-0.013,0.));
#18801=CARTESIAN_POINT('',(-0.072,-0.013,0.));
#18802=CARTESIAN_POINT('',(0.031,-0.039,0.));
#18803=CARTESIAN_POINT('',(0.031,-0.035,0.));
#18804=CARTESIAN_POINT('',(0.031,-0.043,0.));
#18805=CARTESIAN_POINT('',(0.027,-0.035,0.));
#18806=CARTESIAN_POINT('',(0.023,-0.035,0.));
#18807=CARTESIAN_POINT('',(0.023,-0.039,0.));
#18808=CARTESIAN_POINT('',(0.023,-0.043,0.));
#18809=CARTESIAN_POINT('',(0.027,-0.043,0.));
#18810=CARTESIAN_POINT('',(0.042,-0.039,0.));
#18811=CARTESIAN_POINT('',(0.042,-0.035,0.));
#18812=CARTESIAN_POINT('',(0.042,-0.043,0.));
#18813=CARTESIAN_POINT('',(0.038,-0.035,0.));
#18814=CARTESIAN_POINT('',(0.034,-0.035,0.));
#18815=CARTESIAN_POINT('',(0.034,-0.039,0.));
#18816=CARTESIAN_POINT('',(0.034,-0.043,0.));
#18817=CARTESIAN_POINT('',(0.038,-0.043,0.));
#18818=CARTESIAN_POINT('',(0.053,-0.039,0.));
#18819=CARTESIAN_POINT('',(0.053,-0.035,0.));
#18820=CARTESIAN_POINT('',(0.053,-0.043,0.));
#18821=CARTESIAN_POINT('',(0.049,-0.035,0.));
#18822=CARTESIAN_POINT('',(0.045,-0.035,0.));
#18823=CARTESIAN_POINT('',(0.045,-0.039,0.));
#18824=CARTESIAN_POINT('',(0.045,-0.043,0.));
#18825=CARTESIAN_POINT('',(0.049,-0.043,0.));
#18826=CARTESIAN_POINT('',(0.064,-0.039,0.));
#18827=CARTESIAN_POINT('',(0.064,-0.035,0.));
#18828=CARTESIAN_POINT('',(0.064,-0.043,0.));
#18829=CARTESIAN_POINT('',(0.06,-0.035,0.));
#18830=CARTESIAN_POINT('',(0.056,-0.035,0.));
#18831=CARTESIAN_POINT('',(0.056,-0.039,0.));
#18832=CARTESIAN_POINT('',(0.056,-0.043,0.));
#18833=CARTESIAN_POINT('',(0.06,-0.043,0.));
#18834=CARTESIAN_POINT('',(0.075,-0.028,0.));
#18835=CARTESIAN_POINT('',(0.075,-0.024,0.));
#18836=CARTESIAN_POINT('',(0.075,-0.032,0.));
#18837=CARTESIAN_POINT('',(0.071,-0.024,0.));
#18838=CARTESIAN_POINT('',(0.067,-0.024,0.));
#18839=CARTESIAN_POINT('',(0.067,-0.028,0.));
#18840=CARTESIAN_POINT('',(0.067,-0.032,0.));
#18841=CARTESIAN_POINT('',(0.071,-0.032,0.));
#18842=CARTESIAN_POINT('',(0.064,-0.028,0.));
#18843=CARTESIAN_POINT('',(0.064,-0.024,0.));
#18844=CARTESIAN_POINT('',(0.064,-0.032,0.));
#18845=CARTESIAN_POINT('',(0.06,-0.024,0.));
#18846=CARTESIAN_POINT('',(0.056,-0.024,0.));
#18847=CARTESIAN_POINT('',(0.056,-0.028,0.));
#18848=CARTESIAN_POINT('',(0.056,-0.032,0.));
#18849=CARTESIAN_POINT('',(0.06,-0.032,0.));
#18850=CARTESIAN_POINT('',(0.053,-0.028,0.));
#18851=CARTESIAN_POINT('',(0.053,-0.024,0.));
#18852=CARTESIAN_POINT('',(0.053,-0.032,0.));
#18853=CARTESIAN_POINT('',(0.049,-0.024,0.));
#18854=CARTESIAN_POINT('',(0.045,-0.024,0.));
#18855=CARTESIAN_POINT('',(0.045,-0.028,0.));
#18856=CARTESIAN_POINT('',(0.045,-0.032,0.));
#18857=CARTESIAN_POINT('',(0.049,-0.032,0.));
#18858=CARTESIAN_POINT('',(0.02,-0.039,0.));
#18859=CARTESIAN_POINT('',(0.02,-0.035,0.));
#18860=CARTESIAN_POINT('',(0.02,-0.043,0.));
#18861=CARTESIAN_POINT('',(0.016,-0.035,0.));
#18862=CARTESIAN_POINT('',(0.012,-0.035,0.));
#18863=CARTESIAN_POINT('',(0.012,-0.039,0.));
#18864=CARTESIAN_POINT('',(0.012,-0.043,0.));
#18865=CARTESIAN_POINT('',(0.016,-0.043,0.));
#18866=CARTESIAN_POINT('',(0.009,-0.039,0.));
#18867=CARTESIAN_POINT('',(0.009,-0.035,0.));
#18868=CARTESIAN_POINT('',(0.009,-0.043,0.));
#18869=CARTESIAN_POINT('',(0.005,-0.035,0.));
#18870=CARTESIAN_POINT('',(0.001,-0.035,0.));
#18871=CARTESIAN_POINT('',(0.001,-0.039,0.));
#18872=CARTESIAN_POINT('',(0.001,-0.043,0.));
#18873=CARTESIAN_POINT('',(0.005,-0.043,0.));
#18874=CARTESIAN_POINT('',(-0.01,-0.039,0.));
#18875=CARTESIAN_POINT('',(-0.01,-0.035,0.));
#18876=CARTESIAN_POINT('',(-0.01,-0.043,0.));
#18877=CARTESIAN_POINT('',(-0.006,-0.043,0.));
#18878=CARTESIAN_POINT('',(-0.002,-0.043,0.));
#18879=CARTESIAN_POINT('',(-0.002,-0.039,0.));
#18880=CARTESIAN_POINT('',(-0.002,-0.035,0.));
#18881=CARTESIAN_POINT('',(-0.006,-0.035,0.));
#18882=CARTESIAN_POINT('',(-0.021,-0.039,0.));
#18883=CARTESIAN_POINT('',(-0.021,-0.035,0.));
#18884=CARTESIAN_POINT('',(-0.021,-0.043,0.));
#18885=CARTESIAN_POINT('',(-0.017,-0.043,0.));
#18886=CARTESIAN_POINT('',(-0.013,-0.043,0.));
#18887=CARTESIAN_POINT('',(-0.013,-0.039,0.));
#18888=CARTESIAN_POINT('',(-0.013,-0.035,0.));
#18889=CARTESIAN_POINT('',(-0.017,-0.035,0.));
#18890=CARTESIAN_POINT('',(-0.032,-0.039,0.));
#18891=CARTESIAN_POINT('',(-0.032,-0.035,0.));
#18892=CARTESIAN_POINT('',(-0.032,-0.043,0.));
#18893=CARTESIAN_POINT('',(-0.028,-0.043,0.));
#18894=CARTESIAN_POINT('',(-0.024,-0.043,0.));
#18895=CARTESIAN_POINT('',(-0.024,-0.039,0.));
#18896=CARTESIAN_POINT('',(-0.024,-0.035,0.));
#18897=CARTESIAN_POINT('',(-0.028,-0.035,0.));
#18898=CARTESIAN_POINT('',(-0.043,-0.039,0.));
#18899=CARTESIAN_POINT('',(-0.043,-0.035,0.));
#18900=CARTESIAN_POINT('',(-0.043,-0.043,0.));
#18901=CARTESIAN_POINT('',(-0.039,-0.043,0.));
#18902=CARTESIAN_POINT('',(-0.035,-0.043,0.));
#18903=CARTESIAN_POINT('',(-0.035,-0.039,0.));
#18904=CARTESIAN_POINT('',(-0.035,-0.035,0.));
#18905=CARTESIAN_POINT('',(-0.039,-0.035,0.));
#18906=CARTESIAN_POINT('',(-0.054,-0.039,0.));
#18907=CARTESIAN_POINT('',(-0.054,-0.035,0.));
#18908=CARTESIAN_POINT('',(-0.054,-0.043,0.));
#18909=CARTESIAN_POINT('',(-0.05,-0.043,0.));
#18910=CARTESIAN_POINT('',(-0.046,-0.043,0.));
#18911=CARTESIAN_POINT('',(-0.046,-0.039,0.));
#18912=CARTESIAN_POINT('',(-0.046,-0.035,0.));
#18913=CARTESIAN_POINT('',(-0.05,-0.035,0.));
#18914=CARTESIAN_POINT('',(-0.065,-0.039,0.));
#18915=CARTESIAN_POINT('',(-0.065,-0.035,0.));
#18916=CARTESIAN_POINT('',(-0.065,-0.043,0.));
#18917=CARTESIAN_POINT('',(-0.061,-0.043,0.));
#18918=CARTESIAN_POINT('',(-0.057,-0.043,0.));
#18919=CARTESIAN_POINT('',(-0.057,-0.039,0.));
#18920=CARTESIAN_POINT('',(-0.057,-0.035,0.));
#18921=CARTESIAN_POINT('',(-0.061,-0.035,0.));
#18922=CARTESIAN_POINT('',(-0.017,0.042,0.));
#18923=CARTESIAN_POINT('',(-0.013,0.042,0.));
#18924=CARTESIAN_POINT('',(-0.021,0.042,0.));
#18925=CARTESIAN_POINT('',(-0.021,0.038,0.));
#18926=CARTESIAN_POINT('',(-0.021,0.034,0.));
#18927=CARTESIAN_POINT('',(-0.017,0.034,0.));
#18928=CARTESIAN_POINT('',(-0.013,0.034,0.));
#18929=CARTESIAN_POINT('',(-0.013,0.038,0.));
#18930=CARTESIAN_POINT('',(-0.017,0.053,0.));
#18931=CARTESIAN_POINT('',(-0.013,0.053,0.));
#18932=CARTESIAN_POINT('',(-0.021,0.053,0.));
#18933=CARTESIAN_POINT('',(-0.021,0.049,0.));
#18934=CARTESIAN_POINT('',(-0.021,0.045,0.));
#18935=CARTESIAN_POINT('',(-0.017,0.045,0.));
#18936=CARTESIAN_POINT('',(-0.013,0.045,0.));
#18937=CARTESIAN_POINT('',(-0.013,0.049,0.));
#18938=CARTESIAN_POINT('',(-0.017,0.064,0.));
#18939=CARTESIAN_POINT('',(-0.013,0.064,0.));
#18940=CARTESIAN_POINT('',(-0.021,0.064,0.));
#18941=CARTESIAN_POINT('',(-0.021,0.06,0.));
#18942=CARTESIAN_POINT('',(-0.021,0.056,0.));
#18943=CARTESIAN_POINT('',(-0.017,0.056,0.));
#18944=CARTESIAN_POINT('',(-0.013,0.056,0.));
#18945=CARTESIAN_POINT('',(-0.013,0.06,0.));
#18946=CARTESIAN_POINT('',(-0.006,0.053,0.));
#18947=CARTESIAN_POINT('',(-0.002,0.053,0.));
#18948=CARTESIAN_POINT('',(-0.01,0.053,0.));
#18949=CARTESIAN_POINT('',(-0.01,0.049,0.));
#18950=CARTESIAN_POINT('',(-0.01,0.045,0.));
#18951=CARTESIAN_POINT('',(-0.006,0.045,0.));
#18952=CARTESIAN_POINT('',(-0.002,0.045,0.));
#18953=CARTESIAN_POINT('',(-0.002,0.049,0.));
#18954=CARTESIAN_POINT('',(-0.006,0.064,0.));
#18955=CARTESIAN_POINT('',(-0.002,0.064,0.));
#18956=CARTESIAN_POINT('',(-0.01,0.064,0.));
#18957=CARTESIAN_POINT('',(-0.01,0.06,0.));
#18958=CARTESIAN_POINT('',(-0.01,0.056,0.));
#18959=CARTESIAN_POINT('',(-0.006,0.056,0.));
#18960=CARTESIAN_POINT('',(-0.002,0.056,0.));
#18961=CARTESIAN_POINT('',(-0.002,0.06,0.));
#18962=CARTESIAN_POINT('',(-0.006,0.075,0.));
#18963=CARTESIAN_POINT('',(-0.002,0.075,0.));
#18964=CARTESIAN_POINT('',(-0.01,0.075,0.));
#18965=CARTESIAN_POINT('',(-0.01,0.071,0.));
#18966=CARTESIAN_POINT('',(-0.01,0.067,0.));
#18967=CARTESIAN_POINT('',(-0.006,0.067,0.));
#18968=CARTESIAN_POINT('',(-0.002,0.067,0.));
#18969=CARTESIAN_POINT('',(-0.002,0.071,0.));
#18970=CARTESIAN_POINT('',(-0.017,0.075,0.));
#18971=CARTESIAN_POINT('',(-0.013,0.075,0.));
#18972=CARTESIAN_POINT('',(-0.021,0.075,0.));
#18973=CARTESIAN_POINT('',(-0.021,0.071,0.));
#18974=CARTESIAN_POINT('',(-0.021,0.067,0.));
#18975=CARTESIAN_POINT('',(-0.017,0.067,0.));
#18976=CARTESIAN_POINT('',(-0.013,0.067,0.));
#18977=CARTESIAN_POINT('',(-0.013,0.071,0.));
#18978=CARTESIAN_POINT('',(-0.05,0.042,0.));
#18979=CARTESIAN_POINT('',(-0.046,0.042,0.));
#18980=CARTESIAN_POINT('',(-0.054,0.042,0.));
#18981=CARTESIAN_POINT('',(-0.054,0.038,0.));
#18982=CARTESIAN_POINT('',(-0.054,0.034,0.));
#18983=CARTESIAN_POINT('',(-0.05,0.034,0.));
#18984=CARTESIAN_POINT('',(-0.046,0.034,0.));
#18985=CARTESIAN_POINT('',(-0.046,0.038,0.));
#18986=CARTESIAN_POINT('',(-0.05,0.053,0.));
#18987=CARTESIAN_POINT('',(-0.046,0.053,0.));
#18988=CARTESIAN_POINT('',(-0.054,0.053,0.));
#18989=CARTESIAN_POINT('',(-0.054,0.049,0.));
#18990=CARTESIAN_POINT('',(-0.054,0.045,0.));
#18991=CARTESIAN_POINT('',(-0.05,0.045,0.));
#18992=CARTESIAN_POINT('',(-0.046,0.045,0.));
#18993=CARTESIAN_POINT('',(-0.046,0.049,0.));
#18994=CARTESIAN_POINT('',(-0.061,0.042,0.));
#18995=CARTESIAN_POINT('',(-0.057,0.042,0.));
#18996=CARTESIAN_POINT('',(-0.065,0.042,0.));
#18997=CARTESIAN_POINT('',(-0.065,0.038,0.));
#18998=CARTESIAN_POINT('',(-0.065,0.034,0.));
#18999=CARTESIAN_POINT('',(-0.061,0.034,0.));
#19000=CARTESIAN_POINT('',(-0.057,0.034,0.));
#19001=CARTESIAN_POINT('',(-0.057,0.038,0.));
#19002=CARTESIAN_POINT('',(-0.061,0.031,0.));
#19003=CARTESIAN_POINT('',(-0.057,0.031,0.));
#19004=CARTESIAN_POINT('',(-0.065,0.031,0.));
#19005=CARTESIAN_POINT('',(-0.065,0.027,0.));
#19006=CARTESIAN_POINT('',(-0.065,0.023,0.));
#19007=CARTESIAN_POINT('',(-0.061,0.023,0.));
#19008=CARTESIAN_POINT('',(-0.057,0.023,0.));
#19009=CARTESIAN_POINT('',(-0.057,0.027,0.));
#19010=CARTESIAN_POINT('',(-0.072,0.031,0.));
#19011=CARTESIAN_POINT('',(-0.068,0.031,0.));
#19012=CARTESIAN_POINT('',(-0.076,0.031,0.));
#19013=CARTESIAN_POINT('',(-0.076,0.027,0.));
#19014=CARTESIAN_POINT('',(-0.076,0.023,0.));
#19015=CARTESIAN_POINT('',(-0.072,0.023,0.));
#19016=CARTESIAN_POINT('',(-0.068,0.023,0.));
#19017=CARTESIAN_POINT('',(-0.068,0.027,0.));
#19018=CARTESIAN_POINT('',(-0.061,0.053,0.));
#19019=CARTESIAN_POINT('',(-0.057,0.053,0.));
#19020=CARTESIAN_POINT('',(-0.065,0.053,0.));
#19021=CARTESIAN_POINT('',(-0.065,0.049,0.));
#19022=CARTESIAN_POINT('',(-0.065,0.045,0.));
#19023=CARTESIAN_POINT('',(-0.061,0.045,0.));
#19024=CARTESIAN_POINT('',(-0.057,0.045,0.));
#19025=CARTESIAN_POINT('',(-0.057,0.049,0.));
#19026=CARTESIAN_POINT('',(-0.05,0.064,0.));
#19027=CARTESIAN_POINT('',(-0.046,0.064,0.));
#19028=CARTESIAN_POINT('',(-0.054,0.064,0.));
#19029=CARTESIAN_POINT('',(-0.054,0.06,0.));
#19030=CARTESIAN_POINT('',(-0.054,0.056,0.));
#19031=CARTESIAN_POINT('',(-0.05,0.056,0.));
#19032=CARTESIAN_POINT('',(-0.046,0.056,0.));
#19033=CARTESIAN_POINT('',(-0.046,0.06,0.));
#19034=CARTESIAN_POINT('',(-0.028,0.042,0.));
#19035=CARTESIAN_POINT('',(-0.024,0.042,0.));
#19036=CARTESIAN_POINT('',(-0.032,0.042,0.));
#19037=CARTESIAN_POINT('',(-0.032,0.038,0.));
#19038=CARTESIAN_POINT('',(-0.032,0.034,0.));
#19039=CARTESIAN_POINT('',(-0.028,0.034,0.));
#19040=CARTESIAN_POINT('',(-0.024,0.034,0.));
#19041=CARTESIAN_POINT('',(-0.024,0.038,0.));
#19042=CARTESIAN_POINT('',(-0.028,0.053,0.));
#19043=CARTESIAN_POINT('',(-0.024,0.053,0.));
#19044=CARTESIAN_POINT('',(-0.032,0.053,0.));
#19045=CARTESIAN_POINT('',(-0.032,0.049,0.));
#19046=CARTESIAN_POINT('',(-0.032,0.045,0.));
#19047=CARTESIAN_POINT('',(-0.028,0.045,0.));
#19048=CARTESIAN_POINT('',(-0.024,0.045,0.));
#19049=CARTESIAN_POINT('',(-0.024,0.049,0.));
#19050=CARTESIAN_POINT('',(-0.028,0.064,0.));
#19051=CARTESIAN_POINT('',(-0.024,0.064,0.));
#19052=CARTESIAN_POINT('',(-0.032,0.064,0.));
#19053=CARTESIAN_POINT('',(-0.032,0.06,0.));
#19054=CARTESIAN_POINT('',(-0.032,0.056,0.));
#19055=CARTESIAN_POINT('',(-0.028,0.056,0.));
#19056=CARTESIAN_POINT('',(-0.024,0.056,0.));
#19057=CARTESIAN_POINT('',(-0.024,0.06,0.));
#19058=CARTESIAN_POINT('',(-0.039,0.064,0.));
#19059=CARTESIAN_POINT('',(-0.035,0.064,0.));
#19060=CARTESIAN_POINT('',(-0.043,0.064,0.));
#19061=CARTESIAN_POINT('',(-0.043,0.06,0.));
#19062=CARTESIAN_POINT('',(-0.043,0.056,0.));
#19063=CARTESIAN_POINT('',(-0.039,0.056,0.));
#19064=CARTESIAN_POINT('',(-0.035,0.056,0.));
#19065=CARTESIAN_POINT('',(-0.035,0.06,0.));
#19066=CARTESIAN_POINT('',(-0.039,0.053,0.));
#19067=CARTESIAN_POINT('',(-0.035,0.053,0.));
#19068=CARTESIAN_POINT('',(-0.043,0.053,0.));
#19069=CARTESIAN_POINT('',(-0.043,0.049,0.));
#19070=CARTESIAN_POINT('',(-0.043,0.045,0.));
#19071=CARTESIAN_POINT('',(-0.039,0.045,0.));
#19072=CARTESIAN_POINT('',(-0.035,0.045,0.));
#19073=CARTESIAN_POINT('',(-0.035,0.049,0.));
#19074=CARTESIAN_POINT('',(-0.039,0.042,0.));
#19075=CARTESIAN_POINT('',(-0.035,0.042,0.));
#19076=CARTESIAN_POINT('',(-0.043,0.042,0.));
#19077=CARTESIAN_POINT('',(-0.043,0.038,0.));
#19078=CARTESIAN_POINT('',(-0.043,0.034,0.));
#19079=CARTESIAN_POINT('',(-0.039,0.034,0.));
#19080=CARTESIAN_POINT('',(-0.035,0.034,0.));
#19081=CARTESIAN_POINT('',(-0.035,0.038,0.));
#19082=CARTESIAN_POINT('',(-0.039,0.031,0.));
#19083=CARTESIAN_POINT('',(-0.035,0.031,0.));
#19084=CARTESIAN_POINT('',(-0.043,0.031,0.));
#19085=CARTESIAN_POINT('',(-0.043,0.027,0.));
#19086=CARTESIAN_POINT('',(-0.043,0.023,0.));
#19087=CARTESIAN_POINT('',(-0.039,0.023,0.));
#19088=CARTESIAN_POINT('',(-0.035,0.023,0.));
#19089=CARTESIAN_POINT('',(-0.035,0.027,0.));
#19090=CARTESIAN_POINT('',(-0.05,0.031,0.));
#19091=CARTESIAN_POINT('',(-0.046,0.031,0.));
#19092=CARTESIAN_POINT('',(-0.054,0.031,0.));
#19093=CARTESIAN_POINT('',(-0.054,0.027,0.));
#19094=CARTESIAN_POINT('',(-0.054,0.023,0.));
#19095=CARTESIAN_POINT('',(-0.05,0.023,0.));
#19096=CARTESIAN_POINT('',(-0.046,0.023,0.));
#19097=CARTESIAN_POINT('',(-0.046,0.027,0.));
#19098=CARTESIAN_POINT('',(-0.032,-0.072,0.));
#19099=CARTESIAN_POINT('',(-0.032,-0.068,0.));
#19100=CARTESIAN_POINT('',(-0.032,-0.076,0.));
#19101=CARTESIAN_POINT('',(-0.028,-0.076,0.));
#19102=CARTESIAN_POINT('',(-0.024,-0.076,0.));
#19103=CARTESIAN_POINT('',(-0.024,-0.072,0.));
#19104=CARTESIAN_POINT('',(-0.024,-0.068,0.));
#19105=CARTESIAN_POINT('',(-0.028,-0.068,0.));
#19106=CARTESIAN_POINT('',(0.082,-0.01,0.));
#19107=CARTESIAN_POINT('',(0.078,-0.01,0.));
#19108=CARTESIAN_POINT('',(0.0844097150806707,-0.01,0.));
#19109=CARTESIAN_POINT('',(0.,5.20474889637625E-18,0.));
#19110=CARTESIAN_POINT('',(0.0849764673306675,-0.002,0.));
#19111=CARTESIAN_POINT('',(0.082,-0.002,0.));
#19112=CARTESIAN_POINT('',(0.078,-0.002,0.));
#19113=CARTESIAN_POINT('',(0.078,-0.006,0.));
#19114=CARTESIAN_POINT('',(0.,5.20474889637625E-18,0.));
#19115=CARTESIAN_POINT('',(0.0849941174435031,0.001,0.));
#19116=CARTESIAN_POINT('',(0.0845221864364618,0.009,0.));
#19117=CARTESIAN_POINT('',(0.082,0.009,0.));
#19118=CARTESIAN_POINT('',(0.078,0.009,0.));
#19119=CARTESIAN_POINT('',(0.078,0.005,0.));
#19120=CARTESIAN_POINT('',(0.078,0.001,0.));
#19121=CARTESIAN_POINT('',(0.082,0.001,0.));
#19122=CARTESIAN_POINT('',(0.,5.20474889637625E-18,0.));
#19123=CARTESIAN_POINT('',(0.0841486779456457,0.012,0.));
#19124=CARTESIAN_POINT('',(0.0826135582092916,0.02,0.));
#19125=CARTESIAN_POINT('',(0.082,0.02,0.));
#19126=CARTESIAN_POINT('',(0.078,0.02,0.));
#19127=CARTESIAN_POINT('',(0.078,0.016,0.));
#19128=CARTESIAN_POINT('',(0.078,0.012,0.));
#19129=CARTESIAN_POINT('',(0.082,0.012,0.));
#19130=CARTESIAN_POINT('',(0.,5.20474889637625E-18,0.));
#19131=CARTESIAN_POINT('',(0.075,0.04,0.));
#19132=CARTESIAN_POINT('',(0.0738985791473693,0.042,0.));
#19133=CARTESIAN_POINT('',(0.071,0.042,0.));
#19134=CARTESIAN_POINT('',(0.067,0.042,0.));
#19135=CARTESIAN_POINT('',(0.067,0.038,0.));
#19136=CARTESIAN_POINT('',(0.067,0.034,0.));
#19137=CARTESIAN_POINT('',(0.071,0.034,0.));
#19138=CARTESIAN_POINT('',(0.075,0.034,0.));
#19139=CARTESIAN_POINT('',(0.075,0.038,0.));
#19140=CARTESIAN_POINT('',(0.,5.20474889637625E-18,0.));
#19141=CARTESIAN_POINT('',(0.042,0.0738985791473693,0.));
#19142=CARTESIAN_POINT('',(0.04,0.075,0.));
#19143=CARTESIAN_POINT('',(0.038,0.075,0.));
#19144=CARTESIAN_POINT('',(0.034,0.075,0.));
#19145=CARTESIAN_POINT('',(0.034,0.071,0.));
#19146=CARTESIAN_POINT('',(0.034,0.067,0.));
#19147=CARTESIAN_POINT('',(0.038,0.067,0.));
#19148=CARTESIAN_POINT('',(0.042,0.067,0.));
#19149=CARTESIAN_POINT('',(0.042,0.071,0.));
#19150=CARTESIAN_POINT('',(0.,5.20474889637625E-18,0.));
#19151=CARTESIAN_POINT('',(0.02,0.0826135582092915,0.));
#19152=CARTESIAN_POINT('',(0.012,0.0841486779456457,0.));
#19153=CARTESIAN_POINT('',(0.012,0.082,0.));
#19154=CARTESIAN_POINT('',(0.012,0.078,0.));
#19155=CARTESIAN_POINT('',(0.016,0.078,0.));
#19156=CARTESIAN_POINT('',(0.02,0.078,0.));
#19157=CARTESIAN_POINT('',(0.02,0.082,0.));
#19158=CARTESIAN_POINT('',(0.,5.20474889637625E-18,0.));
#19159=CARTESIAN_POINT('',(0.009,0.0845221864364618,0.));
#19160=CARTESIAN_POINT('',(0.001,0.0849941174435031,0.));
#19161=CARTESIAN_POINT('',(0.001,0.082,0.));
#19162=CARTESIAN_POINT('',(0.001,0.078,0.));
#19163=CARTESIAN_POINT('',(0.005,0.078,0.));
#19164=CARTESIAN_POINT('',(0.009,0.078,0.));
#19165=CARTESIAN_POINT('',(0.009,0.082,0.));
#19166=CARTESIAN_POINT('',(0.,5.20474889637625E-18,0.));
#19167=CARTESIAN_POINT('',(-0.002,0.0849764673306675,0.));
#19168=CARTESIAN_POINT('',(-0.01,0.0844097150806707,0.));
#19169=CARTESIAN_POINT('',(-0.01,0.082,0.));
#19170=CARTESIAN_POINT('',(-0.01,0.078,0.));
#19171=CARTESIAN_POINT('',(-0.006,0.078,0.));
#19172=CARTESIAN_POINT('',(-0.002,0.078,0.));
#19173=CARTESIAN_POINT('',(-0.002,0.082,0.));
#19174=CARTESIAN_POINT('',(0.,5.20474889637625E-18,0.));
#19175=CARTESIAN_POINT('',(-0.013,0.084,0.));
#19176=CARTESIAN_POINT('',(-0.021,0.082365041127896,0.));
#19177=CARTESIAN_POINT('',(-0.021,0.082,0.));
#19178=CARTESIAN_POINT('',(-0.021,0.078,0.));
#19179=CARTESIAN_POINT('',(-0.017,0.078,0.));
#19180=CARTESIAN_POINT('',(-0.013,0.078,0.));
#19181=CARTESIAN_POINT('',(-0.013,0.082,0.));
#19182=CARTESIAN_POINT('',(0.,5.20474889637625E-18,0.));
#19183=CARTESIAN_POINT('',(-0.04,0.075,0.));
#19184=CARTESIAN_POINT('',(-0.043,0.0733212111192935,0.));
#19185=CARTESIAN_POINT('',(-0.043,0.071,0.));
#19186=CARTESIAN_POINT('',(-0.043,0.067,0.));
#19187=CARTESIAN_POINT('',(-0.039,0.067,0.));
#19188=CARTESIAN_POINT('',(-0.035,0.067,0.));
#19189=CARTESIAN_POINT('',(-0.035,0.071,0.));
#19190=CARTESIAN_POINT('',(-0.035,0.075,0.));
#19191=CARTESIAN_POINT('',(-0.039,0.075,0.));
#19192=CARTESIAN_POINT('',(0.,5.20474889637625E-18,0.));
#19193=CARTESIAN_POINT('',(-0.0738985791473693,0.042,0.));
#19194=CARTESIAN_POINT('',(-0.076,0.0380657326213487,0.));
#19195=CARTESIAN_POINT('',(-0.076,0.038,0.));
#19196=CARTESIAN_POINT('',(-0.076,0.034,0.));
#19197=CARTESIAN_POINT('',(-0.072,0.034,0.));
#19198=CARTESIAN_POINT('',(-0.068,0.034,0.));
#19199=CARTESIAN_POINT('',(-0.068,0.038,0.));
#19200=CARTESIAN_POINT('',(-0.068,0.042,0.));
#19201=CARTESIAN_POINT('',(-0.072,0.042,0.));
#19202=CARTESIAN_POINT('',(0.,5.20474889637625E-18,0.));
#19203=CARTESIAN_POINT('',(-0.0826135582092916,0.02,0.));
#19204=CARTESIAN_POINT('',(-0.0841486779456457,0.012,0.));
#19205=CARTESIAN_POINT('',(-0.083,0.012,0.));
#19206=CARTESIAN_POINT('',(-0.079,0.012,0.));
#19207=CARTESIAN_POINT('',(-0.079,0.016,0.));
#19208=CARTESIAN_POINT('',(-0.079,0.02,0.));
#19209=CARTESIAN_POINT('',(-0.083,0.02,0.));
#19210=CARTESIAN_POINT('',(0.,5.20474889637625E-18,0.));
#19211=CARTESIAN_POINT('',(-0.0845221864364618,0.009,0.));
#19212=CARTESIAN_POINT('',(-0.0849941174435031,0.001,0.));
#19213=CARTESIAN_POINT('',(-0.083,0.001,0.));
#19214=CARTESIAN_POINT('',(-0.079,0.001,0.));
#19215=CARTESIAN_POINT('',(-0.079,0.005,0.));
#19216=CARTESIAN_POINT('',(-0.079,0.009,0.));
#19217=CARTESIAN_POINT('',(-0.083,0.009,0.));
#19218=CARTESIAN_POINT('',(0.,5.20474889637625E-18,0.));
#19219=CARTESIAN_POINT('',(-0.0849764673306675,-0.002,0.));
#19220=CARTESIAN_POINT('',(-0.0844097150806707,-0.01,0.));
#19221=CARTESIAN_POINT('',(-0.083,-0.01,0.));
#19222=CARTESIAN_POINT('',(-0.079,-0.01,0.));
#19223=CARTESIAN_POINT('',(-0.079,-0.006,0.));
#19224=CARTESIAN_POINT('',(-0.079,-0.002,0.));
#19225=CARTESIAN_POINT('',(-0.083,-0.002,0.));
#19226=CARTESIAN_POINT('',(0.,5.20474889637625E-18,0.));
#19227=CARTESIAN_POINT('',(-0.084,-0.013,0.));
#19228=CARTESIAN_POINT('',(-0.082365041127896,-0.021,0.));
#19229=CARTESIAN_POINT('',(-0.083,-0.021,0.));
#19230=CARTESIAN_POINT('',(-0.079,-0.021,0.));
#19231=CARTESIAN_POINT('',(-0.079,-0.017,0.));
#19232=CARTESIAN_POINT('',(-0.079,-0.013,0.));
#19233=CARTESIAN_POINT('',(-0.083,-0.013,0.));
#19234=CARTESIAN_POINT('',(0.,5.20474889637625E-18,0.));
#19235=CARTESIAN_POINT('',(-0.076,-0.0380657326213486,0.));
#19236=CARTESIAN_POINT('',(-0.0733212111192935,-0.043,0.));
#19237=CARTESIAN_POINT('',(-0.072,-0.043,0.));
#19238=CARTESIAN_POINT('',(-0.068,-0.043,0.));
#19239=CARTESIAN_POINT('',(-0.068,-0.039,0.));
#19240=CARTESIAN_POINT('',(-0.068,-0.035,0.));
#19241=CARTESIAN_POINT('',(-0.072,-0.035,0.));
#19242=CARTESIAN_POINT('',(-0.076,-0.035,0.));
#19243=CARTESIAN_POINT('',(-0.076,-0.039,0.));
#19244=CARTESIAN_POINT('',(0.,5.20474889637625E-18,0.));
#19245=CARTESIAN_POINT('',(-0.043,-0.0733212111192935,0.));
#19246=CARTESIAN_POINT('',(-0.0380657326213486,-0.076,0.));
#19247=CARTESIAN_POINT('',(-0.039,-0.076,0.));
#19248=CARTESIAN_POINT('',(-0.035,-0.076,0.));
#19249=CARTESIAN_POINT('',(-0.035,-0.072,0.));
#19250=CARTESIAN_POINT('',(-0.035,-0.068,0.));
#19251=CARTESIAN_POINT('',(-0.039,-0.068,0.));
#19252=CARTESIAN_POINT('',(-0.043,-0.068,0.));
#19253=CARTESIAN_POINT('',(-0.043,-0.072,0.));
#19254=CARTESIAN_POINT('',(0.,5.20474889637625E-18,0.));
#19255=CARTESIAN_POINT('',(-0.021,-0.082365041127896,0.));
#19256=CARTESIAN_POINT('',(-0.013,-0.084,0.));
#19257=CARTESIAN_POINT('',(-0.013,-0.083,0.));
#19258=CARTESIAN_POINT('',(-0.013,-0.079,0.));
#19259=CARTESIAN_POINT('',(-0.017,-0.079,0.));
#19260=CARTESIAN_POINT('',(-0.021,-0.079,0.));
#19261=CARTESIAN_POINT('',(-0.021,-0.083,0.));
#19262=CARTESIAN_POINT('',(0.,5.20474889637625E-18,0.));
#19263=CARTESIAN_POINT('',(-0.01,-0.0844097150806707,0.));
#19264=CARTESIAN_POINT('',(-0.002,-0.0849764673306675,0.));
#19265=CARTESIAN_POINT('',(-0.002,-0.083,0.));
#19266=CARTESIAN_POINT('',(-0.002,-0.079,0.));
#19267=CARTESIAN_POINT('',(-0.006,-0.079,0.));
#19268=CARTESIAN_POINT('',(-0.01,-0.079,0.));
#19269=CARTESIAN_POINT('',(-0.01,-0.083,0.));
#19270=CARTESIAN_POINT('',(0.,5.20474889637625E-18,0.));
#19271=CARTESIAN_POINT('',(0.001,-0.0849941174435031,0.));
#19272=CARTESIAN_POINT('',(0.009,-0.0845221864364618,0.));
#19273=CARTESIAN_POINT('',(0.009,-0.083,0.));
#19274=CARTESIAN_POINT('',(0.009,-0.079,0.));
#19275=CARTESIAN_POINT('',(0.005,-0.079,0.));
#19276=CARTESIAN_POINT('',(0.001,-0.079,0.));
#19277=CARTESIAN_POINT('',(0.001,-0.083,0.));
#19278=CARTESIAN_POINT('',(0.,5.20474889637625E-18,0.));
#19279=CARTESIAN_POINT('',(0.012,-0.0841486779456457,0.));
#19280=CARTESIAN_POINT('',(0.02,-0.0826135582092915,0.));
#19281=CARTESIAN_POINT('',(0.02,-0.083,0.));
#19282=CARTESIAN_POINT('',(0.02,-0.079,0.));
#19283=CARTESIAN_POINT('',(0.016,-0.079,0.));
#19284=CARTESIAN_POINT('',(0.012,-0.079,0.));
#19285=CARTESIAN_POINT('',(0.012,-0.083,0.));
#19286=CARTESIAN_POINT('',(0.,5.20474889637625E-18,0.));
#19287=CARTESIAN_POINT('',(0.0380657326213486,-0.076,0.));
#19288=CARTESIAN_POINT('',(0.042,-0.0738985791473693,0.));
#19289=CARTESIAN_POINT('',(0.042,-0.072,0.));
#19290=CARTESIAN_POINT('',(0.042,-0.068,0.));
#19291=CARTESIAN_POINT('',(0.038,-0.068,0.));
#19292=CARTESIAN_POINT('',(0.034,-0.068,0.));
#19293=CARTESIAN_POINT('',(0.034,-0.072,0.));
#19294=CARTESIAN_POINT('',(0.034,-0.076,0.));
#19295=CARTESIAN_POINT('',(0.038,-0.076,0.));
#19296=CARTESIAN_POINT('',(0.,5.20474889637625E-18,0.));
#19297=CARTESIAN_POINT('',(0.0733212111192935,-0.043,0.));
#19298=CARTESIAN_POINT('',(0.075,-0.04,0.));
#19299=CARTESIAN_POINT('',(0.075,-0.039,0.));
#19300=CARTESIAN_POINT('',(0.075,-0.035,0.));
#19301=CARTESIAN_POINT('',(0.071,-0.035,0.));
#19302=CARTESIAN_POINT('',(0.067,-0.035,0.));
#19303=CARTESIAN_POINT('',(0.067,-0.039,0.));
#19304=CARTESIAN_POINT('',(0.067,-0.043,0.));
#19305=CARTESIAN_POINT('',(0.071,-0.043,0.));
#19306=CARTESIAN_POINT('',(0.,5.20474889637625E-18,0.));
#19307=CARTESIAN_POINT('',(0.082365041127896,-0.021,0.));
#19308=CARTESIAN_POINT('',(0.084,-0.013,0.));
#19309=CARTESIAN_POINT('',(0.082,-0.013,0.));
#19310=CARTESIAN_POINT('',(0.078,-0.013,0.));
#19311=CARTESIAN_POINT('',(0.078,-0.017,0.));
#19312=CARTESIAN_POINT('',(0.078,-0.021,0.));
#19313=CARTESIAN_POINT('',(0.082,-0.021,0.));
#19314=CARTESIAN_POINT('',(0.,2.14313189850787E-18,0.));
#19315=CARTESIAN_POINT('',(0.034,-0.00830662386291808,0.));
#19316=CARTESIAN_POINT('',(0.0349428104193123,-0.002,0.));
#19317=CARTESIAN_POINT('',(0.034,-0.006,0.));
#19318=CARTESIAN_POINT('',(0.034,-0.01,0.));
#19319=CARTESIAN_POINT('',(0.038,-0.01,0.));
#19320=CARTESIAN_POINT('',(0.042,-0.01,0.));
#19321=CARTESIAN_POINT('',(0.042,-0.006,0.));
#19322=CARTESIAN_POINT('',(0.042,-0.002,0.));
#19323=CARTESIAN_POINT('',(0.038,-0.002,0.));
#19324=CARTESIAN_POINT('',(0.034,0.005,0.));
#19325=CARTESIAN_POINT('',(0.034,0.00830662386291811,0.));
#19326=CARTESIAN_POINT('',(0.034,0.009,0.));
#19327=CARTESIAN_POINT('',(0.,2.14313189850787E-18,0.));
#19328=CARTESIAN_POINT('',(0.0349857113690718,0.001,0.));
#19329=CARTESIAN_POINT('',(0.038,0.001,0.));
#19330=CARTESIAN_POINT('',(0.042,0.001,0.));
#19331=CARTESIAN_POINT('',(0.042,0.005,0.));
#19332=CARTESIAN_POINT('',(0.042,0.009,0.));
#19333=CARTESIAN_POINT('',(0.038,0.009,0.));
#19334=CARTESIAN_POINT('',(0.023,0.027,0.));
#19335=CARTESIAN_POINT('',(0.023,0.0263818119165459,0.));
#19336=CARTESIAN_POINT('',(0.023,0.031,0.));
#19337=CARTESIAN_POINT('',(0.,2.14313189850787E-18,0.));
#19338=CARTESIAN_POINT('',(0.0263818119165459,0.023,0.));
#19339=CARTESIAN_POINT('',(0.027,0.023,0.));
#19340=CARTESIAN_POINT('',(0.031,0.023,0.));
#19341=CARTESIAN_POINT('',(0.031,0.027,0.));
#19342=CARTESIAN_POINT('',(0.031,0.031,0.));
#19343=CARTESIAN_POINT('',(0.027,0.031,0.));
#19344=CARTESIAN_POINT('',(0.001,0.038,0.));
#19345=CARTESIAN_POINT('',(0.001,0.0349857113690718,0.));
#19346=CARTESIAN_POINT('',(0.001,0.042,0.));
#19347=CARTESIAN_POINT('',(0.,2.14313189850787E-18,0.));
#19348=CARTESIAN_POINT('',(0.00830662386291808,0.034,0.));
#19349=CARTESIAN_POINT('',(0.005,0.034,0.));
#19350=CARTESIAN_POINT('',(0.009,0.034,0.));
#19351=CARTESIAN_POINT('',(0.009,0.038,0.));
#19352=CARTESIAN_POINT('',(0.009,0.042,0.));
#19353=CARTESIAN_POINT('',(0.005,0.042,0.));
#19354=CARTESIAN_POINT('',(-0.006,0.034,0.));
#19355=CARTESIAN_POINT('',(-0.00830662386291808,0.034,0.));
#19356=CARTESIAN_POINT('',(-0.01,0.034,0.));
#19357=CARTESIAN_POINT('',(0.,2.14313189850787E-18,0.));
#19358=CARTESIAN_POINT('',(-0.002,0.0349428104193123,0.));
#19359=CARTESIAN_POINT('',(-0.002,0.038,0.));
#19360=CARTESIAN_POINT('',(-0.002,0.042,0.));
#19361=CARTESIAN_POINT('',(-0.006,0.042,0.));
#19362=CARTESIAN_POINT('',(-0.01,0.042,0.));
#19363=CARTESIAN_POINT('',(-0.01,0.038,0.));
#19364=CARTESIAN_POINT('',(-0.028,0.023,0.));
#19365=CARTESIAN_POINT('',(-0.0263818119165459,0.023,0.));
#19366=CARTESIAN_POINT('',(-0.032,0.023,0.));
#19367=CARTESIAN_POINT('',(0.,2.14313189850787E-18,0.));
#19368=CARTESIAN_POINT('',(-0.024,0.0254754784057141,0.));
#19369=CARTESIAN_POINT('',(-0.024,0.027,0.));
#19370=CARTESIAN_POINT('',(-0.024,0.031,0.));
#19371=CARTESIAN_POINT('',(-0.028,0.031,0.));
#19372=CARTESIAN_POINT('',(-0.032,0.031,0.));
#19373=CARTESIAN_POINT('',(-0.032,0.027,0.));
#19374=CARTESIAN_POINT('',(-0.024,-0.028,0.));
#19375=CARTESIAN_POINT('',(-0.024,-0.025475478405714,0.));
#19376=CARTESIAN_POINT('',(-0.024,-0.032,0.));
#19377=CARTESIAN_POINT('',(0.,2.14313189850787E-18,0.));
#19378=CARTESIAN_POINT('',(-0.025475478405714,-0.024,0.));
#19379=CARTESIAN_POINT('',(-0.028,-0.024,0.));
#19380=CARTESIAN_POINT('',(-0.032,-0.024,0.));
#19381=CARTESIAN_POINT('',(-0.032,-0.028,0.));
#19382=CARTESIAN_POINT('',(-0.032,-0.032,0.));
#19383=CARTESIAN_POINT('',(-0.028,-0.032,0.));
#19384=CARTESIAN_POINT('',(0.027,-0.024,0.));
#19385=CARTESIAN_POINT('',(0.025475478405714,-0.024,0.));
#19386=CARTESIAN_POINT('',(0.031,-0.024,0.));
#19387=CARTESIAN_POINT('',(0.,2.14313189850787E-18,0.));
#19388=CARTESIAN_POINT('',(0.023,-0.0263818119165459,0.));
#19389=CARTESIAN_POINT('',(0.023,-0.028,0.));
#19390=CARTESIAN_POINT('',(0.023,-0.032,0.));
#19391=CARTESIAN_POINT('',(0.027,-0.032,0.));
#19392=CARTESIAN_POINT('',(0.031,-0.032,0.));
#19393=CARTESIAN_POINT('',(0.031,-0.028,0.));
#19394=CARTESIAN_POINT('',(0.,0.,0.));
#19395=CARTESIAN_POINT('',(-0.088,0.,0.));
#19396=CARTESIAN_POINT('',(-0.006,0.034,0.004));
#19397=CARTESIAN_POINT('',(-0.00830662386291808,0.034,0.004));
#19398=CARTESIAN_POINT('',(-0.00830662386291808,0.034,0.004));
#19399=CARTESIAN_POINT('',(-0.01,0.034,0.004));
#19400=CARTESIAN_POINT('',(-0.01,0.034,0.004));
#19401=CARTESIAN_POINT('',(-0.006,0.034,0.004));
#19402=CARTESIAN_POINT('',(-0.002,0.038,0.004));
#19403=CARTESIAN_POINT('',(-0.002,0.0349428104193123,0.004));
#19404=CARTESIAN_POINT('',(-0.002,0.0349428104193123,0.004));
#19405=CARTESIAN_POINT('',(-0.002,0.038,0.004));
#19406=CARTESIAN_POINT('',(-0.002,0.042,0.004));
#19407=CARTESIAN_POINT('',(-0.002,0.042,0.004));
#19408=CARTESIAN_POINT('',(-0.028,0.023,0.004));
#19409=CARTESIAN_POINT('',(-0.0263818119165459,0.023,0.004));
#19410=CARTESIAN_POINT('',(-0.0263818119165459,0.023,0.004));
#19411=CARTESIAN_POINT('',(-0.032,0.023,0.004));
#19412=CARTESIAN_POINT('',(-0.032,0.023,0.004));
#19413=CARTESIAN_POINT('',(-0.028,0.023,0.004));
#19414=CARTESIAN_POINT('',(-0.024,0.027,0.004));
#19415=CARTESIAN_POINT('',(-0.024,0.0254754784057141,0.004));
#19416=CARTESIAN_POINT('',(-0.024,0.0254754784057141,0.004));
#19417=CARTESIAN_POINT('',(-0.024,0.027,0.004));
#19418=CARTESIAN_POINT('',(-0.024,0.031,0.004));
#19419=CARTESIAN_POINT('',(-0.024,0.031,0.004));
#19420=CARTESIAN_POINT('',(-0.024,-0.028,0.004));
#19421=CARTESIAN_POINT('',(-0.024,-0.025475478405714,0.004));
#19422=CARTESIAN_POINT('',(-0.024,-0.025475478405714,0.004));
#19423=CARTESIAN_POINT('',(-0.024,-0.032,0.004));
#19424=CARTESIAN_POINT('',(-0.024,-0.032,0.004));
#19425=CARTESIAN_POINT('',(-0.024,-0.028,0.004));
#19426=CARTESIAN_POINT('',(-0.028,-0.024,0.004));
#19427=CARTESIAN_POINT('',(-0.025475478405714,-0.024,0.004));
#19428=CARTESIAN_POINT('',(-0.025475478405714,-0.024,0.004));
#19429=CARTESIAN_POINT('',(-0.028,-0.024,0.004));
#19430=CARTESIAN_POINT('',(-0.032,-0.024,0.004));
#19431=CARTESIAN_POINT('',(-0.032,-0.024,0.004));
#19432=CARTESIAN_POINT('',(0.027,-0.024,0.004));
#19433=CARTESIAN_POINT('',(0.025475478405714,-0.024,0.004));
#19434=CARTESIAN_POINT('',(0.025475478405714,-0.024,0.004));
#19435=CARTESIAN_POINT('',(0.031,-0.024,0.004));
#19436=CARTESIAN_POINT('',(0.031,-0.024,0.004));
#19437=CARTESIAN_POINT('',(0.027,-0.024,0.004));
#19438=CARTESIAN_POINT('',(0.023,-0.028,0.004));
#19439=CARTESIAN_POINT('',(0.023,-0.0263818119165459,0.004));
#19440=CARTESIAN_POINT('',(0.023,-0.0263818119165459,0.004));
#19441=CARTESIAN_POINT('',(0.023,-0.028,0.004));
#19442=CARTESIAN_POINT('',(0.023,-0.032,0.004));
#19443=CARTESIAN_POINT('',(0.023,-0.032,0.004));
#19444=CARTESIAN_POINT('',(0.001,0.038,0.004));
#19445=CARTESIAN_POINT('',(0.001,0.0349857113690718,0.004));
#19446=CARTESIAN_POINT('',(0.001,0.0349857113690718,0.004));
#19447=CARTESIAN_POINT('',(0.001,0.042,0.004));
#19448=CARTESIAN_POINT('',(0.001,0.042,0.004));
#19449=CARTESIAN_POINT('',(0.001,0.038,0.004));
#19450=CARTESIAN_POINT('',(0.005,0.034,0.004));
#19451=CARTESIAN_POINT('',(0.00830662386291808,0.034,0.004));
#19452=CARTESIAN_POINT('',(0.00830662386291808,0.034,0.004));
#19453=CARTESIAN_POINT('',(0.005,0.034,0.004));
#19454=CARTESIAN_POINT('',(0.009,0.034,0.004));
#19455=CARTESIAN_POINT('',(0.009,0.034,0.004));
#19456=CARTESIAN_POINT('',(0.034,0.005,0.004));
#19457=CARTESIAN_POINT('',(0.034,0.00830662386291811,0.004));
#19458=CARTESIAN_POINT('',(0.034,0.00830662386291811,0.004));
#19459=CARTESIAN_POINT('',(0.034,0.009,0.004));
#19460=CARTESIAN_POINT('',(0.034,0.009,0.004));
#19461=CARTESIAN_POINT('',(0.034,0.005,0.004));
#19462=CARTESIAN_POINT('',(0.038,0.001,0.004));
#19463=CARTESIAN_POINT('',(0.0349857113690718,0.001,0.004));
#19464=CARTESIAN_POINT('',(0.0349857113690718,0.001,0.004));
#19465=CARTESIAN_POINT('',(0.038,0.001,0.004));
#19466=CARTESIAN_POINT('',(0.042,0.001,0.004));
#19467=CARTESIAN_POINT('',(0.042,0.001,0.004));
#19468=CARTESIAN_POINT('',(0.038,-0.002,0.004));
#19469=CARTESIAN_POINT('',(0.0349428104193123,-0.002,0.004));
#19470=CARTESIAN_POINT('',(0.0349428104193123,-0.002,0.004));
#19471=CARTESIAN_POINT('',(0.042,-0.002,0.004));
#19472=CARTESIAN_POINT('',(0.042,-0.002,0.004));
#19473=CARTESIAN_POINT('',(0.038,-0.002,0.004));
#19474=CARTESIAN_POINT('',(0.034,-0.006,0.004));
#19475=CARTESIAN_POINT('',(0.034,-0.00830662386291808,0.004));
#19476=CARTESIAN_POINT('',(0.034,-0.00830662386291808,0.004));
#19477=CARTESIAN_POINT('',(0.034,-0.006,0.004));
#19478=CARTESIAN_POINT('',(0.034,-0.01,0.004));
#19479=CARTESIAN_POINT('',(0.034,-0.01,0.004));
#19480=CARTESIAN_POINT('',(0.023,0.027,0.004));
#19481=CARTESIAN_POINT('',(0.023,0.0263818119165459,0.004));
#19482=CARTESIAN_POINT('',(0.023,0.0263818119165459,0.004));
#19483=CARTESIAN_POINT('',(0.023,0.031,0.004));
#19484=CARTESIAN_POINT('',(0.023,0.031,0.004));
#19485=CARTESIAN_POINT('',(0.023,0.027,0.004));
#19486=CARTESIAN_POINT('',(0.027,0.023,0.004));
#19487=CARTESIAN_POINT('',(0.0263818119165459,0.023,0.004));
#19488=CARTESIAN_POINT('',(0.0263818119165459,0.023,0.004));
#19489=CARTESIAN_POINT('',(0.027,0.023,0.004));
#19490=CARTESIAN_POINT('',(0.031,0.023,0.004));
#19491=CARTESIAN_POINT('',(0.031,0.023,0.004));
#19492=CARTESIAN_POINT('',(0.,5.51091059616309E-18,0.004));
#19493=CARTESIAN_POINT('',(0.,0.,0.002));
#19494=CARTESIAN_POINT('',(-0.09,0.,0.002));
#19495=CARTESIAN_POINT('',(0.,5.51091059616309E-18,0.004));
#19496=CARTESIAN_POINT('',(0.09,5.51091059616309E-18,0.004));
#19497=CARTESIAN_POINT('',(0.,0.,0.004));
#19498=CARTESIAN_POINT('',(0.,2.14313189850787E-18,0.004));
#19499=CARTESIAN_POINT('',(0.031,-0.028,0.004));
#19500=CARTESIAN_POINT('',(0.031,-0.032,0.004));
#19501=CARTESIAN_POINT('',(0.027,-0.032,0.004));
#19502=CARTESIAN_POINT('',(0.,2.14313189850787E-18,0.004));
#19503=CARTESIAN_POINT('',(-0.028,-0.032,0.004));
#19504=CARTESIAN_POINT('',(-0.032,-0.032,0.004));
#19505=CARTESIAN_POINT('',(-0.032,-0.028,0.004));
#19506=CARTESIAN_POINT('',(0.,2.14313189850787E-18,0.004));
#19507=CARTESIAN_POINT('',(-0.032,0.027,0.004));
#19508=CARTESIAN_POINT('',(-0.032,0.031,0.004));
#19509=CARTESIAN_POINT('',(-0.028,0.031,0.004));
#19510=CARTESIAN_POINT('',(0.,2.14313189850787E-18,0.004));
#19511=CARTESIAN_POINT('',(-0.01,0.038,0.004));
#19512=CARTESIAN_POINT('',(-0.01,0.042,0.004));
#19513=CARTESIAN_POINT('',(-0.006,0.042,0.004));
#19514=CARTESIAN_POINT('',(0.,2.14313189850787E-18,0.004));
#19515=CARTESIAN_POINT('',(0.005,0.042,0.004));
#19516=CARTESIAN_POINT('',(0.009,0.042,0.004));
#19517=CARTESIAN_POINT('',(0.009,0.038,0.004));
#19518=CARTESIAN_POINT('',(0.,2.14313189850787E-18,0.004));
#19519=CARTESIAN_POINT('',(0.027,0.031,0.004));
#19520=CARTESIAN_POINT('',(0.031,0.031,0.004));
#19521=CARTESIAN_POINT('',(0.031,0.027,0.004));
#19522=CARTESIAN_POINT('',(0.,2.14313189850787E-18,0.004));
#19523=CARTESIAN_POINT('',(0.038,0.009,0.004));
#19524=CARTESIAN_POINT('',(0.042,0.009,0.004));
#19525=CARTESIAN_POINT('',(0.042,0.005,0.004));
#19526=CARTESIAN_POINT('',(0.082,-0.013,0.004));
#19527=CARTESIAN_POINT('',(0.078,-0.013,0.004));
#19528=CARTESIAN_POINT('',(0.084,-0.013,0.004));
#19529=CARTESIAN_POINT('',(0.,5.20474889637625E-18,0.004));
#19530=CARTESIAN_POINT('',(0.082365041127896,-0.021,0.004));
#19531=CARTESIAN_POINT('',(0.082,-0.021,0.004));
#19532=CARTESIAN_POINT('',(0.078,-0.021,0.004));
#19533=CARTESIAN_POINT('',(0.078,-0.017,0.004));
#19534=CARTESIAN_POINT('',(0.075,-0.039,0.004));
#19535=CARTESIAN_POINT('',(0.075,-0.035,0.004));
#19536=CARTESIAN_POINT('',(0.075,-0.04,0.004));
#19537=CARTESIAN_POINT('',(0.,5.20474889637625E-18,0.004));
#19538=CARTESIAN_POINT('',(0.0733212111192935,-0.043,0.004));
#19539=CARTESIAN_POINT('',(0.071,-0.043,0.004));
#19540=CARTESIAN_POINT('',(0.067,-0.043,0.004));
#19541=CARTESIAN_POINT('',(0.067,-0.039,0.004));
#19542=CARTESIAN_POINT('',(0.067,-0.035,0.004));
#19543=CARTESIAN_POINT('',(0.071,-0.035,0.004));
#19544=CARTESIAN_POINT('',(0.042,-0.072,0.004));
#19545=CARTESIAN_POINT('',(0.042,-0.068,0.004));
#19546=CARTESIAN_POINT('',(0.042,-0.0738985791473693,0.004));
#19547=CARTESIAN_POINT('',(0.,5.20474889637625E-18,0.004));
#19548=CARTESIAN_POINT('',(0.0380657326213486,-0.076,0.004));
#19549=CARTESIAN_POINT('',(0.038,-0.076,0.004));
#19550=CARTESIAN_POINT('',(0.034,-0.076,0.004));
#19551=CARTESIAN_POINT('',(0.034,-0.072,0.004));
#19552=CARTESIAN_POINT('',(0.034,-0.068,0.004));
#19553=CARTESIAN_POINT('',(0.038,-0.068,0.004));
#19554=CARTESIAN_POINT('',(0.02,-0.083,0.004));
#19555=CARTESIAN_POINT('',(0.02,-0.079,0.004));
#19556=CARTESIAN_POINT('',(0.02,-0.0826135582092915,0.004));
#19557=CARTESIAN_POINT('',(0.,5.20474889637625E-18,0.004));
#19558=CARTESIAN_POINT('',(0.012,-0.0841486779456457,0.004));
#19559=CARTESIAN_POINT('',(0.012,-0.083,0.004));
#19560=CARTESIAN_POINT('',(0.012,-0.079,0.004));
#19561=CARTESIAN_POINT('',(0.016,-0.079,0.004));
#19562=CARTESIAN_POINT('',(0.009,-0.083,0.004));
#19563=CARTESIAN_POINT('',(0.009,-0.079,0.004));
#19564=CARTESIAN_POINT('',(0.009,-0.0845221864364618,0.004));
#19565=CARTESIAN_POINT('',(0.,5.20474889637625E-18,0.004));
#19566=CARTESIAN_POINT('',(0.001,-0.0849941174435031,0.004));
#19567=CARTESIAN_POINT('',(0.001,-0.083,0.004));
#19568=CARTESIAN_POINT('',(0.001,-0.079,0.004));
#19569=CARTESIAN_POINT('',(0.005,-0.079,0.004));
#19570=CARTESIAN_POINT('',(-0.002,-0.083,0.004));
#19571=CARTESIAN_POINT('',(-0.002,-0.079,0.004));
#19572=CARTESIAN_POINT('',(-0.002,-0.0849764673306675,0.004));
#19573=CARTESIAN_POINT('',(0.,5.20474889637625E-18,0.004));
#19574=CARTESIAN_POINT('',(-0.01,-0.0844097150806707,0.004));
#19575=CARTESIAN_POINT('',(-0.01,-0.083,0.004));
#19576=CARTESIAN_POINT('',(-0.01,-0.079,0.004));
#19577=CARTESIAN_POINT('',(-0.006,-0.079,0.004));
#19578=CARTESIAN_POINT('',(-0.013,-0.083,0.004));
#19579=CARTESIAN_POINT('',(-0.013,-0.079,0.004));
#19580=CARTESIAN_POINT('',(-0.013,-0.084,0.004));
#19581=CARTESIAN_POINT('',(0.,5.20474889637625E-18,0.004));
#19582=CARTESIAN_POINT('',(-0.021,-0.082365041127896,0.004));
#19583=CARTESIAN_POINT('',(-0.021,-0.083,0.004));
#19584=CARTESIAN_POINT('',(-0.021,-0.079,0.004));
#19585=CARTESIAN_POINT('',(-0.017,-0.079,0.004));
#19586=CARTESIAN_POINT('',(-0.039,-0.076,0.004));
#19587=CARTESIAN_POINT('',(-0.035,-0.076,0.004));
#19588=CARTESIAN_POINT('',(-0.0380657326213486,-0.076,0.004));
#19589=CARTESIAN_POINT('',(0.,5.20474889637625E-18,0.004));
#19590=CARTESIAN_POINT('',(-0.043,-0.0733212111192935,0.004));
#19591=CARTESIAN_POINT('',(-0.043,-0.072,0.004));
#19592=CARTESIAN_POINT('',(-0.043,-0.068,0.004));
#19593=CARTESIAN_POINT('',(-0.039,-0.068,0.004));
#19594=CARTESIAN_POINT('',(-0.035,-0.068,0.004));
#19595=CARTESIAN_POINT('',(-0.035,-0.072,0.004));
#19596=CARTESIAN_POINT('',(-0.072,-0.043,0.004));
#19597=CARTESIAN_POINT('',(-0.068,-0.043,0.004));
#19598=CARTESIAN_POINT('',(-0.0733212111192935,-0.043,0.004));
#19599=CARTESIAN_POINT('',(0.,5.20474889637625E-18,0.004));
#19600=CARTESIAN_POINT('',(-0.076,-0.0380657326213486,0.004));
#19601=CARTESIAN_POINT('',(-0.076,-0.039,0.004));
#19602=CARTESIAN_POINT('',(-0.076,-0.035,0.004));
#19603=CARTESIAN_POINT('',(-0.072,-0.035,0.004));
#19604=CARTESIAN_POINT('',(-0.068,-0.035,0.004));
#19605=CARTESIAN_POINT('',(-0.068,-0.039,0.004));
#19606=CARTESIAN_POINT('',(-0.083,-0.021,0.004));
#19607=CARTESIAN_POINT('',(-0.079,-0.021,0.004));
#19608=CARTESIAN_POINT('',(-0.082365041127896,-0.021,0.004));
#19609=CARTESIAN_POINT('',(0.,5.20474889637625E-18,0.004));
#19610=CARTESIAN_POINT('',(-0.084,-0.013,0.004));
#19611=CARTESIAN_POINT('',(-0.083,-0.013,0.004));
#19612=CARTESIAN_POINT('',(-0.079,-0.013,0.004));
#19613=CARTESIAN_POINT('',(-0.079,-0.017,0.004));
#19614=CARTESIAN_POINT('',(-0.083,-0.01,0.004));
#19615=CARTESIAN_POINT('',(-0.079,-0.01,0.004));
#19616=CARTESIAN_POINT('',(-0.0844097150806707,-0.01,0.004));
#19617=CARTESIAN_POINT('',(0.,5.20474889637625E-18,0.004));
#19618=CARTESIAN_POINT('',(-0.0849764673306675,-0.002,0.004));
#19619=CARTESIAN_POINT('',(-0.083,-0.002,0.004));
#19620=CARTESIAN_POINT('',(-0.079,-0.002,0.004));
#19621=CARTESIAN_POINT('',(-0.079,-0.006,0.004));
#19622=CARTESIAN_POINT('',(-0.083,0.001,0.004));
#19623=CARTESIAN_POINT('',(-0.079,0.001,0.004));
#19624=CARTESIAN_POINT('',(-0.0849941174435031,0.001,0.004));
#19625=CARTESIAN_POINT('',(0.,5.20474889637625E-18,0.004));
#19626=CARTESIAN_POINT('',(-0.0845221864364618,0.009,0.004));
#19627=CARTESIAN_POINT('',(-0.083,0.009,0.004));
#19628=CARTESIAN_POINT('',(-0.079,0.009,0.004));
#19629=CARTESIAN_POINT('',(-0.079,0.005,0.004));
#19630=CARTESIAN_POINT('',(-0.083,0.012,0.004));
#19631=CARTESIAN_POINT('',(-0.079,0.012,0.004));
#19632=CARTESIAN_POINT('',(-0.0841486779456457,0.012,0.004));
#19633=CARTESIAN_POINT('',(0.,5.20474889637625E-18,0.004));
#19634=CARTESIAN_POINT('',(-0.0826135582092916,0.02,0.004));
#19635=CARTESIAN_POINT('',(-0.083,0.02,0.004));
#19636=CARTESIAN_POINT('',(-0.079,0.02,0.004));
#19637=CARTESIAN_POINT('',(-0.079,0.016,0.004));
#19638=CARTESIAN_POINT('',(-0.076,0.038,0.004));
#19639=CARTESIAN_POINT('',(-0.076,0.034,0.004));
#19640=CARTESIAN_POINT('',(-0.076,0.0380657326213487,0.004));
#19641=CARTESIAN_POINT('',(0.,5.20474889637625E-18,0.004));
#19642=CARTESIAN_POINT('',(-0.0738985791473693,0.042,0.004));
#19643=CARTESIAN_POINT('',(-0.072,0.042,0.004));
#19644=CARTESIAN_POINT('',(-0.068,0.042,0.004));
#19645=CARTESIAN_POINT('',(-0.068,0.038,0.004));
#19646=CARTESIAN_POINT('',(-0.068,0.034,0.004));
#19647=CARTESIAN_POINT('',(-0.072,0.034,0.004));
#19648=CARTESIAN_POINT('',(-0.043,0.071,0.004));
#19649=CARTESIAN_POINT('',(-0.043,0.067,0.004));
#19650=CARTESIAN_POINT('',(-0.043,0.0733212111192935,0.004));
#19651=CARTESIAN_POINT('',(0.,5.20474889637625E-18,0.004));
#19652=CARTESIAN_POINT('',(-0.04,0.075,0.004));
#19653=CARTESIAN_POINT('',(-0.039,0.075,0.004));
#19654=CARTESIAN_POINT('',(-0.035,0.075,0.004));
#19655=CARTESIAN_POINT('',(-0.035,0.071,0.004));
#19656=CARTESIAN_POINT('',(-0.035,0.067,0.004));
#19657=CARTESIAN_POINT('',(-0.039,0.067,0.004));
#19658=CARTESIAN_POINT('',(-0.021,0.082,0.004));
#19659=CARTESIAN_POINT('',(-0.021,0.078,0.004));
#19660=CARTESIAN_POINT('',(-0.021,0.082365041127896,0.004));
#19661=CARTESIAN_POINT('',(0.,5.20474889637625E-18,0.004));
#19662=CARTESIAN_POINT('',(-0.013,0.084,0.004));
#19663=CARTESIAN_POINT('',(-0.013,0.082,0.004));
#19664=CARTESIAN_POINT('',(-0.013,0.078,0.004));
#19665=CARTESIAN_POINT('',(-0.017,0.078,0.004));
#19666=CARTESIAN_POINT('',(-0.01,0.082,0.004));
#19667=CARTESIAN_POINT('',(-0.01,0.078,0.004));
#19668=CARTESIAN_POINT('',(-0.01,0.0844097150806707,0.004));
#19669=CARTESIAN_POINT('',(0.,5.20474889637625E-18,0.004));
#19670=CARTESIAN_POINT('',(-0.002,0.0849764673306675,0.004));
#19671=CARTESIAN_POINT('',(-0.002,0.082,0.004));
#19672=CARTESIAN_POINT('',(-0.002,0.078,0.004));
#19673=CARTESIAN_POINT('',(-0.006,0.078,0.004));
#19674=CARTESIAN_POINT('',(0.001,0.082,0.004));
#19675=CARTESIAN_POINT('',(0.001,0.078,0.004));
#19676=CARTESIAN_POINT('',(0.001,0.0849941174435031,0.004));
#19677=CARTESIAN_POINT('',(0.,5.20474889637625E-18,0.004));
#19678=CARTESIAN_POINT('',(0.009,0.0845221864364618,0.004));
#19679=CARTESIAN_POINT('',(0.009,0.082,0.004));
#19680=CARTESIAN_POINT('',(0.009,0.078,0.004));
#19681=CARTESIAN_POINT('',(0.005,0.078,0.004));
#19682=CARTESIAN_POINT('',(0.012,0.082,0.004));
#19683=CARTESIAN_POINT('',(0.012,0.078,0.004));
#19684=CARTESIAN_POINT('',(0.012,0.0841486779456457,0.004));
#19685=CARTESIAN_POINT('',(0.,5.20474889637625E-18,0.004));
#19686=CARTESIAN_POINT('',(0.02,0.0826135582092915,0.004));
#19687=CARTESIAN_POINT('',(0.02,0.082,0.004));
#19688=CARTESIAN_POINT('',(0.02,0.078,0.004));
#19689=CARTESIAN_POINT('',(0.016,0.078,0.004));
#19690=CARTESIAN_POINT('',(0.038,0.075,0.004));
#19691=CARTESIAN_POINT('',(0.034,0.075,0.004));
#19692=CARTESIAN_POINT('',(0.04,0.075,0.004));
#19693=CARTESIAN_POINT('',(0.,5.20474889637625E-18,0.004));
#19694=CARTESIAN_POINT('',(0.042,0.0738985791473693,0.004));
#19695=CARTESIAN_POINT('',(0.042,0.071,0.004));
#19696=CARTESIAN_POINT('',(0.042,0.067,0.004));
#19697=CARTESIAN_POINT('',(0.038,0.067,0.004));
#19698=CARTESIAN_POINT('',(0.034,0.067,0.004));
#19699=CARTESIAN_POINT('',(0.034,0.071,0.004));
#19700=CARTESIAN_POINT('',(0.071,0.042,0.004));
#19701=CARTESIAN_POINT('',(0.067,0.042,0.004));
#19702=CARTESIAN_POINT('',(0.0738985791473693,0.042,0.004));
#19703=CARTESIAN_POINT('',(0.,5.20474889637625E-18,0.004));
#19704=CARTESIAN_POINT('',(0.075,0.04,0.004));
#19705=CARTESIAN_POINT('',(0.075,0.038,0.004));
#19706=CARTESIAN_POINT('',(0.075,0.034,0.004));
#19707=CARTESIAN_POINT('',(0.071,0.034,0.004));
#19708=CARTESIAN_POINT('',(0.067,0.034,0.004));
#19709=CARTESIAN_POINT('',(0.067,0.038,0.004));
#19710=CARTESIAN_POINT('',(0.082,0.02,0.004));
#19711=CARTESIAN_POINT('',(0.078,0.02,0.004));
#19712=CARTESIAN_POINT('',(0.0826135582092916,0.02,0.004));
#19713=CARTESIAN_POINT('',(0.,5.20474889637625E-18,0.004));
#19714=CARTESIAN_POINT('',(0.0841486779456457,0.012,0.004));
#19715=CARTESIAN_POINT('',(0.082,0.012,0.004));
#19716=CARTESIAN_POINT('',(0.078,0.012,0.004));
#19717=CARTESIAN_POINT('',(0.078,0.016,0.004));
#19718=CARTESIAN_POINT('',(0.082,0.009,0.004));
#19719=CARTESIAN_POINT('',(0.078,0.009,0.004));
#19720=CARTESIAN_POINT('',(0.0845221864364618,0.009,0.004));
#19721=CARTESIAN_POINT('',(0.,5.20474889637625E-18,0.004));
#19722=CARTESIAN_POINT('',(0.0849941174435031,0.001,0.004));
#19723=CARTESIAN_POINT('',(0.082,0.001,0.004));
#19724=CARTESIAN_POINT('',(0.078,0.001,0.004));
#19725=CARTESIAN_POINT('',(0.078,0.005,0.004));
#19726=CARTESIAN_POINT('',(0.,5.20474889637625E-18,0.004));
#19727=CARTESIAN_POINT('',(0.0844097150806707,-0.01,0.004));
#19728=CARTESIAN_POINT('',(0.0849764673306675,-0.002,0.004));
#19729=CARTESIAN_POINT('',(0.082,-0.01,0.004));
#19730=CARTESIAN_POINT('',(0.078,-0.01,0.004));
#19731=CARTESIAN_POINT('',(0.078,-0.006,0.004));
#19732=CARTESIAN_POINT('',(0.078,-0.002,0.004));
#19733=CARTESIAN_POINT('',(0.082,-0.002,0.004));
#19734=CARTESIAN_POINT('',(-0.028,-0.076,0.004));
#19735=CARTESIAN_POINT('',(-0.024,-0.076,0.004));
#19736=CARTESIAN_POINT('',(-0.032,-0.076,0.004));
#19737=CARTESIAN_POINT('',(-0.032,-0.072,0.004));
#19738=CARTESIAN_POINT('',(-0.032,-0.068,0.004));
#19739=CARTESIAN_POINT('',(-0.028,-0.068,0.004));
#19740=CARTESIAN_POINT('',(-0.024,-0.068,0.004));
#19741=CARTESIAN_POINT('',(-0.024,-0.072,0.004));
#19742=CARTESIAN_POINT('',(-0.054,0.027,0.004));
#19743=CARTESIAN_POINT('',(-0.054,0.023,0.004));
#19744=CARTESIAN_POINT('',(-0.054,0.031,0.004));
#19745=CARTESIAN_POINT('',(-0.05,0.031,0.004));
#19746=CARTESIAN_POINT('',(-0.046,0.031,0.004));
#19747=CARTESIAN_POINT('',(-0.046,0.027,0.004));
#19748=CARTESIAN_POINT('',(-0.046,0.023,0.004));
#19749=CARTESIAN_POINT('',(-0.05,0.023,0.004));
#19750=CARTESIAN_POINT('',(-0.043,0.027,0.004));
#19751=CARTESIAN_POINT('',(-0.043,0.023,0.004));
#19752=CARTESIAN_POINT('',(-0.043,0.031,0.004));
#19753=CARTESIAN_POINT('',(-0.039,0.031,0.004));
#19754=CARTESIAN_POINT('',(-0.035,0.031,0.004));
#19755=CARTESIAN_POINT('',(-0.035,0.027,0.004));
#19756=CARTESIAN_POINT('',(-0.035,0.023,0.004));
#19757=CARTESIAN_POINT('',(-0.039,0.023,0.004));
#19758=CARTESIAN_POINT('',(-0.043,0.038,0.004));
#19759=CARTESIAN_POINT('',(-0.043,0.034,0.004));
#19760=CARTESIAN_POINT('',(-0.043,0.042,0.004));
#19761=CARTESIAN_POINT('',(-0.039,0.042,0.004));
#19762=CARTESIAN_POINT('',(-0.035,0.042,0.004));
#19763=CARTESIAN_POINT('',(-0.035,0.038,0.004));
#19764=CARTESIAN_POINT('',(-0.035,0.034,0.004));
#19765=CARTESIAN_POINT('',(-0.039,0.034,0.004));
#19766=CARTESIAN_POINT('',(-0.043,0.049,0.004));
#19767=CARTESIAN_POINT('',(-0.043,0.045,0.004));
#19768=CARTESIAN_POINT('',(-0.043,0.053,0.004));
#19769=CARTESIAN_POINT('',(-0.039,0.053,0.004));
#19770=CARTESIAN_POINT('',(-0.035,0.053,0.004));
#19771=CARTESIAN_POINT('',(-0.035,0.049,0.004));
#19772=CARTESIAN_POINT('',(-0.035,0.045,0.004));
#19773=CARTESIAN_POINT('',(-0.039,0.045,0.004));
#19774=CARTESIAN_POINT('',(-0.043,0.06,0.004));
#19775=CARTESIAN_POINT('',(-0.043,0.056,0.004));
#19776=CARTESIAN_POINT('',(-0.043,0.064,0.004));
#19777=CARTESIAN_POINT('',(-0.039,0.064,0.004));
#19778=CARTESIAN_POINT('',(-0.035,0.064,0.004));
#19779=CARTESIAN_POINT('',(-0.035,0.06,0.004));
#19780=CARTESIAN_POINT('',(-0.035,0.056,0.004));
#19781=CARTESIAN_POINT('',(-0.039,0.056,0.004));
#19782=CARTESIAN_POINT('',(-0.032,0.06,0.004));
#19783=CARTESIAN_POINT('',(-0.032,0.056,0.004));
#19784=CARTESIAN_POINT('',(-0.032,0.064,0.004));
#19785=CARTESIAN_POINT('',(-0.028,0.064,0.004));
#19786=CARTESIAN_POINT('',(-0.024,0.064,0.004));
#19787=CARTESIAN_POINT('',(-0.024,0.06,0.004));
#19788=CARTESIAN_POINT('',(-0.024,0.056,0.004));
#19789=CARTESIAN_POINT('',(-0.028,0.056,0.004));
#19790=CARTESIAN_POINT('',(-0.032,0.049,0.004));
#19791=CARTESIAN_POINT('',(-0.032,0.045,0.004));
#19792=CARTESIAN_POINT('',(-0.032,0.053,0.004));
#19793=CARTESIAN_POINT('',(-0.028,0.053,0.004));
#19794=CARTESIAN_POINT('',(-0.024,0.053,0.004));
#19795=CARTESIAN_POINT('',(-0.024,0.049,0.004));
#19796=CARTESIAN_POINT('',(-0.024,0.045,0.004));
#19797=CARTESIAN_POINT('',(-0.028,0.045,0.004));
#19798=CARTESIAN_POINT('',(-0.032,0.038,0.004));
#19799=CARTESIAN_POINT('',(-0.032,0.034,0.004));
#19800=CARTESIAN_POINT('',(-0.032,0.042,0.004));
#19801=CARTESIAN_POINT('',(-0.028,0.042,0.004));
#19802=CARTESIAN_POINT('',(-0.024,0.042,0.004));
#19803=CARTESIAN_POINT('',(-0.024,0.038,0.004));
#19804=CARTESIAN_POINT('',(-0.024,0.034,0.004));
#19805=CARTESIAN_POINT('',(-0.028,0.034,0.004));
#19806=CARTESIAN_POINT('',(-0.054,0.06,0.004));
#19807=CARTESIAN_POINT('',(-0.054,0.056,0.004));
#19808=CARTESIAN_POINT('',(-0.054,0.064,0.004));
#19809=CARTESIAN_POINT('',(-0.05,0.064,0.004));
#19810=CARTESIAN_POINT('',(-0.046,0.064,0.004));
#19811=CARTESIAN_POINT('',(-0.046,0.06,0.004));
#19812=CARTESIAN_POINT('',(-0.046,0.056,0.004));
#19813=CARTESIAN_POINT('',(-0.05,0.056,0.004));
#19814=CARTESIAN_POINT('',(-0.065,0.049,0.004));
#19815=CARTESIAN_POINT('',(-0.065,0.045,0.004));
#19816=CARTESIAN_POINT('',(-0.065,0.053,0.004));
#19817=CARTESIAN_POINT('',(-0.061,0.053,0.004));
#19818=CARTESIAN_POINT('',(-0.057,0.053,0.004));
#19819=CARTESIAN_POINT('',(-0.057,0.049,0.004));
#19820=CARTESIAN_POINT('',(-0.057,0.045,0.004));
#19821=CARTESIAN_POINT('',(-0.061,0.045,0.004));
#19822=CARTESIAN_POINT('',(-0.076,0.027,0.004));
#19823=CARTESIAN_POINT('',(-0.076,0.023,0.004));
#19824=CARTESIAN_POINT('',(-0.076,0.031,0.004));
#19825=CARTESIAN_POINT('',(-0.072,0.031,0.004));
#19826=CARTESIAN_POINT('',(-0.068,0.031,0.004));
#19827=CARTESIAN_POINT('',(-0.068,0.027,0.004));
#19828=CARTESIAN_POINT('',(-0.068,0.023,0.004));
#19829=CARTESIAN_POINT('',(-0.072,0.023,0.004));
#19830=CARTESIAN_POINT('',(-0.065,0.027,0.004));
#19831=CARTESIAN_POINT('',(-0.065,0.023,0.004));
#19832=CARTESIAN_POINT('',(-0.065,0.031,0.004));
#19833=CARTESIAN_POINT('',(-0.061,0.031,0.004));
#19834=CARTESIAN_POINT('',(-0.057,0.031,0.004));
#19835=CARTESIAN_POINT('',(-0.057,0.027,0.004));
#19836=CARTESIAN_POINT('',(-0.057,0.023,0.004));
#19837=CARTESIAN_POINT('',(-0.061,0.023,0.004));
#19838=CARTESIAN_POINT('',(-0.065,0.038,0.004));
#19839=CARTESIAN_POINT('',(-0.065,0.034,0.004));
#19840=CARTESIAN_POINT('',(-0.065,0.042,0.004));
#19841=CARTESIAN_POINT('',(-0.061,0.042,0.004));
#19842=CARTESIAN_POINT('',(-0.057,0.042,0.004));
#19843=CARTESIAN_POINT('',(-0.057,0.038,0.004));
#19844=CARTESIAN_POINT('',(-0.057,0.034,0.004));
#19845=CARTESIAN_POINT('',(-0.061,0.034,0.004));
#19846=CARTESIAN_POINT('',(-0.054,0.049,0.004));
#19847=CARTESIAN_POINT('',(-0.054,0.045,0.004));
#19848=CARTESIAN_POINT('',(-0.054,0.053,0.004));
#19849=CARTESIAN_POINT('',(-0.05,0.053,0.004));
#19850=CARTESIAN_POINT('',(-0.046,0.053,0.004));
#19851=CARTESIAN_POINT('',(-0.046,0.049,0.004));
#19852=CARTESIAN_POINT('',(-0.046,0.045,0.004));
#19853=CARTESIAN_POINT('',(-0.05,0.045,0.004));
#19854=CARTESIAN_POINT('',(-0.054,0.038,0.004));
#19855=CARTESIAN_POINT('',(-0.054,0.034,0.004));
#19856=CARTESIAN_POINT('',(-0.054,0.042,0.004));
#19857=CARTESIAN_POINT('',(-0.05,0.042,0.004));
#19858=CARTESIAN_POINT('',(-0.046,0.042,0.004));
#19859=CARTESIAN_POINT('',(-0.046,0.038,0.004));
#19860=CARTESIAN_POINT('',(-0.046,0.034,0.004));
#19861=CARTESIAN_POINT('',(-0.05,0.034,0.004));
#19862=CARTESIAN_POINT('',(-0.021,0.071,0.004));
#19863=CARTESIAN_POINT('',(-0.021,0.067,0.004));
#19864=CARTESIAN_POINT('',(-0.021,0.075,0.004));
#19865=CARTESIAN_POINT('',(-0.017,0.075,0.004));
#19866=CARTESIAN_POINT('',(-0.013,0.075,0.004));
#19867=CARTESIAN_POINT('',(-0.013,0.071,0.004));
#19868=CARTESIAN_POINT('',(-0.013,0.067,0.004));
#19869=CARTESIAN_POINT('',(-0.017,0.067,0.004));
#19870=CARTESIAN_POINT('',(-0.01,0.071,0.004));
#19871=CARTESIAN_POINT('',(-0.01,0.067,0.004));
#19872=CARTESIAN_POINT('',(-0.01,0.075,0.004));
#19873=CARTESIAN_POINT('',(-0.006,0.075,0.004));
#19874=CARTESIAN_POINT('',(-0.002,0.075,0.004));
#19875=CARTESIAN_POINT('',(-0.002,0.071,0.004));
#19876=CARTESIAN_POINT('',(-0.002,0.067,0.004));
#19877=CARTESIAN_POINT('',(-0.006,0.067,0.004));
#19878=CARTESIAN_POINT('',(-0.01,0.06,0.004));
#19879=CARTESIAN_POINT('',(-0.01,0.056,0.004));
#19880=CARTESIAN_POINT('',(-0.01,0.064,0.004));
#19881=CARTESIAN_POINT('',(-0.006,0.064,0.004));
#19882=CARTESIAN_POINT('',(-0.002,0.064,0.004));
#19883=CARTESIAN_POINT('',(-0.002,0.06,0.004));
#19884=CARTESIAN_POINT('',(-0.002,0.056,0.004));
#19885=CARTESIAN_POINT('',(-0.006,0.056,0.004));
#19886=CARTESIAN_POINT('',(-0.01,0.049,0.004));
#19887=CARTESIAN_POINT('',(-0.01,0.045,0.004));
#19888=CARTESIAN_POINT('',(-0.01,0.053,0.004));
#19889=CARTESIAN_POINT('',(-0.006,0.053,0.004));
#19890=CARTESIAN_POINT('',(-0.002,0.053,0.004));
#19891=CARTESIAN_POINT('',(-0.002,0.049,0.004));
#19892=CARTESIAN_POINT('',(-0.002,0.045,0.004));
#19893=CARTESIAN_POINT('',(-0.006,0.045,0.004));
#19894=CARTESIAN_POINT('',(-0.021,0.06,0.004));
#19895=CARTESIAN_POINT('',(-0.021,0.056,0.004));
#19896=CARTESIAN_POINT('',(-0.021,0.064,0.004));
#19897=CARTESIAN_POINT('',(-0.017,0.064,0.004));
#19898=CARTESIAN_POINT('',(-0.013,0.064,0.004));
#19899=CARTESIAN_POINT('',(-0.013,0.06,0.004));
#19900=CARTESIAN_POINT('',(-0.013,0.056,0.004));
#19901=CARTESIAN_POINT('',(-0.017,0.056,0.004));
#19902=CARTESIAN_POINT('',(-0.021,0.049,0.004));
#19903=CARTESIAN_POINT('',(-0.021,0.045,0.004));
#19904=CARTESIAN_POINT('',(-0.021,0.053,0.004));
#19905=CARTESIAN_POINT('',(-0.017,0.053,0.004));
#19906=CARTESIAN_POINT('',(-0.013,0.053,0.004));
#19907=CARTESIAN_POINT('',(-0.013,0.049,0.004));
#19908=CARTESIAN_POINT('',(-0.013,0.045,0.004));
#19909=CARTESIAN_POINT('',(-0.017,0.045,0.004));
#19910=CARTESIAN_POINT('',(-0.021,0.038,0.004));
#19911=CARTESIAN_POINT('',(-0.021,0.034,0.004));
#19912=CARTESIAN_POINT('',(-0.021,0.042,0.004));
#19913=CARTESIAN_POINT('',(-0.017,0.042,0.004));
#19914=CARTESIAN_POINT('',(-0.013,0.042,0.004));
#19915=CARTESIAN_POINT('',(-0.013,0.038,0.004));
#19916=CARTESIAN_POINT('',(-0.013,0.034,0.004));
#19917=CARTESIAN_POINT('',(-0.017,0.034,0.004));
#19918=CARTESIAN_POINT('',(-0.061,-0.043,0.004));
#19919=CARTESIAN_POINT('',(-0.057,-0.043,0.004));
#19920=CARTESIAN_POINT('',(-0.065,-0.043,0.004));
#19921=CARTESIAN_POINT('',(-0.065,-0.039,0.004));
#19922=CARTESIAN_POINT('',(-0.065,-0.035,0.004));
#19923=CARTESIAN_POINT('',(-0.061,-0.035,0.004));
#19924=CARTESIAN_POINT('',(-0.057,-0.035,0.004));
#19925=CARTESIAN_POINT('',(-0.057,-0.039,0.004));
#19926=CARTESIAN_POINT('',(-0.05,-0.043,0.004));
#19927=CARTESIAN_POINT('',(-0.046,-0.043,0.004));
#19928=CARTESIAN_POINT('',(-0.054,-0.043,0.004));
#19929=CARTESIAN_POINT('',(-0.054,-0.039,0.004));
#19930=CARTESIAN_POINT('',(-0.054,-0.035,0.004));
#19931=CARTESIAN_POINT('',(-0.05,-0.035,0.004));
#19932=CARTESIAN_POINT('',(-0.046,-0.035,0.004));
#19933=CARTESIAN_POINT('',(-0.046,-0.039,0.004));
#19934=CARTESIAN_POINT('',(-0.039,-0.043,0.004));
#19935=CARTESIAN_POINT('',(-0.035,-0.043,0.004));
#19936=CARTESIAN_POINT('',(-0.043,-0.043,0.004));
#19937=CARTESIAN_POINT('',(-0.043,-0.039,0.004));
#19938=CARTESIAN_POINT('',(-0.043,-0.035,0.004));
#19939=CARTESIAN_POINT('',(-0.039,-0.035,0.004));
#19940=CARTESIAN_POINT('',(-0.035,-0.035,0.004));
#19941=CARTESIAN_POINT('',(-0.035,-0.039,0.004));
#19942=CARTESIAN_POINT('',(-0.028,-0.043,0.004));
#19943=CARTESIAN_POINT('',(-0.024,-0.043,0.004));
#19944=CARTESIAN_POINT('',(-0.032,-0.043,0.004));
#19945=CARTESIAN_POINT('',(-0.032,-0.039,0.004));
#19946=CARTESIAN_POINT('',(-0.032,-0.035,0.004));
#19947=CARTESIAN_POINT('',(-0.028,-0.035,0.004));
#19948=CARTESIAN_POINT('',(-0.024,-0.035,0.004));
#19949=CARTESIAN_POINT('',(-0.024,-0.039,0.004));
#19950=CARTESIAN_POINT('',(-0.017,-0.043,0.004));
#19951=CARTESIAN_POINT('',(-0.013,-0.043,0.004));
#19952=CARTESIAN_POINT('',(-0.021,-0.043,0.004));
#19953=CARTESIAN_POINT('',(-0.021,-0.039,0.004));
#19954=CARTESIAN_POINT('',(-0.021,-0.035,0.004));
#19955=CARTESIAN_POINT('',(-0.017,-0.035,0.004));
#19956=CARTESIAN_POINT('',(-0.013,-0.035,0.004));
#19957=CARTESIAN_POINT('',(-0.013,-0.039,0.004));
#19958=CARTESIAN_POINT('',(-0.006,-0.043,0.004));
#19959=CARTESIAN_POINT('',(-0.002,-0.043,0.004));
#19960=CARTESIAN_POINT('',(-0.01,-0.043,0.004));
#19961=CARTESIAN_POINT('',(-0.01,-0.039,0.004));
#19962=CARTESIAN_POINT('',(-0.01,-0.035,0.004));
#19963=CARTESIAN_POINT('',(-0.006,-0.035,0.004));
#19964=CARTESIAN_POINT('',(-0.002,-0.035,0.004));
#19965=CARTESIAN_POINT('',(-0.002,-0.039,0.004));
#19966=CARTESIAN_POINT('',(0.005,-0.035,0.004));
#19967=CARTESIAN_POINT('',(0.001,-0.035,0.004));
#19968=CARTESIAN_POINT('',(0.009,-0.035,0.004));
#19969=CARTESIAN_POINT('',(0.009,-0.039,0.004));
#19970=CARTESIAN_POINT('',(0.009,-0.043,0.004));
#19971=CARTESIAN_POINT('',(0.005,-0.043,0.004));
#19972=CARTESIAN_POINT('',(0.001,-0.043,0.004));
#19973=CARTESIAN_POINT('',(0.001,-0.039,0.004));
#19974=CARTESIAN_POINT('',(0.016,-0.035,0.004));
#19975=CARTESIAN_POINT('',(0.012,-0.035,0.004));
#19976=CARTESIAN_POINT('',(0.02,-0.035,0.004));
#19977=CARTESIAN_POINT('',(0.02,-0.039,0.004));
#19978=CARTESIAN_POINT('',(0.02,-0.043,0.004));
#19979=CARTESIAN_POINT('',(0.016,-0.043,0.004));
#19980=CARTESIAN_POINT('',(0.012,-0.043,0.004));
#19981=CARTESIAN_POINT('',(0.012,-0.039,0.004));
#19982=CARTESIAN_POINT('',(0.049,-0.024,0.004));
#19983=CARTESIAN_POINT('',(0.045,-0.024,0.004));
#19984=CARTESIAN_POINT('',(0.053,-0.024,0.004));
#19985=CARTESIAN_POINT('',(0.053,-0.028,0.004));
#19986=CARTESIAN_POINT('',(0.053,-0.032,0.004));
#19987=CARTESIAN_POINT('',(0.049,-0.032,0.004));
#19988=CARTESIAN_POINT('',(0.045,-0.032,0.004));
#19989=CARTESIAN_POINT('',(0.045,-0.028,0.004));
#19990=CARTESIAN_POINT('',(0.06,-0.024,0.004));
#19991=CARTESIAN_POINT('',(0.056,-0.024,0.004));
#19992=CARTESIAN_POINT('',(0.064,-0.024,0.004));
#19993=CARTESIAN_POINT('',(0.064,-0.028,0.004));
#19994=CARTESIAN_POINT('',(0.064,-0.032,0.004));
#19995=CARTESIAN_POINT('',(0.06,-0.032,0.004));
#19996=CARTESIAN_POINT('',(0.056,-0.032,0.004));
#19997=CARTESIAN_POINT('',(0.056,-0.028,0.004));
#19998=CARTESIAN_POINT('',(0.071,-0.024,0.004));
#19999=CARTESIAN_POINT('',(0.067,-0.024,0.004));
#20000=CARTESIAN_POINT('',(0.075,-0.024,0.004));
#20001=CARTESIAN_POINT('',(0.075,-0.028,0.004));
#20002=CARTESIAN_POINT('',(0.075,-0.032,0.004));
#20003=CARTESIAN_POINT('',(0.071,-0.032,0.004));
#20004=CARTESIAN_POINT('',(0.067,-0.032,0.004));
#20005=CARTESIAN_POINT('',(0.067,-0.028,0.004));
#20006=CARTESIAN_POINT('',(0.06,-0.035,0.004));
#20007=CARTESIAN_POINT('',(0.056,-0.035,0.004));
#20008=CARTESIAN_POINT('',(0.064,-0.035,0.004));
#20009=CARTESIAN_POINT('',(0.064,-0.039,0.004));
#20010=CARTESIAN_POINT('',(0.064,-0.043,0.004));
#20011=CARTESIAN_POINT('',(0.06,-0.043,0.004));
#20012=CARTESIAN_POINT('',(0.056,-0.043,0.004));
#20013=CARTESIAN_POINT('',(0.056,-0.039,0.004));
#20014=CARTESIAN_POINT('',(0.049,-0.035,0.004));
#20015=CARTESIAN_POINT('',(0.045,-0.035,0.004));
#20016=CARTESIAN_POINT('',(0.053,-0.035,0.004));
#20017=CARTESIAN_POINT('',(0.053,-0.039,0.004));
#20018=CARTESIAN_POINT('',(0.053,-0.043,0.004));
#20019=CARTESIAN_POINT('',(0.049,-0.043,0.004));
#20020=CARTESIAN_POINT('',(0.045,-0.043,0.004));
#20021=CARTESIAN_POINT('',(0.045,-0.039,0.004));
#20022=CARTESIAN_POINT('',(0.038,-0.035,0.004));
#20023=CARTESIAN_POINT('',(0.034,-0.035,0.004));
#20024=CARTESIAN_POINT('',(0.042,-0.035,0.004));
#20025=CARTESIAN_POINT('',(0.042,-0.039,0.004));
#20026=CARTESIAN_POINT('',(0.042,-0.043,0.004));
#20027=CARTESIAN_POINT('',(0.038,-0.043,0.004));
#20028=CARTESIAN_POINT('',(0.034,-0.043,0.004));
#20029=CARTESIAN_POINT('',(0.034,-0.039,0.004));
#20030=CARTESIAN_POINT('',(0.027,-0.035,0.004));
#20031=CARTESIAN_POINT('',(0.023,-0.035,0.004));
#20032=CARTESIAN_POINT('',(0.031,-0.035,0.004));
#20033=CARTESIAN_POINT('',(0.031,-0.039,0.004));
#20034=CARTESIAN_POINT('',(0.031,-0.043,0.004));
#20035=CARTESIAN_POINT('',(0.027,-0.043,0.004));
#20036=CARTESIAN_POINT('',(0.023,-0.043,0.004));
#20037=CARTESIAN_POINT('',(0.023,-0.039,0.004));
#20038=CARTESIAN_POINT('',(-0.072,-0.021,0.004));
#20039=CARTESIAN_POINT('',(-0.068,-0.021,0.004));
#20040=CARTESIAN_POINT('',(-0.076,-0.021,0.004));
#20041=CARTESIAN_POINT('',(-0.076,-0.017,0.004));
#20042=CARTESIAN_POINT('',(-0.076,-0.013,0.004));
#20043=CARTESIAN_POINT('',(-0.072,-0.013,0.004));
#20044=CARTESIAN_POINT('',(-0.068,-0.013,0.004));
#20045=CARTESIAN_POINT('',(-0.068,-0.017,0.004));
#20046=CARTESIAN_POINT('',(-0.072,-0.01,0.004));
#20047=CARTESIAN_POINT('',(-0.068,-0.01,0.004));
#20048=CARTESIAN_POINT('',(-0.076,-0.01,0.004));
#20049=CARTESIAN_POINT('',(-0.076,-0.006,0.004));
#20050=CARTESIAN_POINT('',(-0.076,-0.002,0.004));
#20051=CARTESIAN_POINT('',(-0.072,-0.002,0.004));
#20052=CARTESIAN_POINT('',(-0.068,-0.002,0.004));
#20053=CARTESIAN_POINT('',(-0.068,-0.006,0.004));
#20054=CARTESIAN_POINT('',(-0.076,0.005,0.004));
#20055=CARTESIAN_POINT('',(-0.076,0.001,0.004));
#20056=CARTESIAN_POINT('',(-0.076,0.009,0.004));
#20057=CARTESIAN_POINT('',(-0.072,0.009,0.004));
#20058=CARTESIAN_POINT('',(-0.068,0.009,0.004));
#20059=CARTESIAN_POINT('',(-0.068,0.005,0.004));
#20060=CARTESIAN_POINT('',(-0.068,0.001,0.004));
#20061=CARTESIAN_POINT('',(-0.072,0.001,0.004));
#20062=CARTESIAN_POINT('',(-0.076,0.016,0.004));
#20063=CARTESIAN_POINT('',(-0.076,0.012,0.004));
#20064=CARTESIAN_POINT('',(-0.076,0.02,0.004));
#20065=CARTESIAN_POINT('',(-0.072,0.02,0.004));
#20066=CARTESIAN_POINT('',(-0.068,0.02,0.004));
#20067=CARTESIAN_POINT('',(-0.068,0.016,0.004));
#20068=CARTESIAN_POINT('',(-0.068,0.012,0.004));
#20069=CARTESIAN_POINT('',(-0.072,0.012,0.004));
#20070=CARTESIAN_POINT('',(-0.065,0.016,0.004));
#20071=CARTESIAN_POINT('',(-0.065,0.012,0.004));
#20072=CARTESIAN_POINT('',(-0.065,0.02,0.004));
#20073=CARTESIAN_POINT('',(-0.061,0.02,0.004));
#20074=CARTESIAN_POINT('',(-0.057,0.02,0.004));
#20075=CARTESIAN_POINT('',(-0.057,0.016,0.004));
#20076=CARTESIAN_POINT('',(-0.057,0.012,0.004));
#20077=CARTESIAN_POINT('',(-0.061,0.012,0.004));
#20078=CARTESIAN_POINT('',(-0.072,-0.032,0.004));
#20079=CARTESIAN_POINT('',(-0.068,-0.032,0.004));
#20080=CARTESIAN_POINT('',(-0.076,-0.032,0.004));
#20081=CARTESIAN_POINT('',(-0.076,-0.028,0.004));
#20082=CARTESIAN_POINT('',(-0.076,-0.024,0.004));
#20083=CARTESIAN_POINT('',(-0.072,-0.024,0.004));
#20084=CARTESIAN_POINT('',(-0.068,-0.024,0.004));
#20085=CARTESIAN_POINT('',(-0.068,-0.028,0.004));
#20086=CARTESIAN_POINT('',(-0.05,-0.032,0.004));
#20087=CARTESIAN_POINT('',(-0.046,-0.032,0.004));
#20088=CARTESIAN_POINT('',(-0.054,-0.032,0.004));
#20089=CARTESIAN_POINT('',(-0.054,-0.028,0.004));
#20090=CARTESIAN_POINT('',(-0.054,-0.024,0.004));
#20091=CARTESIAN_POINT('',(-0.05,-0.024,0.004));
#20092=CARTESIAN_POINT('',(-0.046,-0.024,0.004));
#20093=CARTESIAN_POINT('',(-0.046,-0.028,0.004));
#20094=CARTESIAN_POINT('',(-0.061,-0.032,0.004));
#20095=CARTESIAN_POINT('',(-0.057,-0.032,0.004));
#20096=CARTESIAN_POINT('',(-0.065,-0.032,0.004));
#20097=CARTESIAN_POINT('',(-0.065,-0.028,0.004));
#20098=CARTESIAN_POINT('',(-0.065,-0.024,0.004));
#20099=CARTESIAN_POINT('',(-0.061,-0.024,0.004));
#20100=CARTESIAN_POINT('',(-0.057,-0.024,0.004));
#20101=CARTESIAN_POINT('',(-0.057,-0.028,0.004));
#20102=CARTESIAN_POINT('',(-0.039,-0.032,0.004));
#20103=CARTESIAN_POINT('',(-0.035,-0.032,0.004));
#20104=CARTESIAN_POINT('',(-0.043,-0.032,0.004));
#20105=CARTESIAN_POINT('',(-0.043,-0.028,0.004));
#20106=CARTESIAN_POINT('',(-0.043,-0.024,0.004));
#20107=CARTESIAN_POINT('',(-0.039,-0.024,0.004));
#20108=CARTESIAN_POINT('',(-0.035,-0.024,0.004));
#20109=CARTESIAN_POINT('',(-0.035,-0.028,0.004));
#20110=CARTESIAN_POINT('',(0.,2.14313189850787E-18,0.004));
#20111=CARTESIAN_POINT('',(0.042,-0.006,0.004));
#20112=CARTESIAN_POINT('',(0.042,-0.01,0.004));
#20113=CARTESIAN_POINT('',(0.038,-0.01,0.004));
#20114=CARTESIAN_POINT('',(0.038,-0.024,0.004));
#20115=CARTESIAN_POINT('',(0.034,-0.024,0.004));
#20116=CARTESIAN_POINT('',(0.042,-0.024,0.004));
#20117=CARTESIAN_POINT('',(0.042,-0.028,0.004));
#20118=CARTESIAN_POINT('',(0.042,-0.032,0.004));
#20119=CARTESIAN_POINT('',(0.038,-0.032,0.004));
#20120=CARTESIAN_POINT('',(0.034,-0.032,0.004));
#20121=CARTESIAN_POINT('',(0.034,-0.028,0.004));
#20122=CARTESIAN_POINT('',(0.016,-0.057,0.004));
#20123=CARTESIAN_POINT('',(0.012,-0.057,0.004));
#20124=CARTESIAN_POINT('',(0.02,-0.057,0.004));
#20125=CARTESIAN_POINT('',(0.02,-0.061,0.004));
#20126=CARTESIAN_POINT('',(0.02,-0.065,0.004));
#20127=CARTESIAN_POINT('',(0.016,-0.065,0.004));
#20128=CARTESIAN_POINT('',(0.012,-0.065,0.004));
#20129=CARTESIAN_POINT('',(0.012,-0.061,0.004));
#20130=CARTESIAN_POINT('',(0.005,-0.057,0.004));
#20131=CARTESIAN_POINT('',(0.001,-0.057,0.004));
#20132=CARTESIAN_POINT('',(0.009,-0.057,0.004));
#20133=CARTESIAN_POINT('',(0.009,-0.061,0.004));
#20134=CARTESIAN_POINT('',(0.009,-0.065,0.004));
#20135=CARTESIAN_POINT('',(0.005,-0.065,0.004));
#20136=CARTESIAN_POINT('',(0.001,-0.065,0.004));
#20137=CARTESIAN_POINT('',(0.001,-0.061,0.004));
#20138=CARTESIAN_POINT('',(-0.006,-0.065,0.004));
#20139=CARTESIAN_POINT('',(-0.002,-0.065,0.004));
#20140=CARTESIAN_POINT('',(-0.01,-0.065,0.004));
#20141=CARTESIAN_POINT('',(-0.01,-0.061,0.004));
#20142=CARTESIAN_POINT('',(-0.01,-0.057,0.004));
#20143=CARTESIAN_POINT('',(-0.006,-0.057,0.004));
#20144=CARTESIAN_POINT('',(-0.002,-0.057,0.004));
#20145=CARTESIAN_POINT('',(-0.002,-0.061,0.004));
#20146=CARTESIAN_POINT('',(-0.017,-0.065,0.004));
#20147=CARTESIAN_POINT('',(-0.013,-0.065,0.004));
#20148=CARTESIAN_POINT('',(-0.021,-0.065,0.004));
#20149=CARTESIAN_POINT('',(-0.021,-0.061,0.004));
#20150=CARTESIAN_POINT('',(-0.021,-0.057,0.004));
#20151=CARTESIAN_POINT('',(-0.017,-0.057,0.004));
#20152=CARTESIAN_POINT('',(-0.013,-0.057,0.004));
#20153=CARTESIAN_POINT('',(-0.013,-0.061,0.004));
#20154=CARTESIAN_POINT('',(-0.05,-0.065,0.004));
#20155=CARTESIAN_POINT('',(-0.046,-0.065,0.004));
#20156=CARTESIAN_POINT('',(-0.054,-0.065,0.004));
#20157=CARTESIAN_POINT('',(-0.054,-0.061,0.004));
#20158=CARTESIAN_POINT('',(-0.054,-0.057,0.004));
#20159=CARTESIAN_POINT('',(-0.05,-0.057,0.004));
#20160=CARTESIAN_POINT('',(-0.046,-0.057,0.004));
#20161=CARTESIAN_POINT('',(-0.046,-0.061,0.004));
#20162=CARTESIAN_POINT('',(-0.039,-0.065,0.004));
#20163=CARTESIAN_POINT('',(-0.035,-0.065,0.004));
#20164=CARTESIAN_POINT('',(-0.043,-0.065,0.004));
#20165=CARTESIAN_POINT('',(-0.043,-0.061,0.004));
#20166=CARTESIAN_POINT('',(-0.043,-0.057,0.004));
#20167=CARTESIAN_POINT('',(-0.039,-0.057,0.004));
#20168=CARTESIAN_POINT('',(-0.035,-0.057,0.004));
#20169=CARTESIAN_POINT('',(-0.035,-0.061,0.004));
#20170=CARTESIAN_POINT('',(-0.028,-0.065,0.004));
#20171=CARTESIAN_POINT('',(-0.024,-0.065,0.004));
#20172=CARTESIAN_POINT('',(-0.032,-0.065,0.004));
#20173=CARTESIAN_POINT('',(-0.032,-0.061,0.004));
#20174=CARTESIAN_POINT('',(-0.032,-0.057,0.004));
#20175=CARTESIAN_POINT('',(-0.028,-0.057,0.004));
#20176=CARTESIAN_POINT('',(-0.024,-0.057,0.004));
#20177=CARTESIAN_POINT('',(-0.024,-0.061,0.004));
#20178=CARTESIAN_POINT('',(0.005,-0.068,0.004));
#20179=CARTESIAN_POINT('',(0.001,-0.068,0.004));
#20180=CARTESIAN_POINT('',(0.009,-0.068,0.004));
#20181=CARTESIAN_POINT('',(0.009,-0.072,0.004));
#20182=CARTESIAN_POINT('',(0.009,-0.076,0.004));
#20183=CARTESIAN_POINT('',(0.005,-0.076,0.004));
#20184=CARTESIAN_POINT('',(0.001,-0.076,0.004));
#20185=CARTESIAN_POINT('',(0.001,-0.072,0.004));
#20186=CARTESIAN_POINT('',(-0.006,-0.076,0.004));
#20187=CARTESIAN_POINT('',(-0.002,-0.076,0.004));
#20188=CARTESIAN_POINT('',(-0.01,-0.076,0.004));
#20189=CARTESIAN_POINT('',(-0.01,-0.072,0.004));
#20190=CARTESIAN_POINT('',(-0.01,-0.068,0.004));
#20191=CARTESIAN_POINT('',(-0.006,-0.068,0.004));
#20192=CARTESIAN_POINT('',(-0.002,-0.068,0.004));
#20193=CARTESIAN_POINT('',(-0.002,-0.072,0.004));
#20194=CARTESIAN_POINT('',(-0.017,-0.076,0.004));
#20195=CARTESIAN_POINT('',(-0.013,-0.076,0.004));
#20196=CARTESIAN_POINT('',(-0.021,-0.076,0.004));
#20197=CARTESIAN_POINT('',(-0.021,-0.072,0.004));
#20198=CARTESIAN_POINT('',(-0.021,-0.068,0.004));
#20199=CARTESIAN_POINT('',(-0.017,-0.068,0.004));
#20200=CARTESIAN_POINT('',(-0.013,-0.068,0.004));
#20201=CARTESIAN_POINT('',(-0.013,-0.072,0.004));
#20202=CARTESIAN_POINT('',(0.016,-0.068,0.004));
#20203=CARTESIAN_POINT('',(0.012,-0.068,0.004));
#20204=CARTESIAN_POINT('',(0.02,-0.068,0.004));
#20205=CARTESIAN_POINT('',(0.02,-0.072,0.004));
#20206=CARTESIAN_POINT('',(0.02,-0.076,0.004));
#20207=CARTESIAN_POINT('',(0.016,-0.076,0.004));
#20208=CARTESIAN_POINT('',(0.012,-0.076,0.004));
#20209=CARTESIAN_POINT('',(0.012,-0.072,0.004));
#20210=CARTESIAN_POINT('',(0.027,-0.068,0.004));
#20211=CARTESIAN_POINT('',(0.023,-0.068,0.004));
#20212=CARTESIAN_POINT('',(0.031,-0.068,0.004));
#20213=CARTESIAN_POINT('',(0.031,-0.072,0.004));
#20214=CARTESIAN_POINT('',(0.031,-0.076,0.004));
#20215=CARTESIAN_POINT('',(0.027,-0.076,0.004));
#20216=CARTESIAN_POINT('',(0.023,-0.076,0.004));
#20217=CARTESIAN_POINT('',(0.023,-0.072,0.004));
#20218=CARTESIAN_POINT('',(0.016,-0.046,0.004));
#20219=CARTESIAN_POINT('',(0.012,-0.046,0.004));
#20220=CARTESIAN_POINT('',(0.02,-0.046,0.004));
#20221=CARTESIAN_POINT('',(0.02,-0.05,0.004));
#20222=CARTESIAN_POINT('',(0.02,-0.054,0.004));
#20223=CARTESIAN_POINT('',(0.016,-0.054,0.004));
#20224=CARTESIAN_POINT('',(0.012,-0.054,0.004));
#20225=CARTESIAN_POINT('',(0.012,-0.05,0.004));
#20226=CARTESIAN_POINT('',(0.027,-0.046,0.004));
#20227=CARTESIAN_POINT('',(0.023,-0.046,0.004));
#20228=CARTESIAN_POINT('',(0.031,-0.046,0.004));
#20229=CARTESIAN_POINT('',(0.031,-0.05,0.004));
#20230=CARTESIAN_POINT('',(0.031,-0.054,0.004));
#20231=CARTESIAN_POINT('',(0.027,-0.054,0.004));
#20232=CARTESIAN_POINT('',(0.023,-0.054,0.004));
#20233=CARTESIAN_POINT('',(0.023,-0.05,0.004));
#20234=CARTESIAN_POINT('',(0.038,-0.046,0.004));
#20235=CARTESIAN_POINT('',(0.034,-0.046,0.004));
#20236=CARTESIAN_POINT('',(0.042,-0.046,0.004));
#20237=CARTESIAN_POINT('',(0.042,-0.05,0.004));
#20238=CARTESIAN_POINT('',(0.042,-0.054,0.004));
#20239=CARTESIAN_POINT('',(0.038,-0.054,0.004));
#20240=CARTESIAN_POINT('',(0.034,-0.054,0.004));
#20241=CARTESIAN_POINT('',(0.034,-0.05,0.004));
#20242=CARTESIAN_POINT('',(0.049,-0.046,0.004));
#20243=CARTESIAN_POINT('',(0.045,-0.046,0.004));
#20244=CARTESIAN_POINT('',(0.053,-0.046,0.004));
#20245=CARTESIAN_POINT('',(0.053,-0.05,0.004));
#20246=CARTESIAN_POINT('',(0.053,-0.054,0.004));
#20247=CARTESIAN_POINT('',(0.049,-0.054,0.004));
#20248=CARTESIAN_POINT('',(0.045,-0.054,0.004));
#20249=CARTESIAN_POINT('',(0.045,-0.05,0.004));
#20250=CARTESIAN_POINT('',(0.06,-0.046,0.004));
#20251=CARTESIAN_POINT('',(0.056,-0.046,0.004));
#20252=CARTESIAN_POINT('',(0.064,-0.046,0.004));
#20253=CARTESIAN_POINT('',(0.064,-0.05,0.004));
#20254=CARTESIAN_POINT('',(0.064,-0.054,0.004));
#20255=CARTESIAN_POINT('',(0.06,-0.054,0.004));
#20256=CARTESIAN_POINT('',(0.056,-0.054,0.004));
#20257=CARTESIAN_POINT('',(0.056,-0.05,0.004));
#20258=CARTESIAN_POINT('',(0.049,-0.057,0.004));
#20259=CARTESIAN_POINT('',(0.045,-0.057,0.004));
#20260=CARTESIAN_POINT('',(0.053,-0.057,0.004));
#20261=CARTESIAN_POINT('',(0.053,-0.061,0.004));
#20262=CARTESIAN_POINT('',(0.053,-0.065,0.004));
#20263=CARTESIAN_POINT('',(0.049,-0.065,0.004));
#20264=CARTESIAN_POINT('',(0.045,-0.065,0.004));
#20265=CARTESIAN_POINT('',(0.045,-0.061,0.004));
#20266=CARTESIAN_POINT('',(0.038,-0.057,0.004));
#20267=CARTESIAN_POINT('',(0.034,-0.057,0.004));
#20268=CARTESIAN_POINT('',(0.042,-0.057,0.004));
#20269=CARTESIAN_POINT('',(0.042,-0.061,0.004));
#20270=CARTESIAN_POINT('',(0.042,-0.065,0.004));
#20271=CARTESIAN_POINT('',(0.038,-0.065,0.004));
#20272=CARTESIAN_POINT('',(0.034,-0.065,0.004));
#20273=CARTESIAN_POINT('',(0.034,-0.061,0.004));
#20274=CARTESIAN_POINT('',(0.027,-0.057,0.004));
#20275=CARTESIAN_POINT('',(0.023,-0.057,0.004));
#20276=CARTESIAN_POINT('',(0.031,-0.057,0.004));
#20277=CARTESIAN_POINT('',(0.031,-0.061,0.004));
#20278=CARTESIAN_POINT('',(0.031,-0.065,0.004));
#20279=CARTESIAN_POINT('',(0.027,-0.065,0.004));
#20280=CARTESIAN_POINT('',(0.023,-0.065,0.004));
#20281=CARTESIAN_POINT('',(0.023,-0.061,0.004));
#20282=CARTESIAN_POINT('',(0.005,-0.046,0.004));
#20283=CARTESIAN_POINT('',(0.001,-0.046,0.004));
#20284=CARTESIAN_POINT('',(0.009,-0.046,0.004));
#20285=CARTESIAN_POINT('',(0.009,-0.05,0.004));
#20286=CARTESIAN_POINT('',(0.009,-0.054,0.004));
#20287=CARTESIAN_POINT('',(0.005,-0.054,0.004));
#20288=CARTESIAN_POINT('',(0.001,-0.054,0.004));
#20289=CARTESIAN_POINT('',(0.001,-0.05,0.004));
#20290=CARTESIAN_POINT('',(-0.006,-0.054,0.004));
#20291=CARTESIAN_POINT('',(-0.002,-0.054,0.004));
#20292=CARTESIAN_POINT('',(-0.01,-0.054,0.004));
#20293=CARTESIAN_POINT('',(-0.01,-0.05,0.004));
#20294=CARTESIAN_POINT('',(-0.01,-0.046,0.004));
#20295=CARTESIAN_POINT('',(-0.006,-0.046,0.004));
#20296=CARTESIAN_POINT('',(-0.002,-0.046,0.004));
#20297=CARTESIAN_POINT('',(-0.002,-0.05,0.004));
#20298=CARTESIAN_POINT('',(-0.017,-0.054,0.004));
#20299=CARTESIAN_POINT('',(-0.013,-0.054,0.004));
#20300=CARTESIAN_POINT('',(-0.021,-0.054,0.004));
#20301=CARTESIAN_POINT('',(-0.021,-0.05,0.004));
#20302=CARTESIAN_POINT('',(-0.021,-0.046,0.004));
#20303=CARTESIAN_POINT('',(-0.017,-0.046,0.004));
#20304=CARTESIAN_POINT('',(-0.013,-0.046,0.004));
#20305=CARTESIAN_POINT('',(-0.013,-0.05,0.004));
#20306=CARTESIAN_POINT('',(-0.028,-0.054,0.004));
#20307=CARTESIAN_POINT('',(-0.024,-0.054,0.004));
#20308=CARTESIAN_POINT('',(-0.032,-0.054,0.004));
#20309=CARTESIAN_POINT('',(-0.032,-0.05,0.004));
#20310=CARTESIAN_POINT('',(-0.032,-0.046,0.004));
#20311=CARTESIAN_POINT('',(-0.028,-0.046,0.004));
#20312=CARTESIAN_POINT('',(-0.024,-0.046,0.004));
#20313=CARTESIAN_POINT('',(-0.024,-0.05,0.004));
#20314=CARTESIAN_POINT('',(-0.039,-0.054,0.004));
#20315=CARTESIAN_POINT('',(-0.035,-0.054,0.004));
#20316=CARTESIAN_POINT('',(-0.043,-0.054,0.004));
#20317=CARTESIAN_POINT('',(-0.043,-0.05,0.004));
#20318=CARTESIAN_POINT('',(-0.043,-0.046,0.004));
#20319=CARTESIAN_POINT('',(-0.039,-0.046,0.004));
#20320=CARTESIAN_POINT('',(-0.035,-0.046,0.004));
#20321=CARTESIAN_POINT('',(-0.035,-0.05,0.004));
#20322=CARTESIAN_POINT('',(-0.05,-0.054,0.004));
#20323=CARTESIAN_POINT('',(-0.046,-0.054,0.004));
#20324=CARTESIAN_POINT('',(-0.054,-0.054,0.004));
#20325=CARTESIAN_POINT('',(-0.054,-0.05,0.004));
#20326=CARTESIAN_POINT('',(-0.054,-0.046,0.004));
#20327=CARTESIAN_POINT('',(-0.05,-0.046,0.004));
#20328=CARTESIAN_POINT('',(-0.046,-0.046,0.004));
#20329=CARTESIAN_POINT('',(-0.046,-0.05,0.004));
#20330=CARTESIAN_POINT('',(-0.061,-0.054,0.004));
#20331=CARTESIAN_POINT('',(-0.057,-0.054,0.004));
#20332=CARTESIAN_POINT('',(-0.065,-0.054,0.004));
#20333=CARTESIAN_POINT('',(-0.065,-0.05,0.004));
#20334=CARTESIAN_POINT('',(-0.065,-0.046,0.004));
#20335=CARTESIAN_POINT('',(-0.061,-0.046,0.004));
#20336=CARTESIAN_POINT('',(-0.057,-0.046,0.004));
#20337=CARTESIAN_POINT('',(-0.057,-0.05,0.004));
#20338=CARTESIAN_POINT('',(0.023,0.049,0.004));
#20339=CARTESIAN_POINT('',(0.023,0.045,0.004));
#20340=CARTESIAN_POINT('',(0.023,0.053,0.004));
#20341=CARTESIAN_POINT('',(0.027,0.053,0.004));
#20342=CARTESIAN_POINT('',(0.031,0.053,0.004));
#20343=CARTESIAN_POINT('',(0.031,0.049,0.004));
#20344=CARTESIAN_POINT('',(0.031,0.045,0.004));
#20345=CARTESIAN_POINT('',(0.027,0.045,0.004));
#20346=CARTESIAN_POINT('',(0.012,0.049,0.004));
#20347=CARTESIAN_POINT('',(0.012,0.045,0.004));
#20348=CARTESIAN_POINT('',(0.012,0.053,0.004));
#20349=CARTESIAN_POINT('',(0.016,0.053,0.004));
#20350=CARTESIAN_POINT('',(0.02,0.053,0.004));
#20351=CARTESIAN_POINT('',(0.02,0.049,0.004));
#20352=CARTESIAN_POINT('',(0.02,0.045,0.004));
#20353=CARTESIAN_POINT('',(0.016,0.045,0.004));
#20354=CARTESIAN_POINT('',(0.012,0.06,0.004));
#20355=CARTESIAN_POINT('',(0.012,0.056,0.004));
#20356=CARTESIAN_POINT('',(0.012,0.064,0.004));
#20357=CARTESIAN_POINT('',(0.016,0.064,0.004));
#20358=CARTESIAN_POINT('',(0.02,0.064,0.004));
#20359=CARTESIAN_POINT('',(0.02,0.06,0.004));
#20360=CARTESIAN_POINT('',(0.02,0.056,0.004));
#20361=CARTESIAN_POINT('',(0.016,0.056,0.004));
#20362=CARTESIAN_POINT('',(0.012,0.071,0.004));
#20363=CARTESIAN_POINT('',(0.012,0.067,0.004));
#20364=CARTESIAN_POINT('',(0.012,0.075,0.004));
#20365=CARTESIAN_POINT('',(0.016,0.075,0.004));
#20366=CARTESIAN_POINT('',(0.02,0.075,0.004));
#20367=CARTESIAN_POINT('',(0.02,0.071,0.004));
#20368=CARTESIAN_POINT('',(0.02,0.067,0.004));
#20369=CARTESIAN_POINT('',(0.016,0.067,0.004));
#20370=CARTESIAN_POINT('',(0.056,0.049,0.004));
#20371=CARTESIAN_POINT('',(0.056,0.045,0.004));
#20372=CARTESIAN_POINT('',(0.056,0.053,0.004));
#20373=CARTESIAN_POINT('',(0.06,0.053,0.004));
#20374=CARTESIAN_POINT('',(0.064,0.053,0.004));
#20375=CARTESIAN_POINT('',(0.064,0.049,0.004));
#20376=CARTESIAN_POINT('',(0.064,0.045,0.004));
#20377=CARTESIAN_POINT('',(0.06,0.045,0.004));
#20378=CARTESIAN_POINT('',(0.045,0.06,0.004));
#20379=CARTESIAN_POINT('',(0.045,0.056,0.004));
#20380=CARTESIAN_POINT('',(0.045,0.064,0.004));
#20381=CARTESIAN_POINT('',(0.049,0.064,0.004));
#20382=CARTESIAN_POINT('',(0.053,0.064,0.004));
#20383=CARTESIAN_POINT('',(0.053,0.06,0.004));
#20384=CARTESIAN_POINT('',(0.053,0.056,0.004));
#20385=CARTESIAN_POINT('',(0.049,0.056,0.004));
#20386=CARTESIAN_POINT('',(0.023,0.071,0.004));
#20387=CARTESIAN_POINT('',(0.023,0.067,0.004));
#20388=CARTESIAN_POINT('',(0.023,0.075,0.004));
#20389=CARTESIAN_POINT('',(0.027,0.075,0.004));
#20390=CARTESIAN_POINT('',(0.031,0.075,0.004));
#20391=CARTESIAN_POINT('',(0.031,0.071,0.004));
#20392=CARTESIAN_POINT('',(0.031,0.067,0.004));
#20393=CARTESIAN_POINT('',(0.027,0.067,0.004));
#20394=CARTESIAN_POINT('',(0.001,0.071,0.004));
#20395=CARTESIAN_POINT('',(0.001,0.067,0.004));
#20396=CARTESIAN_POINT('',(0.001,0.075,0.004));
#20397=CARTESIAN_POINT('',(0.005,0.075,0.004));
#20398=CARTESIAN_POINT('',(0.009,0.075,0.004));
#20399=CARTESIAN_POINT('',(0.009,0.071,0.004));
#20400=CARTESIAN_POINT('',(0.009,0.067,0.004));
#20401=CARTESIAN_POINT('',(0.005,0.067,0.004));
#20402=CARTESIAN_POINT('',(0.001,0.06,0.004));
#20403=CARTESIAN_POINT('',(0.001,0.056,0.004));
#20404=CARTESIAN_POINT('',(0.001,0.064,0.004));
#20405=CARTESIAN_POINT('',(0.005,0.064,0.004));
#20406=CARTESIAN_POINT('',(0.009,0.064,0.004));
#20407=CARTESIAN_POINT('',(0.009,0.06,0.004));
#20408=CARTESIAN_POINT('',(0.009,0.056,0.004));
#20409=CARTESIAN_POINT('',(0.005,0.056,0.004));
#20410=CARTESIAN_POINT('',(0.001,0.049,0.004));
#20411=CARTESIAN_POINT('',(0.001,0.045,0.004));
#20412=CARTESIAN_POINT('',(0.001,0.053,0.004));
#20413=CARTESIAN_POINT('',(0.005,0.053,0.004));
#20414=CARTESIAN_POINT('',(0.009,0.053,0.004));
#20415=CARTESIAN_POINT('',(0.009,0.049,0.004));
#20416=CARTESIAN_POINT('',(0.009,0.045,0.004));
#20417=CARTESIAN_POINT('',(0.005,0.045,0.004));
#20418=CARTESIAN_POINT('',(0.012,0.038,0.004));
#20419=CARTESIAN_POINT('',(0.012,0.034,0.004));
#20420=CARTESIAN_POINT('',(0.012,0.042,0.004));
#20421=CARTESIAN_POINT('',(0.016,0.042,0.004));
#20422=CARTESIAN_POINT('',(0.02,0.042,0.004));
#20423=CARTESIAN_POINT('',(0.02,0.038,0.004));
#20424=CARTESIAN_POINT('',(0.02,0.034,0.004));
#20425=CARTESIAN_POINT('',(0.016,0.034,0.004));
#20426=CARTESIAN_POINT('',(-0.032,0.071,0.004));
#20427=CARTESIAN_POINT('',(-0.032,0.067,0.004));
#20428=CARTESIAN_POINT('',(-0.032,0.075,0.004));
#20429=CARTESIAN_POINT('',(-0.028,0.075,0.004));
#20430=CARTESIAN_POINT('',(-0.024,0.075,0.004));
#20431=CARTESIAN_POINT('',(-0.024,0.071,0.004));
#20432=CARTESIAN_POINT('',(-0.024,0.067,0.004));
#20433=CARTESIAN_POINT('',(-0.028,0.067,0.004));
#20434=CARTESIAN_POINT('',(0.045,0.049,0.004));
#20435=CARTESIAN_POINT('',(0.045,0.045,0.004));
#20436=CARTESIAN_POINT('',(0.045,0.053,0.004));
#20437=CARTESIAN_POINT('',(0.049,0.053,0.004));
#20438=CARTESIAN_POINT('',(0.053,0.053,0.004));
#20439=CARTESIAN_POINT('',(0.053,0.049,0.004));
#20440=CARTESIAN_POINT('',(0.053,0.045,0.004));
#20441=CARTESIAN_POINT('',(0.049,0.045,0.004));
#20442=CARTESIAN_POINT('',(0.045,0.038,0.004));
#20443=CARTESIAN_POINT('',(0.045,0.034,0.004));
#20444=CARTESIAN_POINT('',(0.045,0.042,0.004));
#20445=CARTESIAN_POINT('',(0.049,0.042,0.004));
#20446=CARTESIAN_POINT('',(0.053,0.042,0.004));
#20447=CARTESIAN_POINT('',(0.053,0.038,0.004));
#20448=CARTESIAN_POINT('',(0.053,0.034,0.004));
#20449=CARTESIAN_POINT('',(0.049,0.034,0.004));
#20450=CARTESIAN_POINT('',(0.056,0.038,0.004));
#20451=CARTESIAN_POINT('',(0.056,0.034,0.004));
#20452=CARTESIAN_POINT('',(0.056,0.042,0.004));
#20453=CARTESIAN_POINT('',(0.06,0.042,0.004));
#20454=CARTESIAN_POINT('',(0.064,0.042,0.004));
#20455=CARTESIAN_POINT('',(0.064,0.038,0.004));
#20456=CARTESIAN_POINT('',(0.064,0.034,0.004));
#20457=CARTESIAN_POINT('',(0.06,0.034,0.004));
#20458=CARTESIAN_POINT('',(0.067,0.027,0.004));
#20459=CARTESIAN_POINT('',(0.067,0.023,0.004));
#20460=CARTESIAN_POINT('',(0.067,0.031,0.004));
#20461=CARTESIAN_POINT('',(0.071,0.031,0.004));
#20462=CARTESIAN_POINT('',(0.075,0.031,0.004));
#20463=CARTESIAN_POINT('',(0.075,0.027,0.004));
#20464=CARTESIAN_POINT('',(0.075,0.023,0.004));
#20465=CARTESIAN_POINT('',(0.071,0.023,0.004));
#20466=CARTESIAN_POINT('',(0.023,0.06,0.004));
#20467=CARTESIAN_POINT('',(0.023,0.056,0.004));
#20468=CARTESIAN_POINT('',(0.023,0.064,0.004));
#20469=CARTESIAN_POINT('',(0.027,0.064,0.004));
#20470=CARTESIAN_POINT('',(0.031,0.064,0.004));
#20471=CARTESIAN_POINT('',(0.031,0.06,0.004));
#20472=CARTESIAN_POINT('',(0.031,0.056,0.004));
#20473=CARTESIAN_POINT('',(0.027,0.056,0.004));
#20474=CARTESIAN_POINT('',(0.034,0.06,0.004));
#20475=CARTESIAN_POINT('',(0.034,0.056,0.004));
#20476=CARTESIAN_POINT('',(0.034,0.064,0.004));
#20477=CARTESIAN_POINT('',(0.038,0.064,0.004));
#20478=CARTESIAN_POINT('',(0.042,0.064,0.004));
#20479=CARTESIAN_POINT('',(0.042,0.06,0.004));
#20480=CARTESIAN_POINT('',(0.042,0.056,0.004));
#20481=CARTESIAN_POINT('',(0.038,0.056,0.004));
#20482=CARTESIAN_POINT('',(0.034,0.049,0.004));
#20483=CARTESIAN_POINT('',(0.034,0.045,0.004));
#20484=CARTESIAN_POINT('',(0.034,0.053,0.004));
#20485=CARTESIAN_POINT('',(0.038,0.053,0.004));
#20486=CARTESIAN_POINT('',(0.042,0.053,0.004));
#20487=CARTESIAN_POINT('',(0.042,0.049,0.004));
#20488=CARTESIAN_POINT('',(0.042,0.045,0.004));
#20489=CARTESIAN_POINT('',(0.038,0.045,0.004));
#20490=CARTESIAN_POINT('',(0.034,0.038,0.004));
#20491=CARTESIAN_POINT('',(0.034,0.034,0.004));
#20492=CARTESIAN_POINT('',(0.034,0.042,0.004));
#20493=CARTESIAN_POINT('',(0.038,0.042,0.004));
#20494=CARTESIAN_POINT('',(0.042,0.042,0.004));
#20495=CARTESIAN_POINT('',(0.042,0.038,0.004));
#20496=CARTESIAN_POINT('',(0.042,0.034,0.004));
#20497=CARTESIAN_POINT('',(0.038,0.034,0.004));
#20498=CARTESIAN_POINT('',(0.023,0.038,0.004));
#20499=CARTESIAN_POINT('',(0.023,0.034,0.004));
#20500=CARTESIAN_POINT('',(0.023,0.042,0.004));
#20501=CARTESIAN_POINT('',(0.027,0.042,0.004));
#20502=CARTESIAN_POINT('',(0.031,0.042,0.004));
#20503=CARTESIAN_POINT('',(0.031,0.038,0.004));
#20504=CARTESIAN_POINT('',(0.031,0.034,0.004));
#20505=CARTESIAN_POINT('',(0.027,0.034,0.004));
#20506=CARTESIAN_POINT('',(0.034,0.027,0.004));
#20507=CARTESIAN_POINT('',(0.034,0.023,0.004));
#20508=CARTESIAN_POINT('',(0.034,0.031,0.004));
#20509=CARTESIAN_POINT('',(0.038,0.031,0.004));
#20510=CARTESIAN_POINT('',(0.042,0.031,0.004));
#20511=CARTESIAN_POINT('',(0.042,0.027,0.004));
#20512=CARTESIAN_POINT('',(0.042,0.023,0.004));
#20513=CARTESIAN_POINT('',(0.038,0.023,0.004));
#20514=CARTESIAN_POINT('',(0.045,0.027,0.004));
#20515=CARTESIAN_POINT('',(0.045,0.023,0.004));
#20516=CARTESIAN_POINT('',(0.045,0.031,0.004));
#20517=CARTESIAN_POINT('',(0.049,0.031,0.004));
#20518=CARTESIAN_POINT('',(0.053,0.031,0.004));
#20519=CARTESIAN_POINT('',(0.053,0.027,0.004));
#20520=CARTESIAN_POINT('',(0.053,0.023,0.004));
#20521=CARTESIAN_POINT('',(0.049,0.023,0.004));
#20522=CARTESIAN_POINT('',(0.056,0.027,0.004));
#20523=CARTESIAN_POINT('',(0.056,0.023,0.004));
#20524=CARTESIAN_POINT('',(0.056,0.031,0.004));
#20525=CARTESIAN_POINT('',(0.06,0.031,0.004));
#20526=CARTESIAN_POINT('',(0.064,0.031,0.004));
#20527=CARTESIAN_POINT('',(0.064,0.027,0.004));
#20528=CARTESIAN_POINT('',(0.064,0.023,0.004));
#20529=CARTESIAN_POINT('',(0.06,0.023,0.004));
#20530=CARTESIAN_POINT('',(-0.043,0.005,0.004));
#20531=CARTESIAN_POINT('',(-0.043,0.001,0.004));
#20532=CARTESIAN_POINT('',(-0.043,0.009,0.004));
#20533=CARTESIAN_POINT('',(-0.039,0.009,0.004));
#20534=CARTESIAN_POINT('',(-0.035,0.009,0.004));
#20535=CARTESIAN_POINT('',(-0.035,0.005,0.004));
#20536=CARTESIAN_POINT('',(-0.035,0.001,0.004));
#20537=CARTESIAN_POINT('',(-0.039,0.001,0.004));
#20538=CARTESIAN_POINT('',(-0.039,-0.01,0.004));
#20539=CARTESIAN_POINT('',(-0.035,-0.01,0.004));
#20540=CARTESIAN_POINT('',(-0.043,-0.01,0.004));
#20541=CARTESIAN_POINT('',(-0.043,-0.006,0.004));
#20542=CARTESIAN_POINT('',(-0.043,-0.002,0.004));
#20543=CARTESIAN_POINT('',(-0.039,-0.002,0.004));
#20544=CARTESIAN_POINT('',(-0.035,-0.002,0.004));
#20545=CARTESIAN_POINT('',(-0.035,-0.006,0.004));
#20546=CARTESIAN_POINT('',(-0.039,-0.021,0.004));
#20547=CARTESIAN_POINT('',(-0.035,-0.021,0.004));
#20548=CARTESIAN_POINT('',(-0.043,-0.021,0.004));
#20549=CARTESIAN_POINT('',(-0.043,-0.017,0.004));
#20550=CARTESIAN_POINT('',(-0.043,-0.013,0.004));
#20551=CARTESIAN_POINT('',(-0.039,-0.013,0.004));
#20552=CARTESIAN_POINT('',(-0.035,-0.013,0.004));
#20553=CARTESIAN_POINT('',(-0.035,-0.017,0.004));
#20554=CARTESIAN_POINT('',(0.038,-0.013,0.004));
#20555=CARTESIAN_POINT('',(0.034,-0.013,0.004));
#20556=CARTESIAN_POINT('',(0.042,-0.013,0.004));
#20557=CARTESIAN_POINT('',(0.042,-0.017,0.004));
#20558=CARTESIAN_POINT('',(0.042,-0.021,0.004));
#20559=CARTESIAN_POINT('',(0.038,-0.021,0.004));
#20560=CARTESIAN_POINT('',(0.034,-0.021,0.004));
#20561=CARTESIAN_POINT('',(0.034,-0.017,0.004));
#20562=CARTESIAN_POINT('',(0.049,-0.013,0.004));
#20563=CARTESIAN_POINT('',(0.045,-0.013,0.004));
#20564=CARTESIAN_POINT('',(0.053,-0.013,0.004));
#20565=CARTESIAN_POINT('',(0.053,-0.017,0.004));
#20566=CARTESIAN_POINT('',(0.053,-0.021,0.004));
#20567=CARTESIAN_POINT('',(0.049,-0.021,0.004));
#20568=CARTESIAN_POINT('',(0.045,-0.021,0.004));
#20569=CARTESIAN_POINT('',(0.045,-0.017,0.004));
#20570=CARTESIAN_POINT('',(0.034,0.016,0.004));
#20571=CARTESIAN_POINT('',(0.034,0.012,0.004));
#20572=CARTESIAN_POINT('',(0.034,0.02,0.004));
#20573=CARTESIAN_POINT('',(0.038,0.02,0.004));
#20574=CARTESIAN_POINT('',(0.042,0.02,0.004));
#20575=CARTESIAN_POINT('',(0.042,0.016,0.004));
#20576=CARTESIAN_POINT('',(0.042,0.012,0.004));
#20577=CARTESIAN_POINT('',(0.038,0.012,0.004));
#20578=CARTESIAN_POINT('',(-0.065,0.005,0.004));
#20579=CARTESIAN_POINT('',(-0.065,0.001,0.004));
#20580=CARTESIAN_POINT('',(-0.065,0.009,0.004));
#20581=CARTESIAN_POINT('',(-0.061,0.009,0.004));
#20582=CARTESIAN_POINT('',(-0.057,0.009,0.004));
#20583=CARTESIAN_POINT('',(-0.057,0.005,0.004));
#20584=CARTESIAN_POINT('',(-0.057,0.001,0.004));
#20585=CARTESIAN_POINT('',(-0.061,0.001,0.004));
#20586=CARTESIAN_POINT('',(-0.061,-0.01,0.004));
#20587=CARTESIAN_POINT('',(-0.057,-0.01,0.004));
#20588=CARTESIAN_POINT('',(-0.065,-0.01,0.004));
#20589=CARTESIAN_POINT('',(-0.065,-0.006,0.004));
#20590=CARTESIAN_POINT('',(-0.065,-0.002,0.004));
#20591=CARTESIAN_POINT('',(-0.061,-0.002,0.004));
#20592=CARTESIAN_POINT('',(-0.057,-0.002,0.004));
#20593=CARTESIAN_POINT('',(-0.057,-0.006,0.004));
#20594=CARTESIAN_POINT('',(-0.061,-0.021,0.004));
#20595=CARTESIAN_POINT('',(-0.057,-0.021,0.004));
#20596=CARTESIAN_POINT('',(-0.065,-0.021,0.004));
#20597=CARTESIAN_POINT('',(-0.065,-0.017,0.004));
#20598=CARTESIAN_POINT('',(-0.065,-0.013,0.004));
#20599=CARTESIAN_POINT('',(-0.061,-0.013,0.004));
#20600=CARTESIAN_POINT('',(-0.057,-0.013,0.004));
#20601=CARTESIAN_POINT('',(-0.057,-0.017,0.004));
#20602=CARTESIAN_POINT('',(-0.05,-0.021,0.004));
#20603=CARTESIAN_POINT('',(-0.046,-0.021,0.004));
#20604=CARTESIAN_POINT('',(-0.054,-0.021,0.004));
#20605=CARTESIAN_POINT('',(-0.054,-0.017,0.004));
#20606=CARTESIAN_POINT('',(-0.054,-0.013,0.004));
#20607=CARTESIAN_POINT('',(-0.05,-0.013,0.004));
#20608=CARTESIAN_POINT('',(-0.046,-0.013,0.004));
#20609=CARTESIAN_POINT('',(-0.046,-0.017,0.004));
#20610=CARTESIAN_POINT('',(-0.05,-0.01,0.004));
#20611=CARTESIAN_POINT('',(-0.046,-0.01,0.004));
#20612=CARTESIAN_POINT('',(-0.054,-0.01,0.004));
#20613=CARTESIAN_POINT('',(-0.054,-0.006,0.004));
#20614=CARTESIAN_POINT('',(-0.054,-0.002,0.004));
#20615=CARTESIAN_POINT('',(-0.05,-0.002,0.004));
#20616=CARTESIAN_POINT('',(-0.046,-0.002,0.004));
#20617=CARTESIAN_POINT('',(-0.046,-0.006,0.004));
#20618=CARTESIAN_POINT('',(-0.054,0.005,0.004));
#20619=CARTESIAN_POINT('',(-0.054,0.001,0.004));
#20620=CARTESIAN_POINT('',(-0.054,0.009,0.004));
#20621=CARTESIAN_POINT('',(-0.05,0.009,0.004));
#20622=CARTESIAN_POINT('',(-0.046,0.009,0.004));
#20623=CARTESIAN_POINT('',(-0.046,0.005,0.004));
#20624=CARTESIAN_POINT('',(-0.046,0.001,0.004));
#20625=CARTESIAN_POINT('',(-0.05,0.001,0.004));
#20626=CARTESIAN_POINT('',(-0.054,0.016,0.004));
#20627=CARTESIAN_POINT('',(-0.054,0.012,0.004));
#20628=CARTESIAN_POINT('',(-0.054,0.02,0.004));
#20629=CARTESIAN_POINT('',(-0.05,0.02,0.004));
#20630=CARTESIAN_POINT('',(-0.046,0.02,0.004));
#20631=CARTESIAN_POINT('',(-0.046,0.016,0.004));
#20632=CARTESIAN_POINT('',(-0.046,0.012,0.004));
#20633=CARTESIAN_POINT('',(-0.05,0.012,0.004));
#20634=CARTESIAN_POINT('',(-0.043,0.016,0.004));
#20635=CARTESIAN_POINT('',(-0.043,0.012,0.004));
#20636=CARTESIAN_POINT('',(-0.043,0.02,0.004));
#20637=CARTESIAN_POINT('',(-0.039,0.02,0.004));
#20638=CARTESIAN_POINT('',(-0.035,0.02,0.004));
#20639=CARTESIAN_POINT('',(-0.035,0.016,0.004));
#20640=CARTESIAN_POINT('',(-0.035,0.012,0.004));
#20641=CARTESIAN_POINT('',(-0.039,0.012,0.004));
#20642=CARTESIAN_POINT('',(0.056,0.005,0.004));
#20643=CARTESIAN_POINT('',(0.056,0.001,0.004));
#20644=CARTESIAN_POINT('',(0.056,0.009,0.004));
#20645=CARTESIAN_POINT('',(0.06,0.009,0.004));
#20646=CARTESIAN_POINT('',(0.064,0.009,0.004));
#20647=CARTESIAN_POINT('',(0.064,0.005,0.004));
#20648=CARTESIAN_POINT('',(0.064,0.001,0.004));
#20649=CARTESIAN_POINT('',(0.06,0.001,0.004));
#20650=CARTESIAN_POINT('',(0.067,0.005,0.004));
#20651=CARTESIAN_POINT('',(0.067,0.001,0.004));
#20652=CARTESIAN_POINT('',(0.067,0.009,0.004));
#20653=CARTESIAN_POINT('',(0.071,0.009,0.004));
#20654=CARTESIAN_POINT('',(0.075,0.009,0.004));
#20655=CARTESIAN_POINT('',(0.075,0.005,0.004));
#20656=CARTESIAN_POINT('',(0.075,0.001,0.004));
#20657=CARTESIAN_POINT('',(0.071,0.001,0.004));
#20658=CARTESIAN_POINT('',(0.067,0.016,0.004));
#20659=CARTESIAN_POINT('',(0.067,0.012,0.004));
#20660=CARTESIAN_POINT('',(0.067,0.02,0.004));
#20661=CARTESIAN_POINT('',(0.071,0.02,0.004));
#20662=CARTESIAN_POINT('',(0.075,0.02,0.004));
#20663=CARTESIAN_POINT('',(0.075,0.016,0.004));
#20664=CARTESIAN_POINT('',(0.075,0.012,0.004));
#20665=CARTESIAN_POINT('',(0.071,0.012,0.004));
#20666=CARTESIAN_POINT('',(0.045,0.016,0.004));
#20667=CARTESIAN_POINT('',(0.045,0.012,0.004));
#20668=CARTESIAN_POINT('',(0.045,0.02,0.004));
#20669=CARTESIAN_POINT('',(0.049,0.02,0.004));
#20670=CARTESIAN_POINT('',(0.053,0.02,0.004));
#20671=CARTESIAN_POINT('',(0.053,0.016,0.004));
#20672=CARTESIAN_POINT('',(0.053,0.012,0.004));
#20673=CARTESIAN_POINT('',(0.049,0.012,0.004));
#20674=CARTESIAN_POINT('',(0.056,0.016,0.004));
#20675=CARTESIAN_POINT('',(0.056,0.012,0.004));
#20676=CARTESIAN_POINT('',(0.056,0.02,0.004));
#20677=CARTESIAN_POINT('',(0.06,0.02,0.004));
#20678=CARTESIAN_POINT('',(0.064,0.02,0.004));
#20679=CARTESIAN_POINT('',(0.064,0.016,0.004));
#20680=CARTESIAN_POINT('',(0.064,0.012,0.004));
#20681=CARTESIAN_POINT('',(0.06,0.012,0.004));
#20682=CARTESIAN_POINT('',(0.06,-0.013,0.004));
#20683=CARTESIAN_POINT('',(0.056,-0.013,0.004));
#20684=CARTESIAN_POINT('',(0.064,-0.013,0.004));
#20685=CARTESIAN_POINT('',(0.064,-0.017,0.004));
#20686=CARTESIAN_POINT('',(0.064,-0.021,0.004));
#20687=CARTESIAN_POINT('',(0.06,-0.021,0.004));
#20688=CARTESIAN_POINT('',(0.056,-0.021,0.004));
#20689=CARTESIAN_POINT('',(0.056,-0.017,0.004));
#20690=CARTESIAN_POINT('',(0.071,-0.013,0.004));
#20691=CARTESIAN_POINT('',(0.067,-0.013,0.004));
#20692=CARTESIAN_POINT('',(0.075,-0.013,0.004));
#20693=CARTESIAN_POINT('',(0.075,-0.017,0.004));
#20694=CARTESIAN_POINT('',(0.075,-0.021,0.004));
#20695=CARTESIAN_POINT('',(0.071,-0.021,0.004));
#20696=CARTESIAN_POINT('',(0.067,-0.021,0.004));
#20697=CARTESIAN_POINT('',(0.067,-0.017,0.004));
#20698=CARTESIAN_POINT('',(0.071,-0.002,0.004));
#20699=CARTESIAN_POINT('',(0.067,-0.002,0.004));
#20700=CARTESIAN_POINT('',(0.075,-0.002,0.004));
#20701=CARTESIAN_POINT('',(0.075,-0.006,0.004));
#20702=CARTESIAN_POINT('',(0.075,-0.01,0.004));
#20703=CARTESIAN_POINT('',(0.071,-0.01,0.004));
#20704=CARTESIAN_POINT('',(0.067,-0.01,0.004));
#20705=CARTESIAN_POINT('',(0.067,-0.006,0.004));
#20706=CARTESIAN_POINT('',(0.06,-0.002,0.004));
#20707=CARTESIAN_POINT('',(0.056,-0.002,0.004));
#20708=CARTESIAN_POINT('',(0.064,-0.002,0.004));
#20709=CARTESIAN_POINT('',(0.064,-0.006,0.004));
#20710=CARTESIAN_POINT('',(0.064,-0.01,0.004));
#20711=CARTESIAN_POINT('',(0.06,-0.01,0.004));
#20712=CARTESIAN_POINT('',(0.056,-0.01,0.004));
#20713=CARTESIAN_POINT('',(0.056,-0.006,0.004));
#20714=CARTESIAN_POINT('',(0.049,-0.002,0.004));
#20715=CARTESIAN_POINT('',(0.045,-0.002,0.004));
#20716=CARTESIAN_POINT('',(0.053,-0.002,0.004));
#20717=CARTESIAN_POINT('',(0.053,-0.006,0.004));
#20718=CARTESIAN_POINT('',(0.053,-0.01,0.004));
#20719=CARTESIAN_POINT('',(0.049,-0.01,0.004));
#20720=CARTESIAN_POINT('',(0.045,-0.01,0.004));
#20721=CARTESIAN_POINT('',(0.045,-0.006,0.004));
#20722=CARTESIAN_POINT('',(0.045,0.005,0.004));
#20723=CARTESIAN_POINT('',(0.045,0.001,0.004));
#20724=CARTESIAN_POINT('',(0.045,0.009,0.004));
#20725=CARTESIAN_POINT('',(0.049,0.009,0.004));
#20726=CARTESIAN_POINT('',(0.053,0.009,0.004));
#20727=CARTESIAN_POINT('',(0.053,0.005,0.004));
#20728=CARTESIAN_POINT('',(0.053,0.001,0.004));
#20729=CARTESIAN_POINT('',(0.049,0.001,0.004));
#20730=CARTESIAN_POINT('',(-0.028,-0.076,0.004));
#20731=CARTESIAN_POINT('',(-0.032,-0.076,0.004));
#20732=CARTESIAN_POINT('',(-0.024,-0.076,0.004));
#20733=CARTESIAN_POINT('',(-0.024,-0.072,0.004));
#20734=CARTESIAN_POINT('',(-0.024,-0.068,0.004));
#20735=CARTESIAN_POINT('',(-0.028,-0.068,0.004));
#20736=CARTESIAN_POINT('',(-0.032,-0.068,0.004));
#20737=CARTESIAN_POINT('',(-0.032,-0.072,0.004));
#20738=CARTESIAN_POINT('',(-0.054,0.027,0.004));
#20739=CARTESIAN_POINT('',(-0.054,0.031,0.004));
#20740=CARTESIAN_POINT('',(-0.054,0.023,0.004));
#20741=CARTESIAN_POINT('',(-0.05,0.023,0.004));
#20742=CARTESIAN_POINT('',(-0.046,0.023,0.004));
#20743=CARTESIAN_POINT('',(-0.046,0.027,0.004));
#20744=CARTESIAN_POINT('',(-0.046,0.031,0.004));
#20745=CARTESIAN_POINT('',(-0.05,0.031,0.004));
#20746=CARTESIAN_POINT('',(-0.043,0.027,0.004));
#20747=CARTESIAN_POINT('',(-0.043,0.031,0.004));
#20748=CARTESIAN_POINT('',(-0.043,0.023,0.004));
#20749=CARTESIAN_POINT('',(-0.039,0.023,0.004));
#20750=CARTESIAN_POINT('',(-0.035,0.023,0.004));
#20751=CARTESIAN_POINT('',(-0.035,0.027,0.004));
#20752=CARTESIAN_POINT('',(-0.035,0.031,0.004));
#20753=CARTESIAN_POINT('',(-0.039,0.031,0.004));
#20754=CARTESIAN_POINT('',(-0.043,0.038,0.004));
#20755=CARTESIAN_POINT('',(-0.043,0.042,0.004));
#20756=CARTESIAN_POINT('',(-0.043,0.034,0.004));
#20757=CARTESIAN_POINT('',(-0.039,0.034,0.004));
#20758=CARTESIAN_POINT('',(-0.035,0.034,0.004));
#20759=CARTESIAN_POINT('',(-0.035,0.038,0.004));
#20760=CARTESIAN_POINT('',(-0.035,0.042,0.004));
#20761=CARTESIAN_POINT('',(-0.039,0.042,0.004));
#20762=CARTESIAN_POINT('',(-0.043,0.049,0.004));
#20763=CARTESIAN_POINT('',(-0.043,0.053,0.004));
#20764=CARTESIAN_POINT('',(-0.043,0.045,0.004));
#20765=CARTESIAN_POINT('',(-0.039,0.045,0.004));
#20766=CARTESIAN_POINT('',(-0.035,0.045,0.004));
#20767=CARTESIAN_POINT('',(-0.035,0.049,0.004));
#20768=CARTESIAN_POINT('',(-0.035,0.053,0.004));
#20769=CARTESIAN_POINT('',(-0.039,0.053,0.004));
#20770=CARTESIAN_POINT('',(-0.043,0.06,0.004));
#20771=CARTESIAN_POINT('',(-0.043,0.064,0.004));
#20772=CARTESIAN_POINT('',(-0.043,0.056,0.004));
#20773=CARTESIAN_POINT('',(-0.039,0.056,0.004));
#20774=CARTESIAN_POINT('',(-0.035,0.056,0.004));
#20775=CARTESIAN_POINT('',(-0.035,0.06,0.004));
#20776=CARTESIAN_POINT('',(-0.035,0.064,0.004));
#20777=CARTESIAN_POINT('',(-0.039,0.064,0.004));
#20778=CARTESIAN_POINT('',(-0.032,0.06,0.004));
#20779=CARTESIAN_POINT('',(-0.032,0.064,0.004));
#20780=CARTESIAN_POINT('',(-0.032,0.056,0.004));
#20781=CARTESIAN_POINT('',(-0.028,0.056,0.004));
#20782=CARTESIAN_POINT('',(-0.024,0.056,0.004));
#20783=CARTESIAN_POINT('',(-0.024,0.06,0.004));
#20784=CARTESIAN_POINT('',(-0.024,0.064,0.004));
#20785=CARTESIAN_POINT('',(-0.028,0.064,0.004));
#20786=CARTESIAN_POINT('',(-0.032,0.049,0.004));
#20787=CARTESIAN_POINT('',(-0.032,0.053,0.004));
#20788=CARTESIAN_POINT('',(-0.032,0.045,0.004));
#20789=CARTESIAN_POINT('',(-0.028,0.045,0.004));
#20790=CARTESIAN_POINT('',(-0.024,0.045,0.004));
#20791=CARTESIAN_POINT('',(-0.024,0.049,0.004));
#20792=CARTESIAN_POINT('',(-0.024,0.053,0.004));
#20793=CARTESIAN_POINT('',(-0.028,0.053,0.004));
#20794=CARTESIAN_POINT('',(-0.032,0.038,0.004));
#20795=CARTESIAN_POINT('',(-0.032,0.042,0.004));
#20796=CARTESIAN_POINT('',(-0.032,0.034,0.004));
#20797=CARTESIAN_POINT('',(-0.028,0.034,0.004));
#20798=CARTESIAN_POINT('',(-0.024,0.034,0.004));
#20799=CARTESIAN_POINT('',(-0.024,0.038,0.004));
#20800=CARTESIAN_POINT('',(-0.024,0.042,0.004));
#20801=CARTESIAN_POINT('',(-0.028,0.042,0.004));
#20802=CARTESIAN_POINT('',(-0.054,0.06,0.004));
#20803=CARTESIAN_POINT('',(-0.054,0.064,0.004));
#20804=CARTESIAN_POINT('',(-0.054,0.056,0.004));
#20805=CARTESIAN_POINT('',(-0.05,0.056,0.004));
#20806=CARTESIAN_POINT('',(-0.046,0.056,0.004));
#20807=CARTESIAN_POINT('',(-0.046,0.06,0.004));
#20808=CARTESIAN_POINT('',(-0.046,0.064,0.004));
#20809=CARTESIAN_POINT('',(-0.05,0.064,0.004));
#20810=CARTESIAN_POINT('',(-0.065,0.049,0.004));
#20811=CARTESIAN_POINT('',(-0.065,0.053,0.004));
#20812=CARTESIAN_POINT('',(-0.065,0.045,0.004));
#20813=CARTESIAN_POINT('',(-0.061,0.045,0.004));
#20814=CARTESIAN_POINT('',(-0.057,0.045,0.004));
#20815=CARTESIAN_POINT('',(-0.057,0.049,0.004));
#20816=CARTESIAN_POINT('',(-0.057,0.053,0.004));
#20817=CARTESIAN_POINT('',(-0.061,0.053,0.004));
#20818=CARTESIAN_POINT('',(-0.076,0.038,0.004));
#20819=CARTESIAN_POINT('',(-0.076,0.0380657326213487,0.004));
#20820=CARTESIAN_POINT('',(-0.076,0.034,0.004));
#20821=CARTESIAN_POINT('',(-0.072,0.034,0.004));
#20822=CARTESIAN_POINT('',(-0.068,0.034,0.004));
#20823=CARTESIAN_POINT('',(-0.068,0.038,0.004));
#20824=CARTESIAN_POINT('',(-0.068,0.042,0.004));
#20825=CARTESIAN_POINT('',(-0.072,0.042,0.004));
#20826=CARTESIAN_POINT('',(-0.0738985791473693,0.042,0.004));
#20827=CARTESIAN_POINT('',(-0.076,0.027,0.004));
#20828=CARTESIAN_POINT('',(-0.076,0.031,0.004));
#20829=CARTESIAN_POINT('',(-0.076,0.023,0.004));
#20830=CARTESIAN_POINT('',(-0.072,0.023,0.004));
#20831=CARTESIAN_POINT('',(-0.068,0.023,0.004));
#20832=CARTESIAN_POINT('',(-0.068,0.027,0.004));
#20833=CARTESIAN_POINT('',(-0.068,0.031,0.004));
#20834=CARTESIAN_POINT('',(-0.072,0.031,0.004));
#20835=CARTESIAN_POINT('',(-0.065,0.027,0.004));
#20836=CARTESIAN_POINT('',(-0.065,0.031,0.004));
#20837=CARTESIAN_POINT('',(-0.065,0.023,0.004));
#20838=CARTESIAN_POINT('',(-0.061,0.023,0.004));
#20839=CARTESIAN_POINT('',(-0.057,0.023,0.004));
#20840=CARTESIAN_POINT('',(-0.057,0.027,0.004));
#20841=CARTESIAN_POINT('',(-0.057,0.031,0.004));
#20842=CARTESIAN_POINT('',(-0.061,0.031,0.004));
#20843=CARTESIAN_POINT('',(-0.065,0.038,0.004));
#20844=CARTESIAN_POINT('',(-0.065,0.042,0.004));
#20845=CARTESIAN_POINT('',(-0.065,0.034,0.004));
#20846=CARTESIAN_POINT('',(-0.061,0.034,0.004));
#20847=CARTESIAN_POINT('',(-0.057,0.034,0.004));
#20848=CARTESIAN_POINT('',(-0.057,0.038,0.004));
#20849=CARTESIAN_POINT('',(-0.057,0.042,0.004));
#20850=CARTESIAN_POINT('',(-0.061,0.042,0.004));
#20851=CARTESIAN_POINT('',(-0.054,0.049,0.004));
#20852=CARTESIAN_POINT('',(-0.054,0.053,0.004));
#20853=CARTESIAN_POINT('',(-0.054,0.045,0.004));
#20854=CARTESIAN_POINT('',(-0.05,0.045,0.004));
#20855=CARTESIAN_POINT('',(-0.046,0.045,0.004));
#20856=CARTESIAN_POINT('',(-0.046,0.049,0.004));
#20857=CARTESIAN_POINT('',(-0.046,0.053,0.004));
#20858=CARTESIAN_POINT('',(-0.05,0.053,0.004));
#20859=CARTESIAN_POINT('',(-0.054,0.038,0.004));
#20860=CARTESIAN_POINT('',(-0.054,0.042,0.004));
#20861=CARTESIAN_POINT('',(-0.054,0.034,0.004));
#20862=CARTESIAN_POINT('',(-0.05,0.034,0.004));
#20863=CARTESIAN_POINT('',(-0.046,0.034,0.004));
#20864=CARTESIAN_POINT('',(-0.046,0.038,0.004));
#20865=CARTESIAN_POINT('',(-0.046,0.042,0.004));
#20866=CARTESIAN_POINT('',(-0.05,0.042,0.004));
#20867=CARTESIAN_POINT('',(0.016,-0.079,0.004));
#20868=CARTESIAN_POINT('',(0.02,-0.079,0.004));
#20869=CARTESIAN_POINT('',(0.012,-0.079,0.004));
#20870=CARTESIAN_POINT('',(0.012,-0.083,0.004));
#20871=CARTESIAN_POINT('',(0.012,-0.0841486779456457,0.004));
#20872=CARTESIAN_POINT('',(0.02,-0.083,0.004));
#20873=CARTESIAN_POINT('',(0.02,-0.0826135582092915,0.004));
#20874=CARTESIAN_POINT('',(-0.013,-0.083,0.004));
#20875=CARTESIAN_POINT('',(-0.013,-0.084,0.004));
#20876=CARTESIAN_POINT('',(-0.013,-0.079,0.004));
#20877=CARTESIAN_POINT('',(-0.017,-0.079,0.004));
#20878=CARTESIAN_POINT('',(-0.021,-0.079,0.004));
#20879=CARTESIAN_POINT('',(-0.021,-0.083,0.004));
#20880=CARTESIAN_POINT('',(-0.021,-0.082365041127896,0.004));
#20881=CARTESIAN_POINT('',(-0.021,0.071,0.004));
#20882=CARTESIAN_POINT('',(-0.021,0.075,0.004));
#20883=CARTESIAN_POINT('',(-0.021,0.067,0.004));
#20884=CARTESIAN_POINT('',(-0.017,0.067,0.004));
#20885=CARTESIAN_POINT('',(-0.013,0.067,0.004));
#20886=CARTESIAN_POINT('',(-0.013,0.071,0.004));
#20887=CARTESIAN_POINT('',(-0.013,0.075,0.004));
#20888=CARTESIAN_POINT('',(-0.017,0.075,0.004));
#20889=CARTESIAN_POINT('',(-0.01,0.071,0.004));
#20890=CARTESIAN_POINT('',(-0.01,0.075,0.004));
#20891=CARTESIAN_POINT('',(-0.01,0.067,0.004));
#20892=CARTESIAN_POINT('',(-0.006,0.067,0.004));
#20893=CARTESIAN_POINT('',(-0.002,0.067,0.004));
#20894=CARTESIAN_POINT('',(-0.002,0.071,0.004));
#20895=CARTESIAN_POINT('',(-0.002,0.075,0.004));
#20896=CARTESIAN_POINT('',(-0.006,0.075,0.004));
#20897=CARTESIAN_POINT('',(-0.01,0.06,0.004));
#20898=CARTESIAN_POINT('',(-0.01,0.064,0.004));
#20899=CARTESIAN_POINT('',(-0.01,0.056,0.004));
#20900=CARTESIAN_POINT('',(-0.006,0.056,0.004));
#20901=CARTESIAN_POINT('',(-0.002,0.056,0.004));
#20902=CARTESIAN_POINT('',(-0.002,0.06,0.004));
#20903=CARTESIAN_POINT('',(-0.002,0.064,0.004));
#20904=CARTESIAN_POINT('',(-0.006,0.064,0.004));
#20905=CARTESIAN_POINT('',(-0.01,0.049,0.004));
#20906=CARTESIAN_POINT('',(-0.01,0.053,0.004));
#20907=CARTESIAN_POINT('',(-0.01,0.045,0.004));
#20908=CARTESIAN_POINT('',(-0.006,0.045,0.004));
#20909=CARTESIAN_POINT('',(-0.002,0.045,0.004));
#20910=CARTESIAN_POINT('',(-0.002,0.049,0.004));
#20911=CARTESIAN_POINT('',(-0.002,0.053,0.004));
#20912=CARTESIAN_POINT('',(-0.006,0.053,0.004));
#20913=CARTESIAN_POINT('',(-0.01,0.038,0.004));
#20914=CARTESIAN_POINT('',(-0.01,0.042,0.004));
#20915=CARTESIAN_POINT('',(-0.006,0.042,0.004));
#20916=CARTESIAN_POINT('',(-0.021,0.06,0.004));
#20917=CARTESIAN_POINT('',(-0.021,0.064,0.004));
#20918=CARTESIAN_POINT('',(-0.021,0.056,0.004));
#20919=CARTESIAN_POINT('',(-0.017,0.056,0.004));
#20920=CARTESIAN_POINT('',(-0.013,0.056,0.004));
#20921=CARTESIAN_POINT('',(-0.013,0.06,0.004));
#20922=CARTESIAN_POINT('',(-0.013,0.064,0.004));
#20923=CARTESIAN_POINT('',(-0.017,0.064,0.004));
#20924=CARTESIAN_POINT('',(-0.021,0.049,0.004));
#20925=CARTESIAN_POINT('',(-0.021,0.053,0.004));
#20926=CARTESIAN_POINT('',(-0.021,0.045,0.004));
#20927=CARTESIAN_POINT('',(-0.017,0.045,0.004));
#20928=CARTESIAN_POINT('',(-0.013,0.045,0.004));
#20929=CARTESIAN_POINT('',(-0.013,0.049,0.004));
#20930=CARTESIAN_POINT('',(-0.013,0.053,0.004));
#20931=CARTESIAN_POINT('',(-0.017,0.053,0.004));
#20932=CARTESIAN_POINT('',(-0.021,0.038,0.004));
#20933=CARTESIAN_POINT('',(-0.021,0.042,0.004));
#20934=CARTESIAN_POINT('',(-0.021,0.034,0.004));
#20935=CARTESIAN_POINT('',(-0.017,0.034,0.004));
#20936=CARTESIAN_POINT('',(-0.013,0.034,0.004));
#20937=CARTESIAN_POINT('',(-0.013,0.038,0.004));
#20938=CARTESIAN_POINT('',(-0.013,0.042,0.004));
#20939=CARTESIAN_POINT('',(-0.017,0.042,0.004));
#20940=CARTESIAN_POINT('',(-0.032,0.027,0.004));
#20941=CARTESIAN_POINT('',(-0.032,0.031,0.004));
#20942=CARTESIAN_POINT('',(-0.028,0.031,0.004));
#20943=CARTESIAN_POINT('',(-0.061,-0.043,0.004));
#20944=CARTESIAN_POINT('',(-0.065,-0.043,0.004));
#20945=CARTESIAN_POINT('',(-0.057,-0.043,0.004));
#20946=CARTESIAN_POINT('',(-0.057,-0.039,0.004));
#20947=CARTESIAN_POINT('',(-0.057,-0.035,0.004));
#20948=CARTESIAN_POINT('',(-0.061,-0.035,0.004));
#20949=CARTESIAN_POINT('',(-0.065,-0.035,0.004));
#20950=CARTESIAN_POINT('',(-0.065,-0.039,0.004));
#20951=CARTESIAN_POINT('',(-0.05,-0.043,0.004));
#20952=CARTESIAN_POINT('',(-0.054,-0.043,0.004));
#20953=CARTESIAN_POINT('',(-0.046,-0.043,0.004));
#20954=CARTESIAN_POINT('',(-0.046,-0.039,0.004));
#20955=CARTESIAN_POINT('',(-0.046,-0.035,0.004));
#20956=CARTESIAN_POINT('',(-0.05,-0.035,0.004));
#20957=CARTESIAN_POINT('',(-0.054,-0.035,0.004));
#20958=CARTESIAN_POINT('',(-0.054,-0.039,0.004));
#20959=CARTESIAN_POINT('',(-0.039,-0.043,0.004));
#20960=CARTESIAN_POINT('',(-0.043,-0.043,0.004));
#20961=CARTESIAN_POINT('',(-0.035,-0.043,0.004));
#20962=CARTESIAN_POINT('',(-0.035,-0.039,0.004));
#20963=CARTESIAN_POINT('',(-0.035,-0.035,0.004));
#20964=CARTESIAN_POINT('',(-0.039,-0.035,0.004));
#20965=CARTESIAN_POINT('',(-0.043,-0.035,0.004));
#20966=CARTESIAN_POINT('',(-0.043,-0.039,0.004));
#20967=CARTESIAN_POINT('',(-0.028,-0.043,0.004));
#20968=CARTESIAN_POINT('',(-0.032,-0.043,0.004));
#20969=CARTESIAN_POINT('',(-0.024,-0.043,0.004));
#20970=CARTESIAN_POINT('',(-0.024,-0.039,0.004));
#20971=CARTESIAN_POINT('',(-0.024,-0.035,0.004));
#20972=CARTESIAN_POINT('',(-0.028,-0.035,0.004));
#20973=CARTESIAN_POINT('',(-0.032,-0.035,0.004));
#20974=CARTESIAN_POINT('',(-0.032,-0.039,0.004));
#20975=CARTESIAN_POINT('',(-0.017,-0.043,0.004));
#20976=CARTESIAN_POINT('',(-0.021,-0.043,0.004));
#20977=CARTESIAN_POINT('',(-0.013,-0.043,0.004));
#20978=CARTESIAN_POINT('',(-0.013,-0.039,0.004));
#20979=CARTESIAN_POINT('',(-0.013,-0.035,0.004));
#20980=CARTESIAN_POINT('',(-0.017,-0.035,0.004));
#20981=CARTESIAN_POINT('',(-0.021,-0.035,0.004));
#20982=CARTESIAN_POINT('',(-0.021,-0.039,0.004));
#20983=CARTESIAN_POINT('',(-0.006,-0.043,0.004));
#20984=CARTESIAN_POINT('',(-0.01,-0.043,0.004));
#20985=CARTESIAN_POINT('',(-0.002,-0.043,0.004));
#20986=CARTESIAN_POINT('',(-0.002,-0.039,0.004));
#20987=CARTESIAN_POINT('',(-0.002,-0.035,0.004));
#20988=CARTESIAN_POINT('',(-0.006,-0.035,0.004));
#20989=CARTESIAN_POINT('',(-0.01,-0.035,0.004));
#20990=CARTESIAN_POINT('',(-0.01,-0.039,0.004));
#20991=CARTESIAN_POINT('',(0.005,-0.035,0.004));
#20992=CARTESIAN_POINT('',(0.009,-0.035,0.004));
#20993=CARTESIAN_POINT('',(0.001,-0.035,0.004));
#20994=CARTESIAN_POINT('',(0.001,-0.039,0.004));
#20995=CARTESIAN_POINT('',(0.001,-0.043,0.004));
#20996=CARTESIAN_POINT('',(0.005,-0.043,0.004));
#20997=CARTESIAN_POINT('',(0.009,-0.043,0.004));
#20998=CARTESIAN_POINT('',(0.009,-0.039,0.004));
#20999=CARTESIAN_POINT('',(0.016,-0.035,0.004));
#21000=CARTESIAN_POINT('',(0.02,-0.035,0.004));
#21001=CARTESIAN_POINT('',(0.012,-0.035,0.004));
#21002=CARTESIAN_POINT('',(0.012,-0.039,0.004));
#21003=CARTESIAN_POINT('',(0.012,-0.043,0.004));
#21004=CARTESIAN_POINT('',(0.016,-0.043,0.004));
#21005=CARTESIAN_POINT('',(0.02,-0.043,0.004));
#21006=CARTESIAN_POINT('',(0.02,-0.039,0.004));
#21007=CARTESIAN_POINT('',(0.049,-0.024,0.004));
#21008=CARTESIAN_POINT('',(0.053,-0.024,0.004));
#21009=CARTESIAN_POINT('',(0.045,-0.024,0.004));
#21010=CARTESIAN_POINT('',(0.045,-0.028,0.004));
#21011=CARTESIAN_POINT('',(0.045,-0.032,0.004));
#21012=CARTESIAN_POINT('',(0.049,-0.032,0.004));
#21013=CARTESIAN_POINT('',(0.053,-0.032,0.004));
#21014=CARTESIAN_POINT('',(0.053,-0.028,0.004));
#21015=CARTESIAN_POINT('',(0.06,-0.024,0.004));
#21016=CARTESIAN_POINT('',(0.064,-0.024,0.004));
#21017=CARTESIAN_POINT('',(0.056,-0.024,0.004));
#21018=CARTESIAN_POINT('',(0.056,-0.028,0.004));
#21019=CARTESIAN_POINT('',(0.056,-0.032,0.004));
#21020=CARTESIAN_POINT('',(0.06,-0.032,0.004));
#21021=CARTESIAN_POINT('',(0.064,-0.032,0.004));
#21022=CARTESIAN_POINT('',(0.064,-0.028,0.004));
#21023=CARTESIAN_POINT('',(0.071,-0.024,0.004));
#21024=CARTESIAN_POINT('',(0.075,-0.024,0.004));
#21025=CARTESIAN_POINT('',(0.067,-0.024,0.004));
#21026=CARTESIAN_POINT('',(0.067,-0.028,0.004));
#21027=CARTESIAN_POINT('',(0.067,-0.032,0.004));
#21028=CARTESIAN_POINT('',(0.071,-0.032,0.004));
#21029=CARTESIAN_POINT('',(0.075,-0.032,0.004));
#21030=CARTESIAN_POINT('',(0.075,-0.028,0.004));
#21031=CARTESIAN_POINT('',(0.071,-0.035,0.004));
#21032=CARTESIAN_POINT('',(0.075,-0.035,0.004));
#21033=CARTESIAN_POINT('',(0.067,-0.035,0.004));
#21034=CARTESIAN_POINT('',(0.067,-0.039,0.004));
#21035=CARTESIAN_POINT('',(0.067,-0.043,0.004));
#21036=CARTESIAN_POINT('',(0.071,-0.043,0.004));
#21037=CARTESIAN_POINT('',(0.0733212111192935,-0.043,0.004));
#21038=CARTESIAN_POINT('',(0.075,-0.039,0.004));
#21039=CARTESIAN_POINT('',(0.075,-0.04,0.004));
#21040=CARTESIAN_POINT('',(0.06,-0.035,0.004));
#21041=CARTESIAN_POINT('',(0.064,-0.035,0.004));
#21042=CARTESIAN_POINT('',(0.056,-0.035,0.004));
#21043=CARTESIAN_POINT('',(0.056,-0.039,0.004));
#21044=CARTESIAN_POINT('',(0.056,-0.043,0.004));
#21045=CARTESIAN_POINT('',(0.06,-0.043,0.004));
#21046=CARTESIAN_POINT('',(0.064,-0.043,0.004));
#21047=CARTESIAN_POINT('',(0.064,-0.039,0.004));
#21048=CARTESIAN_POINT('',(0.049,-0.035,0.004));
#21049=CARTESIAN_POINT('',(0.053,-0.035,0.004));
#21050=CARTESIAN_POINT('',(0.045,-0.035,0.004));
#21051=CARTESIAN_POINT('',(0.045,-0.039,0.004));
#21052=CARTESIAN_POINT('',(0.045,-0.043,0.004));
#21053=CARTESIAN_POINT('',(0.049,-0.043,0.004));
#21054=CARTESIAN_POINT('',(0.053,-0.043,0.004));
#21055=CARTESIAN_POINT('',(0.053,-0.039,0.004));
#21056=CARTESIAN_POINT('',(0.038,-0.035,0.004));
#21057=CARTESIAN_POINT('',(0.042,-0.035,0.004));
#21058=CARTESIAN_POINT('',(0.034,-0.035,0.004));
#21059=CARTESIAN_POINT('',(0.034,-0.039,0.004));
#21060=CARTESIAN_POINT('',(0.034,-0.043,0.004));
#21061=CARTESIAN_POINT('',(0.038,-0.043,0.004));
#21062=CARTESIAN_POINT('',(0.042,-0.043,0.004));
#21063=CARTESIAN_POINT('',(0.042,-0.039,0.004));
#21064=CARTESIAN_POINT('',(0.027,-0.035,0.004));
#21065=CARTESIAN_POINT('',(0.031,-0.035,0.004));
#21066=CARTESIAN_POINT('',(0.023,-0.035,0.004));
#21067=CARTESIAN_POINT('',(0.023,-0.039,0.004));
#21068=CARTESIAN_POINT('',(0.023,-0.043,0.004));
#21069=CARTESIAN_POINT('',(0.027,-0.043,0.004));
#21070=CARTESIAN_POINT('',(0.031,-0.043,0.004));
#21071=CARTESIAN_POINT('',(0.031,-0.039,0.004));
#21072=CARTESIAN_POINT('',(-0.072,-0.021,0.004));
#21073=CARTESIAN_POINT('',(-0.076,-0.021,0.004));
#21074=CARTESIAN_POINT('',(-0.068,-0.021,0.004));
#21075=CARTESIAN_POINT('',(-0.068,-0.017,0.004));
#21076=CARTESIAN_POINT('',(-0.068,-0.013,0.004));
#21077=CARTESIAN_POINT('',(-0.072,-0.013,0.004));
#21078=CARTESIAN_POINT('',(-0.076,-0.013,0.004));
#21079=CARTESIAN_POINT('',(-0.076,-0.017,0.004));
#21080=CARTESIAN_POINT('',(-0.083,0.012,0.004));
#21081=CARTESIAN_POINT('',(-0.0841486779456457,0.012,0.004));
#21082=CARTESIAN_POINT('',(-0.079,0.012,0.004));
#21083=CARTESIAN_POINT('',(-0.079,0.016,0.004));
#21084=CARTESIAN_POINT('',(-0.079,0.02,0.004));
#21085=CARTESIAN_POINT('',(-0.083,0.02,0.004));
#21086=CARTESIAN_POINT('',(-0.0826135582092916,0.02,0.004));
#21087=CARTESIAN_POINT('',(-0.083,0.001,0.004));
#21088=CARTESIAN_POINT('',(-0.0849941174435031,0.001,0.004));
#21089=CARTESIAN_POINT('',(-0.079,0.001,0.004));
#21090=CARTESIAN_POINT('',(-0.079,0.005,0.004));
#21091=CARTESIAN_POINT('',(-0.079,0.009,0.004));
#21092=CARTESIAN_POINT('',(-0.083,0.009,0.004));
#21093=CARTESIAN_POINT('',(-0.0845221864364618,0.009,0.004));
#21094=CARTESIAN_POINT('',(-0.083,-0.01,0.004));
#21095=CARTESIAN_POINT('',(-0.0844097150806707,-0.01,0.004));
#21096=CARTESIAN_POINT('',(-0.079,-0.01,0.004));
#21097=CARTESIAN_POINT('',(-0.079,-0.006,0.004));
#21098=CARTESIAN_POINT('',(-0.079,-0.002,0.004));
#21099=CARTESIAN_POINT('',(-0.083,-0.002,0.004));
#21100=CARTESIAN_POINT('',(-0.0849764673306675,-0.002,0.004));
#21101=CARTESIAN_POINT('',(-0.072,-0.01,0.004));
#21102=CARTESIAN_POINT('',(-0.076,-0.01,0.004));
#21103=CARTESIAN_POINT('',(-0.068,-0.01,0.004));
#21104=CARTESIAN_POINT('',(-0.068,-0.006,0.004));
#21105=CARTESIAN_POINT('',(-0.068,-0.002,0.004));
#21106=CARTESIAN_POINT('',(-0.072,-0.002,0.004));
#21107=CARTESIAN_POINT('',(-0.076,-0.002,0.004));
#21108=CARTESIAN_POINT('',(-0.076,-0.006,0.004));
#21109=CARTESIAN_POINT('',(-0.076,0.005,0.004));
#21110=CARTESIAN_POINT('',(-0.076,0.009,0.004));
#21111=CARTESIAN_POINT('',(-0.076,0.001,0.004));
#21112=CARTESIAN_POINT('',(-0.072,0.001,0.004));
#21113=CARTESIAN_POINT('',(-0.068,0.001,0.004));
#21114=CARTESIAN_POINT('',(-0.068,0.005,0.004));
#21115=CARTESIAN_POINT('',(-0.068,0.009,0.004));
#21116=CARTESIAN_POINT('',(-0.072,0.009,0.004));
#21117=CARTESIAN_POINT('',(-0.076,0.016,0.004));
#21118=CARTESIAN_POINT('',(-0.076,0.02,0.004));
#21119=CARTESIAN_POINT('',(-0.076,0.012,0.004));
#21120=CARTESIAN_POINT('',(-0.072,0.012,0.004));
#21121=CARTESIAN_POINT('',(-0.068,0.012,0.004));
#21122=CARTESIAN_POINT('',(-0.068,0.016,0.004));
#21123=CARTESIAN_POINT('',(-0.068,0.02,0.004));
#21124=CARTESIAN_POINT('',(-0.072,0.02,0.004));
#21125=CARTESIAN_POINT('',(-0.065,0.016,0.004));
#21126=CARTESIAN_POINT('',(-0.065,0.02,0.004));
#21127=CARTESIAN_POINT('',(-0.065,0.012,0.004));
#21128=CARTESIAN_POINT('',(-0.061,0.012,0.004));
#21129=CARTESIAN_POINT('',(-0.057,0.012,0.004));
#21130=CARTESIAN_POINT('',(-0.057,0.016,0.004));
#21131=CARTESIAN_POINT('',(-0.057,0.02,0.004));
#21132=CARTESIAN_POINT('',(-0.061,0.02,0.004));
#21133=CARTESIAN_POINT('',(-0.083,-0.021,0.004));
#21134=CARTESIAN_POINT('',(-0.082365041127896,-0.021,0.004));
#21135=CARTESIAN_POINT('',(-0.079,-0.021,0.004));
#21136=CARTESIAN_POINT('',(-0.079,-0.017,0.004));
#21137=CARTESIAN_POINT('',(-0.079,-0.013,0.004));
#21138=CARTESIAN_POINT('',(-0.083,-0.013,0.004));
#21139=CARTESIAN_POINT('',(-0.084,-0.013,0.004));
#21140=CARTESIAN_POINT('',(-0.072,-0.032,0.004));
#21141=CARTESIAN_POINT('',(-0.076,-0.032,0.004));
#21142=CARTESIAN_POINT('',(-0.068,-0.032,0.004));
#21143=CARTESIAN_POINT('',(-0.068,-0.028,0.004));
#21144=CARTESIAN_POINT('',(-0.068,-0.024,0.004));
#21145=CARTESIAN_POINT('',(-0.072,-0.024,0.004));
#21146=CARTESIAN_POINT('',(-0.076,-0.024,0.004));
#21147=CARTESIAN_POINT('',(-0.076,-0.028,0.004));
#21148=CARTESIAN_POINT('',(-0.05,-0.032,0.004));
#21149=CARTESIAN_POINT('',(-0.054,-0.032,0.004));
#21150=CARTESIAN_POINT('',(-0.046,-0.032,0.004));
#21151=CARTESIAN_POINT('',(-0.046,-0.028,0.004));
#21152=CARTESIAN_POINT('',(-0.046,-0.024,0.004));
#21153=CARTESIAN_POINT('',(-0.05,-0.024,0.004));
#21154=CARTESIAN_POINT('',(-0.054,-0.024,0.004));
#21155=CARTESIAN_POINT('',(-0.054,-0.028,0.004));
#21156=CARTESIAN_POINT('',(-0.061,-0.032,0.004));
#21157=CARTESIAN_POINT('',(-0.065,-0.032,0.004));
#21158=CARTESIAN_POINT('',(-0.057,-0.032,0.004));
#21159=CARTESIAN_POINT('',(-0.057,-0.028,0.004));
#21160=CARTESIAN_POINT('',(-0.057,-0.024,0.004));
#21161=CARTESIAN_POINT('',(-0.061,-0.024,0.004));
#21162=CARTESIAN_POINT('',(-0.065,-0.024,0.004));
#21163=CARTESIAN_POINT('',(-0.065,-0.028,0.004));
#21164=CARTESIAN_POINT('',(-0.039,-0.032,0.004));
#21165=CARTESIAN_POINT('',(-0.043,-0.032,0.004));
#21166=CARTESIAN_POINT('',(-0.035,-0.032,0.004));
#21167=CARTESIAN_POINT('',(-0.035,-0.028,0.004));
#21168=CARTESIAN_POINT('',(-0.035,-0.024,0.004));
#21169=CARTESIAN_POINT('',(-0.039,-0.024,0.004));
#21170=CARTESIAN_POINT('',(-0.043,-0.024,0.004));
#21171=CARTESIAN_POINT('',(-0.043,-0.028,0.004));
#21172=CARTESIAN_POINT('',(-0.028,-0.032,0.004));
#21173=CARTESIAN_POINT('',(-0.032,-0.032,0.004));
#21174=CARTESIAN_POINT('',(-0.032,-0.028,0.004));
#21175=CARTESIAN_POINT('',(0.027,-0.032,0.004));
#21176=CARTESIAN_POINT('',(0.031,-0.032,0.004));
#21177=CARTESIAN_POINT('',(0.031,-0.028,0.004));
#21178=CARTESIAN_POINT('',(0.038,-0.024,0.004));
#21179=CARTESIAN_POINT('',(0.042,-0.024,0.004));
#21180=CARTESIAN_POINT('',(0.034,-0.024,0.004));
#21181=CARTESIAN_POINT('',(0.034,-0.028,0.004));
#21182=CARTESIAN_POINT('',(0.034,-0.032,0.004));
#21183=CARTESIAN_POINT('',(0.038,-0.032,0.004));
#21184=CARTESIAN_POINT('',(0.042,-0.032,0.004));
#21185=CARTESIAN_POINT('',(0.042,-0.028,0.004));
#21186=CARTESIAN_POINT('',(0.016,-0.057,0.004));
#21187=CARTESIAN_POINT('',(0.02,-0.057,0.004));
#21188=CARTESIAN_POINT('',(0.012,-0.057,0.004));
#21189=CARTESIAN_POINT('',(0.012,-0.061,0.004));
#21190=CARTESIAN_POINT('',(0.012,-0.065,0.004));
#21191=CARTESIAN_POINT('',(0.016,-0.065,0.004));
#21192=CARTESIAN_POINT('',(0.02,-0.065,0.004));
#21193=CARTESIAN_POINT('',(0.02,-0.061,0.004));
#21194=CARTESIAN_POINT('',(0.005,-0.057,0.004));
#21195=CARTESIAN_POINT('',(0.009,-0.057,0.004));
#21196=CARTESIAN_POINT('',(0.001,-0.057,0.004));
#21197=CARTESIAN_POINT('',(0.001,-0.061,0.004));
#21198=CARTESIAN_POINT('',(0.001,-0.065,0.004));
#21199=CARTESIAN_POINT('',(0.005,-0.065,0.004));
#21200=CARTESIAN_POINT('',(0.009,-0.065,0.004));
#21201=CARTESIAN_POINT('',(0.009,-0.061,0.004));
#21202=CARTESIAN_POINT('',(-0.006,-0.065,0.004));
#21203=CARTESIAN_POINT('',(-0.01,-0.065,0.004));
#21204=CARTESIAN_POINT('',(-0.002,-0.065,0.004));
#21205=CARTESIAN_POINT('',(-0.002,-0.061,0.004));
#21206=CARTESIAN_POINT('',(-0.002,-0.057,0.004));
#21207=CARTESIAN_POINT('',(-0.006,-0.057,0.004));
#21208=CARTESIAN_POINT('',(-0.01,-0.057,0.004));
#21209=CARTESIAN_POINT('',(-0.01,-0.061,0.004));
#21210=CARTESIAN_POINT('',(-0.017,-0.065,0.004));
#21211=CARTESIAN_POINT('',(-0.021,-0.065,0.004));
#21212=CARTESIAN_POINT('',(-0.013,-0.065,0.004));
#21213=CARTESIAN_POINT('',(-0.013,-0.061,0.004));
#21214=CARTESIAN_POINT('',(-0.013,-0.057,0.004));
#21215=CARTESIAN_POINT('',(-0.017,-0.057,0.004));
#21216=CARTESIAN_POINT('',(-0.021,-0.057,0.004));
#21217=CARTESIAN_POINT('',(-0.021,-0.061,0.004));
#21218=CARTESIAN_POINT('',(-0.039,-0.076,0.004));
#21219=CARTESIAN_POINT('',(-0.0380657326213486,-0.076,0.004));
#21220=CARTESIAN_POINT('',(-0.035,-0.076,0.004));
#21221=CARTESIAN_POINT('',(-0.035,-0.072,0.004));
#21222=CARTESIAN_POINT('',(-0.035,-0.068,0.004));
#21223=CARTESIAN_POINT('',(-0.039,-0.068,0.004));
#21224=CARTESIAN_POINT('',(-0.043,-0.068,0.004));
#21225=CARTESIAN_POINT('',(-0.043,-0.072,0.004));
#21226=CARTESIAN_POINT('',(-0.043,-0.0733212111192935,0.004));
#21227=CARTESIAN_POINT('',(-0.05,-0.065,0.004));
#21228=CARTESIAN_POINT('',(-0.054,-0.065,0.004));
#21229=CARTESIAN_POINT('',(-0.046,-0.065,0.004));
#21230=CARTESIAN_POINT('',(-0.046,-0.061,0.004));
#21231=CARTESIAN_POINT('',(-0.046,-0.057,0.004));
#21232=CARTESIAN_POINT('',(-0.05,-0.057,0.004));
#21233=CARTESIAN_POINT('',(-0.054,-0.057,0.004));
#21234=CARTESIAN_POINT('',(-0.054,-0.061,0.004));
#21235=CARTESIAN_POINT('',(-0.039,-0.065,0.004));
#21236=CARTESIAN_POINT('',(-0.043,-0.065,0.004));
#21237=CARTESIAN_POINT('',(-0.035,-0.065,0.004));
#21238=CARTESIAN_POINT('',(-0.035,-0.061,0.004));
#21239=CARTESIAN_POINT('',(-0.035,-0.057,0.004));
#21240=CARTESIAN_POINT('',(-0.039,-0.057,0.004));
#21241=CARTESIAN_POINT('',(-0.043,-0.057,0.004));
#21242=CARTESIAN_POINT('',(-0.043,-0.061,0.004));
#21243=CARTESIAN_POINT('',(-0.028,-0.065,0.004));
#21244=CARTESIAN_POINT('',(-0.032,-0.065,0.004));
#21245=CARTESIAN_POINT('',(-0.024,-0.065,0.004));
#21246=CARTESIAN_POINT('',(-0.024,-0.061,0.004));
#21247=CARTESIAN_POINT('',(-0.024,-0.057,0.004));
#21248=CARTESIAN_POINT('',(-0.028,-0.057,0.004));
#21249=CARTESIAN_POINT('',(-0.032,-0.057,0.004));
#21250=CARTESIAN_POINT('',(-0.032,-0.061,0.004));
#21251=CARTESIAN_POINT('',(-0.002,-0.083,0.004));
#21252=CARTESIAN_POINT('',(-0.002,-0.0849764673306675,0.004));
#21253=CARTESIAN_POINT('',(-0.002,-0.079,0.004));
#21254=CARTESIAN_POINT('',(-0.006,-0.079,0.004));
#21255=CARTESIAN_POINT('',(-0.01,-0.079,0.004));
#21256=CARTESIAN_POINT('',(-0.01,-0.083,0.004));
#21257=CARTESIAN_POINT('',(-0.01,-0.0844097150806707,0.004));
#21258=CARTESIAN_POINT('',(0.005,-0.068,0.004));
#21259=CARTESIAN_POINT('',(0.009,-0.068,0.004));
#21260=CARTESIAN_POINT('',(0.001,-0.068,0.004));
#21261=CARTESIAN_POINT('',(0.001,-0.072,0.004));
#21262=CARTESIAN_POINT('',(0.001,-0.076,0.004));
#21263=CARTESIAN_POINT('',(0.005,-0.076,0.004));
#21264=CARTESIAN_POINT('',(0.009,-0.076,0.004));
#21265=CARTESIAN_POINT('',(0.009,-0.072,0.004));
#21266=CARTESIAN_POINT('',(-0.006,-0.076,0.004));
#21267=CARTESIAN_POINT('',(-0.01,-0.076,0.004));
#21268=CARTESIAN_POINT('',(-0.002,-0.076,0.004));
#21269=CARTESIAN_POINT('',(-0.002,-0.072,0.004));
#21270=CARTESIAN_POINT('',(-0.002,-0.068,0.004));
#21271=CARTESIAN_POINT('',(-0.006,-0.068,0.004));
#21272=CARTESIAN_POINT('',(-0.01,-0.068,0.004));
#21273=CARTESIAN_POINT('',(-0.01,-0.072,0.004));
#21274=CARTESIAN_POINT('',(-0.017,-0.076,0.004));
#21275=CARTESIAN_POINT('',(-0.021,-0.076,0.004));
#21276=CARTESIAN_POINT('',(-0.013,-0.076,0.004));
#21277=CARTESIAN_POINT('',(-0.013,-0.072,0.004));
#21278=CARTESIAN_POINT('',(-0.013,-0.068,0.004));
#21279=CARTESIAN_POINT('',(-0.017,-0.068,0.004));
#21280=CARTESIAN_POINT('',(-0.021,-0.068,0.004));
#21281=CARTESIAN_POINT('',(-0.021,-0.072,0.004));
#21282=CARTESIAN_POINT('',(0.005,-0.079,0.004));
#21283=CARTESIAN_POINT('',(0.009,-0.079,0.004));
#21284=CARTESIAN_POINT('',(0.001,-0.079,0.004));
#21285=CARTESIAN_POINT('',(0.001,-0.083,0.004));
#21286=CARTESIAN_POINT('',(0.001,-0.0849941174435031,0.004));
#21287=CARTESIAN_POINT('',(0.009,-0.083,0.004));
#21288=CARTESIAN_POINT('',(0.009,-0.0845221864364618,0.004));
#21289=CARTESIAN_POINT('',(0.016,-0.068,0.004));
#21290=CARTESIAN_POINT('',(0.02,-0.068,0.004));
#21291=CARTESIAN_POINT('',(0.012,-0.068,0.004));
#21292=CARTESIAN_POINT('',(0.012,-0.072,0.004));
#21293=CARTESIAN_POINT('',(0.012,-0.076,0.004));
#21294=CARTESIAN_POINT('',(0.016,-0.076,0.004));
#21295=CARTESIAN_POINT('',(0.02,-0.076,0.004));
#21296=CARTESIAN_POINT('',(0.02,-0.072,0.004));
#21297=CARTESIAN_POINT('',(0.027,-0.068,0.004));
#21298=CARTESIAN_POINT('',(0.031,-0.068,0.004));
#21299=CARTESIAN_POINT('',(0.023,-0.068,0.004));
#21300=CARTESIAN_POINT('',(0.023,-0.072,0.004));
#21301=CARTESIAN_POINT('',(0.023,-0.076,0.004));
#21302=CARTESIAN_POINT('',(0.027,-0.076,0.004));
#21303=CARTESIAN_POINT('',(0.031,-0.076,0.004));
#21304=CARTESIAN_POINT('',(0.031,-0.072,0.004));
#21305=CARTESIAN_POINT('',(0.038,-0.068,0.004));
#21306=CARTESIAN_POINT('',(0.042,-0.068,0.004));
#21307=CARTESIAN_POINT('',(0.034,-0.068,0.004));
#21308=CARTESIAN_POINT('',(0.034,-0.072,0.004));
#21309=CARTESIAN_POINT('',(0.034,-0.076,0.004));
#21310=CARTESIAN_POINT('',(0.038,-0.076,0.004));
#21311=CARTESIAN_POINT('',(0.0380657326213486,-0.076,0.004));
#21312=CARTESIAN_POINT('',(0.042,-0.072,0.004));
#21313=CARTESIAN_POINT('',(0.042,-0.0738985791473693,0.004));
#21314=CARTESIAN_POINT('',(0.016,-0.046,0.004));
#21315=CARTESIAN_POINT('',(0.02,-0.046,0.004));
#21316=CARTESIAN_POINT('',(0.012,-0.046,0.004));
#21317=CARTESIAN_POINT('',(0.012,-0.05,0.004));
#21318=CARTESIAN_POINT('',(0.012,-0.054,0.004));
#21319=CARTESIAN_POINT('',(0.016,-0.054,0.004));
#21320=CARTESIAN_POINT('',(0.02,-0.054,0.004));
#21321=CARTESIAN_POINT('',(0.02,-0.05,0.004));
#21322=CARTESIAN_POINT('',(0.027,-0.046,0.004));
#21323=CARTESIAN_POINT('',(0.031,-0.046,0.004));
#21324=CARTESIAN_POINT('',(0.023,-0.046,0.004));
#21325=CARTESIAN_POINT('',(0.023,-0.05,0.004));
#21326=CARTESIAN_POINT('',(0.023,-0.054,0.004));
#21327=CARTESIAN_POINT('',(0.027,-0.054,0.004));
#21328=CARTESIAN_POINT('',(0.031,-0.054,0.004));
#21329=CARTESIAN_POINT('',(0.031,-0.05,0.004));
#21330=CARTESIAN_POINT('',(0.038,-0.046,0.004));
#21331=CARTESIAN_POINT('',(0.042,-0.046,0.004));
#21332=CARTESIAN_POINT('',(0.034,-0.046,0.004));
#21333=CARTESIAN_POINT('',(0.034,-0.05,0.004));
#21334=CARTESIAN_POINT('',(0.034,-0.054,0.004));
#21335=CARTESIAN_POINT('',(0.038,-0.054,0.004));
#21336=CARTESIAN_POINT('',(0.042,-0.054,0.004));
#21337=CARTESIAN_POINT('',(0.042,-0.05,0.004));
#21338=CARTESIAN_POINT('',(0.049,-0.046,0.004));
#21339=CARTESIAN_POINT('',(0.053,-0.046,0.004));
#21340=CARTESIAN_POINT('',(0.045,-0.046,0.004));
#21341=CARTESIAN_POINT('',(0.045,-0.05,0.004));
#21342=CARTESIAN_POINT('',(0.045,-0.054,0.004));
#21343=CARTESIAN_POINT('',(0.049,-0.054,0.004));
#21344=CARTESIAN_POINT('',(0.053,-0.054,0.004));
#21345=CARTESIAN_POINT('',(0.053,-0.05,0.004));
#21346=CARTESIAN_POINT('',(0.06,-0.046,0.004));
#21347=CARTESIAN_POINT('',(0.064,-0.046,0.004));
#21348=CARTESIAN_POINT('',(0.056,-0.046,0.004));
#21349=CARTESIAN_POINT('',(0.056,-0.05,0.004));
#21350=CARTESIAN_POINT('',(0.056,-0.054,0.004));
#21351=CARTESIAN_POINT('',(0.06,-0.054,0.004));
#21352=CARTESIAN_POINT('',(0.064,-0.054,0.004));
#21353=CARTESIAN_POINT('',(0.064,-0.05,0.004));
#21354=CARTESIAN_POINT('',(0.049,-0.057,0.004));
#21355=CARTESIAN_POINT('',(0.053,-0.057,0.004));
#21356=CARTESIAN_POINT('',(0.045,-0.057,0.004));
#21357=CARTESIAN_POINT('',(0.045,-0.061,0.004));
#21358=CARTESIAN_POINT('',(0.045,-0.065,0.004));
#21359=CARTESIAN_POINT('',(0.049,-0.065,0.004));
#21360=CARTESIAN_POINT('',(0.053,-0.065,0.004));
#21361=CARTESIAN_POINT('',(0.053,-0.061,0.004));
#21362=CARTESIAN_POINT('',(0.038,-0.057,0.004));
#21363=CARTESIAN_POINT('',(0.042,-0.057,0.004));
#21364=CARTESIAN_POINT('',(0.034,-0.057,0.004));
#21365=CARTESIAN_POINT('',(0.034,-0.061,0.004));
#21366=CARTESIAN_POINT('',(0.034,-0.065,0.004));
#21367=CARTESIAN_POINT('',(0.038,-0.065,0.004));
#21368=CARTESIAN_POINT('',(0.042,-0.065,0.004));
#21369=CARTESIAN_POINT('',(0.042,-0.061,0.004));
#21370=CARTESIAN_POINT('',(0.027,-0.057,0.004));
#21371=CARTESIAN_POINT('',(0.031,-0.057,0.004));
#21372=CARTESIAN_POINT('',(0.023,-0.057,0.004));
#21373=CARTESIAN_POINT('',(0.023,-0.061,0.004));
#21374=CARTESIAN_POINT('',(0.023,-0.065,0.004));
#21375=CARTESIAN_POINT('',(0.027,-0.065,0.004));
#21376=CARTESIAN_POINT('',(0.031,-0.065,0.004));
#21377=CARTESIAN_POINT('',(0.031,-0.061,0.004));
#21378=CARTESIAN_POINT('',(0.005,-0.046,0.004));
#21379=CARTESIAN_POINT('',(0.009,-0.046,0.004));
#21380=CARTESIAN_POINT('',(0.001,-0.046,0.004));
#21381=CARTESIAN_POINT('',(0.001,-0.05,0.004));
#21382=CARTESIAN_POINT('',(0.001,-0.054,0.004));
#21383=CARTESIAN_POINT('',(0.005,-0.054,0.004));
#21384=CARTESIAN_POINT('',(0.009,-0.054,0.004));
#21385=CARTESIAN_POINT('',(0.009,-0.05,0.004));
#21386=CARTESIAN_POINT('',(-0.006,-0.054,0.004));
#21387=CARTESIAN_POINT('',(-0.01,-0.054,0.004));
#21388=CARTESIAN_POINT('',(-0.002,-0.054,0.004));
#21389=CARTESIAN_POINT('',(-0.002,-0.05,0.004));
#21390=CARTESIAN_POINT('',(-0.002,-0.046,0.004));
#21391=CARTESIAN_POINT('',(-0.006,-0.046,0.004));
#21392=CARTESIAN_POINT('',(-0.01,-0.046,0.004));
#21393=CARTESIAN_POINT('',(-0.01,-0.05,0.004));
#21394=CARTESIAN_POINT('',(-0.017,-0.054,0.004));
#21395=CARTESIAN_POINT('',(-0.021,-0.054,0.004));
#21396=CARTESIAN_POINT('',(-0.013,-0.054,0.004));
#21397=CARTESIAN_POINT('',(-0.013,-0.05,0.004));
#21398=CARTESIAN_POINT('',(-0.013,-0.046,0.004));
#21399=CARTESIAN_POINT('',(-0.017,-0.046,0.004));
#21400=CARTESIAN_POINT('',(-0.021,-0.046,0.004));
#21401=CARTESIAN_POINT('',(-0.021,-0.05,0.004));
#21402=CARTESIAN_POINT('',(-0.028,-0.054,0.004));
#21403=CARTESIAN_POINT('',(-0.032,-0.054,0.004));
#21404=CARTESIAN_POINT('',(-0.024,-0.054,0.004));
#21405=CARTESIAN_POINT('',(-0.024,-0.05,0.004));
#21406=CARTESIAN_POINT('',(-0.024,-0.046,0.004));
#21407=CARTESIAN_POINT('',(-0.028,-0.046,0.004));
#21408=CARTESIAN_POINT('',(-0.032,-0.046,0.004));
#21409=CARTESIAN_POINT('',(-0.032,-0.05,0.004));
#21410=CARTESIAN_POINT('',(-0.039,-0.054,0.004));
#21411=CARTESIAN_POINT('',(-0.043,-0.054,0.004));
#21412=CARTESIAN_POINT('',(-0.035,-0.054,0.004));
#21413=CARTESIAN_POINT('',(-0.035,-0.05,0.004));
#21414=CARTESIAN_POINT('',(-0.035,-0.046,0.004));
#21415=CARTESIAN_POINT('',(-0.039,-0.046,0.004));
#21416=CARTESIAN_POINT('',(-0.043,-0.046,0.004));
#21417=CARTESIAN_POINT('',(-0.043,-0.05,0.004));
#21418=CARTESIAN_POINT('',(-0.05,-0.054,0.004));
#21419=CARTESIAN_POINT('',(-0.054,-0.054,0.004));
#21420=CARTESIAN_POINT('',(-0.046,-0.054,0.004));
#21421=CARTESIAN_POINT('',(-0.046,-0.05,0.004));
#21422=CARTESIAN_POINT('',(-0.046,-0.046,0.004));
#21423=CARTESIAN_POINT('',(-0.05,-0.046,0.004));
#21424=CARTESIAN_POINT('',(-0.054,-0.046,0.004));
#21425=CARTESIAN_POINT('',(-0.054,-0.05,0.004));
#21426=CARTESIAN_POINT('',(-0.061,-0.054,0.004));
#21427=CARTESIAN_POINT('',(-0.065,-0.054,0.004));
#21428=CARTESIAN_POINT('',(-0.057,-0.054,0.004));
#21429=CARTESIAN_POINT('',(-0.057,-0.05,0.004));
#21430=CARTESIAN_POINT('',(-0.057,-0.046,0.004));
#21431=CARTESIAN_POINT('',(-0.061,-0.046,0.004));
#21432=CARTESIAN_POINT('',(-0.065,-0.046,0.004));
#21433=CARTESIAN_POINT('',(-0.065,-0.05,0.004));
#21434=CARTESIAN_POINT('',(-0.072,-0.043,0.004));
#21435=CARTESIAN_POINT('',(-0.0733212111192935,-0.043,0.004));
#21436=CARTESIAN_POINT('',(-0.068,-0.043,0.004));
#21437=CARTESIAN_POINT('',(-0.068,-0.039,0.004));
#21438=CARTESIAN_POINT('',(-0.068,-0.035,0.004));
#21439=CARTESIAN_POINT('',(-0.072,-0.035,0.004));
#21440=CARTESIAN_POINT('',(-0.076,-0.035,0.004));
#21441=CARTESIAN_POINT('',(-0.076,-0.039,0.004));
#21442=CARTESIAN_POINT('',(-0.076,-0.0380657326213486,0.004));
#21443=CARTESIAN_POINT('',(0.023,0.049,0.004));
#21444=CARTESIAN_POINT('',(0.023,0.053,0.004));
#21445=CARTESIAN_POINT('',(0.023,0.045,0.004));
#21446=CARTESIAN_POINT('',(0.027,0.045,0.004));
#21447=CARTESIAN_POINT('',(0.031,0.045,0.004));
#21448=CARTESIAN_POINT('',(0.031,0.049,0.004));
#21449=CARTESIAN_POINT('',(0.031,0.053,0.004));
#21450=CARTESIAN_POINT('',(0.027,0.053,0.004));
#21451=CARTESIAN_POINT('',(0.012,0.049,0.004));
#21452=CARTESIAN_POINT('',(0.012,0.053,0.004));
#21453=CARTESIAN_POINT('',(0.012,0.045,0.004));
#21454=CARTESIAN_POINT('',(0.016,0.045,0.004));
#21455=CARTESIAN_POINT('',(0.02,0.045,0.004));
#21456=CARTESIAN_POINT('',(0.02,0.049,0.004));
#21457=CARTESIAN_POINT('',(0.02,0.053,0.004));
#21458=CARTESIAN_POINT('',(0.016,0.053,0.004));
#21459=CARTESIAN_POINT('',(0.012,0.06,0.004));
#21460=CARTESIAN_POINT('',(0.012,0.064,0.004));
#21461=CARTESIAN_POINT('',(0.012,0.056,0.004));
#21462=CARTESIAN_POINT('',(0.016,0.056,0.004));
#21463=CARTESIAN_POINT('',(0.02,0.056,0.004));
#21464=CARTESIAN_POINT('',(0.02,0.06,0.004));
#21465=CARTESIAN_POINT('',(0.02,0.064,0.004));
#21466=CARTESIAN_POINT('',(0.016,0.064,0.004));
#21467=CARTESIAN_POINT('',(0.012,0.071,0.004));
#21468=CARTESIAN_POINT('',(0.012,0.075,0.004));
#21469=CARTESIAN_POINT('',(0.012,0.067,0.004));
#21470=CARTESIAN_POINT('',(0.016,0.067,0.004));
#21471=CARTESIAN_POINT('',(0.02,0.067,0.004));
#21472=CARTESIAN_POINT('',(0.02,0.071,0.004));
#21473=CARTESIAN_POINT('',(0.02,0.075,0.004));
#21474=CARTESIAN_POINT('',(0.016,0.075,0.004));
#21475=CARTESIAN_POINT('',(0.067,0.038,0.004));
#21476=CARTESIAN_POINT('',(0.067,0.042,0.004));
#21477=CARTESIAN_POINT('',(0.067,0.034,0.004));
#21478=CARTESIAN_POINT('',(0.071,0.034,0.004));
#21479=CARTESIAN_POINT('',(0.075,0.034,0.004));
#21480=CARTESIAN_POINT('',(0.075,0.038,0.004));
#21481=CARTESIAN_POINT('',(0.075,0.04,0.004));
#21482=CARTESIAN_POINT('',(0.071,0.042,0.004));
#21483=CARTESIAN_POINT('',(0.0738985791473693,0.042,0.004));
#21484=CARTESIAN_POINT('',(0.056,0.049,0.004));
#21485=CARTESIAN_POINT('',(0.056,0.053,0.004));
#21486=CARTESIAN_POINT('',(0.056,0.045,0.004));
#21487=CARTESIAN_POINT('',(0.06,0.045,0.004));
#21488=CARTESIAN_POINT('',(0.064,0.045,0.004));
#21489=CARTESIAN_POINT('',(0.064,0.049,0.004));
#21490=CARTESIAN_POINT('',(0.064,0.053,0.004));
#21491=CARTESIAN_POINT('',(0.06,0.053,0.004));
#21492=CARTESIAN_POINT('',(0.045,0.06,0.004));
#21493=CARTESIAN_POINT('',(0.045,0.064,0.004));
#21494=CARTESIAN_POINT('',(0.045,0.056,0.004));
#21495=CARTESIAN_POINT('',(0.049,0.056,0.004));
#21496=CARTESIAN_POINT('',(0.053,0.056,0.004));
#21497=CARTESIAN_POINT('',(0.053,0.06,0.004));
#21498=CARTESIAN_POINT('',(0.053,0.064,0.004));
#21499=CARTESIAN_POINT('',(0.049,0.064,0.004));
#21500=CARTESIAN_POINT('',(0.034,0.071,0.004));
#21501=CARTESIAN_POINT('',(0.034,0.075,0.004));
#21502=CARTESIAN_POINT('',(0.034,0.067,0.004));
#21503=CARTESIAN_POINT('',(0.038,0.067,0.004));
#21504=CARTESIAN_POINT('',(0.042,0.067,0.004));
#21505=CARTESIAN_POINT('',(0.042,0.071,0.004));
#21506=CARTESIAN_POINT('',(0.042,0.0738985791473693,0.004));
#21507=CARTESIAN_POINT('',(0.038,0.075,0.004));
#21508=CARTESIAN_POINT('',(0.04,0.075,0.004));
#21509=CARTESIAN_POINT('',(0.023,0.071,0.004));
#21510=CARTESIAN_POINT('',(0.023,0.075,0.004));
#21511=CARTESIAN_POINT('',(0.023,0.067,0.004));
#21512=CARTESIAN_POINT('',(0.027,0.067,0.004));
#21513=CARTESIAN_POINT('',(0.031,0.067,0.004));
#21514=CARTESIAN_POINT('',(0.031,0.071,0.004));
#21515=CARTESIAN_POINT('',(0.031,0.075,0.004));
#21516=CARTESIAN_POINT('',(0.027,0.075,0.004));
#21517=CARTESIAN_POINT('',(0.012,0.082,0.004));
#21518=CARTESIAN_POINT('',(0.012,0.0841486779456457,0.004));
#21519=CARTESIAN_POINT('',(0.012,0.078,0.004));
#21520=CARTESIAN_POINT('',(0.016,0.078,0.004));
#21521=CARTESIAN_POINT('',(0.02,0.078,0.004));
#21522=CARTESIAN_POINT('',(0.02,0.082,0.004));
#21523=CARTESIAN_POINT('',(0.02,0.0826135582092915,0.004));
#21524=CARTESIAN_POINT('',(0.001,0.082,0.004));
#21525=CARTESIAN_POINT('',(0.001,0.0849941174435031,0.004));
#21526=CARTESIAN_POINT('',(0.001,0.078,0.004));
#21527=CARTESIAN_POINT('',(0.005,0.078,0.004));
#21528=CARTESIAN_POINT('',(0.009,0.078,0.004));
#21529=CARTESIAN_POINT('',(0.009,0.082,0.004));
#21530=CARTESIAN_POINT('',(0.009,0.0845221864364618,0.004));
#21531=CARTESIAN_POINT('',(0.001,0.071,0.004));
#21532=CARTESIAN_POINT('',(0.001,0.075,0.004));
#21533=CARTESIAN_POINT('',(0.001,0.067,0.004));
#21534=CARTESIAN_POINT('',(0.005,0.067,0.004));
#21535=CARTESIAN_POINT('',(0.009,0.067,0.004));
#21536=CARTESIAN_POINT('',(0.009,0.071,0.004));
#21537=CARTESIAN_POINT('',(0.009,0.075,0.004));
#21538=CARTESIAN_POINT('',(0.005,0.075,0.004));
#21539=CARTESIAN_POINT('',(0.001,0.06,0.004));
#21540=CARTESIAN_POINT('',(0.001,0.064,0.004));
#21541=CARTESIAN_POINT('',(0.001,0.056,0.004));
#21542=CARTESIAN_POINT('',(0.005,0.056,0.004));
#21543=CARTESIAN_POINT('',(0.009,0.056,0.004));
#21544=CARTESIAN_POINT('',(0.009,0.06,0.004));
#21545=CARTESIAN_POINT('',(0.009,0.064,0.004));
#21546=CARTESIAN_POINT('',(0.005,0.064,0.004));
#21547=CARTESIAN_POINT('',(0.001,0.049,0.004));
#21548=CARTESIAN_POINT('',(0.001,0.053,0.004));
#21549=CARTESIAN_POINT('',(0.001,0.045,0.004));
#21550=CARTESIAN_POINT('',(0.005,0.045,0.004));
#21551=CARTESIAN_POINT('',(0.009,0.045,0.004));
#21552=CARTESIAN_POINT('',(0.009,0.049,0.004));
#21553=CARTESIAN_POINT('',(0.009,0.053,0.004));
#21554=CARTESIAN_POINT('',(0.005,0.053,0.004));
#21555=CARTESIAN_POINT('',(0.009,0.038,0.004));
#21556=CARTESIAN_POINT('',(0.009,0.042,0.004));
#21557=CARTESIAN_POINT('',(0.005,0.042,0.004));
#21558=CARTESIAN_POINT('',(0.012,0.038,0.004));
#21559=CARTESIAN_POINT('',(0.012,0.042,0.004));
#21560=CARTESIAN_POINT('',(0.012,0.034,0.004));
#21561=CARTESIAN_POINT('',(0.016,0.034,0.004));
#21562=CARTESIAN_POINT('',(0.02,0.034,0.004));
#21563=CARTESIAN_POINT('',(0.02,0.038,0.004));
#21564=CARTESIAN_POINT('',(0.02,0.042,0.004));
#21565=CARTESIAN_POINT('',(0.016,0.042,0.004));
#21566=CARTESIAN_POINT('',(-0.043,0.071,0.004));
#21567=CARTESIAN_POINT('',(-0.043,0.0733212111192935,0.004));
#21568=CARTESIAN_POINT('',(-0.043,0.067,0.004));
#21569=CARTESIAN_POINT('',(-0.039,0.067,0.004));
#21570=CARTESIAN_POINT('',(-0.035,0.067,0.004));
#21571=CARTESIAN_POINT('',(-0.035,0.071,0.004));
#21572=CARTESIAN_POINT('',(-0.035,0.075,0.004));
#21573=CARTESIAN_POINT('',(-0.039,0.075,0.004));
#21574=CARTESIAN_POINT('',(-0.04,0.075,0.004));
#21575=CARTESIAN_POINT('',(-0.032,0.071,0.004));
#21576=CARTESIAN_POINT('',(-0.032,0.075,0.004));
#21577=CARTESIAN_POINT('',(-0.032,0.067,0.004));
#21578=CARTESIAN_POINT('',(-0.028,0.067,0.004));
#21579=CARTESIAN_POINT('',(-0.024,0.067,0.004));
#21580=CARTESIAN_POINT('',(-0.024,0.071,0.004));
#21581=CARTESIAN_POINT('',(-0.024,0.075,0.004));
#21582=CARTESIAN_POINT('',(-0.028,0.075,0.004));
#21583=CARTESIAN_POINT('',(-0.021,0.082,0.004));
#21584=CARTESIAN_POINT('',(-0.021,0.082365041127896,0.004));
#21585=CARTESIAN_POINT('',(-0.021,0.078,0.004));
#21586=CARTESIAN_POINT('',(-0.017,0.078,0.004));
#21587=CARTESIAN_POINT('',(-0.013,0.078,0.004));
#21588=CARTESIAN_POINT('',(-0.013,0.082,0.004));
#21589=CARTESIAN_POINT('',(-0.013,0.084,0.004));
#21590=CARTESIAN_POINT('',(-0.01,0.082,0.004));
#21591=CARTESIAN_POINT('',(-0.01,0.0844097150806707,0.004));
#21592=CARTESIAN_POINT('',(-0.01,0.078,0.004));
#21593=CARTESIAN_POINT('',(-0.006,0.078,0.004));
#21594=CARTESIAN_POINT('',(-0.002,0.078,0.004));
#21595=CARTESIAN_POINT('',(-0.002,0.082,0.004));
#21596=CARTESIAN_POINT('',(-0.002,0.0849764673306675,0.004));
#21597=CARTESIAN_POINT('',(0.045,0.049,0.004));
#21598=CARTESIAN_POINT('',(0.045,0.053,0.004));
#21599=CARTESIAN_POINT('',(0.045,0.045,0.004));
#21600=CARTESIAN_POINT('',(0.049,0.045,0.004));
#21601=CARTESIAN_POINT('',(0.053,0.045,0.004));
#21602=CARTESIAN_POINT('',(0.053,0.049,0.004));
#21603=CARTESIAN_POINT('',(0.053,0.053,0.004));
#21604=CARTESIAN_POINT('',(0.049,0.053,0.004));
#21605=CARTESIAN_POINT('',(0.045,0.038,0.004));
#21606=CARTESIAN_POINT('',(0.045,0.042,0.004));
#21607=CARTESIAN_POINT('',(0.045,0.034,0.004));
#21608=CARTESIAN_POINT('',(0.049,0.034,0.004));
#21609=CARTESIAN_POINT('',(0.053,0.034,0.004));
#21610=CARTESIAN_POINT('',(0.053,0.038,0.004));
#21611=CARTESIAN_POINT('',(0.053,0.042,0.004));
#21612=CARTESIAN_POINT('',(0.049,0.042,0.004));
#21613=CARTESIAN_POINT('',(0.056,0.038,0.004));
#21614=CARTESIAN_POINT('',(0.056,0.042,0.004));
#21615=CARTESIAN_POINT('',(0.056,0.034,0.004));
#21616=CARTESIAN_POINT('',(0.06,0.034,0.004));
#21617=CARTESIAN_POINT('',(0.064,0.034,0.004));
#21618=CARTESIAN_POINT('',(0.064,0.038,0.004));
#21619=CARTESIAN_POINT('',(0.064,0.042,0.004));
#21620=CARTESIAN_POINT('',(0.06,0.042,0.004));
#21621=CARTESIAN_POINT('',(0.067,0.027,0.004));
#21622=CARTESIAN_POINT('',(0.067,0.031,0.004));
#21623=CARTESIAN_POINT('',(0.067,0.023,0.004));
#21624=CARTESIAN_POINT('',(0.071,0.023,0.004));
#21625=CARTESIAN_POINT('',(0.075,0.023,0.004));
#21626=CARTESIAN_POINT('',(0.075,0.027,0.004));
#21627=CARTESIAN_POINT('',(0.075,0.031,0.004));
#21628=CARTESIAN_POINT('',(0.071,0.031,0.004));
#21629=CARTESIAN_POINT('',(0.023,0.06,0.004));
#21630=CARTESIAN_POINT('',(0.023,0.064,0.004));
#21631=CARTESIAN_POINT('',(0.023,0.056,0.004));
#21632=CARTESIAN_POINT('',(0.027,0.056,0.004));
#21633=CARTESIAN_POINT('',(0.031,0.056,0.004));
#21634=CARTESIAN_POINT('',(0.031,0.06,0.004));
#21635=CARTESIAN_POINT('',(0.031,0.064,0.004));
#21636=CARTESIAN_POINT('',(0.027,0.064,0.004));
#21637=CARTESIAN_POINT('',(0.034,0.06,0.004));
#21638=CARTESIAN_POINT('',(0.034,0.064,0.004));
#21639=CARTESIAN_POINT('',(0.034,0.056,0.004));
#21640=CARTESIAN_POINT('',(0.038,0.056,0.004));
#21641=CARTESIAN_POINT('',(0.042,0.056,0.004));
#21642=CARTESIAN_POINT('',(0.042,0.06,0.004));
#21643=CARTESIAN_POINT('',(0.042,0.064,0.004));
#21644=CARTESIAN_POINT('',(0.038,0.064,0.004));
#21645=CARTESIAN_POINT('',(0.034,0.049,0.004));
#21646=CARTESIAN_POINT('',(0.034,0.053,0.004));
#21647=CARTESIAN_POINT('',(0.034,0.045,0.004));
#21648=CARTESIAN_POINT('',(0.038,0.045,0.004));
#21649=CARTESIAN_POINT('',(0.042,0.045,0.004));
#21650=CARTESIAN_POINT('',(0.042,0.049,0.004));
#21651=CARTESIAN_POINT('',(0.042,0.053,0.004));
#21652=CARTESIAN_POINT('',(0.038,0.053,0.004));
#21653=CARTESIAN_POINT('',(0.034,0.038,0.004));
#21654=CARTESIAN_POINT('',(0.034,0.042,0.004));
#21655=CARTESIAN_POINT('',(0.034,0.034,0.004));
#21656=CARTESIAN_POINT('',(0.038,0.034,0.004));
#21657=CARTESIAN_POINT('',(0.042,0.034,0.004));
#21658=CARTESIAN_POINT('',(0.042,0.038,0.004));
#21659=CARTESIAN_POINT('',(0.042,0.042,0.004));
#21660=CARTESIAN_POINT('',(0.038,0.042,0.004));
#21661=CARTESIAN_POINT('',(0.023,0.038,0.004));
#21662=CARTESIAN_POINT('',(0.023,0.042,0.004));
#21663=CARTESIAN_POINT('',(0.023,0.034,0.004));
#21664=CARTESIAN_POINT('',(0.027,0.034,0.004));
#21665=CARTESIAN_POINT('',(0.031,0.034,0.004));
#21666=CARTESIAN_POINT('',(0.031,0.038,0.004));
#21667=CARTESIAN_POINT('',(0.031,0.042,0.004));
#21668=CARTESIAN_POINT('',(0.027,0.042,0.004));
#21669=CARTESIAN_POINT('',(0.034,0.027,0.004));
#21670=CARTESIAN_POINT('',(0.034,0.031,0.004));
#21671=CARTESIAN_POINT('',(0.034,0.023,0.004));
#21672=CARTESIAN_POINT('',(0.038,0.023,0.004));
#21673=CARTESIAN_POINT('',(0.042,0.023,0.004));
#21674=CARTESIAN_POINT('',(0.042,0.027,0.004));
#21675=CARTESIAN_POINT('',(0.042,0.031,0.004));
#21676=CARTESIAN_POINT('',(0.038,0.031,0.004));
#21677=CARTESIAN_POINT('',(0.045,0.027,0.004));
#21678=CARTESIAN_POINT('',(0.045,0.031,0.004));
#21679=CARTESIAN_POINT('',(0.045,0.023,0.004));
#21680=CARTESIAN_POINT('',(0.049,0.023,0.004));
#21681=CARTESIAN_POINT('',(0.053,0.023,0.004));
#21682=CARTESIAN_POINT('',(0.053,0.027,0.004));
#21683=CARTESIAN_POINT('',(0.053,0.031,0.004));
#21684=CARTESIAN_POINT('',(0.049,0.031,0.004));
#21685=CARTESIAN_POINT('',(0.056,0.027,0.004));
#21686=CARTESIAN_POINT('',(0.056,0.031,0.004));
#21687=CARTESIAN_POINT('',(0.056,0.023,0.004));
#21688=CARTESIAN_POINT('',(0.06,0.023,0.004));
#21689=CARTESIAN_POINT('',(0.064,0.023,0.004));
#21690=CARTESIAN_POINT('',(0.064,0.027,0.004));
#21691=CARTESIAN_POINT('',(0.064,0.031,0.004));
#21692=CARTESIAN_POINT('',(0.06,0.031,0.004));
#21693=CARTESIAN_POINT('',(-0.043,0.005,0.004));
#21694=CARTESIAN_POINT('',(-0.043,0.009,0.004));
#21695=CARTESIAN_POINT('',(-0.043,0.001,0.004));
#21696=CARTESIAN_POINT('',(-0.039,0.001,0.004));
#21697=CARTESIAN_POINT('',(-0.035,0.001,0.004));
#21698=CARTESIAN_POINT('',(-0.035,0.005,0.004));
#21699=CARTESIAN_POINT('',(-0.035,0.009,0.004));
#21700=CARTESIAN_POINT('',(-0.039,0.009,0.004));
#21701=CARTESIAN_POINT('',(-0.039,-0.01,0.004));
#21702=CARTESIAN_POINT('',(-0.043,-0.01,0.004));
#21703=CARTESIAN_POINT('',(-0.035,-0.01,0.004));
#21704=CARTESIAN_POINT('',(-0.035,-0.006,0.004));
#21705=CARTESIAN_POINT('',(-0.035,-0.002,0.004));
#21706=CARTESIAN_POINT('',(-0.039,-0.002,0.004));
#21707=CARTESIAN_POINT('',(-0.043,-0.002,0.004));
#21708=CARTESIAN_POINT('',(-0.043,-0.006,0.004));
#21709=CARTESIAN_POINT('',(-0.039,-0.021,0.004));
#21710=CARTESIAN_POINT('',(-0.043,-0.021,0.004));
#21711=CARTESIAN_POINT('',(-0.035,-0.021,0.004));
#21712=CARTESIAN_POINT('',(-0.035,-0.017,0.004));
#21713=CARTESIAN_POINT('',(-0.035,-0.013,0.004));
#21714=CARTESIAN_POINT('',(-0.039,-0.013,0.004));
#21715=CARTESIAN_POINT('',(-0.043,-0.013,0.004));
#21716=CARTESIAN_POINT('',(-0.043,-0.017,0.004));
#21717=CARTESIAN_POINT('',(0.038,-0.013,0.004));
#21718=CARTESIAN_POINT('',(0.042,-0.013,0.004));
#21719=CARTESIAN_POINT('',(0.034,-0.013,0.004));
#21720=CARTESIAN_POINT('',(0.034,-0.017,0.004));
#21721=CARTESIAN_POINT('',(0.034,-0.021,0.004));
#21722=CARTESIAN_POINT('',(0.038,-0.021,0.004));
#21723=CARTESIAN_POINT('',(0.042,-0.021,0.004));
#21724=CARTESIAN_POINT('',(0.042,-0.017,0.004));
#21725=CARTESIAN_POINT('',(0.049,-0.013,0.004));
#21726=CARTESIAN_POINT('',(0.053,-0.013,0.004));
#21727=CARTESIAN_POINT('',(0.045,-0.013,0.004));
#21728=CARTESIAN_POINT('',(0.045,-0.017,0.004));
#21729=CARTESIAN_POINT('',(0.045,-0.021,0.004));
#21730=CARTESIAN_POINT('',(0.049,-0.021,0.004));
#21731=CARTESIAN_POINT('',(0.053,-0.021,0.004));
#21732=CARTESIAN_POINT('',(0.053,-0.017,0.004));
#21733=CARTESIAN_POINT('',(0.042,0.005,0.004));
#21734=CARTESIAN_POINT('',(0.042,0.009,0.004));
#21735=CARTESIAN_POINT('',(0.038,0.009,0.004));
#21736=CARTESIAN_POINT('',(0.034,0.016,0.004));
#21737=CARTESIAN_POINT('',(0.034,0.02,0.004));
#21738=CARTESIAN_POINT('',(0.034,0.012,0.004));
#21739=CARTESIAN_POINT('',(0.038,0.012,0.004));
#21740=CARTESIAN_POINT('',(0.042,0.012,0.004));
#21741=CARTESIAN_POINT('',(0.042,0.016,0.004));
#21742=CARTESIAN_POINT('',(0.042,0.02,0.004));
#21743=CARTESIAN_POINT('',(0.038,0.02,0.004));
#21744=CARTESIAN_POINT('',(0.038,-0.01,0.004));
#21745=CARTESIAN_POINT('',(0.042,-0.01,0.004));
#21746=CARTESIAN_POINT('',(0.042,-0.006,0.004));
#21747=CARTESIAN_POINT('',(-0.065,0.005,0.004));
#21748=CARTESIAN_POINT('',(-0.065,0.009,0.004));
#21749=CARTESIAN_POINT('',(-0.065,0.001,0.004));
#21750=CARTESIAN_POINT('',(-0.061,0.001,0.004));
#21751=CARTESIAN_POINT('',(-0.057,0.001,0.004));
#21752=CARTESIAN_POINT('',(-0.057,0.005,0.004));
#21753=CARTESIAN_POINT('',(-0.057,0.009,0.004));
#21754=CARTESIAN_POINT('',(-0.061,0.009,0.004));
#21755=CARTESIAN_POINT('',(-0.061,-0.01,0.004));
#21756=CARTESIAN_POINT('',(-0.065,-0.01,0.004));
#21757=CARTESIAN_POINT('',(-0.057,-0.01,0.004));
#21758=CARTESIAN_POINT('',(-0.057,-0.006,0.004));
#21759=CARTESIAN_POINT('',(-0.057,-0.002,0.004));
#21760=CARTESIAN_POINT('',(-0.061,-0.002,0.004));
#21761=CARTESIAN_POINT('',(-0.065,-0.002,0.004));
#21762=CARTESIAN_POINT('',(-0.065,-0.006,0.004));
#21763=CARTESIAN_POINT('',(-0.061,-0.021,0.004));
#21764=CARTESIAN_POINT('',(-0.065,-0.021,0.004));
#21765=CARTESIAN_POINT('',(-0.057,-0.021,0.004));
#21766=CARTESIAN_POINT('',(-0.057,-0.017,0.004));
#21767=CARTESIAN_POINT('',(-0.057,-0.013,0.004));
#21768=CARTESIAN_POINT('',(-0.061,-0.013,0.004));
#21769=CARTESIAN_POINT('',(-0.065,-0.013,0.004));
#21770=CARTESIAN_POINT('',(-0.065,-0.017,0.004));
#21771=CARTESIAN_POINT('',(-0.05,-0.021,0.004));
#21772=CARTESIAN_POINT('',(-0.054,-0.021,0.004));
#21773=CARTESIAN_POINT('',(-0.046,-0.021,0.004));
#21774=CARTESIAN_POINT('',(-0.046,-0.017,0.004));
#21775=CARTESIAN_POINT('',(-0.046,-0.013,0.004));
#21776=CARTESIAN_POINT('',(-0.05,-0.013,0.004));
#21777=CARTESIAN_POINT('',(-0.054,-0.013,0.004));
#21778=CARTESIAN_POINT('',(-0.054,-0.017,0.004));
#21779=CARTESIAN_POINT('',(-0.05,-0.01,0.004));
#21780=CARTESIAN_POINT('',(-0.054,-0.01,0.004));
#21781=CARTESIAN_POINT('',(-0.046,-0.01,0.004));
#21782=CARTESIAN_POINT('',(-0.046,-0.006,0.004));
#21783=CARTESIAN_POINT('',(-0.046,-0.002,0.004));
#21784=CARTESIAN_POINT('',(-0.05,-0.002,0.004));
#21785=CARTESIAN_POINT('',(-0.054,-0.002,0.004));
#21786=CARTESIAN_POINT('',(-0.054,-0.006,0.004));
#21787=CARTESIAN_POINT('',(-0.054,0.005,0.004));
#21788=CARTESIAN_POINT('',(-0.054,0.009,0.004));
#21789=CARTESIAN_POINT('',(-0.054,0.001,0.004));
#21790=CARTESIAN_POINT('',(-0.05,0.001,0.004));
#21791=CARTESIAN_POINT('',(-0.046,0.001,0.004));
#21792=CARTESIAN_POINT('',(-0.046,0.005,0.004));
#21793=CARTESIAN_POINT('',(-0.046,0.009,0.004));
#21794=CARTESIAN_POINT('',(-0.05,0.009,0.004));
#21795=CARTESIAN_POINT('',(-0.054,0.016,0.004));
#21796=CARTESIAN_POINT('',(-0.054,0.02,0.004));
#21797=CARTESIAN_POINT('',(-0.054,0.012,0.004));
#21798=CARTESIAN_POINT('',(-0.05,0.012,0.004));
#21799=CARTESIAN_POINT('',(-0.046,0.012,0.004));
#21800=CARTESIAN_POINT('',(-0.046,0.016,0.004));
#21801=CARTESIAN_POINT('',(-0.046,0.02,0.004));
#21802=CARTESIAN_POINT('',(-0.05,0.02,0.004));
#21803=CARTESIAN_POINT('',(-0.043,0.016,0.004));
#21804=CARTESIAN_POINT('',(-0.043,0.02,0.004));
#21805=CARTESIAN_POINT('',(-0.043,0.012,0.004));
#21806=CARTESIAN_POINT('',(-0.039,0.012,0.004));
#21807=CARTESIAN_POINT('',(-0.035,0.012,0.004));
#21808=CARTESIAN_POINT('',(-0.035,0.016,0.004));
#21809=CARTESIAN_POINT('',(-0.035,0.02,0.004));
#21810=CARTESIAN_POINT('',(-0.039,0.02,0.004));
#21811=CARTESIAN_POINT('',(0.056,0.005,0.004));
#21812=CARTESIAN_POINT('',(0.056,0.009,0.004));
#21813=CARTESIAN_POINT('',(0.056,0.001,0.004));
#21814=CARTESIAN_POINT('',(0.06,0.001,0.004));
#21815=CARTESIAN_POINT('',(0.064,0.001,0.004));
#21816=CARTESIAN_POINT('',(0.064,0.005,0.004));
#21817=CARTESIAN_POINT('',(0.064,0.009,0.004));
#21818=CARTESIAN_POINT('',(0.06,0.009,0.004));
#21819=CARTESIAN_POINT('',(0.067,0.005,0.004));
#21820=CARTESIAN_POINT('',(0.067,0.009,0.004));
#21821=CARTESIAN_POINT('',(0.067,0.001,0.004));
#21822=CARTESIAN_POINT('',(0.071,0.001,0.004));
#21823=CARTESIAN_POINT('',(0.075,0.001,0.004));
#21824=CARTESIAN_POINT('',(0.075,0.005,0.004));
#21825=CARTESIAN_POINT('',(0.075,0.009,0.004));
#21826=CARTESIAN_POINT('',(0.071,0.009,0.004));
#21827=CARTESIAN_POINT('',(0.078,0.005,0.004));
#21828=CARTESIAN_POINT('',(0.078,0.009,0.004));
#21829=CARTESIAN_POINT('',(0.078,0.001,0.004));
#21830=CARTESIAN_POINT('',(0.082,0.001,0.004));
#21831=CARTESIAN_POINT('',(0.0849941174435031,0.001,0.004));
#21832=CARTESIAN_POINT('',(0.082,0.009,0.004));
#21833=CARTESIAN_POINT('',(0.0845221864364618,0.009,0.004));
#21834=CARTESIAN_POINT('',(0.078,0.016,0.004));
#21835=CARTESIAN_POINT('',(0.078,0.02,0.004));
#21836=CARTESIAN_POINT('',(0.078,0.012,0.004));
#21837=CARTESIAN_POINT('',(0.082,0.012,0.004));
#21838=CARTESIAN_POINT('',(0.0841486779456457,0.012,0.004));
#21839=CARTESIAN_POINT('',(0.082,0.02,0.004));
#21840=CARTESIAN_POINT('',(0.0826135582092916,0.02,0.004));
#21841=CARTESIAN_POINT('',(0.031,0.027,0.004));
#21842=CARTESIAN_POINT('',(0.031,0.031,0.004));
#21843=CARTESIAN_POINT('',(0.027,0.031,0.004));
#21844=CARTESIAN_POINT('',(0.067,0.016,0.004));
#21845=CARTESIAN_POINT('',(0.067,0.02,0.004));
#21846=CARTESIAN_POINT('',(0.067,0.012,0.004));
#21847=CARTESIAN_POINT('',(0.071,0.012,0.004));
#21848=CARTESIAN_POINT('',(0.075,0.012,0.004));
#21849=CARTESIAN_POINT('',(0.075,0.016,0.004));
#21850=CARTESIAN_POINT('',(0.075,0.02,0.004));
#21851=CARTESIAN_POINT('',(0.071,0.02,0.004));
#21852=CARTESIAN_POINT('',(0.045,0.016,0.004));
#21853=CARTESIAN_POINT('',(0.045,0.02,0.004));
#21854=CARTESIAN_POINT('',(0.045,0.012,0.004));
#21855=CARTESIAN_POINT('',(0.049,0.012,0.004));
#21856=CARTESIAN_POINT('',(0.053,0.012,0.004));
#21857=CARTESIAN_POINT('',(0.053,0.016,0.004));
#21858=CARTESIAN_POINT('',(0.053,0.02,0.004));
#21859=CARTESIAN_POINT('',(0.049,0.02,0.004));
#21860=CARTESIAN_POINT('',(0.056,0.016,0.004));
#21861=CARTESIAN_POINT('',(0.056,0.02,0.004));
#21862=CARTESIAN_POINT('',(0.056,0.012,0.004));
#21863=CARTESIAN_POINT('',(0.06,0.012,0.004));
#21864=CARTESIAN_POINT('',(0.064,0.012,0.004));
#21865=CARTESIAN_POINT('',(0.064,0.016,0.004));
#21866=CARTESIAN_POINT('',(0.064,0.02,0.004));
#21867=CARTESIAN_POINT('',(0.06,0.02,0.004));
#21868=CARTESIAN_POINT('',(0.06,-0.013,0.004));
#21869=CARTESIAN_POINT('',(0.064,-0.013,0.004));
#21870=CARTESIAN_POINT('',(0.056,-0.013,0.004));
#21871=CARTESIAN_POINT('',(0.056,-0.017,0.004));
#21872=CARTESIAN_POINT('',(0.056,-0.021,0.004));
#21873=CARTESIAN_POINT('',(0.06,-0.021,0.004));
#21874=CARTESIAN_POINT('',(0.064,-0.021,0.004));
#21875=CARTESIAN_POINT('',(0.064,-0.017,0.004));
#21876=CARTESIAN_POINT('',(0.071,-0.013,0.004));
#21877=CARTESIAN_POINT('',(0.075,-0.013,0.004));
#21878=CARTESIAN_POINT('',(0.067,-0.013,0.004));
#21879=CARTESIAN_POINT('',(0.067,-0.017,0.004));
#21880=CARTESIAN_POINT('',(0.067,-0.021,0.004));
#21881=CARTESIAN_POINT('',(0.071,-0.021,0.004));
#21882=CARTESIAN_POINT('',(0.075,-0.021,0.004));
#21883=CARTESIAN_POINT('',(0.075,-0.017,0.004));
#21884=CARTESIAN_POINT('',(0.082,-0.013,0.004));
#21885=CARTESIAN_POINT('',(0.084,-0.013,0.004));
#21886=CARTESIAN_POINT('',(0.078,-0.013,0.004));
#21887=CARTESIAN_POINT('',(0.078,-0.017,0.004));
#21888=CARTESIAN_POINT('',(0.078,-0.021,0.004));
#21889=CARTESIAN_POINT('',(0.082,-0.021,0.004));
#21890=CARTESIAN_POINT('',(0.082365041127896,-0.021,0.004));
#21891=CARTESIAN_POINT('',(0.082,-0.002,0.004));
#21892=CARTESIAN_POINT('',(0.0849764673306675,-0.002,0.004));
#21893=CARTESIAN_POINT('',(0.078,-0.002,0.004));
#21894=CARTESIAN_POINT('',(0.078,-0.006,0.004));
#21895=CARTESIAN_POINT('',(0.078,-0.01,0.004));
#21896=CARTESIAN_POINT('',(0.082,-0.01,0.004));
#21897=CARTESIAN_POINT('',(0.0844097150806707,-0.01,0.004));
#21898=CARTESIAN_POINT('',(0.071,-0.002,0.004));
#21899=CARTESIAN_POINT('',(0.075,-0.002,0.004));
#21900=CARTESIAN_POINT('',(0.067,-0.002,0.004));
#21901=CARTESIAN_POINT('',(0.067,-0.006,0.004));
#21902=CARTESIAN_POINT('',(0.067,-0.01,0.004));
#21903=CARTESIAN_POINT('',(0.071,-0.01,0.004));
#21904=CARTESIAN_POINT('',(0.075,-0.01,0.004));
#21905=CARTESIAN_POINT('',(0.075,-0.006,0.004));
#21906=CARTESIAN_POINT('',(0.06,-0.002,0.004));
#21907=CARTESIAN_POINT('',(0.064,-0.002,0.004));
#21908=CARTESIAN_POINT('',(0.056,-0.002,0.004));
#21909=CARTESIAN_POINT('',(0.056,-0.006,0.004));
#21910=CARTESIAN_POINT('',(0.056,-0.01,0.004));
#21911=CARTESIAN_POINT('',(0.06,-0.01,0.004));
#21912=CARTESIAN_POINT('',(0.064,-0.01,0.004));
#21913=CARTESIAN_POINT('',(0.064,-0.006,0.004));
#21914=CARTESIAN_POINT('',(0.049,-0.002,0.004));
#21915=CARTESIAN_POINT('',(0.053,-0.002,0.004));
#21916=CARTESIAN_POINT('',(0.045,-0.002,0.004));
#21917=CARTESIAN_POINT('',(0.045,-0.006,0.004));
#21918=CARTESIAN_POINT('',(0.045,-0.01,0.004));
#21919=CARTESIAN_POINT('',(0.049,-0.01,0.004));
#21920=CARTESIAN_POINT('',(0.053,-0.01,0.004));
#21921=CARTESIAN_POINT('',(0.053,-0.006,0.004));
#21922=CARTESIAN_POINT('',(0.045,0.005,0.004));
#21923=CARTESIAN_POINT('',(0.045,0.009,0.004));
#21924=CARTESIAN_POINT('',(0.045,0.001,0.004));
#21925=CARTESIAN_POINT('',(0.049,0.001,0.004));
#21926=CARTESIAN_POINT('',(0.053,0.001,0.004));
#21927=CARTESIAN_POINT('',(0.053,0.005,0.004));
#21928=CARTESIAN_POINT('',(0.053,0.009,0.004));
#21929=CARTESIAN_POINT('',(0.049,0.009,0.004));
#21930=CARTESIAN_POINT('',(0.,5.20474889637625E-18,0.004));
#21931=CARTESIAN_POINT('',(0.,5.20474889637625E-18,0.004));
#21932=CARTESIAN_POINT('',(0.,5.20474889637625E-18,0.004));
#21933=CARTESIAN_POINT('',(0.,5.20474889637625E-18,0.004));
#21934=CARTESIAN_POINT('',(0.,5.20474889637625E-18,0.004));
#21935=CARTESIAN_POINT('',(0.,5.20474889637625E-18,0.004));
#21936=CARTESIAN_POINT('',(0.,5.20474889637625E-18,0.004));
#21937=CARTESIAN_POINT('',(0.,5.20474889637625E-18,0.004));
#21938=CARTESIAN_POINT('',(0.,5.20474889637625E-18,0.004));
#21939=CARTESIAN_POINT('',(0.,5.20474889637625E-18,0.004));
#21940=CARTESIAN_POINT('',(0.,5.20474889637625E-18,0.004));
#21941=CARTESIAN_POINT('',(0.,5.20474889637625E-18,0.004));
#21942=CARTESIAN_POINT('',(0.,5.20474889637625E-18,0.004));
#21943=CARTESIAN_POINT('',(0.,5.20474889637625E-18,0.004));
#21944=CARTESIAN_POINT('',(0.,5.20474889637625E-18,0.004));
#21945=CARTESIAN_POINT('',(0.,5.20474889637625E-18,0.004));
#21946=CARTESIAN_POINT('',(0.,5.20474889637625E-18,0.004));
#21947=CARTESIAN_POINT('',(0.,5.20474889637625E-18,0.004));
#21948=CARTESIAN_POINT('',(0.,5.20474889637625E-18,0.004));
#21949=CARTESIAN_POINT('',(0.,5.20474889637625E-18,0.004));
#21950=CARTESIAN_POINT('',(0.,5.20474889637625E-18,0.004));
#21951=CARTESIAN_POINT('',(0.,5.20474889637625E-18,0.004));
#21952=CARTESIAN_POINT('',(0.,5.20474889637625E-18,0.004));
#21953=CARTESIAN_POINT('',(0.,5.20474889637625E-18,0.004));
#21954=CARTESIAN_POINT('',(0.,2.14313189850787E-18,0.004));
#21955=CARTESIAN_POINT('',(0.,2.14313189850787E-18,0.004));
#21956=CARTESIAN_POINT('',(0.,2.14313189850787E-18,0.004));
#21957=CARTESIAN_POINT('',(0.,2.14313189850787E-18,0.004));
#21958=CARTESIAN_POINT('',(0.,2.14313189850787E-18,0.004));
#21959=CARTESIAN_POINT('',(0.,2.14313189850787E-18,0.004));
#21960=CARTESIAN_POINT('',(0.,2.14313189850787E-18,0.004));
#21961=CARTESIAN_POINT('',(0.,2.14313189850787E-18,0.004));
#21962=CARTESIAN_POINT('',(0.,0.,0.002));
#21963=CARTESIAN_POINT('',(0.,0.,0.002));
#21964=MECHANICAL_DESIGN_GEOMETRIC_PRESENTATION_REPRESENTATION('',(#14087),
#21965);
#21965=(
GEOMETRIC_REPRESENTATION_CONTEXT(3)
GLOBAL_UNCERTAINTY_ASSIGNED_CONTEXT((#21966))
GLOBAL_UNIT_ASSIGNED_CONTEXT((#21969,#21968,#21967))
REPRESENTATION_CONTEXT('Part 1','TOP_LEVEL_ASSEMBLY_PART')
);
#21966=UNCERTAINTY_MEASURE_WITH_UNIT(LENGTH_MEASURE(1.E-8),#21969,
'DISTANCE_ACCURACY_VALUE','Maximum Tolerance applied to model');
#21967=(
NAMED_UNIT(*)
SI_UNIT($,.STERADIAN.)
SOLID_ANGLE_UNIT()
);
#21968=(
NAMED_UNIT(*)
PLANE_ANGLE_UNIT()
SI_UNIT($,.RADIAN.)
);
#21969=(
LENGTH_UNIT()
NAMED_UNIT(*)
SI_UNIT($,.METRE.)
);
#21970=PRODUCT_DEFINITION_SHAPE('','',#21971);
#21971=PRODUCT_DEFINITION('','',#21973,#21972);
#21972=PRODUCT_DEFINITION_CONTEXT('',#21979,'design');
#21973=PRODUCT_DEFINITION_FORMATION_WITH_SPECIFIED_SOURCE('','',#21975,
 .NOT_KNOWN.);
#21974=PRODUCT_RELATED_PRODUCT_CATEGORY('','',(#21975));
#21975=PRODUCT('Part 1','Part 1','Part 1',(#21977));
#21976=PRODUCT_CATEGORY('','');
#21977=PRODUCT_CONTEXT('',#21979,'mechanical');
#21978=APPLICATION_PROTOCOL_DEFINITION('international standard',
'automotive_design',2010,#21979);
#21979=APPLICATION_CONTEXT(
'core data for automotive mechanical design processes');
ENDSEC;
END-ISO-10303-21;
